"event_id","fold_id","block_id"
"CUFES:199603:JD:1040",2,"bx7_by60"
"CUFES:199603:JD:1041",2,"bx7_by60"
"CUFES:199603:JD:1045",2,"bx7_by60"
"CUFES:199603:JD:1046",2,"bx7_by60"
"CUFES:199603:JD:1047",2,"bx7_by60"
"CUFES:199603:JD:1048",2,"bx7_by60"
"CUFES:199603:JD:1049",2,"bx7_by60"
"CUFES:199603:JD:1050",2,"bx7_by60"
"CUFES:199603:JD:1054",2,"bx7_by60"
"CUFES:199603:JD:1055",2,"bx7_by60"
"CUFES:199603:JD:1056",2,"bx7_by60"
"CUFES:199603:JD:1057",2,"bx7_by60"
"CUFES:199603:JD:1058",2,"bx7_by60"
"CUFES:199603:JD:1059",2,"bx7_by60"
"CUFES:199603:JD:1070",2,"bx7_by60"
"CUFES:199603:JD:1071",2,"bx7_by60"
"CUFES:199603:JD:1072",2,"bx7_by60"
"CUFES:199603:JD:1073",2,"bx7_by60"
"CUFES:199603:JD:1074",2,"bx7_by60"
"CUFES:199603:JD:1075",2,"bx7_by60"
"CUFES:199603:JD:1079",2,"bx7_by60"
"CUFES:199603:JD:1080",2,"bx7_by60"
"CUFES:199603:JD:1081",2,"bx7_by60"
"CUFES:199603:JD:1082",2,"bx7_by60"
"CUFES:199603:JD:1083",2,"bx7_by60"
"CUFES:199603:JD:1088",2,"bx7_by60"
"CUFES:199603:JD:1089",2,"bx7_by60"
"CUFES:199603:JD:1090",2,"bx7_by60"
"CUFES:199603:JD:1091",2,"bx7_by60"
"CUFES:199603:JD:1092",2,"bx6_by60"
"CUFES:199603:JD:1094",2,"bx6_by60"
"CUFES:199603:JD:1095",2,"bx6_by60"
"CUFES:199603:JD:1096",2,"bx6_by60"
"CUFES:199603:JD:1097",2,"bx6_by60"
"CUFES:199603:JD:1098",2,"bx6_by60"
"CUFES:199603:JD:1099",2,"bx6_by60"
"CUFES:199603:JD:1101",2,"bx6_by60"
"CUFES:199603:JD:1102",2,"bx6_by60"
"CUFES:199603:JD:1103",2,"bx6_by60"
"CUFES:199603:JD:1104",2,"bx6_by60"
"CUFES:199603:JD:1107",2,"bx6_by60"
"CUFES:199603:JD:1108",2,"bx6_by60"
"CUFES:199603:JD:1109",2,"bx6_by60"
"CUFES:199603:JD:1110",2,"bx6_by60"
"CUFES:199603:JD:1112",2,"bx6_by60"
"CUFES:199603:JD:1113",2,"bx6_by60"
"CUFES:199603:JD:1114",2,"bx6_by60"
"CUFES:199603:JD:1116",2,"bx6_by60"
"CUFES:199603:JD:1117",2,"bx6_by60"
"CUFES:199603:JD:1118",2,"bx6_by60"
"CUFES:199603:JD:1119",1,"bx6_by59"
"CUFES:199603:JD:1120",1,"bx6_by59"
"CUFES:199603:JD:1122",1,"bx6_by59"
"CUFES:199603:JD:1123",1,"bx6_by59"
"CUFES:199603:JD:1124",1,"bx6_by59"
"CUFES:199603:JD:1125",2,"bx6_by60"
"CUFES:199603:JD:1126",2,"bx6_by60"
"CUFES:199603:JD:1127",2,"bx6_by60"
"CUFES:199603:JD:1128",2,"bx6_by60"
"CUFES:199603:JD:1130",2,"bx6_by60"
"CUFES:199603:JD:1131",2,"bx6_by60"
"CUFES:199603:JD:1132",2,"bx6_by60"
"CUFES:199603:JD:1133",2,"bx6_by60"
"CUFES:199603:JD:1135",2,"bx6_by60"
"CUFES:199603:JD:1136",2,"bx6_by60"
"CUFES:199603:JD:1137",2,"bx6_by60"
"CUFES:199603:JD:1138",2,"bx6_by60"
"CUFES:199603:JD:1139",2,"bx6_by60"
"CUFES:199603:JD:1141",2,"bx6_by60"
"CUFES:199603:JD:1142",2,"bx6_by60"
"CUFES:199603:JD:1143",2,"bx6_by60"
"CUFES:199603:JD:1144",2,"bx6_by60"
"CUFES:199603:JD:1146",2,"bx6_by60"
"CUFES:199603:JD:1147",2,"bx6_by60"
"CUFES:199603:JD:1148",2,"bx6_by60"
"CUFES:199603:JD:1149",2,"bx6_by60"
"CUFES:199603:JD:1150",2,"bx6_by60"
"CUFES:199603:JD:1151",2,"bx6_by60"
"CUFES:199603:JD:1153",2,"bx6_by60"
"CUFES:199603:JD:1154",2,"bx6_by60"
"CUFES:199603:JD:1155",2,"bx6_by60"
"CUFES:199603:JD:1156",2,"bx6_by60"
"CUFES:199603:JD:1157",2,"bx6_by60"
"CUFES:199603:JD:1158",2,"bx6_by60"
"CUFES:199603:JD:1160",2,"bx6_by60"
"CUFES:199603:JD:1161",2,"bx6_by60"
"CUFES:199603:JD:1162",2,"bx6_by60"
"CUFES:199603:JD:1163",2,"bx6_by60"
"CUFES:199603:JD:1164",2,"bx6_by60"
"CUFES:199603:JD:1166",2,"bx7_by60"
"CUFES:199603:JD:1167",2,"bx7_by60"
"CUFES:199603:JD:1168",2,"bx7_by60"
"CUFES:199603:JD:1169",2,"bx7_by60"
"CUFES:199603:JD:1170",2,"bx7_by60"
"CUFES:199603:JD:1172",2,"bx7_by60"
"CUFES:199603:JD:1173",2,"bx7_by60"
"CUFES:199603:JD:1174",2,"bx7_by60"
"CUFES:199603:JD:1175",2,"bx7_by60"
"CUFES:199603:JD:1176",2,"bx7_by60"
"CUFES:199603:JD:1178",2,"bx7_by60"
"CUFES:199603:JD:1179",2,"bx7_by60"
"CUFES:199603:JD:1180",2,"bx7_by60"
"CUFES:199603:JD:1181",2,"bx7_by60"
"CUFES:199603:JD:1182",2,"bx7_by60"
"CUFES:199603:JD:1183",2,"bx7_by60"
"CUFES:199603:JD:1185",2,"bx7_by60"
"CUFES:199603:JD:1186",2,"bx7_by60"
"CUFES:199603:JD:1187",2,"bx7_by60"
"CUFES:199603:JD:1188",2,"bx7_by60"
"CUFES:199603:JD:1190",2,"bx7_by60"
"CUFES:199603:JD:1191",2,"bx7_by60"
"CUFES:199603:JD:1192",2,"bx7_by60"
"CUFES:199603:JD:1193",2,"bx7_by60"
"CUFES:199603:JD:1194",2,"bx7_by60"
"CUFES:199603:JD:1196",2,"bx7_by60"
"CUFES:199603:JD:1197",2,"bx7_by60"
"CUFES:199603:JD:1198",2,"bx7_by60"
"CUFES:199603:JD:1199",2,"bx7_by60"
"CUFES:199603:JD:1200",2,"bx7_by60"
"CUFES:199603:JD:1201",2,"bx7_by60"
"CUFES:199603:JD:1203",2,"bx7_by60"
"CUFES:199603:JD:1204",2,"bx7_by60"
"CUFES:199603:JD:1205",2,"bx7_by60"
"CUFES:199603:JD:1206",2,"bx7_by60"
"CUFES:199603:JD:1207",2,"bx7_by60"
"CUFES:199603:JD:1208",2,"bx7_by60"
"CUFES:199603:JD:1209",2,"bx7_by60"
"CUFES:199603:JD:1210",2,"bx7_by60"
"CUFES:199603:JD:1219",2,"bx7_by60"
"CUFES:199603:JD:1220",2,"bx7_by60"
"CUFES:199603:JD:1221",2,"bx7_by60"
"CUFES:199603:JD:1222",2,"bx7_by60"
"CUFES:199603:JD:1223",2,"bx7_by60"
"CUFES:199603:JD:1224",2,"bx7_by60"
"CUFES:199603:JD:1225",2,"bx7_by60"
"CUFES:199603:JD:1226",2,"bx7_by60"
"CUFES:199603:JD:1227",2,"bx7_by60"
"CUFES:199603:JD:1228",2,"bx7_by60"
"CUFES:199603:JD:1230",2,"bx7_by60"
"CUFES:199603:JD:1231",2,"bx7_by60"
"CUFES:199603:JD:1232",2,"bx6_by60"
"CUFES:199603:JD:1233",2,"bx6_by60"
"CUFES:199603:JD:1235",2,"bx6_by60"
"CUFES:199603:JD:1236",2,"bx6_by60"
"CUFES:199603:JD:1237",2,"bx6_by60"
"CUFES:199603:JD:1238",2,"bx6_by60"
"CUFES:199603:JD:1239",2,"bx6_by60"
"CUFES:199603:JD:1240",2,"bx6_by60"
"CUFES:199603:JD:1242",2,"bx6_by60"
"CUFES:199603:JD:1243",2,"bx6_by60"
"CUFES:199603:JD:1244",2,"bx6_by60"
"CUFES:199603:JD:1245",2,"bx6_by60"
"CUFES:199603:JD:1246",2,"bx6_by60"
"CUFES:199603:JD:1334",2,"bx6_by60"
"CUFES:199603:JD:1335",2,"bx6_by60"
"CUFES:199603:JD:1336",2,"bx6_by60"
"CUFES:199603:JD:1337",2,"bx6_by60"
"CUFES:199603:JD:1338",2,"bx6_by60"
"CUFES:199603:JD:1339",2,"bx6_by60"
"CUFES:199603:JD:1340",2,"bx6_by60"
"CUFES:199603:JD:1341",2,"bx6_by60"
"CUFES:199603:JD:1343",2,"bx6_by60"
"CUFES:199603:JD:1344",2,"bx6_by60"
"CUFES:199603:JD:1345",2,"bx6_by60"
"CUFES:199603:JD:1346",2,"bx6_by60"
"CUFES:199603:JD:1347",2,"bx6_by60"
"CUFES:199603:JD:1348",2,"bx6_by60"
"CUFES:199603:JD:1350",2,"bx6_by60"
"CUFES:199603:JD:1351",2,"bx6_by60"
"CUFES:199603:JD:1352",2,"bx6_by60"
"CUFES:199603:JD:1353",2,"bx6_by60"
"CUFES:199603:JD:1354",2,"bx6_by60"
"CUFES:199603:JD:1355",2,"bx6_by60"
"CUFES:199603:JD:1357",2,"bx6_by60"
"CUFES:199603:JD:1358",2,"bx6_by60"
"CUFES:199603:JD:1359",2,"bx6_by60"
"CUFES:199603:JD:1360",2,"bx6_by60"
"CUFES:199603:JD:1361",2,"bx6_by60"
"CUFES:199603:JD:1363",2,"bx6_by60"
"CUFES:199603:JD:1364",2,"bx6_by60"
"CUFES:199603:JD:1365",2,"bx6_by60"
"CUFES:199603:JD:1366",2,"bx6_by60"
"CUFES:199603:JD:1367",2,"bx6_by60"
"CUFES:199603:JD:1368",2,"bx6_by60"
"CUFES:199603:JD:1370",2,"bx6_by60"
"CUFES:199603:JD:1371",2,"bx6_by60"
"CUFES:199603:JD:1372",2,"bx6_by60"
"CUFES:199603:JD:1373",2,"bx6_by60"
"CUFES:199603:JD:1374",2,"bx6_by60"
"CUFES:199603:JD:1375",2,"bx6_by60"
"CUFES:199603:JD:1377",2,"bx6_by60"
"CUFES:199603:JD:1378",2,"bx6_by60"
"CUFES:199603:JD:1379",2,"bx6_by60"
"CUFES:199603:JD:1380",2,"bx6_by60"
"CUFES:199603:JD:1381",2,"bx6_by60"
"CUFES:199603:JD:1390",2,"bx6_by60"
"CUFES:199603:JD:1391",2,"bx6_by60"
"CUFES:199603:JD:1392",2,"bx6_by60"
"CUFES:199603:JD:1393",2,"bx6_by60"
"CUFES:199603:JD:1394",2,"bx6_by60"
"CUFES:199603:JD:1395",2,"bx6_by60"
"CUFES:199603:JD:1397",2,"bx6_by60"
"CUFES:199603:JD:1398",2,"bx6_by60"
"CUFES:199603:JD:1399",2,"bx6_by60"
"CUFES:199603:JD:1400",2,"bx6_by60"
"CUFES:199603:JD:1401",2,"bx6_by60"
"CUFES:199603:JD:1402",2,"bx6_by60"
"CUFES:199603:JD:1404",2,"bx6_by60"
"CUFES:199603:JD:1405",2,"bx6_by60"
"CUFES:199603:JD:1406",2,"bx6_by60"
"CUFES:199603:JD:1407",2,"bx6_by60"
"CUFES:199603:JD:1408",2,"bx6_by60"
"CUFES:199603:JD:1410",2,"bx6_by60"
"CUFES:199603:JD:1411",2,"bx6_by60"
"CUFES:199603:JD:1412",2,"bx6_by60"
"CUFES:199603:JD:1413",2,"bx6_by60"
"CUFES:199603:JD:1414",2,"bx6_by60"
"CUFES:199603:JD:1415",2,"bx6_by60"
"CUFES:199603:JD:1417",2,"bx6_by60"
"CUFES:199603:JD:1418",2,"bx6_by60"
"CUFES:199603:JD:1419",2,"bx6_by60"
"CUFES:199603:JD:1420",2,"bx6_by60"
"CUFES:199603:JD:1421",2,"bx6_by60"
"CUFES:199603:JD:1423",2,"bx7_by60"
"CUFES:199603:JD:1424",2,"bx7_by60"
"CUFES:199603:JD:1425",2,"bx7_by60"
"CUFES:199603:JD:1426",2,"bx7_by60"
"CUFES:199603:JD:1427",2,"bx7_by60"
"CUFES:199603:JD:1428",2,"bx7_by60"
"CUFES:199603:JD:1429",2,"bx7_by60"
"CUFES:199603:JD:1430",2,"bx7_by60"
"CUFES:199603:JD:1431",2,"bx7_by60"
"CUFES:199603:JD:1432",2,"bx7_by60"
"CUFES:199603:JD:1433",2,"bx7_by60"
"CUFES:199603:JD:1434",2,"bx7_by60"
"CUFES:199603:JD:1435",2,"bx7_by60"
"CUFES:199603:JD:1436",2,"bx7_by60"
"CUFES:199603:JD:1437",2,"bx7_by60"
"CUFES:199603:JD:1438",2,"bx7_by60"
"CUFES:199603:JD:1439",2,"bx7_by60"
"CUFES:199603:JD:1440",2,"bx6_by60"
"CUFES:199603:JD:1441",2,"bx6_by60"
"CUFES:199603:JD:1442",2,"bx6_by60"
"CUFES:199603:JD:1443",2,"bx6_by60"
"CUFES:199603:JD:1444",2,"bx6_by60"
"CUFES:199603:JD:1445",2,"bx6_by60"
"CUFES:199603:JD:1446",2,"bx6_by60"
"CUFES:199603:JD:1447",2,"bx6_by60"
"CUFES:199603:JD:1448",2,"bx6_by60"
"CUFES:199603:JD:1449",2,"bx6_by60"
"CUFES:199603:JD:1450",2,"bx6_by60"
"CUFES:199603:JD:1451",2,"bx6_by60"
"CUFES:199603:JD:1452",2,"bx6_by60"
"CUFES:199603:JD:1453",2,"bx6_by60"
"CUFES:199603:JD:1454",2,"bx6_by60"
"CUFES:199603:JD:1455",2,"bx7_by60"
"CUFES:199603:JD:1456",3,"bx7_by61"
"CUFES:199603:JD:1457",3,"bx7_by61"
"CUFES:199603:JD:1458",3,"bx7_by61"
"CUFES:199603:JD:1459",3,"bx7_by61"
"CUFES:199603:JD:1460",3,"bx7_by61"
"CUFES:199603:JD:1461",3,"bx7_by61"
"CUFES:199603:JD:1462",3,"bx7_by61"
"CUFES:199603:JD:1463",3,"bx7_by61"
"CUFES:199603:JD:1464",3,"bx7_by61"
"CUFES:199603:JD:1465",3,"bx7_by61"
"CUFES:199603:JD:1466",3,"bx7_by61"
"CUFES:199603:JD:1467",3,"bx6_by61"
"CUFES:199603:JD:1468",3,"bx6_by61"
"CUFES:199603:JD:1469",3,"bx6_by61"
"CUFES:199603:JD:1470",3,"bx6_by61"
"CUFES:199603:JD:1471",3,"bx6_by61"
"CUFES:199603:JD:1472",3,"bx6_by61"
"CUFES:199603:JD:1473",3,"bx6_by61"
"CUFES:199603:JD:1474",3,"bx6_by61"
"CUFES:199603:JD:1475",3,"bx6_by61"
"CUFES:199603:JD:1476",3,"bx6_by61"
"CUFES:199603:JD:1477",3,"bx6_by61"
"CUFES:199603:JD:1478",3,"bx6_by61"
"CUFES:199603:JD:1479",2,"bx5_by60"
"CUFES:199603:JD:1480",2,"bx5_by60"
"CUFES:199603:JD:1481",3,"bx5_by61"
"CUFES:199603:JD:1482",3,"bx5_by61"
"CUFES:199603:JD:1483",3,"bx5_by61"
"CUFES:199603:JD:1484",3,"bx5_by61"
"CUFES:199603:JD:1485",3,"bx5_by61"
"CUFES:199603:JD:1486",3,"bx5_by61"
"CUFES:199603:JD:1487",3,"bx5_by61"
"CUFES:199603:JD:1488",3,"bx5_by61"
"CUFES:199603:JD:1489",3,"bx5_by61"
"CUFES:199603:JD:1490",3,"bx5_by61"
"CUFES:199603:JD:1491",3,"bx5_by61"
"CUFES:199603:JD:1492",3,"bx5_by61"
"CUFES:199603:JD:1493",3,"bx5_by61"
"CUFES:199603:JD:1494",3,"bx5_by61"
"CUFES:199603:JD:1495",3,"bx5_by61"
"CUFES:199603:JD:1496",3,"bx5_by61"
"CUFES:199603:JD:1497",3,"bx5_by61"
"CUFES:199603:JD:1498",3,"bx5_by61"
"CUFES:199603:JD:1499",3,"bx5_by61"
"CUFES:199603:JD:1500",3,"bx5_by61"
"CUFES:199603:JD:1501",3,"bx5_by61"
"CUFES:199603:JD:1502",3,"bx6_by61"
"CUFES:199603:JD:1503",3,"bx6_by61"
"CUFES:199603:JD:1504",3,"bx6_by61"
"CUFES:199603:JD:1505",3,"bx6_by61"
"CUFES:199603:JD:1506",3,"bx6_by61"
"CUFES:199603:JD:1507",4,"bx6_by62"
"CUFES:199603:JD:1508",4,"bx6_by62"
"CUFES:199603:JD:1509",4,"bx6_by62"
"CUFES:199603:JD:1510",4,"bx6_by62"
"CUFES:199603:JD:1511",4,"bx6_by62"
"CUFES:199603:JD:1512",4,"bx6_by62"
"CUFES:199603:JD:1513",4,"bx6_by62"
"CUFES:199603:JD:1514",4,"bx6_by62"
"CUFES:199603:JD:1515",4,"bx5_by62"
"CUFES:199603:JD:1516",3,"bx5_by61"
"CUFES:199603:JD:1517",3,"bx5_by61"
"CUFES:199603:JD:1518",3,"bx5_by61"
"CUFES:199603:JD:1519",3,"bx5_by61"
"CUFES:199603:JD:1520",3,"bx5_by61"
"CUFES:199603:JD:1521",3,"bx5_by61"
"CUFES:199603:JD:1522",3,"bx5_by61"
"CUFES:199603:JD:1523",3,"bx5_by61"
"CUFES:199603:JD:1524",3,"bx5_by61"
"CUFES:199603:JD:1525",3,"bx5_by61"
"CUFES:199603:JD:1526",4,"bx5_by62"
"CUFES:199603:JD:1527",4,"bx5_by62"
"CUFES:199603:JD:1528",4,"bx5_by62"
"CUFES:199603:JD:1529",4,"bx5_by62"
"CUFES:199603:JD:1530",4,"bx5_by62"
"CUFES:199603:JD:1532",4,"bx5_by62"
"CUFES:199603:JD:1533",4,"bx5_by62"
"CUFES:199603:JD:1536",4,"bx5_by62"
"CUFES:199603:JD:1537",4,"bx5_by62"
"CUFES:199603:JD:1538",4,"bx5_by62"
"CUFES:199603:JD:1539",4,"bx5_by62"
"CUFES:199603:JD:1540",4,"bx5_by62"
"CUFES:199603:JD:1541",4,"bx5_by62"
"CUFES:199603:JD:1542",4,"bx5_by62"
"CUFES:199603:JD:1543",4,"bx5_by62"
"CUFES:199603:JD:1544",4,"bx5_by62"
"CUFES:199603:JD:1545",4,"bx5_by62"
"CUFES:199603:JD:1546",4,"bx5_by62"
"CUFES:199603:JD:1547",4,"bx5_by62"
"CUFES:199603:JD:1548",4,"bx5_by62"
"CUFES:199603:JD:1549",4,"bx4_by62"
"CUFES:199603:JD:1550",4,"bx4_by62"
"CUFES:199603:JD:1551",4,"bx4_by62"
"CUFES:199603:JD:1552",4,"bx4_by62"
"CUFES:199603:JD:1553",4,"bx4_by62"
"CUFES:199603:JD:1554",4,"bx4_by62"
"CUFES:199603:JD:1555",4,"bx4_by62"
"CUFES:199603:JD:1556",4,"bx4_by62"
"CUFES:199603:JD:1557",4,"bx4_by62"
"CUFES:199603:JD:1558",4,"bx4_by62"
"CUFES:199603:JD:1559",4,"bx5_by62"
"CUFES:199603:JD:1560",4,"bx5_by62"
"CUFES:199603:JD:1561",3,"bx5_by61"
"CUFES:199603:JD:1562",3,"bx5_by61"
"CUFES:199603:JD:1563",4,"bx4_by62"
"CUFES:199603:JD:1564",4,"bx4_by62"
"CUFES:199603:JD:1565",4,"bx4_by62"
"CUFES:199603:JD:1566",4,"bx4_by62"
"CUFES:199603:JD:1567",4,"bx4_by62"
"CUFES:199603:JD:1568",4,"bx4_by62"
"CUFES:199603:JD:1569",4,"bx4_by62"
"CUFES:199603:JD:157",2,"bx7_by60"
"CUFES:199603:JD:1570",4,"bx4_by62"
"CUFES:199603:JD:1571",4,"bx3_by62"
"CUFES:199603:JD:1572",4,"bx3_by62"
"CUFES:199603:JD:1573",4,"bx3_by62"
"CUFES:199603:JD:1574",4,"bx3_by62"
"CUFES:199603:JD:1575",4,"bx3_by62"
"CUFES:199603:JD:1576",4,"bx3_by62"
"CUFES:199603:JD:1577",4,"bx3_by62"
"CUFES:199603:JD:1578",3,"bx3_by61"
"CUFES:199603:JD:1579",3,"bx3_by61"
"CUFES:199603:JD:1580",3,"bx4_by61"
"CUFES:199603:JD:1581",3,"bx4_by61"
"CUFES:199603:JD:1582",3,"bx4_by61"
"CUFES:199603:JD:1583",3,"bx4_by61"
"CUFES:199603:JD:1584",3,"bx4_by61"
"CUFES:199603:JD:1585",2,"bx4_by60"
"CUFES:199603:JD:1586",2,"bx4_by60"
"CUFES:199603:JD:1587",2,"bx4_by60"
"CUFES:199603:JD:1588",2,"bx4_by60"
"CUFES:199603:JD:1589",2,"bx4_by60"
"CUFES:199603:JD:1590",2,"bx4_by60"
"CUFES:199603:JD:1591",3,"bx4_by61"
"CUFES:199603:JD:1592",3,"bx4_by61"
"CUFES:199603:JD:1593",3,"bx4_by61"
"CUFES:199603:JD:1594",3,"bx4_by61"
"CUFES:199603:JD:1595",3,"bx5_by61"
"CUFES:199603:JD:1596",3,"bx5_by61"
"CUFES:199603:JD:1597",3,"bx5_by61"
"CUFES:199603:JD:1598",3,"bx5_by61"
"CUFES:199603:JD:1599",3,"bx5_by61"
"CUFES:199603:JD:1600",3,"bx5_by61"
"CUFES:199603:JD:1601",3,"bx5_by61"
"CUFES:199603:JD:1602",3,"bx5_by61"
"CUFES:199603:JD:1603",3,"bx5_by61"
"CUFES:199603:JD:1604",3,"bx5_by61"
"CUFES:199603:JD:1605",3,"bx5_by61"
"CUFES:199603:JD:1606",2,"bx5_by60"
"CUFES:199603:JD:1607",2,"bx5_by60"
"CUFES:199603:JD:1608",2,"bx5_by60"
"CUFES:199603:JD:1609",2,"bx5_by60"
"CUFES:199603:JD:1610",2,"bx5_by60"
"CUFES:199603:JD:1611",2,"bx5_by60"
"CUFES:199603:JD:1612",2,"bx5_by60"
"CUFES:199603:JD:1613",2,"bx5_by60"
"CUFES:199603:JD:1614",2,"bx4_by60"
"CUFES:199603:JD:1615",2,"bx4_by60"
"CUFES:199603:JD:1616",2,"bx4_by60"
"CUFES:199603:JD:1617",2,"bx4_by60"
"CUFES:199603:JD:1618",2,"bx4_by60"
"CUFES:199603:JD:1619",2,"bx4_by60"
"CUFES:199603:JD:1620",2,"bx4_by60"
"CUFES:199603:JD:1621",2,"bx4_by60"
"CUFES:199603:JD:1622",2,"bx5_by60"
"CUFES:199603:JD:1623",2,"bx5_by60"
"CUFES:199603:JD:1624",1,"bx5_by59"
"CUFES:199603:JD:1625",1,"bx5_by59"
"CUFES:199603:JD:1626",1,"bx5_by59"
"CUFES:199603:JD:1627",1,"bx5_by59"
"CUFES:199603:JD:1628",2,"bx5_by60"
"CUFES:199603:JD:1629",2,"bx5_by60"
"CUFES:199603:JD:1630",2,"bx5_by60"
"CUFES:199603:JD:1631",2,"bx5_by60"
"CUFES:199603:JD:1632",2,"bx5_by60"
"CUFES:199603:JD:1633",2,"bx6_by60"
"CUFES:199603:JD:1634",2,"bx6_by60"
"CUFES:199603:JD:1635",2,"bx6_by60"
"CUFES:199603:JD:1636",2,"bx6_by60"
"CUFES:199603:JD:1637",1,"bx6_by59"
"CUFES:199603:JD:1638",1,"bx6_by59"
"CUFES:199603:JD:1639",1,"bx6_by59"
"CUFES:199603:JD:1640",1,"bx6_by59"
"CUFES:199603:JD:1641",1,"bx6_by59"
"CUFES:199603:JD:1642",1,"bx6_by59"
"CUFES:199603:JD:1643",1,"bx6_by59"
"CUFES:199603:JD:1644",1,"bx6_by59"
"CUFES:199603:JD:1645",1,"bx6_by59"
"CUFES:199603:JD:1646",1,"bx6_by59"
"CUFES:199603:JD:1647",1,"bx6_by59"
"CUFES:199603:JD:1648",1,"bx6_by59"
"CUFES:199603:JD:1649",1,"bx5_by59"
"CUFES:199603:JD:1650",1,"bx5_by59"
"CUFES:199603:JD:1651",1,"bx5_by59"
"CUFES:199603:JD:1652",1,"bx5_by59"
"CUFES:199603:JD:1653",1,"bx5_by59"
"CUFES:199603:JD:1654",1,"bx5_by59"
"CUFES:199603:JD:1655",1,"bx5_by59"
"CUFES:199603:JD:1656",1,"bx5_by59"
"CUFES:199603:JD:1657",1,"bx5_by59"
"CUFES:199603:JD:1658",1,"bx5_by59"
"CUFES:199603:JD:1659",1,"bx5_by59"
"CUFES:199603:JD:1660",1,"bx5_by59"
"CUFES:199603:JD:1661",1,"bx5_by59"
"CUFES:199603:JD:1662",1,"bx5_by59"
"CUFES:199603:JD:1689",1,"bx4_by59"
"CUFES:199603:JD:1690",1,"bx4_by59"
"CUFES:199603:JD:1691",1,"bx4_by59"
"CUFES:199603:JD:1692",1,"bx4_by59"
"CUFES:199603:JD:1693",1,"bx4_by59"
"CUFES:199603:JD:1694",1,"bx4_by59"
"CUFES:199603:JD:1695",1,"bx4_by59"
"CUFES:199603:JD:1696",1,"bx4_by59"
"CUFES:199603:JD:1697",1,"bx4_by59"
"CUFES:199603:JD:1698",1,"bx4_by59"
"CUFES:199603:JD:1699",1,"bx4_by59"
"CUFES:199603:JD:1701",1,"bx4_by59"
"CUFES:199603:JD:1702",1,"bx4_by59"
"CUFES:199603:JD:1703",1,"bx4_by59"
"CUFES:199603:JD:1704",1,"bx4_by59"
"CUFES:199603:JD:1705",1,"bx4_by59"
"CUFES:199603:JD:1706",1,"bx4_by59"
"CUFES:199603:JD:1707",1,"bx3_by59"
"CUFES:199603:JD:1708",1,"bx3_by59"
"CUFES:199603:JD:1709",1,"bx3_by59"
"CUFES:199603:JD:1710",1,"bx3_by59"
"CUFES:199603:JD:1711",1,"bx3_by59"
"CUFES:199603:JD:1712",1,"bx3_by59"
"CUFES:199603:JD:1713",1,"bx3_by59"
"CUFES:199603:JD:1714",1,"bx3_by59"
"CUFES:199603:JD:1715",1,"bx3_by59"
"CUFES:199603:JD:1716",1,"bx3_by59"
"CUFES:199603:JD:1717",1,"bx3_by59"
"CUFES:199603:JD:1718",1,"bx3_by59"
"CUFES:199603:JD:1719",1,"bx3_by59"
"CUFES:199603:JD:1720",1,"bx4_by59"
"CUFES:199603:JD:1721",2,"bx4_by60"
"CUFES:199603:JD:1722",2,"bx4_by60"
"CUFES:199603:JD:1723",2,"bx4_by60"
"CUFES:199603:JD:1724",2,"bx4_by60"
"CUFES:199603:JD:1725",2,"bx4_by60"
"CUFES:199603:JD:1726",2,"bx4_by60"
"CUFES:199603:JD:1727",2,"bx4_by60"
"CUFES:199603:JD:1728",2,"bx4_by60"
"CUFES:199603:JD:1729",2,"bx4_by60"
"CUFES:199603:JD:1730",2,"bx4_by60"
"CUFES:199603:JD:1731",2,"bx4_by60"
"CUFES:199603:JD:1732",2,"bx4_by60"
"CUFES:199603:JD:1733",2,"bx4_by60"
"CUFES:199603:JD:1734",2,"bx4_by60"
"CUFES:199603:JD:1735",2,"bx4_by60"
"CUFES:199603:JD:1736",2,"bx3_by60"
"CUFES:199603:JD:1737",2,"bx3_by60"
"CUFES:199603:JD:1738",2,"bx3_by60"
"CUFES:199603:JD:1739",2,"bx3_by60"
"CUFES:199603:JD:1740",2,"bx3_by60"
"CUFES:199603:JD:1741",2,"bx3_by60"
"CUFES:199603:JD:1742",2,"bx3_by60"
"CUFES:199603:JD:1743",2,"bx3_by60"
"CUFES:199603:JD:1744",2,"bx3_by60"
"CUFES:199603:JD:1745",2,"bx3_by60"
"CUFES:199603:JD:1746",2,"bx3_by60"
"CUFES:199603:JD:1747",2,"bx3_by60"
"CUFES:199603:JD:1748",2,"bx3_by60"
"CUFES:199603:JD:1749",2,"bx3_by60"
"CUFES:199603:JD:1750",2,"bx3_by60"
"CUFES:199603:JD:1751",2,"bx3_by60"
"CUFES:199603:JD:1752",2,"bx2_by60"
"CUFES:199603:JD:1753",2,"bx2_by60"
"CUFES:199603:JD:1754",2,"bx3_by60"
"CUFES:199603:JD:1755",2,"bx3_by60"
"CUFES:199603:JD:1756",2,"bx3_by60"
"CUFES:199603:JD:1757",2,"bx3_by60"
"CUFES:199603:JD:1758",2,"bx3_by60"
"CUFES:199603:JD:1759",2,"bx3_by60"
"CUFES:199603:JD:1760",2,"bx3_by60"
"CUFES:199603:JD:1761",2,"bx3_by60"
"CUFES:199603:JD:1762",2,"bx3_by60"
"CUFES:199603:JD:1763",2,"bx3_by60"
"CUFES:199603:JD:1764",2,"bx3_by60"
"CUFES:199603:JD:1765",2,"bx4_by60"
"CUFES:199603:JD:1766",2,"bx4_by60"
"CUFES:199603:JD:1767",3,"bx4_by61"
"CUFES:199603:JD:1768",3,"bx4_by61"
"CUFES:199603:JD:1769",3,"bx4_by61"
"CUFES:199603:JD:1770",3,"bx4_by61"
"CUFES:199603:JD:1771",3,"bx4_by61"
"CUFES:199603:JD:1772",3,"bx3_by61"
"CUFES:199603:JD:1773",3,"bx3_by61"
"CUFES:199603:JD:1774",3,"bx3_by61"
"CUFES:199603:JD:1775",3,"bx3_by61"
"CUFES:199603:JD:1776",3,"bx3_by61"
"CUFES:199603:JD:1777",3,"bx3_by61"
"CUFES:199603:JD:1778",3,"bx3_by61"
"CUFES:199603:JD:1779",3,"bx3_by61"
"CUFES:199603:JD:1780",2,"bx3_by60"
"CUFES:199603:JD:1781",2,"bx3_by60"
"CUFES:199603:JD:1782",2,"bx3_by60"
"CUFES:199603:JD:1783",2,"bx3_by60"
"CUFES:199603:JD:1784",2,"bx2_by60"
"CUFES:199603:JD:1785",2,"bx2_by60"
"CUFES:199603:JD:1786",2,"bx2_by60"
"CUFES:199603:JD:1787",2,"bx2_by60"
"CUFES:199603:JD:1788",2,"bx2_by60"
"CUFES:199603:JD:1789",3,"bx2_by61"
"CUFES:199603:JD:1790",3,"bx2_by61"
"CUFES:199603:JD:1791",3,"bx2_by61"
"CUFES:199603:JD:1792",3,"bx3_by61"
"CUFES:199603:JD:1793",3,"bx3_by61"
"CUFES:199603:JD:1794",3,"bx3_by61"
"CUFES:199603:JD:1795",3,"bx3_by61"
"CUFES:199603:JD:1796",3,"bx3_by61"
"CUFES:199603:JD:1797",3,"bx3_by61"
"CUFES:199603:JD:1798",3,"bx3_by61"
"CUFES:199603:JD:1799",3,"bx3_by61"
"CUFES:199603:JD:1800",3,"bx3_by61"
"CUFES:199603:JD:1801",3,"bx3_by61"
"CUFES:199603:JD:1802",3,"bx3_by61"
"CUFES:199603:JD:1803",3,"bx3_by61"
"CUFES:199603:JD:1804",3,"bx3_by61"
"CUFES:199603:JD:1805",3,"bx3_by61"
"CUFES:199603:JD:1806",3,"bx3_by61"
"CUFES:199603:JD:1807",3,"bx3_by61"
"CUFES:199603:JD:1809",3,"bx3_by61"
"CUFES:199603:JD:1810",4,"bx3_by62"
"CUFES:199603:JD:1811",4,"bx3_by62"
"CUFES:199603:JD:1812",4,"bx3_by62"
"CUFES:199603:JD:1813",4,"bx3_by62"
"CUFES:199603:JD:1814",3,"bx3_by61"
"CUFES:199603:JD:1815",3,"bx3_by61"
"CUFES:199603:JD:1816",3,"bx3_by61"
"CUFES:199603:JD:1817",3,"bx3_by61"
"CUFES:199603:JD:1818",3,"bx3_by61"
"CUFES:199603:JD:1819",3,"bx3_by61"
"CUFES:199603:JD:1820",3,"bx3_by61"
"CUFES:199603:JD:1821",3,"bx3_by61"
"CUFES:199603:JD:1822",3,"bx3_by61"
"CUFES:199603:JD:1823",3,"bx3_by61"
"CUFES:199603:JD:1824",3,"bx3_by61"
"CUFES:199603:JD:1825",3,"bx2_by61"
"CUFES:199603:JD:1826",3,"bx2_by61"
"CUFES:199603:JD:1827",3,"bx2_by61"
"CUFES:199603:JD:1828",3,"bx2_by61"
"CUFES:199603:JD:1829",3,"bx2_by61"
"CUFES:199603:JD:1830",3,"bx2_by61"
"CUFES:199603:JD:1831",3,"bx2_by61"
"CUFES:199603:JD:1832",3,"bx2_by61"
"CUFES:199603:JD:1833",3,"bx2_by61"
"CUFES:199603:JD:1834",3,"bx2_by61"
"CUFES:199603:JD:1835",3,"bx2_by61"
"CUFES:199603:JD:1836",3,"bx2_by61"
"CUFES:199603:JD:1837",3,"bx2_by61"
"CUFES:199603:JD:1838",3,"bx2_by61"
"CUFES:199603:JD:1839",3,"bx2_by61"
"CUFES:199603:JD:1840",3,"bx2_by61"
"CUFES:199603:JD:1841",3,"bx2_by61"
"CUFES:199603:JD:1842",3,"bx2_by62"
"CUFES:199603:JD:1843",3,"bx2_by62"
"CUFES:199603:JD:1844",3,"bx2_by62"
"CUFES:199603:JD:1845",4,"bx3_by62"
"CUFES:199603:JD:1846",4,"bx3_by62"
"CUFES:199603:JD:1847",4,"bx3_by62"
"CUFES:199603:JD:1848",4,"bx3_by62"
"CUFES:199603:JD:1849",4,"bx3_by62"
"CUFES:199603:JD:1850",4,"bx3_by62"
"CUFES:199603:JD:1851",4,"bx3_by62"
"CUFES:199603:JD:1852",4,"bx3_by62"
"CUFES:199603:JD:1853",4,"bx3_by62"
"CUFES:199603:JD:1854",4,"bx3_by62"
"CUFES:199603:JD:1855",4,"bx3_by62"
"CUFES:199603:JD:1856",4,"bx3_by62"
"CUFES:199603:JD:1857",4,"bx3_by62"
"CUFES:199603:JD:1858",4,"bx3_by62"
"CUFES:199603:JD:1859",4,"bx3_by62"
"CUFES:199603:JD:1860",3,"bx2_by62"
"CUFES:199603:JD:1861",3,"bx2_by62"
"CUFES:199603:JD:1862",3,"bx2_by62"
"CUFES:199603:JD:1863",3,"bx2_by62"
"CUFES:199603:JD:1864",3,"bx2_by62"
"CUFES:199603:JD:1865",3,"bx2_by62"
"CUFES:199603:JD:1866",3,"bx2_by62"
"CUFES:199603:JD:1867",3,"bx2_by62"
"CUFES:199603:JD:1868",3,"bx2_by62"
"CUFES:199603:JD:1869",3,"bx2_by62"
"CUFES:199603:JD:1871",3,"bx2_by62"
"CUFES:199603:JD:1872",3,"bx2_by62"
"CUFES:199603:JD:1873",3,"bx2_by62"
"CUFES:199603:JD:1874",3,"bx2_by62"
"CUFES:199603:JD:1891",3,"bx2_by62"
"CUFES:199603:JD:1892",3,"bx2_by62"
"CUFES:199603:JD:1893",3,"bx2_by62"
"CUFES:199603:JD:1894",3,"bx2_by62"
"CUFES:199603:JD:1895",3,"bx2_by62"
"CUFES:199603:JD:1896",3,"bx2_by62"
"CUFES:199603:JD:1897",3,"bx2_by62"
"CUFES:199603:JD:1898",3,"bx2_by62"
"CUFES:199603:JD:1899",3,"bx2_by62"
"CUFES:199603:JD:1900",3,"bx2_by62"
"CUFES:199603:JD:1901",3,"bx2_by62"
"CUFES:199603:JD:1902",4,"bx2_by63"
"CUFES:199603:JD:1903",4,"bx3_by63"
"CUFES:199603:JD:1904",4,"bx3_by63"
"CUFES:199603:JD:1905",4,"bx3_by63"
"CUFES:199603:JD:1906",4,"bx3_by63"
"CUFES:199603:JD:1907",4,"bx3_by63"
"CUFES:199603:JD:1908",4,"bx3_by63"
"CUFES:199603:JD:1909",4,"bx3_by63"
"CUFES:199603:JD:1910",4,"bx2_by63"
"CUFES:199603:JD:1911",4,"bx2_by63"
"CUFES:199603:JD:1912",4,"bx2_by63"
"CUFES:199603:JD:1913",4,"bx2_by63"
"CUFES:199603:JD:1914",4,"bx2_by63"
"CUFES:199603:JD:1915",4,"bx2_by63"
"CUFES:199603:JD:1916",4,"bx2_by63"
"CUFES:199603:JD:1917",4,"bx2_by63"
"CUFES:199603:JD:1918",4,"bx2_by63"
"CUFES:199603:JD:1919",4,"bx2_by63"
"CUFES:199603:JD:1920",4,"bx2_by63"
"CUFES:199603:JD:1921",4,"bx2_by63"
"CUFES:199603:JD:1922",4,"bx2_by63"
"CUFES:199603:JD:1923",4,"bx2_by63"
"CUFES:199603:JD:1924",4,"bx2_by63"
"CUFES:199603:JD:1925",4,"bx2_by63"
"CUFES:199603:JD:1943",4,"bx2_by63"
"CUFES:199603:JD:1944",4,"bx2_by63"
"CUFES:199603:JD:1945",4,"bx2_by63"
"CUFES:199603:JD:1946",4,"bx2_by63"
"CUFES:199603:JD:1947",4,"bx2_by63"
"CUFES:199603:JD:1948",4,"bx2_by63"
"CUFES:199603:JD:1949",4,"bx2_by63"
"CUFES:199603:JD:1950",4,"bx2_by63"
"CUFES:199603:JD:1951",4,"bx2_by63"
"CUFES:199603:JD:1952",4,"bx2_by63"
"CUFES:199603:JD:1953",4,"bx2_by63"
"CUFES:199603:JD:1954",4,"bx2_by63"
"CUFES:199603:JD:1955",4,"bx2_by63"
"CUFES:199603:JD:1956",4,"bx2_by63"
"CUFES:199603:JD:1957",4,"bx2_by63"
"CUFES:199603:JD:1958",4,"bx2_by63"
"CUFES:199603:JD:1959",4,"bx2_by63"
"CUFES:199603:JD:1960",4,"bx2_by63"
"CUFES:199603:JD:2023",4,"bx2_by64"
"CUFES:199603:JD:2024",4,"bx2_by64"
"CUFES:199603:JD:2025",4,"bx2_by64"
"CUFES:199603:JD:2261",4,"bx2_by63"
"CUFES:199603:JD:2262",4,"bx2_by63"
"CUFES:199603:JD:2263",4,"bx2_by63"
"CUFES:199603:JD:2264",4,"bx2_by63"
"CUFES:199603:JD:2265",4,"bx2_by63"
"CUFES:199603:JD:2266",4,"bx2_by63"
"CUFES:199603:JD:2267",4,"bx2_by63"
"CUFES:199603:JD:2268",4,"bx3_by63"
"CUFES:199603:JD:2269",4,"bx3_by63"
"CUFES:199603:JD:2270",4,"bx3_by63"
"CUFES:199603:JD:2271",4,"bx3_by63"
"CUFES:199603:JD:2272",4,"bx3_by63"
"CUFES:199603:JD:2273",4,"bx3_by63"
"CUFES:199603:JD:2274",4,"bx3_by63"
"CUFES:199603:JD:2275",4,"bx3_by62"
"CUFES:199603:JD:2276",4,"bx3_by62"
"CUFES:199603:JD:2277",4,"bx3_by62"
"CUFES:199603:JD:2278",4,"bx3_by62"
"CUFES:199603:JD:2279",4,"bx3_by62"
"CUFES:199603:JD:2280",4,"bx3_by62"
"CUFES:199603:JD:2281",4,"bx3_by62"
"CUFES:199603:JD:2282",4,"bx3_by62"
"CUFES:199603:JD:2283",4,"bx3_by62"
"CUFES:199603:JD:2284",4,"bx4_by62"
"CUFES:199603:JD:2285",4,"bx4_by62"
"CUFES:199603:JD:2286",4,"bx4_by62"
"CUFES:199603:JD:2287",4,"bx4_by62"
"CUFES:199603:JD:2288",4,"bx4_by62"
"CUFES:199603:JD:2289",4,"bx4_by62"
"CUFES:199603:JD:2290",4,"bx4_by62"
"CUFES:199603:JD:2291",4,"bx4_by62"
"CUFES:199603:JD:2292",4,"bx4_by62"
"CUFES:199603:JD:2293",3,"bx4_by61"
"CUFES:199603:JD:2294",3,"bx4_by61"
"CUFES:199603:JD:2295",3,"bx4_by61"
"CUFES:199603:JD:2296",3,"bx4_by61"
"CUFES:199603:JD:2297",3,"bx4_by61"
"CUFES:199603:JD:2298",3,"bx4_by61"
"CUFES:199603:JD:2299",3,"bx4_by61"
"CUFES:199603:JD:2300",3,"bx4_by61"
"CUFES:199603:JD:2301",3,"bx4_by61"
"CUFES:199603:JD:2302",3,"bx4_by61"
"CUFES:199603:JD:2303",3,"bx4_by61"
"CUFES:199603:JD:2304",3,"bx5_by61"
"CUFES:199603:JD:2305",3,"bx5_by61"
"CUFES:199603:JD:2306",3,"bx5_by61"
"CUFES:199603:JD:2307",3,"bx5_by61"
"CUFES:199603:JD:2308",3,"bx5_by61"
"CUFES:199603:JD:2309",3,"bx5_by61"
"CUFES:199603:JD:2310",3,"bx5_by61"
"CUFES:199603:JD:2311",3,"bx5_by61"
"CUFES:199603:JD:2312",3,"bx5_by61"
"CUFES:199603:JD:2313",3,"bx5_by61"
"CUFES:199603:JD:2314",3,"bx5_by61"
"CUFES:199603:JD:2315",3,"bx5_by61"
"CUFES:199603:JD:2316",3,"bx5_by61"
"CUFES:199603:JD:2317",3,"bx5_by61"
"CUFES:199603:JD:2318",2,"bx6_by60"
"CUFES:199603:JD:2319",2,"bx6_by60"
"CUFES:199603:JD:2320",2,"bx6_by60"
"CUFES:199603:JD:2321",2,"bx6_by60"
"CUFES:199603:JD:2322",2,"bx6_by60"
"CUFES:199603:JD:2323",2,"bx6_by60"
"CUFES:199603:JD:2324",2,"bx6_by60"
"CUFES:199603:JD:2325",2,"bx6_by60"
"CUFES:199603:JD:2326",2,"bx6_by60"
"CUFES:199603:JD:2327",2,"bx6_by60"
"CUFES:199603:JD:2328",2,"bx6_by60"
"CUFES:199603:JD:2329",2,"bx6_by60"
"CUFES:199603:JD:2330",2,"bx6_by60"
"CUFES:199603:JD:2331",2,"bx7_by60"
"CUFES:199603:JD:2332",2,"bx7_by60"
"CUFES:199603:JD:2333",2,"bx7_by60"
"CUFES:199603:JD:2334",2,"bx7_by60"
"CUFES:199603:JD:2335",2,"bx7_by60"
"CUFES:199603:JD:2336",2,"bx7_by60"
"CUFES:199603:JD:2337",2,"bx7_by60"
"CUFES:199603:JD:2338",2,"bx7_by60"
"CUFES:199603:JD:2339",2,"bx7_by60"
"CUFES:199603:JD:2340",2,"bx7_by60"
"CUFES:199603:JD:2341",2,"bx7_by60"
"CUFES:199603:JD:2342",2,"bx7_by60"
"CUFES:199603:JD:468",2,"bx7_by60"
"CUFES:199603:JD:469",2,"bx7_by60"
"CUFES:199603:JD:470",2,"bx7_by60"
"CUFES:199603:JD:471",2,"bx7_by60"
"CUFES:199603:JD:472",2,"bx7_by60"
"CUFES:199603:JD:473",2,"bx7_by60"
"CUFES:199603:JD:474",2,"bx7_by60"
"CUFES:199603:JD:475",2,"bx7_by60"
"CUFES:199603:JD:476",2,"bx7_by60"
"CUFES:199603:JD:477",2,"bx7_by60"
"CUFES:199603:JD:478",2,"bx7_by60"
"CUFES:199603:JD:479",2,"bx7_by60"
"CUFES:199603:JD:480",2,"bx7_by60"
"CUFES:199603:JD:481",2,"bx7_by60"
"CUFES:199603:JD:482",2,"bx7_by60"
"CUFES:199603:JD:483",2,"bx7_by60"
"CUFES:199603:JD:484",2,"bx7_by60"
"CUFES:199603:JD:485",2,"bx7_by60"
"CUFES:199603:JD:486",2,"bx7_by60"
"CUFES:199603:JD:487",2,"bx7_by60"
"CUFES:199603:JD:488",2,"bx7_by60"
"CUFES:199603:JD:489",2,"bx7_by60"
"CUFES:199603:JD:490",2,"bx7_by60"
"CUFES:199603:JD:491",2,"bx7_by60"
"CUFES:199603:JD:492",2,"bx7_by60"
"CUFES:199603:JD:493",2,"bx7_by60"
"CUFES:199603:JD:494",2,"bx7_by60"
"CUFES:199603:JD:495",2,"bx7_by60"
"CUFES:199603:JD:496",2,"bx7_by60"
"CUFES:199603:JD:497",2,"bx7_by60"
"CUFES:199603:JD:498",2,"bx7_by60"
"CUFES:199603:JD:499",2,"bx7_by60"
"CUFES:199603:JD:500",2,"bx7_by60"
"CUFES:199603:JD:501",2,"bx7_by60"
"CUFES:199603:JD:502",2,"bx7_by60"
"CUFES:199603:JD:503",2,"bx7_by60"
"CUFES:199603:JD:513",2,"bx7_by60"
"CUFES:199603:JD:823",2,"bx7_by60"
"CUFES:199603:JD:824",2,"bx7_by60"
"CUFES:199603:JD:825",2,"bx7_by60"
"CUFES:199603:JD:826",2,"bx7_by60"
"CUFES:199603:JD:827",2,"bx7_by60"
"CUFES:199603:JD:828",2,"bx7_by60"
"CUFES:199603:JD:829",2,"bx7_by60"
"CUFES:199603:JD:830",2,"bx7_by60"
"CUFES:199603:JD:831",2,"bx7_by60"
"CUFES:199603:JD:832",2,"bx7_by60"
"CUFES:199603:JD:833",2,"bx7_by60"
"CUFES:199603:JD:834",2,"bx7_by60"
"CUFES:199603:JD:835",2,"bx7_by60"
"CUFES:199603:JD:836",2,"bx7_by60"
"CUFES:199603:JD:837",2,"bx7_by60"
"CUFES:199603:JD:838",2,"bx7_by60"
"CUFES:199603:JD:93",2,"bx7_by60"
"CUFES:199703:JD:10",2,"bx7_by60"
"CUFES:199703:JD:100",1,"bx3_by59"
"CUFES:199703:JD:1003",3,"bx2_by62"
"CUFES:199703:JD:1004",3,"bx2_by62"
"CUFES:199703:JD:1005",3,"bx2_by62"
"CUFES:199703:JD:1006",3,"bx2_by62"
"CUFES:199703:JD:1007",3,"bx2_by62"
"CUFES:199703:JD:1008",3,"bx2_by62"
"CUFES:199703:JD:1009",3,"bx2_by62"
"CUFES:199703:JD:101",1,"bx3_by59"
"CUFES:199703:JD:1010",3,"bx2_by62"
"CUFES:199703:JD:1011",3,"bx2_by62"
"CUFES:199703:JD:1012",3,"bx2_by62"
"CUFES:199703:JD:1013",3,"bx2_by62"
"CUFES:199703:JD:1014",4,"bx3_by62"
"CUFES:199703:JD:1015",4,"bx3_by62"
"CUFES:199703:JD:1016",4,"bx3_by62"
"CUFES:199703:JD:1017",4,"bx3_by62"
"CUFES:199703:JD:1018",4,"bx3_by62"
"CUFES:199703:JD:1019",4,"bx3_by62"
"CUFES:199703:JD:1020",4,"bx3_by62"
"CUFES:199703:JD:1022",4,"bx3_by62"
"CUFES:199703:JD:1023",4,"bx3_by62"
"CUFES:199703:JD:1024",4,"bx3_by62"
"CUFES:199703:JD:1025",4,"bx3_by62"
"CUFES:199703:JD:1026",4,"bx3_by62"
"CUFES:199703:JD:1027",4,"bx3_by62"
"CUFES:199703:JD:1028",4,"bx3_by62"
"CUFES:199703:JD:1029",4,"bx3_by62"
"CUFES:199703:JD:103",1,"bx3_by59"
"CUFES:199703:JD:1030",4,"bx3_by62"
"CUFES:199703:JD:1031",4,"bx4_by62"
"CUFES:199703:JD:1032",4,"bx4_by62"
"CUFES:199703:JD:1033",4,"bx4_by62"
"CUFES:199703:JD:1034",4,"bx4_by62"
"CUFES:199703:JD:1035",4,"bx4_by62"
"CUFES:199703:JD:1036",4,"bx4_by62"
"CUFES:199703:JD:1037",4,"bx4_by62"
"CUFES:199703:JD:1038",4,"bx4_by62"
"CUFES:199703:JD:1039",4,"bx4_by62"
"CUFES:199703:JD:104",1,"bx3_by59"
"CUFES:199703:JD:1040",4,"bx4_by62"
"CUFES:199703:JD:1041",4,"bx4_by62"
"CUFES:199703:JD:1042",4,"bx4_by62"
"CUFES:199703:JD:1043",4,"bx4_by62"
"CUFES:199703:JD:1045",4,"bx4_by62"
"CUFES:199703:JD:1046",4,"bx4_by62"
"CUFES:199703:JD:1047",4,"bx4_by62"
"CUFES:199703:JD:1048",4,"bx4_by62"
"CUFES:199703:JD:1049",4,"bx4_by62"
"CUFES:199703:JD:1050",4,"bx4_by62"
"CUFES:199703:JD:1051",4,"bx3_by62"
"CUFES:199703:JD:1052",4,"bx3_by62"
"CUFES:199703:JD:1053",4,"bx3_by62"
"CUFES:199703:JD:1054",4,"bx3_by62"
"CUFES:199703:JD:1055",3,"bx3_by61"
"CUFES:199703:JD:1056",3,"bx3_by61"
"CUFES:199703:JD:1057",3,"bx3_by61"
"CUFES:199703:JD:1058",3,"bx3_by61"
"CUFES:199703:JD:1059",3,"bx3_by61"
"CUFES:199703:JD:106",1,"bx3_by59"
"CUFES:199703:JD:1060",3,"bx3_by61"
"CUFES:199703:JD:1061",3,"bx3_by61"
"CUFES:199703:JD:1062",3,"bx3_by61"
"CUFES:199703:JD:1063",3,"bx3_by61"
"CUFES:199703:JD:1064",3,"bx3_by61"
"CUFES:199703:JD:1065",3,"bx3_by61"
"CUFES:199703:JD:1066",3,"bx3_by61"
"CUFES:199703:JD:1067",3,"bx4_by61"
"CUFES:199703:JD:1068",3,"bx4_by61"
"CUFES:199703:JD:1069",3,"bx4_by61"
"CUFES:199703:JD:107",1,"bx3_by59"
"CUFES:199703:JD:1070",3,"bx4_by61"
"CUFES:199703:JD:1071",3,"bx4_by61"
"CUFES:199703:JD:1072",3,"bx4_by61"
"CUFES:199703:JD:1073",3,"bx4_by61"
"CUFES:199703:JD:1074",3,"bx4_by61"
"CUFES:199703:JD:1075",3,"bx4_by61"
"CUFES:199703:JD:1076",3,"bx5_by61"
"CUFES:199703:JD:1077",3,"bx5_by61"
"CUFES:199703:JD:1078",3,"bx5_by61"
"CUFES:199703:JD:1079",3,"bx5_by61"
"CUFES:199703:JD:1080",3,"bx5_by61"
"CUFES:199703:JD:1081",3,"bx5_by61"
"CUFES:199703:JD:1082",3,"bx5_by61"
"CUFES:199703:JD:1083",3,"bx5_by61"
"CUFES:199703:JD:1084",3,"bx5_by61"
"CUFES:199703:JD:1085",3,"bx6_by61"
"CUFES:199703:JD:1086",3,"bx6_by61"
"CUFES:199703:JD:1087",3,"bx6_by61"
"CUFES:199703:JD:1088",3,"bx6_by61"
"CUFES:199703:JD:1089",3,"bx6_by61"
"CUFES:199703:JD:109",1,"bx3_by59"
"CUFES:199703:JD:1090",3,"bx6_by61"
"CUFES:199703:JD:1091",3,"bx6_by61"
"CUFES:199703:JD:1092",3,"bx6_by61"
"CUFES:199703:JD:1093",2,"bx6_by60"
"CUFES:199703:JD:1094",3,"bx5_by61"
"CUFES:199703:JD:1095",3,"bx5_by61"
"CUFES:199703:JD:1096",3,"bx5_by61"
"CUFES:199703:JD:1097",2,"bx5_by60"
"CUFES:199703:JD:1098",2,"bx5_by60"
"CUFES:199703:JD:1099",2,"bx5_by60"
"CUFES:199703:JD:11",2,"bx7_by60"
"CUFES:199703:JD:110",2,"bx4_by60"
"CUFES:199703:JD:1100",2,"bx5_by60"
"CUFES:199703:JD:1101",3,"bx5_by61"
"CUFES:199703:JD:1102",3,"bx5_by61"
"CUFES:199703:JD:1103",3,"bx5_by61"
"CUFES:199703:JD:1104",3,"bx5_by61"
"CUFES:199703:JD:1105",3,"bx5_by61"
"CUFES:199703:JD:1106",3,"bx4_by61"
"CUFES:199703:JD:1107",2,"bx4_by60"
"CUFES:199703:JD:1108",2,"bx4_by60"
"CUFES:199703:JD:1109",2,"bx4_by60"
"CUFES:199703:JD:1110",2,"bx4_by60"
"CUFES:199703:JD:1111",2,"bx4_by60"
"CUFES:199703:JD:1112",2,"bx4_by60"
"CUFES:199703:JD:1113",2,"bx4_by60"
"CUFES:199703:JD:1114",1,"bx4_by59"
"CUFES:199703:JD:1115",1,"bx4_by59"
"CUFES:199703:JD:1116",1,"bx4_by59"
"CUFES:199703:JD:1117",1,"bx4_by59"
"CUFES:199703:JD:1118",1,"bx4_by59"
"CUFES:199703:JD:1119",1,"bx4_by59"
"CUFES:199703:JD:112",2,"bx4_by60"
"CUFES:199703:JD:1120",1,"bx4_by59"
"CUFES:199703:JD:1121",1,"bx3_by59"
"CUFES:199703:JD:1122",1,"bx3_by59"
"CUFES:199703:JD:1123",1,"bx3_by59"
"CUFES:199703:JD:1124",1,"bx3_by59"
"CUFES:199703:JD:1125",1,"bx3_by59"
"CUFES:199703:JD:1126",1,"bx3_by59"
"CUFES:199703:JD:1127",1,"bx3_by59"
"CUFES:199703:JD:1128",1,"bx3_by59"
"CUFES:199703:JD:1129",1,"bx3_by59"
"CUFES:199703:JD:113",2,"bx4_by60"
"CUFES:199703:JD:1130",1,"bx3_by59"
"CUFES:199703:JD:1131",1,"bx3_by59"
"CUFES:199703:JD:1132",1,"bx4_by59"
"CUFES:199703:JD:1133",1,"bx4_by59"
"CUFES:199703:JD:1134",1,"bx4_by59"
"CUFES:199703:JD:1135",1,"bx4_by59"
"CUFES:199703:JD:1136",1,"bx3_by59"
"CUFES:199703:JD:1137",1,"bx4_by59"
"CUFES:199703:JD:1138",1,"bx3_by59"
"CUFES:199703:JD:1139",1,"bx3_by59"
"CUFES:199703:JD:1140",1,"bx3_by59"
"CUFES:199703:JD:1141",1,"bx3_by59"
"CUFES:199703:JD:1142",1,"bx3_by59"
"CUFES:199703:JD:1144",1,"bx3_by59"
"CUFES:199703:JD:1145",1,"bx3_by59"
"CUFES:199703:JD:1146",1,"bx3_by59"
"CUFES:199703:JD:1147",1,"bx3_by59"
"CUFES:199703:JD:1148",1,"bx3_by59"
"CUFES:199703:JD:1149",1,"bx3_by59"
"CUFES:199703:JD:115",2,"bx4_by60"
"CUFES:199703:JD:1150",1,"bx3_by59"
"CUFES:199703:JD:1151",1,"bx3_by59"
"CUFES:199703:JD:1152",1,"bx4_by59"
"CUFES:199703:JD:1153",1,"bx4_by59"
"CUFES:199703:JD:1154",1,"bx4_by59"
"CUFES:199703:JD:1155",1,"bx4_by59"
"CUFES:199703:JD:1156",1,"bx4_by59"
"CUFES:199703:JD:1157",1,"bx4_by59"
"CUFES:199703:JD:1158",1,"bx5_by59"
"CUFES:199703:JD:1159",1,"bx5_by59"
"CUFES:199703:JD:116",2,"bx4_by60"
"CUFES:199703:JD:1160",1,"bx5_by59"
"CUFES:199703:JD:1161",1,"bx5_by59"
"CUFES:199703:JD:1162",1,"bx5_by59"
"CUFES:199703:JD:1163",1,"bx5_by59"
"CUFES:199703:JD:1164",1,"bx5_by59"
"CUFES:199703:JD:1165",1,"bx6_by59"
"CUFES:199703:JD:1166",1,"bx6_by59"
"CUFES:199703:JD:1167",1,"bx6_by59"
"CUFES:199703:JD:1168",1,"bx6_by59"
"CUFES:199703:JD:1169",1,"bx6_by59"
"CUFES:199703:JD:117",2,"bx4_by60"
"CUFES:199703:JD:1170",1,"bx6_by59"
"CUFES:199703:JD:1171",1,"bx6_by59"
"CUFES:199703:JD:1172",1,"bx6_by59"
"CUFES:199703:JD:1173",1,"bx6_by59"
"CUFES:199703:JD:1174",1,"bx6_by59"
"CUFES:199703:JD:1175",2,"bx6_by60"
"CUFES:199703:JD:1176",2,"bx6_by60"
"CUFES:199703:JD:1178",2,"bx7_by60"
"CUFES:199703:JD:1179",2,"bx7_by60"
"CUFES:199703:JD:118",2,"bx4_by60"
"CUFES:199703:JD:1180",2,"bx7_by60"
"CUFES:199703:JD:1181",2,"bx7_by60"
"CUFES:199703:JD:1182",2,"bx7_by60"
"CUFES:199703:JD:1183",2,"bx7_by60"
"CUFES:199703:JD:1184",2,"bx7_by60"
"CUFES:199703:JD:1185",2,"bx7_by60"
"CUFES:199703:JD:1186",2,"bx7_by60"
"CUFES:199703:JD:1187",3,"bx7_by61"
"CUFES:199703:JD:1188",3,"bx7_by61"
"CUFES:199703:JD:1189",3,"bx7_by61"
"CUFES:199703:JD:119",2,"bx4_by60"
"CUFES:199703:JD:1190",3,"bx7_by61"
"CUFES:199703:JD:1191",3,"bx7_by61"
"CUFES:199703:JD:1192",3,"bx7_by61"
"CUFES:199703:JD:1193",3,"bx7_by61"
"CUFES:199703:JD:1194",3,"bx6_by61"
"CUFES:199703:JD:1196",3,"bx6_by61"
"CUFES:199703:JD:1197",4,"bx6_by62"
"CUFES:199703:JD:1198",4,"bx6_by62"
"CUFES:199703:JD:1199",4,"bx6_by62"
"CUFES:199703:JD:12",2,"bx7_by60"
"CUFES:199703:JD:120",2,"bx4_by60"
"CUFES:199703:JD:1200",4,"bx6_by62"
"CUFES:199703:JD:1202",4,"bx6_by62"
"CUFES:199703:JD:1203",4,"bx5_by62"
"CUFES:199703:JD:1204",4,"bx5_by62"
"CUFES:199703:JD:1205",4,"bx5_by62"
"CUFES:199703:JD:1206",4,"bx6_by62"
"CUFES:199703:JD:1207",4,"bx6_by62"
"CUFES:199703:JD:1208",4,"bx6_by62"
"CUFES:199703:JD:1209",4,"bx6_by62"
"CUFES:199703:JD:121",2,"bx4_by60"
"CUFES:199703:JD:1210",4,"bx6_by62"
"CUFES:199703:JD:1211",4,"bx6_by62"
"CUFES:199703:JD:1212",3,"bx6_by61"
"CUFES:199703:JD:1213",3,"bx6_by61"
"CUFES:199703:JD:1214",3,"bx6_by61"
"CUFES:199703:JD:1215",3,"bx6_by61"
"CUFES:199703:JD:1216",3,"bx6_by61"
"CUFES:199703:JD:1217",3,"bx6_by61"
"CUFES:199703:JD:1218",3,"bx6_by61"
"CUFES:199703:JD:1219",3,"bx6_by61"
"CUFES:199703:JD:122",2,"bx4_by60"
"CUFES:199703:JD:1220",3,"bx6_by61"
"CUFES:199703:JD:1221",3,"bx6_by61"
"CUFES:199703:JD:1222",3,"bx6_by61"
"CUFES:199703:JD:1223",3,"bx6_by61"
"CUFES:199703:JD:1224",3,"bx5_by61"
"CUFES:199703:JD:1225",3,"bx5_by61"
"CUFES:199703:JD:1226",3,"bx5_by61"
"CUFES:199703:JD:1227",3,"bx5_by61"
"CUFES:199703:JD:123",2,"bx4_by60"
"CUFES:199703:JD:124",2,"bx4_by60"
"CUFES:199703:JD:125",2,"bx4_by60"
"CUFES:199703:JD:126",2,"bx4_by60"
"CUFES:199703:JD:127",2,"bx4_by60"
"CUFES:199703:JD:128",2,"bx5_by60"
"CUFES:199703:JD:129",2,"bx5_by60"
"CUFES:199703:JD:13",2,"bx7_by60"
"CUFES:199703:JD:130",2,"bx5_by60"
"CUFES:199703:JD:131",2,"bx5_by60"
"CUFES:199703:JD:132",2,"bx5_by60"
"CUFES:199703:JD:133",2,"bx5_by60"
"CUFES:199703:JD:134",3,"bx5_by61"
"CUFES:199703:JD:135",3,"bx5_by61"
"CUFES:199703:JD:136",3,"bx6_by61"
"CUFES:199703:JD:137",3,"bx6_by61"
"CUFES:199703:JD:138",3,"bx6_by61"
"CUFES:199703:JD:139",3,"bx6_by61"
"CUFES:199703:JD:14",2,"bx7_by60"
"CUFES:199703:JD:140",3,"bx6_by61"
"CUFES:199703:JD:141",3,"bx6_by61"
"CUFES:199703:JD:142",3,"bx6_by61"
"CUFES:199703:JD:143",3,"bx6_by61"
"CUFES:199703:JD:144",3,"bx6_by61"
"CUFES:199703:JD:145",3,"bx7_by61"
"CUFES:199703:JD:146",3,"bx7_by61"
"CUFES:199703:JD:147",3,"bx7_by61"
"CUFES:199703:JD:148",3,"bx7_by61"
"CUFES:199703:JD:149",3,"bx7_by61"
"CUFES:199703:JD:15",2,"bx6_by60"
"CUFES:199703:JD:150",3,"bx7_by61"
"CUFES:199703:JD:151",3,"bx7_by61"
"CUFES:199703:JD:152",2,"bx7_by60"
"CUFES:199703:JD:153",2,"bx7_by60"
"CUFES:199703:JD:154",2,"bx7_by60"
"CUFES:199703:JD:155",2,"bx7_by60"
"CUFES:199703:JD:156",2,"bx7_by60"
"CUFES:199703:JD:157",2,"bx7_by60"
"CUFES:199703:JD:158",2,"bx7_by60"
"CUFES:199703:JD:159",2,"bx7_by60"
"CUFES:199703:JD:16",2,"bx6_by60"
"CUFES:199703:JD:160",2,"bx7_by60"
"CUFES:199703:JD:161",2,"bx7_by60"
"CUFES:199703:JD:162",2,"bx7_by60"
"CUFES:199703:JD:163",2,"bx7_by60"
"CUFES:199703:JD:164",2,"bx7_by60"
"CUFES:199703:JD:165",3,"bx6_by61"
"CUFES:199703:JD:166",3,"bx6_by61"
"CUFES:199703:JD:167",3,"bx6_by61"
"CUFES:199703:JD:168",3,"bx6_by61"
"CUFES:199703:JD:169",3,"bx6_by61"
"CUFES:199703:JD:17",2,"bx6_by60"
"CUFES:199703:JD:170",3,"bx6_by61"
"CUFES:199703:JD:171",3,"bx6_by61"
"CUFES:199703:JD:172",4,"bx6_by62"
"CUFES:199703:JD:173",4,"bx6_by62"
"CUFES:199703:JD:174",4,"bx6_by62"
"CUFES:199703:JD:175",4,"bx5_by62"
"CUFES:199703:JD:176",4,"bx5_by62"
"CUFES:199703:JD:177",4,"bx5_by62"
"CUFES:199703:JD:178",4,"bx5_by62"
"CUFES:199703:JD:179",4,"bx5_by62"
"CUFES:199703:JD:18",2,"bx6_by60"
"CUFES:199703:JD:180",4,"bx5_by62"
"CUFES:199703:JD:181",4,"bx5_by62"
"CUFES:199703:JD:182",4,"bx5_by62"
"CUFES:199703:JD:183",4,"bx5_by62"
"CUFES:199703:JD:184",4,"bx5_by62"
"CUFES:199703:JD:185",3,"bx5_by61"
"CUFES:199703:JD:186",3,"bx4_by61"
"CUFES:199703:JD:187",3,"bx4_by61"
"CUFES:199703:JD:189",3,"bx4_by61"
"CUFES:199703:JD:19",2,"bx6_by60"
"CUFES:199703:JD:191",3,"bx4_by61"
"CUFES:199703:JD:193",3,"bx4_by61"
"CUFES:199703:JD:195",3,"bx4_by61"
"CUFES:199703:JD:196",3,"bx4_by61"
"CUFES:199703:JD:197",3,"bx4_by61"
"CUFES:199703:JD:198",3,"bx4_by61"
"CUFES:199703:JD:199",3,"bx4_by61"
"CUFES:199703:JD:2",2,"bx7_by60"
"CUFES:199703:JD:20",2,"bx6_by60"
"CUFES:199703:JD:200",3,"bx4_by61"
"CUFES:199703:JD:202",3,"bx4_by61"
"CUFES:199703:JD:204",3,"bx3_by61"
"CUFES:199703:JD:205",3,"bx3_by61"
"CUFES:199703:JD:207",3,"bx3_by61"
"CUFES:199703:JD:209",3,"bx3_by61"
"CUFES:199703:JD:21",1,"bx6_by59"
"CUFES:199703:JD:211",3,"bx3_by61"
"CUFES:199703:JD:212",3,"bx3_by61"
"CUFES:199703:JD:213",3,"bx3_by61"
"CUFES:199703:JD:214",3,"bx3_by61"
"CUFES:199703:JD:215",3,"bx3_by61"
"CUFES:199703:JD:217",3,"bx3_by61"
"CUFES:199703:JD:218",3,"bx3_by61"
"CUFES:199703:JD:22",1,"bx6_by59"
"CUFES:199703:JD:220",2,"bx3_by60"
"CUFES:199703:JD:221",2,"bx3_by60"
"CUFES:199703:JD:222",2,"bx3_by60"
"CUFES:199703:JD:224",2,"bx3_by60"
"CUFES:199703:JD:225",2,"bx3_by60"
"CUFES:199703:JD:227",2,"bx2_by60"
"CUFES:199703:JD:228",2,"bx2_by60"
"CUFES:199703:JD:229",2,"bx2_by60"
"CUFES:199703:JD:23",1,"bx6_by59"
"CUFES:199703:JD:231",2,"bx2_by60"
"CUFES:199703:JD:232",2,"bx2_by60"
"CUFES:199703:JD:234",2,"bx2_by60"
"CUFES:199703:JD:235",2,"bx2_by60"
"CUFES:199703:JD:238",2,"bx2_by60"
"CUFES:199703:JD:239",2,"bx2_by60"
"CUFES:199703:JD:24",1,"bx6_by59"
"CUFES:199703:JD:241",2,"bx2_by60"
"CUFES:199703:JD:242",2,"bx2_by60"
"CUFES:199703:JD:243",2,"bx2_by60"
"CUFES:199703:JD:244",2,"bx2_by60"
"CUFES:199703:JD:245",2,"bx2_by60"
"CUFES:199703:JD:246",2,"bx2_by60"
"CUFES:199703:JD:247",2,"bx2_by60"
"CUFES:199703:JD:248",2,"bx2_by60"
"CUFES:199703:JD:25",1,"bx6_by59"
"CUFES:199703:JD:26",1,"bx6_by59"
"CUFES:199703:JD:27",1,"bx5_by59"
"CUFES:199703:JD:28",1,"bx5_by59"
"CUFES:199703:JD:29",1,"bx5_by59"
"CUFES:199703:JD:3",2,"bx7_by60"
"CUFES:199703:JD:30",1,"bx5_by59"
"CUFES:199703:JD:302",3,"bx2_by61"
"CUFES:199703:JD:304",3,"bx2_by61"
"CUFES:199703:JD:306",3,"bx2_by61"
"CUFES:199703:JD:308",3,"bx2_by61"
"CUFES:199703:JD:31",1,"bx5_by59"
"CUFES:199703:JD:310",3,"bx2_by61"
"CUFES:199703:JD:312",3,"bx2_by61"
"CUFES:199703:JD:314",3,"bx2_by61"
"CUFES:199703:JD:316",3,"bx2_by61"
"CUFES:199703:JD:318",3,"bx3_by61"
"CUFES:199703:JD:32",1,"bx5_by59"
"CUFES:199703:JD:320",3,"bx3_by61"
"CUFES:199703:JD:322",3,"bx3_by61"
"CUFES:199703:JD:325",3,"bx3_by61"
"CUFES:199703:JD:327",3,"bx3_by61"
"CUFES:199703:JD:329",3,"bx3_by61"
"CUFES:199703:JD:33",1,"bx5_by59"
"CUFES:199703:JD:330",3,"bx3_by61"
"CUFES:199703:JD:332",3,"bx3_by61"
"CUFES:199703:JD:334",4,"bx3_by62"
"CUFES:199703:JD:336",4,"bx3_by62"
"CUFES:199703:JD:338",4,"bx4_by62"
"CUFES:199703:JD:34",1,"bx5_by59"
"CUFES:199703:JD:340",4,"bx4_by62"
"CUFES:199703:JD:342",4,"bx4_by62"
"CUFES:199703:JD:344",4,"bx4_by62"
"CUFES:199703:JD:346",4,"bx4_by62"
"CUFES:199703:JD:347",4,"bx4_by62"
"CUFES:199703:JD:348",4,"bx4_by62"
"CUFES:199703:JD:349",4,"bx4_by62"
"CUFES:199703:JD:35",1,"bx5_by59"
"CUFES:199703:JD:350",4,"bx4_by62"
"CUFES:199703:JD:351",4,"bx4_by62"
"CUFES:199703:JD:352",4,"bx4_by62"
"CUFES:199703:JD:353",4,"bx4_by62"
"CUFES:199703:JD:354",4,"bx4_by62"
"CUFES:199703:JD:355",4,"bx4_by62"
"CUFES:199703:JD:356",4,"bx4_by62"
"CUFES:199703:JD:357",4,"bx4_by62"
"CUFES:199703:JD:358",4,"bx4_by62"
"CUFES:199703:JD:359",4,"bx4_by63"
"CUFES:199703:JD:36",1,"bx5_by59"
"CUFES:199703:JD:360",4,"bx4_by63"
"CUFES:199703:JD:361",4,"bx4_by62"
"CUFES:199703:JD:362",4,"bx4_by62"
"CUFES:199703:JD:363",4,"bx4_by62"
"CUFES:199703:JD:364",4,"bx3_by62"
"CUFES:199703:JD:365",4,"bx3_by62"
"CUFES:199703:JD:366",4,"bx3_by62"
"CUFES:199703:JD:367",4,"bx3_by62"
"CUFES:199703:JD:368",4,"bx3_by62"
"CUFES:199703:JD:369",4,"bx3_by62"
"CUFES:199703:JD:37",1,"bx5_by59"
"CUFES:199703:JD:370",4,"bx3_by62"
"CUFES:199703:JD:371",4,"bx3_by62"
"CUFES:199703:JD:372",4,"bx3_by62"
"CUFES:199703:JD:374",4,"bx3_by62"
"CUFES:199703:JD:375",4,"bx3_by62"
"CUFES:199703:JD:376",4,"bx3_by62"
"CUFES:199703:JD:377",4,"bx3_by62"
"CUFES:199703:JD:378",4,"bx3_by62"
"CUFES:199703:JD:379",4,"bx3_by62"
"CUFES:199703:JD:38",1,"bx5_by59"
"CUFES:199703:JD:381",4,"bx3_by62"
"CUFES:199703:JD:383",3,"bx2_by62"
"CUFES:199703:JD:385",3,"bx2_by62"
"CUFES:199703:JD:387",3,"bx2_by62"
"CUFES:199703:JD:388",3,"bx2_by62"
"CUFES:199703:JD:39",1,"bx4_by59"
"CUFES:199703:JD:390",3,"bx2_by62"
"CUFES:199703:JD:391",3,"bx2_by62"
"CUFES:199703:JD:393",3,"bx2_by61"
"CUFES:199703:JD:395",3,"bx2_by61"
"CUFES:199703:JD:396",3,"bx2_by61"
"CUFES:199703:JD:397",3,"bx2_by61"
"CUFES:199703:JD:4",2,"bx7_by60"
"CUFES:199703:JD:40",1,"bx4_by59"
"CUFES:199703:JD:42",1,"bx4_by59"
"CUFES:199703:JD:43",1,"bx4_by59"
"CUFES:199703:JD:445",4,"bx2_by63"
"CUFES:199703:JD:447",4,"bx2_by63"
"CUFES:199703:JD:448",4,"bx2_by63"
"CUFES:199703:JD:450",4,"bx2_by63"
"CUFES:199703:JD:451",4,"bx2_by63"
"CUFES:199703:JD:453",4,"bx2_by63"
"CUFES:199703:JD:454",4,"bx2_by63"
"CUFES:199703:JD:456",4,"bx2_by63"
"CUFES:199703:JD:457",4,"bx2_by63"
"CUFES:199703:JD:459",4,"bx2_by63"
"CUFES:199703:JD:460",4,"bx2_by63"
"CUFES:199703:JD:461",4,"bx2_by63"
"CUFES:199703:JD:463",4,"bx2_by63"
"CUFES:199703:JD:465",4,"bx2_by63"
"CUFES:199703:JD:466",4,"bx2_by63"
"CUFES:199703:JD:467",4,"bx2_by63"
"CUFES:199703:JD:468",4,"bx2_by63"
"CUFES:199703:JD:469",4,"bx2_by63"
"CUFES:199703:JD:470",4,"bx2_by63"
"CUFES:199703:JD:471",4,"bx2_by63"
"CUFES:199703:JD:472",4,"bx2_by64"
"CUFES:199703:JD:473",4,"bx2_by64"
"CUFES:199703:JD:474",4,"bx2_by64"
"CUFES:199703:JD:475",4,"bx2_by64"
"CUFES:199703:JD:476",4,"bx2_by64"
"CUFES:199703:JD:477",4,"bx2_by64"
"CUFES:199703:JD:478",4,"bx2_by64"
"CUFES:199703:JD:479",4,"bx2_by64"
"CUFES:199703:JD:480",4,"bx2_by64"
"CUFES:199703:JD:481",4,"bx2_by64"
"CUFES:199703:JD:482",4,"bx2_by64"
"CUFES:199703:JD:499",4,"bx2_by64"
"CUFES:199703:JD:5",2,"bx7_by60"
"CUFES:199703:JD:500",4,"bx2_by64"
"CUFES:199703:JD:501",4,"bx2_by64"
"CUFES:199703:JD:6",2,"bx7_by60"
"CUFES:199703:JD:7",2,"bx7_by60"
"CUFES:199703:JD:8",2,"bx7_by60"
"CUFES:199703:JD:81",1,"bx2_by59"
"CUFES:199703:JD:82",1,"bx2_by59"
"CUFES:199703:JD:83",1,"bx2_by59"
"CUFES:199703:JD:84",1,"bx2_by59"
"CUFES:199703:JD:85",1,"bx2_by59"
"CUFES:199703:JD:86",1,"bx2_by59"
"CUFES:199703:JD:87",1,"bx3_by59"
"CUFES:199703:JD:88",1,"bx3_by59"
"CUFES:199703:JD:89",1,"bx3_by59"
"CUFES:199703:JD:9",2,"bx7_by60"
"CUFES:199703:JD:91",1,"bx3_by59"
"CUFES:199703:JD:92",1,"bx3_by59"
"CUFES:199703:JD:94",1,"bx3_by59"
"CUFES:199703:JD:95",1,"bx3_by59"
"CUFES:199703:JD:97",1,"bx3_by59"
"CUFES:199703:JD:98",1,"bx3_by59"
"CUFES:199703:JD:99",1,"bx3_by59"
"CUFES:199704:NH:1",2,"bx7_by60"
"CUFES:199704:NH:10",3,"bx6_by61"
"CUFES:199704:NH:100",4,"bx4_by62"
"CUFES:199704:NH:101",4,"bx4_by62"
"CUFES:199704:NH:102",3,"bx4_by61"
"CUFES:199704:NH:103",3,"bx4_by61"
"CUFES:199704:NH:104",3,"bx4_by61"
"CUFES:199704:NH:105",3,"bx4_by61"
"CUFES:199704:NH:106",3,"bx5_by61"
"CUFES:199704:NH:107",3,"bx5_by61"
"CUFES:199704:NH:108",3,"bx5_by61"
"CUFES:199704:NH:109",3,"bx5_by61"
"CUFES:199704:NH:11",3,"bx6_by61"
"CUFES:199704:NH:110",3,"bx5_by61"
"CUFES:199704:NH:111",3,"bx5_by61"
"CUFES:199704:NH:112",3,"bx5_by61"
"CUFES:199704:NH:113",3,"bx5_by61"
"CUFES:199704:NH:114",3,"bx5_by61"
"CUFES:199704:NH:115",3,"bx5_by61"
"CUFES:199704:NH:116",3,"bx5_by61"
"CUFES:199704:NH:117",3,"bx5_by61"
"CUFES:199704:NH:118",3,"bx5_by61"
"CUFES:199704:NH:119",3,"bx5_by61"
"CUFES:199704:NH:12",3,"bx6_by61"
"CUFES:199704:NH:120",4,"bx5_by62"
"CUFES:199704:NH:121",4,"bx5_by62"
"CUFES:199704:NH:122",4,"bx5_by62"
"CUFES:199704:NH:123",4,"bx4_by62"
"CUFES:199704:NH:124",4,"bx4_by62"
"CUFES:199704:NH:125",4,"bx4_by62"
"CUFES:199704:NH:126",4,"bx4_by62"
"CUFES:199704:NH:127",4,"bx4_by62"
"CUFES:199704:NH:128",4,"bx4_by62"
"CUFES:199704:NH:129",4,"bx4_by62"
"CUFES:199704:NH:13",3,"bx6_by61"
"CUFES:199704:NH:130",4,"bx3_by62"
"CUFES:199704:NH:131",3,"bx3_by61"
"CUFES:199704:NH:132",3,"bx3_by61"
"CUFES:199704:NH:133",3,"bx3_by61"
"CUFES:199704:NH:134",3,"bx3_by61"
"CUFES:199704:NH:135",3,"bx3_by61"
"CUFES:199704:NH:136",3,"bx3_by61"
"CUFES:199704:NH:137",3,"bx3_by61"
"CUFES:199704:NH:138",2,"bx3_by60"
"CUFES:199704:NH:139",2,"bx3_by60"
"CUFES:199704:NH:14",3,"bx6_by61"
"CUFES:199704:NH:140",2,"bx4_by60"
"CUFES:199704:NH:141",2,"bx4_by60"
"CUFES:199704:NH:142",2,"bx4_by60"
"CUFES:199704:NH:143",2,"bx4_by60"
"CUFES:199704:NH:144",2,"bx4_by60"
"CUFES:199704:NH:145",2,"bx4_by60"
"CUFES:199704:NH:146",1,"bx4_by59"
"CUFES:199704:NH:147",1,"bx4_by59"
"CUFES:199704:NH:148",1,"bx4_by59"
"CUFES:199704:NH:149",1,"bx5_by59"
"CUFES:199704:NH:15",3,"bx6_by61"
"CUFES:199704:NH:150",1,"bx5_by59"
"CUFES:199704:NH:151",1,"bx5_by59"
"CUFES:199704:NH:153",1,"bx5_by59"
"CUFES:199704:NH:154",1,"bx4_by59"
"CUFES:199704:NH:155",1,"bx4_by59"
"CUFES:199704:NH:156",1,"bx4_by59"
"CUFES:199704:NH:157",1,"bx4_by59"
"CUFES:199704:NH:158",1,"bx4_by59"
"CUFES:199704:NH:159",2,"bx4_by60"
"CUFES:199704:NH:16",3,"bx6_by61"
"CUFES:199704:NH:160",2,"bx4_by60"
"CUFES:199704:NH:161",2,"bx4_by60"
"CUFES:199704:NH:162",2,"bx4_by60"
"CUFES:199704:NH:163",2,"bx4_by60"
"CUFES:199704:NH:164",2,"bx4_by60"
"CUFES:199704:NH:165",2,"bx4_by60"
"CUFES:199704:NH:166",2,"bx4_by60"
"CUFES:199704:NH:167",2,"bx4_by60"
"CUFES:199704:NH:168",2,"bx4_by60"
"CUFES:199704:NH:169",2,"bx4_by60"
"CUFES:199704:NH:17",3,"bx5_by61"
"CUFES:199704:NH:170",2,"bx4_by60"
"CUFES:199704:NH:171",2,"bx4_by60"
"CUFES:199704:NH:172",2,"bx5_by60"
"CUFES:199704:NH:173",2,"bx5_by60"
"CUFES:199704:NH:174",2,"bx5_by60"
"CUFES:199704:NH:175",2,"bx5_by60"
"CUFES:199704:NH:176",2,"bx5_by60"
"CUFES:199704:NH:177",2,"bx5_by60"
"CUFES:199704:NH:178",2,"bx6_by60"
"CUFES:199704:NH:179",2,"bx6_by60"
"CUFES:199704:NH:18",3,"bx5_by61"
"CUFES:199704:NH:180",2,"bx6_by60"
"CUFES:199704:NH:181",2,"bx6_by60"
"CUFES:199704:NH:182",2,"bx6_by60"
"CUFES:199704:NH:183",2,"bx6_by60"
"CUFES:199704:NH:184",2,"bx6_by60"
"CUFES:199704:NH:185",2,"bx6_by60"
"CUFES:199704:NH:186",2,"bx6_by60"
"CUFES:199704:NH:187",2,"bx6_by60"
"CUFES:199704:NH:188",2,"bx6_by60"
"CUFES:199704:NH:189",2,"bx6_by60"
"CUFES:199704:NH:19",3,"bx5_by61"
"CUFES:199704:NH:190",2,"bx5_by60"
"CUFES:199704:NH:191",2,"bx5_by60"
"CUFES:199704:NH:192",2,"bx5_by60"
"CUFES:199704:NH:193",2,"bx5_by60"
"CUFES:199704:NH:194",2,"bx5_by60"
"CUFES:199704:NH:195",2,"bx5_by60"
"CUFES:199704:NH:196",2,"bx6_by60"
"CUFES:199704:NH:197",2,"bx6_by60"
"CUFES:199704:NH:198",2,"bx6_by60"
"CUFES:199704:NH:199",2,"bx6_by60"
"CUFES:199704:NH:2",2,"bx7_by60"
"CUFES:199704:NH:20",3,"bx5_by61"
"CUFES:199704:NH:200",2,"bx6_by60"
"CUFES:199704:NH:201",2,"bx6_by60"
"CUFES:199704:NH:202",2,"bx7_by60"
"CUFES:199704:NH:203",2,"bx7_by60"
"CUFES:199704:NH:204",2,"bx7_by60"
"CUFES:199704:NH:205",2,"bx7_by60"
"CUFES:199704:NH:206",2,"bx7_by60"
"CUFES:199704:NH:207",2,"bx7_by60"
"CUFES:199704:NH:21",3,"bx5_by61"
"CUFES:199704:NH:22",4,"bx5_by62"
"CUFES:199704:NH:23",4,"bx5_by62"
"CUFES:199704:NH:24",4,"bx5_by62"
"CUFES:199704:NH:25",4,"bx5_by62"
"CUFES:199704:NH:26",4,"bx4_by62"
"CUFES:199704:NH:27",4,"bx4_by62"
"CUFES:199704:NH:28",4,"bx4_by62"
"CUFES:199704:NH:29",4,"bx5_by62"
"CUFES:199704:NH:3",2,"bx7_by60"
"CUFES:199704:NH:30",4,"bx5_by62"
"CUFES:199704:NH:31",4,"bx5_by62"
"CUFES:199704:NH:32",4,"bx5_by62"
"CUFES:199704:NH:33",4,"bx5_by62"
"CUFES:199704:NH:34",4,"bx5_by62"
"CUFES:199704:NH:35",3,"bx5_by61"
"CUFES:199704:NH:36",3,"bx5_by61"
"CUFES:199704:NH:37",3,"bx5_by61"
"CUFES:199704:NH:38",3,"bx5_by61"
"CUFES:199704:NH:39",3,"bx5_by61"
"CUFES:199704:NH:4",2,"bx7_by60"
"CUFES:199704:NH:40",3,"bx5_by61"
"CUFES:199704:NH:41",3,"bx5_by61"
"CUFES:199704:NH:42",3,"bx5_by61"
"CUFES:199704:NH:43",3,"bx5_by61"
"CUFES:199704:NH:44",3,"bx5_by61"
"CUFES:199704:NH:45",3,"bx5_by61"
"CUFES:199704:NH:46",3,"bx5_by61"
"CUFES:199704:NH:47",3,"bx5_by61"
"CUFES:199704:NH:48",3,"bx5_by61"
"CUFES:199704:NH:49",3,"bx5_by61"
"CUFES:199704:NH:5",2,"bx7_by60"
"CUFES:199704:NH:50",4,"bx5_by62"
"CUFES:199704:NH:51",4,"bx4_by62"
"CUFES:199704:NH:52",4,"bx4_by62"
"CUFES:199704:NH:53",4,"bx4_by62"
"CUFES:199704:NH:54",4,"bx4_by62"
"CUFES:199704:NH:55",4,"bx5_by62"
"CUFES:199704:NH:56",4,"bx5_by62"
"CUFES:199704:NH:57",4,"bx5_by62"
"CUFES:199704:NH:58",4,"bx5_by62"
"CUFES:199704:NH:59",4,"bx5_by62"
"CUFES:199704:NH:6",2,"bx7_by60"
"CUFES:199704:NH:60",4,"bx5_by62"
"CUFES:199704:NH:61",4,"bx5_by62"
"CUFES:199704:NH:62",4,"bx5_by62"
"CUFES:199704:NH:63",4,"bx5_by62"
"CUFES:199704:NH:64",3,"bx5_by61"
"CUFES:199704:NH:65",3,"bx5_by61"
"CUFES:199704:NH:66",3,"bx5_by61"
"CUFES:199704:NH:67",3,"bx5_by61"
"CUFES:199704:NH:68",3,"bx5_by61"
"CUFES:199704:NH:69",4,"bx5_by62"
"CUFES:199704:NH:7",2,"bx6_by60"
"CUFES:199704:NH:70",4,"bx5_by62"
"CUFES:199704:NH:71",4,"bx5_by62"
"CUFES:199704:NH:72",3,"bx5_by61"
"CUFES:199704:NH:73",3,"bx4_by61"
"CUFES:199704:NH:74",3,"bx4_by61"
"CUFES:199704:NH:75",3,"bx4_by61"
"CUFES:199704:NH:76",3,"bx4_by61"
"CUFES:199704:NH:77",3,"bx4_by61"
"CUFES:199704:NH:78",3,"bx4_by61"
"CUFES:199704:NH:79",3,"bx4_by61"
"CUFES:199704:NH:8",2,"bx6_by60"
"CUFES:199704:NH:80",3,"bx4_by61"
"CUFES:199704:NH:81",3,"bx4_by61"
"CUFES:199704:NH:82",3,"bx4_by61"
"CUFES:199704:NH:83",3,"bx4_by61"
"CUFES:199704:NH:84",3,"bx4_by61"
"CUFES:199704:NH:85",3,"bx4_by61"
"CUFES:199704:NH:86",3,"bx4_by61"
"CUFES:199704:NH:87",3,"bx4_by61"
"CUFES:199704:NH:88",3,"bx4_by61"
"CUFES:199704:NH:89",3,"bx4_by61"
"CUFES:199704:NH:9",3,"bx6_by61"
"CUFES:199704:NH:90",3,"bx4_by61"
"CUFES:199704:NH:91",3,"bx4_by61"
"CUFES:199704:NH:92",3,"bx4_by61"
"CUFES:199704:NH:93",3,"bx4_by61"
"CUFES:199704:NH:94",4,"bx4_by62"
"CUFES:199704:NH:95",4,"bx4_by62"
"CUFES:199704:NH:96",3,"bx5_by61"
"CUFES:199704:NH:97",4,"bx5_by62"
"CUFES:199704:NH:98",4,"bx4_by62"
"CUFES:199704:NH:99",4,"bx4_by62"
"CUFES:199707:JD:1",2,"bx7_by60"
"CUFES:199707:JD:10",2,"bx6_by60"
"CUFES:199707:JD:11",1,"bx6_by59"
"CUFES:199707:JD:12",1,"bx6_by59"
"CUFES:199707:JD:13",1,"bx6_by59"
"CUFES:199707:JD:138",1,"bx2_by59"
"CUFES:199707:JD:139",1,"bx2_by59"
"CUFES:199707:JD:14",1,"bx6_by59"
"CUFES:199707:JD:140",1,"bx2_by59"
"CUFES:199707:JD:141",1,"bx2_by59"
"CUFES:199707:JD:142",1,"bx2_by59"
"CUFES:199707:JD:143",1,"bx3_by59"
"CUFES:199707:JD:144",1,"bx3_by59"
"CUFES:199707:JD:145",1,"bx3_by59"
"CUFES:199707:JD:146",1,"bx3_by59"
"CUFES:199707:JD:147",2,"bx3_by60"
"CUFES:199707:JD:148",2,"bx4_by60"
"CUFES:199707:JD:149",2,"bx4_by60"
"CUFES:199707:JD:15",1,"bx5_by59"
"CUFES:199707:JD:150",2,"bx4_by60"
"CUFES:199707:JD:151",2,"bx4_by60"
"CUFES:199707:JD:152",2,"bx4_by60"
"CUFES:199707:JD:153",2,"bx4_by60"
"CUFES:199707:JD:154",2,"bx4_by60"
"CUFES:199707:JD:155",2,"bx4_by60"
"CUFES:199707:JD:156",2,"bx4_by60"
"CUFES:199707:JD:157",2,"bx5_by60"
"CUFES:199707:JD:158",2,"bx5_by60"
"CUFES:199707:JD:159",2,"bx5_by60"
"CUFES:199707:JD:16",1,"bx5_by59"
"CUFES:199707:JD:160",2,"bx5_by60"
"CUFES:199707:JD:161",2,"bx5_by60"
"CUFES:199707:JD:162",2,"bx5_by60"
"CUFES:199707:JD:163",2,"bx5_by60"
"CUFES:199707:JD:164",2,"bx5_by60"
"CUFES:199707:JD:165",3,"bx5_by61"
"CUFES:199707:JD:166",3,"bx5_by61"
"CUFES:199707:JD:167",3,"bx6_by61"
"CUFES:199707:JD:168",3,"bx6_by61"
"CUFES:199707:JD:169",3,"bx6_by61"
"CUFES:199707:JD:17",1,"bx5_by59"
"CUFES:199707:JD:170",3,"bx6_by61"
"CUFES:199707:JD:171",3,"bx6_by61"
"CUFES:199707:JD:172",3,"bx6_by61"
"CUFES:199707:JD:173",3,"bx6_by61"
"CUFES:199707:JD:174",3,"bx7_by61"
"CUFES:199707:JD:175",3,"bx7_by61"
"CUFES:199707:JD:176",3,"bx7_by61"
"CUFES:199707:JD:177",3,"bx7_by61"
"CUFES:199707:JD:178",3,"bx6_by61"
"CUFES:199707:JD:179",3,"bx6_by61"
"CUFES:199707:JD:18",1,"bx5_by59"
"CUFES:199707:JD:180",3,"bx6_by61"
"CUFES:199707:JD:181",3,"bx6_by61"
"CUFES:199707:JD:182",3,"bx6_by61"
"CUFES:199707:JD:183",4,"bx6_by62"
"CUFES:199707:JD:184",4,"bx6_by62"
"CUFES:199707:JD:185",4,"bx6_by62"
"CUFES:199707:JD:186",4,"bx6_by62"
"CUFES:199707:JD:187",4,"bx5_by62"
"CUFES:199707:JD:188",4,"bx5_by62"
"CUFES:199707:JD:189",4,"bx5_by62"
"CUFES:199707:JD:19",1,"bx5_by59"
"CUFES:199707:JD:190",4,"bx5_by62"
"CUFES:199707:JD:191",4,"bx5_by62"
"CUFES:199707:JD:192",4,"bx5_by62"
"CUFES:199707:JD:193",4,"bx5_by62"
"CUFES:199707:JD:194",3,"bx5_by61"
"CUFES:199707:JD:195",3,"bx4_by61"
"CUFES:199707:JD:196",3,"bx4_by61"
"CUFES:199707:JD:197",3,"bx4_by61"
"CUFES:199707:JD:198",3,"bx4_by61"
"CUFES:199707:JD:199",3,"bx4_by61"
"CUFES:199707:JD:2",2,"bx7_by60"
"CUFES:199707:JD:20",1,"bx5_by59"
"CUFES:199707:JD:200",3,"bx4_by61"
"CUFES:199707:JD:201",3,"bx4_by61"
"CUFES:199707:JD:202",3,"bx4_by61"
"CUFES:199707:JD:203",3,"bx3_by61"
"CUFES:199707:JD:204",3,"bx3_by61"
"CUFES:199707:JD:205",3,"bx3_by61"
"CUFES:199707:JD:206",3,"bx3_by61"
"CUFES:199707:JD:207",3,"bx3_by61"
"CUFES:199707:JD:208",3,"bx3_by61"
"CUFES:199707:JD:209",3,"bx3_by61"
"CUFES:199707:JD:21",1,"bx5_by59"
"CUFES:199707:JD:210",2,"bx3_by60"
"CUFES:199707:JD:211",2,"bx3_by60"
"CUFES:199707:JD:212",2,"bx2_by60"
"CUFES:199707:JD:213",2,"bx2_by60"
"CUFES:199707:JD:214",2,"bx2_by60"
"CUFES:199707:JD:215",2,"bx2_by60"
"CUFES:199707:JD:216",2,"bx2_by60"
"CUFES:199707:JD:217",2,"bx2_by60"
"CUFES:199707:JD:218",2,"bx2_by60"
"CUFES:199707:JD:22",1,"bx4_by59"
"CUFES:199707:JD:23",1,"bx4_by59"
"CUFES:199707:JD:24",1,"bx4_by59"
"CUFES:199707:JD:3",2,"bx7_by60"
"CUFES:199707:JD:312",3,"bx2_by61"
"CUFES:199707:JD:313",3,"bx2_by61"
"CUFES:199707:JD:314",3,"bx2_by62"
"CUFES:199707:JD:315",3,"bx2_by62"
"CUFES:199707:JD:316",3,"bx2_by62"
"CUFES:199707:JD:317",3,"bx2_by62"
"CUFES:199707:JD:318",4,"bx3_by62"
"CUFES:199707:JD:319",4,"bx3_by62"
"CUFES:199707:JD:320",4,"bx3_by62"
"CUFES:199707:JD:322",4,"bx3_by62"
"CUFES:199707:JD:323",4,"bx3_by62"
"CUFES:199707:JD:325",4,"bx4_by62"
"CUFES:199707:JD:328",4,"bx4_by62"
"CUFES:199707:JD:329",4,"bx4_by62"
"CUFES:199707:JD:330",4,"bx4_by62"
"CUFES:199707:JD:331",4,"bx4_by63"
"CUFES:199707:JD:332",4,"bx4_by63"
"CUFES:199707:JD:333",4,"bx4_by63"
"CUFES:199707:JD:334",4,"bx4_by63"
"CUFES:199707:JD:335",4,"bx4_by63"
"CUFES:199707:JD:336",4,"bx4_by63"
"CUFES:199707:JD:337",4,"bx4_by63"
"CUFES:199707:JD:338",4,"bx3_by63"
"CUFES:199707:JD:339",4,"bx3_by63"
"CUFES:199707:JD:340",4,"bx3_by63"
"CUFES:199707:JD:341",4,"bx3_by63"
"CUFES:199707:JD:342",4,"bx3_by63"
"CUFES:199707:JD:343",4,"bx3_by63"
"CUFES:199707:JD:344",4,"bx3_by63"
"CUFES:199707:JD:345",4,"bx2_by63"
"CUFES:199707:JD:346",4,"bx2_by63"
"CUFES:199707:JD:347",4,"bx2_by63"
"CUFES:199707:JD:348",4,"bx2_by63"
"CUFES:199707:JD:349",4,"bx2_by63"
"CUFES:199707:JD:350",4,"bx2_by63"
"CUFES:199707:JD:4",2,"bx7_by60"
"CUFES:199707:JD:439",4,"bx2_by63"
"CUFES:199707:JD:440",4,"bx2_by63"
"CUFES:199707:JD:441",4,"bx2_by63"
"CUFES:199707:JD:442",4,"bx2_by63"
"CUFES:199707:JD:443",4,"bx2_by63"
"CUFES:199707:JD:444",4,"bx2_by63"
"CUFES:199707:JD:445",4,"bx2_by63"
"CUFES:199707:JD:446",4,"bx2_by63"
"CUFES:199707:JD:447",4,"bx2_by63"
"CUFES:199707:JD:448",4,"bx3_by63"
"CUFES:199707:JD:449",4,"bx3_by63"
"CUFES:199707:JD:450",4,"bx3_by63"
"CUFES:199707:JD:451",4,"bx3_by63"
"CUFES:199707:JD:452",4,"bx3_by63"
"CUFES:199707:JD:453",4,"bx3_by63"
"CUFES:199707:JD:454",4,"bx3_by63"
"CUFES:199707:JD:455",4,"bx3_by62"
"CUFES:199707:JD:456",4,"bx3_by62"
"CUFES:199707:JD:457",4,"bx3_by62"
"CUFES:199707:JD:458",4,"bx3_by62"
"CUFES:199707:JD:459",4,"bx4_by62"
"CUFES:199707:JD:460",4,"bx4_by62"
"CUFES:199707:JD:461",4,"bx4_by62"
"CUFES:199707:JD:462",4,"bx4_by62"
"CUFES:199707:JD:463",4,"bx4_by62"
"CUFES:199707:JD:464",4,"bx4_by62"
"CUFES:199707:JD:465",3,"bx5_by61"
"CUFES:199707:JD:466",3,"bx5_by61"
"CUFES:199707:JD:467",3,"bx5_by61"
"CUFES:199707:JD:468",3,"bx5_by61"
"CUFES:199707:JD:469",3,"bx5_by61"
"CUFES:199707:JD:470",3,"bx5_by61"
"CUFES:199707:JD:471",3,"bx5_by61"
"CUFES:199707:JD:472",3,"bx6_by61"
"CUFES:199707:JD:473",3,"bx6_by61"
"CUFES:199707:JD:474",3,"bx6_by61"
"CUFES:199707:JD:475",3,"bx6_by61"
"CUFES:199707:JD:476",3,"bx6_by61"
"CUFES:199707:JD:477",2,"bx6_by60"
"CUFES:199707:JD:478",2,"bx6_by60"
"CUFES:199707:JD:479",2,"bx6_by60"
"CUFES:199707:JD:480",2,"bx7_by60"
"CUFES:199707:JD:481",2,"bx7_by60"
"CUFES:199707:JD:482",2,"bx7_by60"
"CUFES:199707:JD:483",2,"bx7_by60"
"CUFES:199707:JD:484",2,"bx7_by60"
"CUFES:199707:JD:485",2,"bx7_by60"
"CUFES:199707:JD:486",2,"bx7_by60"
"CUFES:199707:JD:487",2,"bx7_by60"
"CUFES:199707:JD:488",2,"bx7_by60"
"CUFES:199707:JD:489",2,"bx7_by60"
"CUFES:199707:JD:490",2,"bx7_by60"
"CUFES:199707:JD:5",2,"bx7_by60"
"CUFES:199707:JD:6",2,"bx7_by60"
"CUFES:199707:JD:7",2,"bx7_by60"
"CUFES:199707:JD:8",2,"bx6_by60"
"CUFES:199707:JD:9",2,"bx6_by60"
"CUFES:199802:JD:1",2,"bx7_by60"
"CUFES:199802:JD:10",2,"bx6_by60"
"CUFES:199802:JD:11",1,"bx6_by59"
"CUFES:199802:JD:12",1,"bx6_by59"
"CUFES:199802:JD:128",1,"bx2_by59"
"CUFES:199802:JD:129",1,"bx2_by59"
"CUFES:199802:JD:13",1,"bx6_by59"
"CUFES:199802:JD:130",1,"bx2_by59"
"CUFES:199802:JD:131",1,"bx2_by59"
"CUFES:199802:JD:132",1,"bx2_by59"
"CUFES:199802:JD:133",1,"bx3_by59"
"CUFES:199802:JD:134",1,"bx3_by59"
"CUFES:199802:JD:135",1,"bx3_by59"
"CUFES:199802:JD:136",1,"bx3_by59"
"CUFES:199802:JD:137",1,"bx3_by59"
"CUFES:199802:JD:138",1,"bx3_by59"
"CUFES:199802:JD:139",1,"bx3_by59"
"CUFES:199802:JD:14",1,"bx5_by59"
"CUFES:199802:JD:140",1,"bx3_by59"
"CUFES:199802:JD:141",2,"bx4_by60"
"CUFES:199802:JD:142",2,"bx4_by60"
"CUFES:199802:JD:143",2,"bx4_by60"
"CUFES:199802:JD:144",2,"bx4_by60"
"CUFES:199802:JD:145",2,"bx4_by60"
"CUFES:199802:JD:146",2,"bx4_by60"
"CUFES:199802:JD:147",2,"bx4_by60"
"CUFES:199802:JD:148",2,"bx4_by60"
"CUFES:199802:JD:149",2,"bx5_by60"
"CUFES:199802:JD:15",1,"bx5_by59"
"CUFES:199802:JD:150",2,"bx5_by60"
"CUFES:199802:JD:151",2,"bx5_by60"
"CUFES:199802:JD:152",2,"bx5_by60"
"CUFES:199802:JD:153",2,"bx5_by60"
"CUFES:199802:JD:154",3,"bx5_by61"
"CUFES:199802:JD:155",3,"bx5_by61"
"CUFES:199802:JD:156",3,"bx6_by61"
"CUFES:199802:JD:157",3,"bx6_by61"
"CUFES:199802:JD:158",3,"bx6_by61"
"CUFES:199802:JD:159",3,"bx6_by61"
"CUFES:199802:JD:16",1,"bx5_by59"
"CUFES:199802:JD:160",3,"bx6_by61"
"CUFES:199802:JD:161",3,"bx6_by61"
"CUFES:199802:JD:162",3,"bx6_by61"
"CUFES:199802:JD:163",3,"bx6_by61"
"CUFES:199802:JD:164",3,"bx6_by61"
"CUFES:199802:JD:165",3,"bx6_by61"
"CUFES:199802:JD:166",3,"bx7_by61"
"CUFES:199802:JD:167",3,"bx7_by61"
"CUFES:199802:JD:168",3,"bx7_by61"
"CUFES:199802:JD:169",3,"bx7_by61"
"CUFES:199802:JD:17",1,"bx5_by59"
"CUFES:199802:JD:170",3,"bx7_by61"
"CUFES:199802:JD:171",3,"bx6_by61"
"CUFES:199802:JD:172",3,"bx6_by61"
"CUFES:199802:JD:173",3,"bx6_by61"
"CUFES:199802:JD:174",3,"bx6_by61"
"CUFES:199802:JD:175",3,"bx6_by61"
"CUFES:199802:JD:176",3,"bx6_by61"
"CUFES:199802:JD:177",3,"bx6_by61"
"CUFES:199802:JD:178",4,"bx6_by62"
"CUFES:199802:JD:179",4,"bx6_by62"
"CUFES:199802:JD:18",1,"bx5_by59"
"CUFES:199802:JD:180",4,"bx6_by62"
"CUFES:199802:JD:181",4,"bx6_by62"
"CUFES:199802:JD:182",4,"bx5_by62"
"CUFES:199802:JD:183",4,"bx5_by62"
"CUFES:199802:JD:184",4,"bx5_by62"
"CUFES:199802:JD:185",4,"bx5_by62"
"CUFES:199802:JD:186",4,"bx5_by62"
"CUFES:199802:JD:187",4,"bx5_by62"
"CUFES:199802:JD:188",4,"bx5_by62"
"CUFES:199802:JD:189",4,"bx5_by62"
"CUFES:199802:JD:19",1,"bx5_by59"
"CUFES:199802:JD:190",4,"bx5_by62"
"CUFES:199802:JD:191",3,"bx4_by61"
"CUFES:199802:JD:192",3,"bx4_by61"
"CUFES:199802:JD:193",3,"bx4_by61"
"CUFES:199802:JD:194",3,"bx4_by61"
"CUFES:199802:JD:195",3,"bx4_by61"
"CUFES:199802:JD:196",3,"bx4_by61"
"CUFES:199802:JD:197",3,"bx4_by61"
"CUFES:199802:JD:198",3,"bx4_by61"
"CUFES:199802:JD:199",3,"bx4_by61"
"CUFES:199802:JD:2",2,"bx7_by60"
"CUFES:199802:JD:20",1,"bx5_by59"
"CUFES:199802:JD:200",3,"bx3_by61"
"CUFES:199802:JD:201",3,"bx3_by61"
"CUFES:199802:JD:202",3,"bx3_by61"
"CUFES:199802:JD:203",3,"bx3_by61"
"CUFES:199802:JD:204",3,"bx3_by61"
"CUFES:199802:JD:205",3,"bx3_by61"
"CUFES:199802:JD:206",2,"bx3_by60"
"CUFES:199802:JD:207",2,"bx3_by60"
"CUFES:199802:JD:208",2,"bx3_by60"
"CUFES:199802:JD:209",2,"bx2_by60"
"CUFES:199802:JD:21",1,"bx5_by59"
"CUFES:199802:JD:210",2,"bx2_by60"
"CUFES:199802:JD:211",2,"bx2_by60"
"CUFES:199802:JD:212",2,"bx2_by60"
"CUFES:199802:JD:213",2,"bx2_by60"
"CUFES:199802:JD:214",2,"bx2_by60"
"CUFES:199802:JD:215",2,"bx2_by60"
"CUFES:199802:JD:216",2,"bx2_by60"
"CUFES:199802:JD:217",2,"bx2_by60"
"CUFES:199802:JD:218",2,"bx2_by60"
"CUFES:199802:JD:22",1,"bx4_by59"
"CUFES:199802:JD:23",1,"bx4_by59"
"CUFES:199802:JD:3",2,"bx7_by60"
"CUFES:199802:JD:314",3,"bx2_by61"
"CUFES:199802:JD:315",3,"bx2_by61"
"CUFES:199802:JD:316",3,"bx2_by62"
"CUFES:199802:JD:317",3,"bx2_by62"
"CUFES:199802:JD:318",3,"bx2_by62"
"CUFES:199802:JD:319",3,"bx2_by62"
"CUFES:199802:JD:320",3,"bx2_by62"
"CUFES:199802:JD:321",4,"bx3_by62"
"CUFES:199802:JD:322",4,"bx3_by62"
"CUFES:199802:JD:323",4,"bx3_by62"
"CUFES:199802:JD:324",4,"bx3_by62"
"CUFES:199802:JD:325",4,"bx3_by62"
"CUFES:199802:JD:326",4,"bx3_by62"
"CUFES:199802:JD:327",4,"bx3_by62"
"CUFES:199802:JD:328",4,"bx3_by62"
"CUFES:199802:JD:329",4,"bx4_by62"
"CUFES:199802:JD:330",4,"bx4_by62"
"CUFES:199802:JD:331",4,"bx4_by62"
"CUFES:199802:JD:332",4,"bx4_by62"
"CUFES:199802:JD:333",4,"bx4_by62"
"CUFES:199802:JD:334",4,"bx4_by62"
"CUFES:199802:JD:335",4,"bx4_by63"
"CUFES:199802:JD:336",4,"bx4_by63"
"CUFES:199802:JD:337",4,"bx4_by63"
"CUFES:199802:JD:338",4,"bx4_by63"
"CUFES:199802:JD:339",4,"bx4_by63"
"CUFES:199802:JD:340",4,"bx4_by63"
"CUFES:199802:JD:341",4,"bx4_by63"
"CUFES:199802:JD:342",4,"bx4_by63"
"CUFES:199802:JD:343",4,"bx4_by63"
"CUFES:199802:JD:344",4,"bx4_by63"
"CUFES:199802:JD:345",4,"bx3_by63"
"CUFES:199802:JD:346",4,"bx3_by63"
"CUFES:199802:JD:347",4,"bx3_by63"
"CUFES:199802:JD:348",4,"bx3_by63"
"CUFES:199802:JD:349",4,"bx3_by63"
"CUFES:199802:JD:350",4,"bx3_by63"
"CUFES:199802:JD:351",4,"bx3_by63"
"CUFES:199802:JD:352",4,"bx3_by63"
"CUFES:199802:JD:353",4,"bx2_by63"
"CUFES:199802:JD:354",4,"bx3_by63"
"CUFES:199802:JD:355",4,"bx3_by63"
"CUFES:199802:JD:356",4,"bx3_by63"
"CUFES:199802:JD:357",4,"bx3_by63"
"CUFES:199802:JD:358",4,"bx3_by63"
"CUFES:199802:JD:359",4,"bx3_by62"
"CUFES:199802:JD:360",4,"bx3_by62"
"CUFES:199802:JD:361",4,"bx3_by62"
"CUFES:199802:JD:362",4,"bx2_by63"
"CUFES:199802:JD:363",4,"bx2_by63"
"CUFES:199802:JD:364",4,"bx2_by63"
"CUFES:199802:JD:4",2,"bx7_by60"
"CUFES:199802:JD:5",2,"bx7_by60"
"CUFES:199802:JD:574",4,"bx2_by63"
"CUFES:199802:JD:575",3,"bx2_by62"
"CUFES:199802:JD:576",3,"bx2_by62"
"CUFES:199802:JD:577",3,"bx2_by62"
"CUFES:199802:JD:578",3,"bx2_by62"
"CUFES:199802:JD:579",4,"bx3_by62"
"CUFES:199802:JD:580",4,"bx3_by62"
"CUFES:199802:JD:581",4,"bx3_by62"
"CUFES:199802:JD:582",4,"bx3_by62"
"CUFES:199802:JD:583",4,"bx3_by62"
"CUFES:199802:JD:584",4,"bx3_by62"
"CUFES:199802:JD:585",4,"bx3_by62"
"CUFES:199802:JD:586",4,"bx4_by62"
"CUFES:199802:JD:587",4,"bx4_by62"
"CUFES:199802:JD:588",3,"bx4_by61"
"CUFES:199802:JD:589",3,"bx4_by61"
"CUFES:199802:JD:590",3,"bx4_by61"
"CUFES:199802:JD:591",3,"bx4_by61"
"CUFES:199802:JD:592",3,"bx4_by61"
"CUFES:199802:JD:593",3,"bx5_by61"
"CUFES:199802:JD:594",3,"bx5_by61"
"CUFES:199802:JD:595",3,"bx5_by61"
"CUFES:199802:JD:596",3,"bx5_by61"
"CUFES:199802:JD:597",3,"bx5_by61"
"CUFES:199802:JD:598",3,"bx5_by61"
"CUFES:199802:JD:599",3,"bx5_by61"
"CUFES:199802:JD:6",2,"bx7_by60"
"CUFES:199802:JD:600",3,"bx6_by61"
"CUFES:199802:JD:601",3,"bx6_by61"
"CUFES:199802:JD:602",2,"bx6_by60"
"CUFES:199802:JD:603",2,"bx6_by60"
"CUFES:199802:JD:604",2,"bx6_by60"
"CUFES:199802:JD:605",2,"bx6_by60"
"CUFES:199802:JD:606",2,"bx6_by60"
"CUFES:199802:JD:607",2,"bx7_by60"
"CUFES:199802:JD:608",2,"bx7_by60"
"CUFES:199802:JD:609",2,"bx7_by60"
"CUFES:199802:JD:610",2,"bx7_by60"
"CUFES:199802:JD:611",2,"bx7_by60"
"CUFES:199802:JD:612",2,"bx7_by60"
"CUFES:199802:JD:7",2,"bx6_by60"
"CUFES:199802:JD:8",2,"bx6_by60"
"CUFES:199802:JD:9",2,"bx6_by60"
"CUFES:199803:JD:1",2,"bx7_by60"
"CUFES:199803:JD:10",3,"bx6_by61"
"CUFES:199803:JD:100",4,"bx5_by62"
"CUFES:199803:JD:1000",3,"bx5_by61"
"CUFES:199803:JD:1001",3,"bx5_by61"
"CUFES:199803:JD:1002",3,"bx6_by61"
"CUFES:199803:JD:1003",3,"bx6_by61"
"CUFES:199803:JD:1004",3,"bx6_by61"
"CUFES:199803:JD:1005",3,"bx6_by61"
"CUFES:199803:JD:1006",3,"bx6_by61"
"CUFES:199803:JD:1007",3,"bx6_by61"
"CUFES:199803:JD:1008",2,"bx6_by60"
"CUFES:199803:JD:1009",2,"bx6_by60"
"CUFES:199803:JD:101",4,"bx5_by62"
"CUFES:199803:JD:1010",2,"bx7_by60"
"CUFES:199803:JD:1011",2,"bx7_by60"
"CUFES:199803:JD:1012",2,"bx7_by60"
"CUFES:199803:JD:1013",2,"bx7_by60"
"CUFES:199803:JD:1014",2,"bx7_by60"
"CUFES:199803:JD:1015",2,"bx7_by60"
"CUFES:199803:JD:1016",2,"bx7_by60"
"CUFES:199803:JD:1017",2,"bx7_by60"
"CUFES:199803:JD:102",4,"bx5_by62"
"CUFES:199803:JD:103",4,"bx5_by62"
"CUFES:199803:JD:104",4,"bx5_by62"
"CUFES:199803:JD:105",4,"bx5_by62"
"CUFES:199803:JD:106",4,"bx5_by62"
"CUFES:199803:JD:107",4,"bx5_by62"
"CUFES:199803:JD:11",3,"bx6_by61"
"CUFES:199803:JD:110",4,"bx5_by62"
"CUFES:199803:JD:117",4,"bx5_by62"
"CUFES:199803:JD:118",4,"bx5_by62"
"CUFES:199803:JD:119",4,"bx5_by62"
"CUFES:199803:JD:12",3,"bx6_by61"
"CUFES:199803:JD:120",4,"bx5_by62"
"CUFES:199803:JD:121",4,"bx5_by62"
"CUFES:199803:JD:122",4,"bx5_by62"
"CUFES:199803:JD:123",4,"bx5_by62"
"CUFES:199803:JD:124",4,"bx5_by62"
"CUFES:199803:JD:125",4,"bx5_by62"
"CUFES:199803:JD:126",4,"bx5_by62"
"CUFES:199803:JD:127",4,"bx5_by62"
"CUFES:199803:JD:128",4,"bx5_by62"
"CUFES:199803:JD:129",4,"bx5_by62"
"CUFES:199803:JD:13",3,"bx6_by61"
"CUFES:199803:JD:130",4,"bx5_by62"
"CUFES:199803:JD:132",4,"bx5_by62"
"CUFES:199803:JD:133",4,"bx5_by62"
"CUFES:199803:JD:134",4,"bx5_by62"
"CUFES:199803:JD:135",4,"bx5_by62"
"CUFES:199803:JD:136",4,"bx5_by62"
"CUFES:199803:JD:137",4,"bx5_by62"
"CUFES:199803:JD:138",4,"bx5_by62"
"CUFES:199803:JD:139",4,"bx5_by62"
"CUFES:199803:JD:14",3,"bx6_by61"
"CUFES:199803:JD:140",4,"bx5_by62"
"CUFES:199803:JD:141",4,"bx5_by62"
"CUFES:199803:JD:142",4,"bx5_by62"
"CUFES:199803:JD:143",4,"bx5_by62"
"CUFES:199803:JD:144",4,"bx5_by62"
"CUFES:199803:JD:145",4,"bx5_by62"
"CUFES:199803:JD:146",4,"bx5_by62"
"CUFES:199803:JD:147",4,"bx5_by62"
"CUFES:199803:JD:148",4,"bx5_by62"
"CUFES:199803:JD:149",4,"bx5_by62"
"CUFES:199803:JD:15",4,"bx5_by62"
"CUFES:199803:JD:150",4,"bx5_by62"
"CUFES:199803:JD:151",4,"bx5_by62"
"CUFES:199803:JD:152",4,"bx5_by62"
"CUFES:199803:JD:153",4,"bx5_by62"
"CUFES:199803:JD:154",4,"bx5_by62"
"CUFES:199803:JD:155",4,"bx5_by62"
"CUFES:199803:JD:156",4,"bx5_by62"
"CUFES:199803:JD:157",4,"bx5_by62"
"CUFES:199803:JD:158",4,"bx5_by62"
"CUFES:199803:JD:159",4,"bx5_by62"
"CUFES:199803:JD:16",4,"bx5_by62"
"CUFES:199803:JD:160",4,"bx5_by62"
"CUFES:199803:JD:161",4,"bx5_by62"
"CUFES:199803:JD:162",4,"bx5_by62"
"CUFES:199803:JD:163",4,"bx5_by62"
"CUFES:199803:JD:164",4,"bx5_by62"
"CUFES:199803:JD:165",4,"bx5_by62"
"CUFES:199803:JD:166",4,"bx5_by62"
"CUFES:199803:JD:167",4,"bx5_by62"
"CUFES:199803:JD:168",4,"bx5_by62"
"CUFES:199803:JD:169",4,"bx5_by62"
"CUFES:199803:JD:17",4,"bx5_by62"
"CUFES:199803:JD:170",4,"bx5_by62"
"CUFES:199803:JD:171",4,"bx5_by62"
"CUFES:199803:JD:172",4,"bx5_by62"
"CUFES:199803:JD:173",4,"bx5_by62"
"CUFES:199803:JD:174",4,"bx5_by62"
"CUFES:199803:JD:175",4,"bx5_by62"
"CUFES:199803:JD:176",4,"bx5_by62"
"CUFES:199803:JD:177",4,"bx5_by62"
"CUFES:199803:JD:178",4,"bx5_by62"
"CUFES:199803:JD:179",4,"bx5_by62"
"CUFES:199803:JD:18",4,"bx5_by62"
"CUFES:199803:JD:180",4,"bx5_by62"
"CUFES:199803:JD:181",4,"bx5_by62"
"CUFES:199803:JD:182",4,"bx5_by62"
"CUFES:199803:JD:183",4,"bx5_by62"
"CUFES:199803:JD:184",4,"bx5_by62"
"CUFES:199803:JD:185",4,"bx5_by62"
"CUFES:199803:JD:186",4,"bx5_by62"
"CUFES:199803:JD:187",4,"bx5_by62"
"CUFES:199803:JD:188",4,"bx5_by62"
"CUFES:199803:JD:189",4,"bx5_by62"
"CUFES:199803:JD:19",4,"bx5_by62"
"CUFES:199803:JD:190",4,"bx5_by62"
"CUFES:199803:JD:191",4,"bx5_by62"
"CUFES:199803:JD:192",4,"bx5_by62"
"CUFES:199803:JD:193",4,"bx5_by62"
"CUFES:199803:JD:194",4,"bx5_by62"
"CUFES:199803:JD:195",4,"bx5_by62"
"CUFES:199803:JD:196",4,"bx5_by62"
"CUFES:199803:JD:197",4,"bx5_by62"
"CUFES:199803:JD:198",4,"bx5_by62"
"CUFES:199803:JD:199",4,"bx5_by62"
"CUFES:199803:JD:2",2,"bx7_by60"
"CUFES:199803:JD:20",4,"bx5_by62"
"CUFES:199803:JD:200",4,"bx5_by62"
"CUFES:199803:JD:2001",2,"bx7_by60"
"CUFES:199803:JD:2002",2,"bx7_by60"
"CUFES:199803:JD:2003",2,"bx7_by60"
"CUFES:199803:JD:2004",2,"bx7_by60"
"CUFES:199803:JD:2005",2,"bx7_by60"
"CUFES:199803:JD:2006",2,"bx7_by60"
"CUFES:199803:JD:2007",2,"bx7_by60"
"CUFES:199803:JD:2008",2,"bx7_by60"
"CUFES:199803:JD:2009",2,"bx7_by60"
"CUFES:199803:JD:201",4,"bx5_by62"
"CUFES:199803:JD:2010",2,"bx7_by60"
"CUFES:199803:JD:2011",2,"bx7_by60"
"CUFES:199803:JD:2012",2,"bx7_by60"
"CUFES:199803:JD:2013",2,"bx6_by60"
"CUFES:199803:JD:2014",2,"bx6_by60"
"CUFES:199803:JD:2015",2,"bx6_by60"
"CUFES:199803:JD:2016",2,"bx6_by60"
"CUFES:199803:JD:2017",2,"bx6_by60"
"CUFES:199803:JD:2018",2,"bx6_by60"
"CUFES:199803:JD:2019",2,"bx6_by60"
"CUFES:199803:JD:202",4,"bx5_by62"
"CUFES:199803:JD:2020",2,"bx6_by60"
"CUFES:199803:JD:2021",2,"bx6_by60"
"CUFES:199803:JD:2022",3,"bx6_by61"
"CUFES:199803:JD:2023",3,"bx6_by61"
"CUFES:199803:JD:2024",3,"bx6_by61"
"CUFES:199803:JD:2025",3,"bx6_by61"
"CUFES:199803:JD:2026",3,"bx5_by61"
"CUFES:199803:JD:2027",3,"bx5_by61"
"CUFES:199803:JD:2028",3,"bx5_by61"
"CUFES:199803:JD:2029",3,"bx5_by61"
"CUFES:199803:JD:203",4,"bx5_by62"
"CUFES:199803:JD:2030",3,"bx5_by61"
"CUFES:199803:JD:2031",3,"bx5_by61"
"CUFES:199803:JD:2032",3,"bx5_by61"
"CUFES:199803:JD:2033",3,"bx5_by61"
"CUFES:199803:JD:2034",3,"bx5_by61"
"CUFES:199803:JD:2035",3,"bx4_by61"
"CUFES:199803:JD:2036",3,"bx4_by61"
"CUFES:199803:JD:2037",3,"bx4_by61"
"CUFES:199803:JD:2038",3,"bx4_by61"
"CUFES:199803:JD:2039",3,"bx4_by61"
"CUFES:199803:JD:204",4,"bx5_by62"
"CUFES:199803:JD:2040",3,"bx4_by61"
"CUFES:199803:JD:2041",4,"bx4_by62"
"CUFES:199803:JD:2042",4,"bx4_by62"
"CUFES:199803:JD:2043",4,"bx3_by62"
"CUFES:199803:JD:2044",4,"bx3_by62"
"CUFES:199803:JD:2045",4,"bx3_by62"
"CUFES:199803:JD:2046",4,"bx3_by62"
"CUFES:199803:JD:2047",4,"bx3_by62"
"CUFES:199803:JD:2048",4,"bx3_by62"
"CUFES:199803:JD:2049",4,"bx3_by62"
"CUFES:199803:JD:205",4,"bx5_by62"
"CUFES:199803:JD:2050",4,"bx3_by62"
"CUFES:199803:JD:2051",3,"bx2_by62"
"CUFES:199803:JD:2052",3,"bx2_by62"
"CUFES:199803:JD:2053",3,"bx2_by62"
"CUFES:199803:JD:2054",3,"bx2_by62"
"CUFES:199803:JD:2055",3,"bx2_by62"
"CUFES:199803:JD:2056",3,"bx2_by62"
"CUFES:199803:JD:2057",4,"bx2_by63"
"CUFES:199803:JD:206",4,"bx5_by62"
"CUFES:199803:JD:207",4,"bx5_by62"
"CUFES:199803:JD:208",4,"bx5_by62"
"CUFES:199803:JD:209",4,"bx5_by62"
"CUFES:199803:JD:21",4,"bx5_by62"
"CUFES:199803:JD:210",4,"bx5_by62"
"CUFES:199803:JD:211",4,"bx5_by62"
"CUFES:199803:JD:212",4,"bx5_by62"
"CUFES:199803:JD:213",4,"bx5_by62"
"CUFES:199803:JD:214",4,"bx5_by62"
"CUFES:199803:JD:215",4,"bx5_by62"
"CUFES:199803:JD:2154",3,"bx2_by62"
"CUFES:199803:JD:2155",3,"bx2_by62"
"CUFES:199803:JD:2156",3,"bx2_by62"
"CUFES:199803:JD:2157",3,"bx2_by62"
"CUFES:199803:JD:2158",3,"bx2_by62"
"CUFES:199803:JD:2159",3,"bx2_by62"
"CUFES:199803:JD:216",4,"bx5_by62"
"CUFES:199803:JD:2160",3,"bx2_by62"
"CUFES:199803:JD:2161",3,"bx2_by62"
"CUFES:199803:JD:2162",3,"bx2_by62"
"CUFES:199803:JD:2163",4,"bx3_by62"
"CUFES:199803:JD:2164",4,"bx3_by62"
"CUFES:199803:JD:2165",4,"bx3_by62"
"CUFES:199803:JD:2166",4,"bx3_by62"
"CUFES:199803:JD:2167",4,"bx3_by62"
"CUFES:199803:JD:2168",4,"bx3_by62"
"CUFES:199803:JD:2169",4,"bx3_by62"
"CUFES:199803:JD:217",4,"bx5_by62"
"CUFES:199803:JD:2170",4,"bx3_by62"
"CUFES:199803:JD:2171",4,"bx4_by62"
"CUFES:199803:JD:2172",3,"bx4_by61"
"CUFES:199803:JD:2173",3,"bx4_by61"
"CUFES:199803:JD:2174",3,"bx4_by61"
"CUFES:199803:JD:2175",3,"bx4_by61"
"CUFES:199803:JD:2176",3,"bx4_by61"
"CUFES:199803:JD:2177",3,"bx4_by61"
"CUFES:199803:JD:2178",3,"bx5_by61"
"CUFES:199803:JD:2179",3,"bx5_by61"
"CUFES:199803:JD:218",4,"bx5_by62"
"CUFES:199803:JD:2180",3,"bx5_by61"
"CUFES:199803:JD:2181",3,"bx5_by61"
"CUFES:199803:JD:2182",2,"bx6_by60"
"CUFES:199803:JD:2183",2,"bx6_by60"
"CUFES:199803:JD:2184",2,"bx6_by60"
"CUFES:199803:JD:2188",2,"bx7_by60"
"CUFES:199803:JD:219",4,"bx5_by62"
"CUFES:199803:JD:22",4,"bx5_by62"
"CUFES:199803:JD:220",4,"bx5_by62"
"CUFES:199803:JD:221",4,"bx5_by62"
"CUFES:199803:JD:222",4,"bx5_by62"
"CUFES:199803:JD:223",4,"bx5_by62"
"CUFES:199803:JD:224",4,"bx5_by62"
"CUFES:199803:JD:225",4,"bx5_by62"
"CUFES:199803:JD:226",4,"bx5_by62"
"CUFES:199803:JD:227",4,"bx5_by62"
"CUFES:199803:JD:228",4,"bx5_by62"
"CUFES:199803:JD:229",4,"bx5_by62"
"CUFES:199803:JD:23",4,"bx5_by62"
"CUFES:199803:JD:230",4,"bx5_by62"
"CUFES:199803:JD:231",4,"bx5_by62"
"CUFES:199803:JD:232",4,"bx5_by62"
"CUFES:199803:JD:233",4,"bx5_by62"
"CUFES:199803:JD:234",4,"bx5_by62"
"CUFES:199803:JD:235",4,"bx5_by62"
"CUFES:199803:JD:236",4,"bx5_by62"
"CUFES:199803:JD:237",4,"bx5_by62"
"CUFES:199803:JD:238",4,"bx5_by62"
"CUFES:199803:JD:239",4,"bx5_by62"
"CUFES:199803:JD:24",4,"bx5_by62"
"CUFES:199803:JD:240",4,"bx4_by62"
"CUFES:199803:JD:241",4,"bx4_by62"
"CUFES:199803:JD:242",4,"bx4_by62"
"CUFES:199803:JD:243",4,"bx4_by62"
"CUFES:199803:JD:244",4,"bx4_by62"
"CUFES:199803:JD:245",4,"bx4_by62"
"CUFES:199803:JD:246",4,"bx4_by62"
"CUFES:199803:JD:247",4,"bx4_by62"
"CUFES:199803:JD:248",4,"bx4_by62"
"CUFES:199803:JD:249",4,"bx4_by62"
"CUFES:199803:JD:25",4,"bx5_by62"
"CUFES:199803:JD:250",4,"bx4_by62"
"CUFES:199803:JD:251",4,"bx4_by62"
"CUFES:199803:JD:252",4,"bx4_by62"
"CUFES:199803:JD:253",4,"bx4_by62"
"CUFES:199803:JD:254",4,"bx4_by62"
"CUFES:199803:JD:255",4,"bx4_by62"
"CUFES:199803:JD:256",4,"bx4_by62"
"CUFES:199803:JD:257",4,"bx4_by62"
"CUFES:199803:JD:259",4,"bx4_by62"
"CUFES:199803:JD:26",4,"bx5_by62"
"CUFES:199803:JD:260",4,"bx4_by62"
"CUFES:199803:JD:261",4,"bx4_by62"
"CUFES:199803:JD:262",4,"bx4_by62"
"CUFES:199803:JD:263",4,"bx4_by62"
"CUFES:199803:JD:269",4,"bx4_by62"
"CUFES:199803:JD:27",4,"bx5_by62"
"CUFES:199803:JD:270",4,"bx4_by62"
"CUFES:199803:JD:271",4,"bx4_by62"
"CUFES:199803:JD:275",4,"bx4_by62"
"CUFES:199803:JD:276",4,"bx4_by62"
"CUFES:199803:JD:277",4,"bx4_by62"
"CUFES:199803:JD:278",4,"bx4_by62"
"CUFES:199803:JD:279",4,"bx4_by62"
"CUFES:199803:JD:28",4,"bx5_by62"
"CUFES:199803:JD:280",4,"bx4_by62"
"CUFES:199803:JD:281",4,"bx4_by62"
"CUFES:199803:JD:282",4,"bx4_by62"
"CUFES:199803:JD:283",4,"bx4_by62"
"CUFES:199803:JD:284",4,"bx4_by62"
"CUFES:199803:JD:285",4,"bx4_by62"
"CUFES:199803:JD:286",4,"bx4_by62"
"CUFES:199803:JD:287",4,"bx4_by62"
"CUFES:199803:JD:288",4,"bx4_by62"
"CUFES:199803:JD:289",4,"bx4_by62"
"CUFES:199803:JD:29",4,"bx5_by62"
"CUFES:199803:JD:290",4,"bx4_by62"
"CUFES:199803:JD:291",4,"bx4_by62"
"CUFES:199803:JD:292",4,"bx4_by62"
"CUFES:199803:JD:293",4,"bx4_by62"
"CUFES:199803:JD:294",4,"bx4_by62"
"CUFES:199803:JD:295",4,"bx4_by62"
"CUFES:199803:JD:296",4,"bx4_by62"
"CUFES:199803:JD:297",4,"bx4_by62"
"CUFES:199803:JD:298",4,"bx4_by62"
"CUFES:199803:JD:299",4,"bx4_by62"
"CUFES:199803:JD:3",2,"bx7_by60"
"CUFES:199803:JD:30",4,"bx5_by62"
"CUFES:199803:JD:300",4,"bx4_by62"
"CUFES:199803:JD:301",4,"bx4_by62"
"CUFES:199803:JD:302",4,"bx4_by62"
"CUFES:199803:JD:303",4,"bx4_by62"
"CUFES:199803:JD:304",4,"bx4_by62"
"CUFES:199803:JD:305",4,"bx4_by62"
"CUFES:199803:JD:306",4,"bx4_by62"
"CUFES:199803:JD:307",4,"bx4_by62"
"CUFES:199803:JD:308",4,"bx4_by62"
"CUFES:199803:JD:309",4,"bx4_by62"
"CUFES:199803:JD:31",4,"bx5_by62"
"CUFES:199803:JD:310",4,"bx4_by62"
"CUFES:199803:JD:311",4,"bx4_by62"
"CUFES:199803:JD:312",4,"bx4_by62"
"CUFES:199803:JD:313",4,"bx4_by62"
"CUFES:199803:JD:314",4,"bx4_by62"
"CUFES:199803:JD:315",4,"bx4_by62"
"CUFES:199803:JD:316",4,"bx4_by62"
"CUFES:199803:JD:317",4,"bx4_by62"
"CUFES:199803:JD:318",4,"bx4_by62"
"CUFES:199803:JD:319",4,"bx4_by62"
"CUFES:199803:JD:32",4,"bx5_by62"
"CUFES:199803:JD:320",4,"bx4_by62"
"CUFES:199803:JD:321",4,"bx4_by62"
"CUFES:199803:JD:322",4,"bx4_by62"
"CUFES:199803:JD:323",4,"bx4_by62"
"CUFES:199803:JD:324",4,"bx4_by62"
"CUFES:199803:JD:325",4,"bx4_by62"
"CUFES:199803:JD:326",4,"bx4_by62"
"CUFES:199803:JD:327",4,"bx4_by62"
"CUFES:199803:JD:328",4,"bx4_by62"
"CUFES:199803:JD:329",4,"bx4_by62"
"CUFES:199803:JD:33",4,"bx5_by62"
"CUFES:199803:JD:330",4,"bx4_by62"
"CUFES:199803:JD:331",4,"bx4_by62"
"CUFES:199803:JD:332",4,"bx4_by62"
"CUFES:199803:JD:333",4,"bx4_by62"
"CUFES:199803:JD:334",4,"bx4_by62"
"CUFES:199803:JD:335",4,"bx4_by62"
"CUFES:199803:JD:336",4,"bx4_by62"
"CUFES:199803:JD:337",4,"bx4_by62"
"CUFES:199803:JD:338",4,"bx4_by62"
"CUFES:199803:JD:339",4,"bx4_by62"
"CUFES:199803:JD:34",4,"bx5_by62"
"CUFES:199803:JD:340",4,"bx4_by62"
"CUFES:199803:JD:341",4,"bx4_by62"
"CUFES:199803:JD:342",4,"bx4_by62"
"CUFES:199803:JD:343",4,"bx4_by62"
"CUFES:199803:JD:344",4,"bx4_by62"
"CUFES:199803:JD:345",4,"bx4_by62"
"CUFES:199803:JD:346",4,"bx4_by62"
"CUFES:199803:JD:347",4,"bx4_by62"
"CUFES:199803:JD:348",4,"bx4_by62"
"CUFES:199803:JD:349",4,"bx4_by62"
"CUFES:199803:JD:35",4,"bx5_by62"
"CUFES:199803:JD:350",4,"bx4_by62"
"CUFES:199803:JD:351",4,"bx4_by62"
"CUFES:199803:JD:352",4,"bx4_by62"
"CUFES:199803:JD:353",4,"bx4_by62"
"CUFES:199803:JD:354",4,"bx4_by62"
"CUFES:199803:JD:355",4,"bx4_by62"
"CUFES:199803:JD:356",4,"bx4_by62"
"CUFES:199803:JD:357",4,"bx4_by62"
"CUFES:199803:JD:358",4,"bx4_by62"
"CUFES:199803:JD:359",4,"bx4_by62"
"CUFES:199803:JD:36",4,"bx5_by62"
"CUFES:199803:JD:360",4,"bx4_by62"
"CUFES:199803:JD:361",4,"bx4_by62"
"CUFES:199803:JD:362",4,"bx4_by62"
"CUFES:199803:JD:363",4,"bx4_by62"
"CUFES:199803:JD:364",4,"bx4_by62"
"CUFES:199803:JD:365",4,"bx4_by62"
"CUFES:199803:JD:366",4,"bx4_by62"
"CUFES:199803:JD:367",4,"bx4_by62"
"CUFES:199803:JD:368",4,"bx4_by62"
"CUFES:199803:JD:369",4,"bx4_by62"
"CUFES:199803:JD:37",4,"bx5_by62"
"CUFES:199803:JD:370",4,"bx4_by62"
"CUFES:199803:JD:371",4,"bx4_by62"
"CUFES:199803:JD:372",4,"bx4_by62"
"CUFES:199803:JD:373",4,"bx3_by62"
"CUFES:199803:JD:374",4,"bx3_by62"
"CUFES:199803:JD:375",4,"bx3_by62"
"CUFES:199803:JD:376",4,"bx3_by62"
"CUFES:199803:JD:377",4,"bx3_by62"
"CUFES:199803:JD:378",4,"bx3_by62"
"CUFES:199803:JD:379",4,"bx3_by62"
"CUFES:199803:JD:38",4,"bx5_by62"
"CUFES:199803:JD:380",4,"bx3_by62"
"CUFES:199803:JD:381",4,"bx3_by62"
"CUFES:199803:JD:382",4,"bx3_by62"
"CUFES:199803:JD:383",3,"bx2_by62"
"CUFES:199803:JD:384",3,"bx2_by62"
"CUFES:199803:JD:385",3,"bx2_by62"
"CUFES:199803:JD:386",3,"bx2_by62"
"CUFES:199803:JD:387",3,"bx2_by62"
"CUFES:199803:JD:388",4,"bx3_by62"
"CUFES:199803:JD:389",4,"bx3_by62"
"CUFES:199803:JD:39",4,"bx5_by62"
"CUFES:199803:JD:390",4,"bx3_by62"
"CUFES:199803:JD:391",4,"bx3_by62"
"CUFES:199803:JD:392",4,"bx3_by62"
"CUFES:199803:JD:393",4,"bx3_by62"
"CUFES:199803:JD:394",4,"bx3_by62"
"CUFES:199803:JD:395",4,"bx3_by62"
"CUFES:199803:JD:396",4,"bx3_by62"
"CUFES:199803:JD:397",4,"bx3_by62"
"CUFES:199803:JD:398",4,"bx3_by62"
"CUFES:199803:JD:399",4,"bx3_by62"
"CUFES:199803:JD:4",2,"bx7_by60"
"CUFES:199803:JD:40",4,"bx5_by62"
"CUFES:199803:JD:400",4,"bx3_by62"
"CUFES:199803:JD:401",4,"bx3_by62"
"CUFES:199803:JD:402",4,"bx3_by62"
"CUFES:199803:JD:403",4,"bx3_by62"
"CUFES:199803:JD:404",4,"bx3_by62"
"CUFES:199803:JD:405",4,"bx3_by62"
"CUFES:199803:JD:406",4,"bx3_by62"
"CUFES:199803:JD:407",4,"bx3_by62"
"CUFES:199803:JD:408",4,"bx3_by62"
"CUFES:199803:JD:409",4,"bx3_by62"
"CUFES:199803:JD:41",4,"bx5_by62"
"CUFES:199803:JD:410",3,"bx2_by62"
"CUFES:199803:JD:411",3,"bx2_by62"
"CUFES:199803:JD:412",4,"bx3_by62"
"CUFES:199803:JD:413",4,"bx3_by62"
"CUFES:199803:JD:414",4,"bx3_by62"
"CUFES:199803:JD:415",4,"bx3_by62"
"CUFES:199803:JD:416",4,"bx3_by62"
"CUFES:199803:JD:417",4,"bx3_by62"
"CUFES:199803:JD:418",4,"bx3_by62"
"CUFES:199803:JD:419",4,"bx3_by62"
"CUFES:199803:JD:42",4,"bx5_by62"
"CUFES:199803:JD:420",4,"bx3_by62"
"CUFES:199803:JD:421",4,"bx3_by62"
"CUFES:199803:JD:422",4,"bx3_by62"
"CUFES:199803:JD:423",4,"bx3_by62"
"CUFES:199803:JD:424",4,"bx3_by62"
"CUFES:199803:JD:425",4,"bx3_by62"
"CUFES:199803:JD:426",4,"bx3_by62"
"CUFES:199803:JD:427",4,"bx3_by62"
"CUFES:199803:JD:428",4,"bx3_by62"
"CUFES:199803:JD:429",4,"bx3_by62"
"CUFES:199803:JD:43",4,"bx5_by62"
"CUFES:199803:JD:430",4,"bx3_by62"
"CUFES:199803:JD:431",4,"bx3_by62"
"CUFES:199803:JD:432",4,"bx3_by62"
"CUFES:199803:JD:433",4,"bx3_by62"
"CUFES:199803:JD:434",4,"bx3_by62"
"CUFES:199803:JD:435",4,"bx3_by62"
"CUFES:199803:JD:436",4,"bx3_by62"
"CUFES:199803:JD:437",4,"bx3_by62"
"CUFES:199803:JD:438",3,"bx2_by62"
"CUFES:199803:JD:439",3,"bx2_by62"
"CUFES:199803:JD:44",4,"bx5_by62"
"CUFES:199803:JD:440",3,"bx2_by62"
"CUFES:199803:JD:441",3,"bx2_by62"
"CUFES:199803:JD:442",3,"bx2_by62"
"CUFES:199803:JD:443",3,"bx2_by62"
"CUFES:199803:JD:444",3,"bx2_by62"
"CUFES:199803:JD:445",3,"bx2_by62"
"CUFES:199803:JD:446",3,"bx2_by62"
"CUFES:199803:JD:447",4,"bx3_by62"
"CUFES:199803:JD:448",4,"bx3_by62"
"CUFES:199803:JD:449",4,"bx3_by62"
"CUFES:199803:JD:45",4,"bx5_by62"
"CUFES:199803:JD:450",4,"bx3_by62"
"CUFES:199803:JD:451",4,"bx3_by62"
"CUFES:199803:JD:452",4,"bx3_by62"
"CUFES:199803:JD:453",4,"bx3_by62"
"CUFES:199803:JD:454",4,"bx3_by62"
"CUFES:199803:JD:455",4,"bx3_by62"
"CUFES:199803:JD:456",4,"bx3_by62"
"CUFES:199803:JD:457",4,"bx3_by62"
"CUFES:199803:JD:458",4,"bx3_by62"
"CUFES:199803:JD:459",4,"bx3_by62"
"CUFES:199803:JD:46",4,"bx5_by62"
"CUFES:199803:JD:460",4,"bx3_by62"
"CUFES:199803:JD:461",4,"bx3_by62"
"CUFES:199803:JD:462",4,"bx3_by62"
"CUFES:199803:JD:463",4,"bx3_by62"
"CUFES:199803:JD:464",4,"bx3_by62"
"CUFES:199803:JD:465",4,"bx3_by62"
"CUFES:199803:JD:466",4,"bx3_by62"
"CUFES:199803:JD:467",4,"bx3_by62"
"CUFES:199803:JD:468",4,"bx3_by62"
"CUFES:199803:JD:469",4,"bx3_by62"
"CUFES:199803:JD:47",4,"bx5_by62"
"CUFES:199803:JD:470",4,"bx3_by62"
"CUFES:199803:JD:471",4,"bx3_by62"
"CUFES:199803:JD:472",4,"bx3_by62"
"CUFES:199803:JD:473",4,"bx3_by62"
"CUFES:199803:JD:474",3,"bx2_by62"
"CUFES:199803:JD:475",3,"bx2_by62"
"CUFES:199803:JD:476",3,"bx2_by62"
"CUFES:199803:JD:477",4,"bx3_by62"
"CUFES:199803:JD:478",4,"bx3_by62"
"CUFES:199803:JD:479",4,"bx3_by62"
"CUFES:199803:JD:48",4,"bx5_by62"
"CUFES:199803:JD:480",4,"bx3_by62"
"CUFES:199803:JD:481",4,"bx3_by62"
"CUFES:199803:JD:482",4,"bx3_by62"
"CUFES:199803:JD:483",4,"bx3_by62"
"CUFES:199803:JD:484",4,"bx3_by62"
"CUFES:199803:JD:485",4,"bx3_by62"
"CUFES:199803:JD:486",4,"bx3_by62"
"CUFES:199803:JD:487",4,"bx3_by62"
"CUFES:199803:JD:488",4,"bx3_by62"
"CUFES:199803:JD:489",4,"bx3_by62"
"CUFES:199803:JD:49",4,"bx5_by62"
"CUFES:199803:JD:490",4,"bx3_by62"
"CUFES:199803:JD:491",4,"bx3_by62"
"CUFES:199803:JD:492",4,"bx3_by62"
"CUFES:199803:JD:493",4,"bx3_by62"
"CUFES:199803:JD:494",4,"bx3_by62"
"CUFES:199803:JD:495",4,"bx3_by62"
"CUFES:199803:JD:496",4,"bx3_by62"
"CUFES:199803:JD:497",4,"bx3_by62"
"CUFES:199803:JD:498",3,"bx2_by62"
"CUFES:199803:JD:499",3,"bx2_by62"
"CUFES:199803:JD:5",2,"bx7_by60"
"CUFES:199803:JD:50",4,"bx5_by62"
"CUFES:199803:JD:500",3,"bx2_by62"
"CUFES:199803:JD:501",3,"bx2_by62"
"CUFES:199803:JD:502",3,"bx2_by62"
"CUFES:199803:JD:503",3,"bx2_by62"
"CUFES:199803:JD:504",3,"bx2_by62"
"CUFES:199803:JD:505",4,"bx3_by62"
"CUFES:199803:JD:506",4,"bx3_by62"
"CUFES:199803:JD:507",4,"bx3_by62"
"CUFES:199803:JD:508",4,"bx3_by62"
"CUFES:199803:JD:509",4,"bx3_by62"
"CUFES:199803:JD:51",4,"bx5_by62"
"CUFES:199803:JD:510",4,"bx3_by62"
"CUFES:199803:JD:511",4,"bx3_by62"
"CUFES:199803:JD:512",4,"bx3_by62"
"CUFES:199803:JD:513",4,"bx3_by62"
"CUFES:199803:JD:514",4,"bx3_by62"
"CUFES:199803:JD:515",4,"bx3_by62"
"CUFES:199803:JD:516",4,"bx3_by62"
"CUFES:199803:JD:517",4,"bx3_by62"
"CUFES:199803:JD:518",4,"bx3_by62"
"CUFES:199803:JD:519",4,"bx3_by62"
"CUFES:199803:JD:52",4,"bx5_by62"
"CUFES:199803:JD:520",4,"bx3_by62"
"CUFES:199803:JD:521",4,"bx3_by62"
"CUFES:199803:JD:522",4,"bx3_by62"
"CUFES:199803:JD:523",4,"bx3_by62"
"CUFES:199803:JD:524",4,"bx3_by62"
"CUFES:199803:JD:525",4,"bx3_by62"
"CUFES:199803:JD:526",4,"bx3_by62"
"CUFES:199803:JD:527",4,"bx3_by62"
"CUFES:199803:JD:528",4,"bx3_by62"
"CUFES:199803:JD:529",4,"bx3_by62"
"CUFES:199803:JD:53",4,"bx5_by62"
"CUFES:199803:JD:530",3,"bx2_by62"
"CUFES:199803:JD:531",3,"bx2_by62"
"CUFES:199803:JD:532",3,"bx2_by62"
"CUFES:199803:JD:533",4,"bx3_by62"
"CUFES:199803:JD:534",4,"bx3_by62"
"CUFES:199803:JD:535",4,"bx3_by62"
"CUFES:199803:JD:536",4,"bx3_by62"
"CUFES:199803:JD:537",4,"bx3_by62"
"CUFES:199803:JD:538",4,"bx3_by62"
"CUFES:199803:JD:539",4,"bx3_by62"
"CUFES:199803:JD:54",4,"bx5_by62"
"CUFES:199803:JD:540",4,"bx3_by62"
"CUFES:199803:JD:541",4,"bx3_by62"
"CUFES:199803:JD:542",4,"bx3_by62"
"CUFES:199803:JD:543",4,"bx3_by62"
"CUFES:199803:JD:544",4,"bx3_by62"
"CUFES:199803:JD:545",4,"bx3_by62"
"CUFES:199803:JD:546",4,"bx3_by62"
"CUFES:199803:JD:547",4,"bx3_by62"
"CUFES:199803:JD:548",4,"bx3_by62"
"CUFES:199803:JD:549",4,"bx3_by62"
"CUFES:199803:JD:55",4,"bx5_by62"
"CUFES:199803:JD:550",4,"bx3_by62"
"CUFES:199803:JD:551",4,"bx3_by62"
"CUFES:199803:JD:552",4,"bx3_by62"
"CUFES:199803:JD:553",4,"bx3_by62"
"CUFES:199803:JD:554",4,"bx3_by62"
"CUFES:199803:JD:555",3,"bx2_by62"
"CUFES:199803:JD:556",3,"bx2_by62"
"CUFES:199803:JD:557",4,"bx3_by62"
"CUFES:199803:JD:558",4,"bx3_by62"
"CUFES:199803:JD:559",4,"bx3_by62"
"CUFES:199803:JD:56",4,"bx5_by62"
"CUFES:199803:JD:560",4,"bx3_by62"
"CUFES:199803:JD:561",4,"bx3_by62"
"CUFES:199803:JD:562",4,"bx3_by62"
"CUFES:199803:JD:563",4,"bx3_by62"
"CUFES:199803:JD:564",4,"bx3_by62"
"CUFES:199803:JD:565",4,"bx3_by62"
"CUFES:199803:JD:566",4,"bx3_by62"
"CUFES:199803:JD:567",4,"bx3_by62"
"CUFES:199803:JD:568",4,"bx3_by62"
"CUFES:199803:JD:569",4,"bx3_by62"
"CUFES:199803:JD:57",4,"bx5_by62"
"CUFES:199803:JD:570",4,"bx3_by62"
"CUFES:199803:JD:571",4,"bx3_by62"
"CUFES:199803:JD:572",4,"bx3_by62"
"CUFES:199803:JD:573",4,"bx3_by62"
"CUFES:199803:JD:574",4,"bx3_by62"
"CUFES:199803:JD:575",4,"bx3_by62"
"CUFES:199803:JD:576",4,"bx3_by62"
"CUFES:199803:JD:577",4,"bx3_by62"
"CUFES:199803:JD:578",4,"bx3_by62"
"CUFES:199803:JD:579",4,"bx3_by62"
"CUFES:199803:JD:58",4,"bx5_by62"
"CUFES:199803:JD:580",4,"bx3_by62"
"CUFES:199803:JD:581",4,"bx3_by62"
"CUFES:199803:JD:582",3,"bx2_by62"
"CUFES:199803:JD:583",3,"bx2_by62"
"CUFES:199803:JD:584",3,"bx2_by62"
"CUFES:199803:JD:585",4,"bx3_by62"
"CUFES:199803:JD:586",4,"bx3_by62"
"CUFES:199803:JD:587",4,"bx3_by62"
"CUFES:199803:JD:588",4,"bx3_by62"
"CUFES:199803:JD:589",4,"bx3_by62"
"CUFES:199803:JD:59",4,"bx5_by62"
"CUFES:199803:JD:590",4,"bx3_by62"
"CUFES:199803:JD:591",4,"bx3_by62"
"CUFES:199803:JD:592",4,"bx3_by62"
"CUFES:199803:JD:593",4,"bx3_by62"
"CUFES:199803:JD:594",4,"bx3_by62"
"CUFES:199803:JD:595",4,"bx3_by62"
"CUFES:199803:JD:596",4,"bx3_by62"
"CUFES:199803:JD:597",4,"bx3_by62"
"CUFES:199803:JD:598",4,"bx3_by62"
"CUFES:199803:JD:599",4,"bx3_by62"
"CUFES:199803:JD:6",2,"bx7_by60"
"CUFES:199803:JD:60",4,"bx5_by62"
"CUFES:199803:JD:600",4,"bx3_by62"
"CUFES:199803:JD:601",4,"bx3_by62"
"CUFES:199803:JD:602",4,"bx3_by62"
"CUFES:199803:JD:603",4,"bx3_by62"
"CUFES:199803:JD:604",4,"bx3_by62"
"CUFES:199803:JD:605",4,"bx3_by62"
"CUFES:199803:JD:606",4,"bx3_by62"
"CUFES:199803:JD:607",4,"bx3_by62"
"CUFES:199803:JD:608",3,"bx2_by62"
"CUFES:199803:JD:609",3,"bx2_by62"
"CUFES:199803:JD:61",4,"bx5_by62"
"CUFES:199803:JD:610",3,"bx2_by62"
"CUFES:199803:JD:611",3,"bx2_by62"
"CUFES:199803:JD:612",4,"bx3_by62"
"CUFES:199803:JD:613",4,"bx3_by62"
"CUFES:199803:JD:614",4,"bx3_by62"
"CUFES:199803:JD:615",4,"bx3_by62"
"CUFES:199803:JD:616",4,"bx3_by62"
"CUFES:199803:JD:617",4,"bx3_by62"
"CUFES:199803:JD:618",4,"bx3_by62"
"CUFES:199803:JD:619",4,"bx3_by62"
"CUFES:199803:JD:62",4,"bx5_by62"
"CUFES:199803:JD:620",4,"bx3_by62"
"CUFES:199803:JD:621",4,"bx3_by62"
"CUFES:199803:JD:622",4,"bx3_by62"
"CUFES:199803:JD:623",4,"bx3_by62"
"CUFES:199803:JD:624",4,"bx3_by62"
"CUFES:199803:JD:625",4,"bx3_by62"
"CUFES:199803:JD:626",4,"bx3_by62"
"CUFES:199803:JD:627",4,"bx3_by62"
"CUFES:199803:JD:628",4,"bx3_by62"
"CUFES:199803:JD:629",4,"bx3_by62"
"CUFES:199803:JD:630",4,"bx3_by62"
"CUFES:199803:JD:631",4,"bx3_by62"
"CUFES:199803:JD:632",4,"bx3_by62"
"CUFES:199803:JD:633",4,"bx3_by62"
"CUFES:199803:JD:634",4,"bx3_by62"
"CUFES:199803:JD:635",4,"bx3_by62"
"CUFES:199803:JD:636",3,"bx2_by62"
"CUFES:199803:JD:637",3,"bx2_by62"
"CUFES:199803:JD:638",3,"bx2_by62"
"CUFES:199803:JD:639",3,"bx2_by62"
"CUFES:199803:JD:640",3,"bx2_by62"
"CUFES:199803:JD:641",4,"bx3_by62"
"CUFES:199803:JD:642",4,"bx3_by62"
"CUFES:199803:JD:643",4,"bx3_by62"
"CUFES:199803:JD:644",4,"bx3_by62"
"CUFES:199803:JD:645",4,"bx3_by62"
"CUFES:199803:JD:646",4,"bx3_by62"
"CUFES:199803:JD:647",4,"bx3_by62"
"CUFES:199803:JD:648",4,"bx3_by62"
"CUFES:199803:JD:649",4,"bx3_by62"
"CUFES:199803:JD:65",4,"bx5_by62"
"CUFES:199803:JD:650",4,"bx3_by62"
"CUFES:199803:JD:651",4,"bx3_by62"
"CUFES:199803:JD:653",4,"bx3_by62"
"CUFES:199803:JD:654",4,"bx3_by62"
"CUFES:199803:JD:658",4,"bx3_by62"
"CUFES:199803:JD:659",4,"bx3_by62"
"CUFES:199803:JD:660",4,"bx3_by62"
"CUFES:199803:JD:661",4,"bx3_by62"
"CUFES:199803:JD:662",4,"bx3_by62"
"CUFES:199803:JD:663",4,"bx3_by62"
"CUFES:199803:JD:664",4,"bx3_by62"
"CUFES:199803:JD:665",4,"bx3_by62"
"CUFES:199803:JD:666",4,"bx3_by62"
"CUFES:199803:JD:668",4,"bx3_by62"
"CUFES:199803:JD:669",4,"bx3_by62"
"CUFES:199803:JD:670",4,"bx3_by62"
"CUFES:199803:JD:671",4,"bx3_by62"
"CUFES:199803:JD:672",4,"bx3_by62"
"CUFES:199803:JD:673",4,"bx3_by62"
"CUFES:199803:JD:674",4,"bx3_by62"
"CUFES:199803:JD:675",4,"bx3_by62"
"CUFES:199803:JD:676",4,"bx3_by62"
"CUFES:199803:JD:677",4,"bx3_by62"
"CUFES:199803:JD:678",4,"bx3_by62"
"CUFES:199803:JD:679",4,"bx3_by62"
"CUFES:199803:JD:680",4,"bx3_by62"
"CUFES:199803:JD:681",4,"bx3_by62"
"CUFES:199803:JD:682",4,"bx3_by62"
"CUFES:199803:JD:683",4,"bx3_by62"
"CUFES:199803:JD:684",4,"bx3_by62"
"CUFES:199803:JD:685",3,"bx2_by62"
"CUFES:199803:JD:686",3,"bx2_by62"
"CUFES:199803:JD:687",3,"bx2_by62"
"CUFES:199803:JD:688",3,"bx2_by62"
"CUFES:199803:JD:689",4,"bx3_by62"
"CUFES:199803:JD:69",4,"bx5_by62"
"CUFES:199803:JD:690",4,"bx3_by62"
"CUFES:199803:JD:691",4,"bx3_by62"
"CUFES:199803:JD:692",4,"bx3_by62"
"CUFES:199803:JD:693",4,"bx3_by62"
"CUFES:199803:JD:694",4,"bx3_by62"
"CUFES:199803:JD:695",4,"bx3_by62"
"CUFES:199803:JD:696",4,"bx3_by62"
"CUFES:199803:JD:697",4,"bx3_by62"
"CUFES:199803:JD:698",4,"bx3_by62"
"CUFES:199803:JD:699",4,"bx3_by62"
"CUFES:199803:JD:7",2,"bx7_by60"
"CUFES:199803:JD:70",4,"bx5_by62"
"CUFES:199803:JD:700",4,"bx3_by62"
"CUFES:199803:JD:701",4,"bx3_by62"
"CUFES:199803:JD:702",4,"bx3_by62"
"CUFES:199803:JD:703",4,"bx3_by62"
"CUFES:199803:JD:704",4,"bx3_by62"
"CUFES:199803:JD:705",4,"bx3_by62"
"CUFES:199803:JD:706",4,"bx3_by62"
"CUFES:199803:JD:707",4,"bx3_by62"
"CUFES:199803:JD:708",4,"bx3_by62"
"CUFES:199803:JD:709",4,"bx3_by62"
"CUFES:199803:JD:71",4,"bx5_by62"
"CUFES:199803:JD:710",4,"bx3_by62"
"CUFES:199803:JD:711",4,"bx3_by62"
"CUFES:199803:JD:712",4,"bx3_by62"
"CUFES:199803:JD:713",3,"bx2_by62"
"CUFES:199803:JD:714",3,"bx2_by62"
"CUFES:199803:JD:715",3,"bx2_by62"
"CUFES:199803:JD:716",3,"bx2_by62"
"CUFES:199803:JD:717",4,"bx3_by62"
"CUFES:199803:JD:718",4,"bx3_by62"
"CUFES:199803:JD:719",4,"bx3_by62"
"CUFES:199803:JD:72",4,"bx5_by62"
"CUFES:199803:JD:720",4,"bx3_by62"
"CUFES:199803:JD:721",4,"bx3_by62"
"CUFES:199803:JD:722",4,"bx3_by62"
"CUFES:199803:JD:723",4,"bx3_by62"
"CUFES:199803:JD:724",4,"bx3_by62"
"CUFES:199803:JD:725",4,"bx3_by62"
"CUFES:199803:JD:726",4,"bx3_by62"
"CUFES:199803:JD:727",4,"bx3_by62"
"CUFES:199803:JD:728",4,"bx3_by62"
"CUFES:199803:JD:729",4,"bx3_by62"
"CUFES:199803:JD:73",4,"bx5_by62"
"CUFES:199803:JD:730",4,"bx3_by62"
"CUFES:199803:JD:731",4,"bx3_by62"
"CUFES:199803:JD:732",4,"bx3_by62"
"CUFES:199803:JD:733",4,"bx3_by62"
"CUFES:199803:JD:734",4,"bx3_by62"
"CUFES:199803:JD:735",4,"bx3_by62"
"CUFES:199803:JD:736",4,"bx3_by62"
"CUFES:199803:JD:737",4,"bx3_by62"
"CUFES:199803:JD:738",4,"bx3_by62"
"CUFES:199803:JD:739",3,"bx2_by62"
"CUFES:199803:JD:74",4,"bx5_by62"
"CUFES:199803:JD:740",4,"bx3_by62"
"CUFES:199803:JD:741",4,"bx3_by62"
"CUFES:199803:JD:742",4,"bx3_by62"
"CUFES:199803:JD:743",4,"bx3_by62"
"CUFES:199803:JD:744",4,"bx3_by62"
"CUFES:199803:JD:745",4,"bx3_by62"
"CUFES:199803:JD:746",4,"bx3_by62"
"CUFES:199803:JD:747",4,"bx3_by62"
"CUFES:199803:JD:748",4,"bx3_by62"
"CUFES:199803:JD:749",4,"bx3_by62"
"CUFES:199803:JD:75",4,"bx5_by62"
"CUFES:199803:JD:750",3,"bx2_by62"
"CUFES:199803:JD:751",3,"bx2_by62"
"CUFES:199803:JD:752",3,"bx2_by62"
"CUFES:199803:JD:754",4,"bx2_by63"
"CUFES:199803:JD:755",4,"bx2_by63"
"CUFES:199803:JD:756",4,"bx2_by63"
"CUFES:199803:JD:757",4,"bx2_by63"
"CUFES:199803:JD:758",4,"bx2_by63"
"CUFES:199803:JD:759",4,"bx2_by63"
"CUFES:199803:JD:76",4,"bx5_by62"
"CUFES:199803:JD:760",4,"bx2_by63"
"CUFES:199803:JD:761",4,"bx2_by63"
"CUFES:199803:JD:762",4,"bx2_by63"
"CUFES:199803:JD:763",4,"bx2_by63"
"CUFES:199803:JD:764",4,"bx2_by63"
"CUFES:199803:JD:765",4,"bx2_by63"
"CUFES:199803:JD:766",4,"bx2_by63"
"CUFES:199803:JD:767",4,"bx2_by63"
"CUFES:199803:JD:768",4,"bx2_by63"
"CUFES:199803:JD:769",4,"bx2_by63"
"CUFES:199803:JD:77",4,"bx5_by62"
"CUFES:199803:JD:78",4,"bx5_by62"
"CUFES:199803:JD:785",4,"bx2_by63"
"CUFES:199803:JD:786",4,"bx2_by63"
"CUFES:199803:JD:787",4,"bx2_by63"
"CUFES:199803:JD:788",4,"bx2_by63"
"CUFES:199803:JD:789",4,"bx2_by63"
"CUFES:199803:JD:79",4,"bx5_by62"
"CUFES:199803:JD:790",4,"bx2_by63"
"CUFES:199803:JD:791",4,"bx2_by63"
"CUFES:199803:JD:792",4,"bx2_by63"
"CUFES:199803:JD:8",3,"bx7_by61"
"CUFES:199803:JD:80",4,"bx5_by62"
"CUFES:199803:JD:800",4,"bx2_by63"
"CUFES:199803:JD:802",4,"bx2_by63"
"CUFES:199803:JD:803",4,"bx2_by63"
"CUFES:199803:JD:804",4,"bx2_by63"
"CUFES:199803:JD:805",4,"bx2_by63"
"CUFES:199803:JD:806",4,"bx2_by63"
"CUFES:199803:JD:807",4,"bx2_by63"
"CUFES:199803:JD:808",4,"bx2_by63"
"CUFES:199803:JD:809",4,"bx2_by63"
"CUFES:199803:JD:81",4,"bx5_by62"
"CUFES:199803:JD:810",4,"bx2_by63"
"CUFES:199803:JD:811",4,"bx2_by63"
"CUFES:199803:JD:812",4,"bx2_by63"
"CUFES:199803:JD:813",4,"bx2_by63"
"CUFES:199803:JD:814",4,"bx2_by63"
"CUFES:199803:JD:815",4,"bx2_by63"
"CUFES:199803:JD:816",4,"bx2_by63"
"CUFES:199803:JD:817",4,"bx2_by63"
"CUFES:199803:JD:818",4,"bx2_by63"
"CUFES:199803:JD:819",4,"bx2_by63"
"CUFES:199803:JD:82",4,"bx5_by62"
"CUFES:199803:JD:820",4,"bx2_by63"
"CUFES:199803:JD:821",4,"bx2_by63"
"CUFES:199803:JD:822",4,"bx2_by63"
"CUFES:199803:JD:823",4,"bx2_by63"
"CUFES:199803:JD:824",4,"bx2_by63"
"CUFES:199803:JD:825",4,"bx2_by63"
"CUFES:199803:JD:826",4,"bx2_by63"
"CUFES:199803:JD:827",4,"bx2_by63"
"CUFES:199803:JD:828",4,"bx2_by63"
"CUFES:199803:JD:829",4,"bx2_by63"
"CUFES:199803:JD:83",4,"bx5_by62"
"CUFES:199803:JD:830",4,"bx2_by63"
"CUFES:199803:JD:831",4,"bx2_by63"
"CUFES:199803:JD:832",4,"bx2_by63"
"CUFES:199803:JD:833",4,"bx2_by63"
"CUFES:199803:JD:834",4,"bx2_by63"
"CUFES:199803:JD:835",4,"bx2_by63"
"CUFES:199803:JD:836",4,"bx2_by63"
"CUFES:199803:JD:837",4,"bx2_by63"
"CUFES:199803:JD:838",4,"bx2_by63"
"CUFES:199803:JD:839",4,"bx2_by63"
"CUFES:199803:JD:84",4,"bx5_by62"
"CUFES:199803:JD:840",4,"bx2_by63"
"CUFES:199803:JD:841",4,"bx2_by63"
"CUFES:199803:JD:842",4,"bx2_by63"
"CUFES:199803:JD:843",4,"bx2_by63"
"CUFES:199803:JD:844",4,"bx2_by63"
"CUFES:199803:JD:845",4,"bx2_by63"
"CUFES:199803:JD:846",4,"bx2_by63"
"CUFES:199803:JD:847",4,"bx2_by63"
"CUFES:199803:JD:848",4,"bx2_by63"
"CUFES:199803:JD:849",4,"bx2_by63"
"CUFES:199803:JD:85",4,"bx5_by62"
"CUFES:199803:JD:850",4,"bx2_by63"
"CUFES:199803:JD:851",4,"bx2_by63"
"CUFES:199803:JD:852",4,"bx2_by63"
"CUFES:199803:JD:853",4,"bx2_by63"
"CUFES:199803:JD:854",4,"bx2_by63"
"CUFES:199803:JD:855",4,"bx2_by63"
"CUFES:199803:JD:856",4,"bx2_by63"
"CUFES:199803:JD:857",4,"bx2_by63"
"CUFES:199803:JD:858",4,"bx2_by63"
"CUFES:199803:JD:859",4,"bx2_by63"
"CUFES:199803:JD:86",4,"bx5_by62"
"CUFES:199803:JD:860",4,"bx2_by63"
"CUFES:199803:JD:861",4,"bx2_by63"
"CUFES:199803:JD:862",4,"bx2_by63"
"CUFES:199803:JD:863",4,"bx2_by63"
"CUFES:199803:JD:864",4,"bx2_by63"
"CUFES:199803:JD:865",4,"bx2_by63"
"CUFES:199803:JD:866",4,"bx2_by63"
"CUFES:199803:JD:867",4,"bx2_by63"
"CUFES:199803:JD:868",4,"bx2_by63"
"CUFES:199803:JD:869",4,"bx2_by63"
"CUFES:199803:JD:87",4,"bx5_by62"
"CUFES:199803:JD:870",4,"bx2_by63"
"CUFES:199803:JD:871",4,"bx2_by63"
"CUFES:199803:JD:872",4,"bx2_by63"
"CUFES:199803:JD:873",4,"bx2_by63"
"CUFES:199803:JD:874",4,"bx2_by63"
"CUFES:199803:JD:875",4,"bx2_by63"
"CUFES:199803:JD:876",4,"bx2_by63"
"CUFES:199803:JD:877",4,"bx2_by63"
"CUFES:199803:JD:878",4,"bx2_by63"
"CUFES:199803:JD:879",4,"bx2_by63"
"CUFES:199803:JD:88",4,"bx5_by62"
"CUFES:199803:JD:881",4,"bx2_by63"
"CUFES:199803:JD:882",4,"bx2_by63"
"CUFES:199803:JD:883",4,"bx2_by63"
"CUFES:199803:JD:884",4,"bx2_by63"
"CUFES:199803:JD:885",4,"bx2_by63"
"CUFES:199803:JD:886",4,"bx2_by63"
"CUFES:199803:JD:887",4,"bx2_by63"
"CUFES:199803:JD:888",4,"bx2_by63"
"CUFES:199803:JD:889",4,"bx2_by63"
"CUFES:199803:JD:89",4,"bx5_by62"
"CUFES:199803:JD:890",4,"bx2_by63"
"CUFES:199803:JD:891",4,"bx2_by63"
"CUFES:199803:JD:892",4,"bx2_by63"
"CUFES:199803:JD:893",4,"bx2_by63"
"CUFES:199803:JD:894",4,"bx2_by63"
"CUFES:199803:JD:895",4,"bx2_by63"
"CUFES:199803:JD:896",4,"bx2_by63"
"CUFES:199803:JD:897",4,"bx2_by63"
"CUFES:199803:JD:898",4,"bx2_by63"
"CUFES:199803:JD:899",4,"bx2_by63"
"CUFES:199803:JD:9",3,"bx6_by61"
"CUFES:199803:JD:90",4,"bx5_by62"
"CUFES:199803:JD:900",4,"bx2_by63"
"CUFES:199803:JD:901",4,"bx2_by63"
"CUFES:199803:JD:902",4,"bx2_by63"
"CUFES:199803:JD:903",4,"bx2_by63"
"CUFES:199803:JD:904",4,"bx2_by63"
"CUFES:199803:JD:905",4,"bx2_by63"
"CUFES:199803:JD:906",4,"bx2_by63"
"CUFES:199803:JD:907",4,"bx2_by63"
"CUFES:199803:JD:908",4,"bx2_by63"
"CUFES:199803:JD:909",4,"bx2_by63"
"CUFES:199803:JD:91",4,"bx5_by62"
"CUFES:199803:JD:910",4,"bx2_by63"
"CUFES:199803:JD:911",4,"bx2_by63"
"CUFES:199803:JD:912",4,"bx2_by63"
"CUFES:199803:JD:913",4,"bx2_by63"
"CUFES:199803:JD:914",4,"bx2_by63"
"CUFES:199803:JD:915",4,"bx2_by63"
"CUFES:199803:JD:916",4,"bx2_by63"
"CUFES:199803:JD:917",4,"bx2_by63"
"CUFES:199803:JD:918",4,"bx2_by63"
"CUFES:199803:JD:919",4,"bx2_by63"
"CUFES:199803:JD:92",4,"bx5_by62"
"CUFES:199803:JD:920",4,"bx2_by63"
"CUFES:199803:JD:921",4,"bx2_by63"
"CUFES:199803:JD:922",4,"bx2_by63"
"CUFES:199803:JD:923",4,"bx2_by63"
"CUFES:199803:JD:924",4,"bx2_by63"
"CUFES:199803:JD:925",4,"bx2_by63"
"CUFES:199803:JD:926",4,"bx2_by63"
"CUFES:199803:JD:927",4,"bx2_by63"
"CUFES:199803:JD:928",4,"bx2_by63"
"CUFES:199803:JD:929",4,"bx2_by63"
"CUFES:199803:JD:93",4,"bx5_by62"
"CUFES:199803:JD:930",4,"bx2_by63"
"CUFES:199803:JD:931",4,"bx2_by63"
"CUFES:199803:JD:932",4,"bx2_by63"
"CUFES:199803:JD:933",4,"bx2_by63"
"CUFES:199803:JD:934",4,"bx2_by63"
"CUFES:199803:JD:935",4,"bx2_by63"
"CUFES:199803:JD:936",4,"bx2_by63"
"CUFES:199803:JD:937",4,"bx2_by63"
"CUFES:199803:JD:938",4,"bx2_by63"
"CUFES:199803:JD:939",4,"bx2_by63"
"CUFES:199803:JD:94",4,"bx5_by62"
"CUFES:199803:JD:940",4,"bx2_by63"
"CUFES:199803:JD:941",4,"bx2_by63"
"CUFES:199803:JD:942",4,"bx2_by63"
"CUFES:199803:JD:943",4,"bx2_by63"
"CUFES:199803:JD:944",4,"bx2_by63"
"CUFES:199803:JD:945",4,"bx2_by63"
"CUFES:199803:JD:946",4,"bx2_by63"
"CUFES:199803:JD:947",4,"bx2_by63"
"CUFES:199803:JD:948",4,"bx2_by63"
"CUFES:199803:JD:949",4,"bx2_by63"
"CUFES:199803:JD:95",4,"bx5_by62"
"CUFES:199803:JD:950",4,"bx2_by63"
"CUFES:199803:JD:951",4,"bx2_by63"
"CUFES:199803:JD:952",4,"bx2_by63"
"CUFES:199803:JD:953",4,"bx2_by63"
"CUFES:199803:JD:954",4,"bx2_by63"
"CUFES:199803:JD:955",4,"bx2_by63"
"CUFES:199803:JD:956",4,"bx2_by63"
"CUFES:199803:JD:957",4,"bx2_by63"
"CUFES:199803:JD:958",4,"bx2_by63"
"CUFES:199803:JD:959",4,"bx2_by63"
"CUFES:199803:JD:96",4,"bx5_by62"
"CUFES:199803:JD:960",4,"bx2_by63"
"CUFES:199803:JD:961",4,"bx2_by63"
"CUFES:199803:JD:962",4,"bx2_by63"
"CUFES:199803:JD:963",4,"bx2_by63"
"CUFES:199803:JD:964",4,"bx2_by63"
"CUFES:199803:JD:965",4,"bx2_by63"
"CUFES:199803:JD:966",4,"bx2_by63"
"CUFES:199803:JD:967",4,"bx2_by63"
"CUFES:199803:JD:968",4,"bx2_by63"
"CUFES:199803:JD:969",4,"bx2_by63"
"CUFES:199803:JD:97",4,"bx5_by62"
"CUFES:199803:JD:970",4,"bx2_by63"
"CUFES:199803:JD:971",4,"bx2_by63"
"CUFES:199803:JD:972",4,"bx2_by63"
"CUFES:199803:JD:973",4,"bx2_by63"
"CUFES:199803:JD:974",4,"bx2_by63"
"CUFES:199803:JD:975",4,"bx2_by63"
"CUFES:199803:JD:976",4,"bx2_by63"
"CUFES:199803:JD:977",4,"bx2_by63"
"CUFES:199803:JD:978",4,"bx2_by63"
"CUFES:199803:JD:979",4,"bx2_by63"
"CUFES:199803:JD:98",4,"bx5_by62"
"CUFES:199803:JD:980",4,"bx2_by63"
"CUFES:199803:JD:981",4,"bx2_by63"
"CUFES:199803:JD:982",4,"bx3_by62"
"CUFES:199803:JD:983",4,"bx3_by62"
"CUFES:199803:JD:984",4,"bx3_by62"
"CUFES:199803:JD:985",4,"bx3_by62"
"CUFES:199803:JD:986",4,"bx3_by62"
"CUFES:199803:JD:987",4,"bx3_by62"
"CUFES:199803:JD:988",4,"bx4_by62"
"CUFES:199803:JD:989",4,"bx4_by62"
"CUFES:199803:JD:99",4,"bx5_by62"
"CUFES:199803:JD:990",4,"bx4_by62"
"CUFES:199803:JD:991",3,"bx4_by61"
"CUFES:199803:JD:992",3,"bx4_by61"
"CUFES:199803:JD:993",3,"bx4_by61"
"CUFES:199803:JD:994",3,"bx4_by61"
"CUFES:199803:JD:995",3,"bx5_by61"
"CUFES:199803:JD:996",3,"bx5_by61"
"CUFES:199803:JD:997",3,"bx5_by61"
"CUFES:199803:JD:998",3,"bx5_by61"
"CUFES:199803:JD:999",3,"bx5_by61"
"CUFES:199804:JD:1",2,"bx7_by60"
"CUFES:199804:JD:10",2,"bx6_by60"
"CUFES:199804:JD:11",2,"bx6_by60"
"CUFES:199804:JD:12",1,"bx6_by59"
"CUFES:199804:JD:13",1,"bx6_by59"
"CUFES:199804:JD:131",1,"bx2_by59"
"CUFES:199804:JD:132",1,"bx2_by59"
"CUFES:199804:JD:133",1,"bx2_by59"
"CUFES:199804:JD:134",1,"bx2_by59"
"CUFES:199804:JD:135",1,"bx2_by59"
"CUFES:199804:JD:136",1,"bx2_by59"
"CUFES:199804:JD:137",1,"bx3_by59"
"CUFES:199804:JD:138",1,"bx3_by59"
"CUFES:199804:JD:139",1,"bx3_by59"
"CUFES:199804:JD:14",1,"bx6_by59"
"CUFES:199804:JD:140",1,"bx3_by59"
"CUFES:199804:JD:141",1,"bx3_by59"
"CUFES:199804:JD:142",1,"bx3_by59"
"CUFES:199804:JD:143",1,"bx3_by59"
"CUFES:199804:JD:144",1,"bx3_by59"
"CUFES:199804:JD:145",2,"bx4_by60"
"CUFES:199804:JD:146",2,"bx4_by60"
"CUFES:199804:JD:147",2,"bx4_by60"
"CUFES:199804:JD:148",2,"bx4_by60"
"CUFES:199804:JD:149",2,"bx4_by60"
"CUFES:199804:JD:15",1,"bx6_by59"
"CUFES:199804:JD:150",2,"bx4_by60"
"CUFES:199804:JD:151",2,"bx4_by60"
"CUFES:199804:JD:152",2,"bx4_by60"
"CUFES:199804:JD:153",2,"bx4_by60"
"CUFES:199804:JD:154",2,"bx5_by60"
"CUFES:199804:JD:155",2,"bx5_by60"
"CUFES:199804:JD:156",2,"bx5_by60"
"CUFES:199804:JD:157",2,"bx5_by60"
"CUFES:199804:JD:158",2,"bx5_by60"
"CUFES:199804:JD:159",3,"bx5_by61"
"CUFES:199804:JD:16",1,"bx6_by59"
"CUFES:199804:JD:160",3,"bx5_by61"
"CUFES:199804:JD:161",3,"bx5_by61"
"CUFES:199804:JD:162",3,"bx5_by61"
"CUFES:199804:JD:163",3,"bx5_by61"
"CUFES:199804:JD:164",3,"bx5_by61"
"CUFES:199804:JD:165",3,"bx5_by61"
"CUFES:199804:JD:166",3,"bx5_by61"
"CUFES:199804:JD:167",3,"bx6_by61"
"CUFES:199804:JD:168",3,"bx6_by61"
"CUFES:199804:JD:169",3,"bx6_by61"
"CUFES:199804:JD:17",1,"bx5_by59"
"CUFES:199804:JD:170",3,"bx6_by61"
"CUFES:199804:JD:171",3,"bx6_by61"
"CUFES:199804:JD:172",3,"bx6_by61"
"CUFES:199804:JD:173",3,"bx6_by61"
"CUFES:199804:JD:174",3,"bx6_by61"
"CUFES:199804:JD:175",3,"bx6_by61"
"CUFES:199804:JD:176",3,"bx6_by61"
"CUFES:199804:JD:177",3,"bx6_by61"
"CUFES:199804:JD:178",3,"bx6_by61"
"CUFES:199804:JD:179",3,"bx7_by61"
"CUFES:199804:JD:18",1,"bx5_by59"
"CUFES:199804:JD:180",3,"bx7_by61"
"CUFES:199804:JD:181",3,"bx7_by61"
"CUFES:199804:JD:182",3,"bx7_by61"
"CUFES:199804:JD:183",3,"bx6_by61"
"CUFES:199804:JD:184",3,"bx6_by61"
"CUFES:199804:JD:185",3,"bx6_by61"
"CUFES:199804:JD:186",3,"bx6_by61"
"CUFES:199804:JD:187",3,"bx6_by61"
"CUFES:199804:JD:188",3,"bx6_by61"
"CUFES:199804:JD:189",3,"bx6_by61"
"CUFES:199804:JD:19",1,"bx5_by59"
"CUFES:199804:JD:190",4,"bx6_by62"
"CUFES:199804:JD:191",4,"bx6_by62"
"CUFES:199804:JD:192",4,"bx6_by62"
"CUFES:199804:JD:193",4,"bx6_by62"
"CUFES:199804:JD:194",4,"bx5_by62"
"CUFES:199804:JD:195",4,"bx5_by62"
"CUFES:199804:JD:196",4,"bx5_by62"
"CUFES:199804:JD:197",4,"bx5_by62"
"CUFES:199804:JD:198",4,"bx5_by62"
"CUFES:199804:JD:199",4,"bx5_by62"
"CUFES:199804:JD:2",2,"bx7_by60"
"CUFES:199804:JD:20",1,"bx5_by59"
"CUFES:199804:JD:200",4,"bx5_by62"
"CUFES:199804:JD:201",4,"bx5_by62"
"CUFES:199804:JD:202",3,"bx5_by61"
"CUFES:199804:JD:203",3,"bx4_by61"
"CUFES:199804:JD:204",3,"bx4_by61"
"CUFES:199804:JD:205",3,"bx4_by61"
"CUFES:199804:JD:206",3,"bx4_by61"
"CUFES:199804:JD:207",3,"bx4_by61"
"CUFES:199804:JD:208",3,"bx4_by61"
"CUFES:199804:JD:209",3,"bx4_by61"
"CUFES:199804:JD:21",1,"bx5_by59"
"CUFES:199804:JD:210",3,"bx4_by61"
"CUFES:199804:JD:211",3,"bx4_by61"
"CUFES:199804:JD:212",3,"bx3_by61"
"CUFES:199804:JD:213",3,"bx3_by61"
"CUFES:199804:JD:214",3,"bx3_by61"
"CUFES:199804:JD:215",3,"bx3_by61"
"CUFES:199804:JD:216",3,"bx3_by61"
"CUFES:199804:JD:217",2,"bx3_by60"
"CUFES:199804:JD:218",3,"bx3_by61"
"CUFES:199804:JD:219",3,"bx3_by61"
"CUFES:199804:JD:22",1,"bx5_by59"
"CUFES:199804:JD:220",2,"bx3_by60"
"CUFES:199804:JD:221",2,"bx2_by60"
"CUFES:199804:JD:222",2,"bx2_by60"
"CUFES:199804:JD:223",2,"bx2_by60"
"CUFES:199804:JD:224",2,"bx2_by60"
"CUFES:199804:JD:225",2,"bx2_by60"
"CUFES:199804:JD:226",2,"bx2_by60"
"CUFES:199804:JD:227",2,"bx2_by60"
"CUFES:199804:JD:228",2,"bx2_by60"
"CUFES:199804:JD:229",2,"bx2_by60"
"CUFES:199804:JD:23",1,"bx5_by59"
"CUFES:199804:JD:230",2,"bx2_by60"
"CUFES:199804:JD:231",2,"bx2_by60"
"CUFES:199804:JD:232",2,"bx2_by60"
"CUFES:199804:JD:233",2,"bx2_by60"
"CUFES:199804:JD:234",2,"bx2_by60"
"CUFES:199804:JD:24",1,"bx5_by59"
"CUFES:199804:JD:25",1,"bx4_by59"
"CUFES:199804:JD:26",1,"bx4_by59"
"CUFES:199804:JD:27",1,"bx4_by59"
"CUFES:199804:JD:3",2,"bx7_by60"
"CUFES:199804:JD:336",3,"bx2_by61"
"CUFES:199804:JD:337",3,"bx2_by61"
"CUFES:199804:JD:338",3,"bx2_by62"
"CUFES:199804:JD:339",3,"bx2_by62"
"CUFES:199804:JD:340",3,"bx2_by62"
"CUFES:199804:JD:341",3,"bx2_by62"
"CUFES:199804:JD:342",4,"bx3_by62"
"CUFES:199804:JD:343",4,"bx3_by62"
"CUFES:199804:JD:344",4,"bx3_by62"
"CUFES:199804:JD:345",4,"bx3_by62"
"CUFES:199804:JD:346",4,"bx3_by62"
"CUFES:199804:JD:347",4,"bx3_by62"
"CUFES:199804:JD:348",4,"bx3_by62"
"CUFES:199804:JD:349",4,"bx3_by62"
"CUFES:199804:JD:350",4,"bx3_by62"
"CUFES:199804:JD:351",4,"bx3_by62"
"CUFES:199804:JD:352",4,"bx4_by62"
"CUFES:199804:JD:353",4,"bx4_by62"
"CUFES:199804:JD:354",4,"bx4_by62"
"CUFES:199804:JD:355",4,"bx4_by62"
"CUFES:199804:JD:356",4,"bx4_by62"
"CUFES:199804:JD:357",4,"bx4_by62"
"CUFES:199804:JD:358",4,"bx4_by63"
"CUFES:199804:JD:359",4,"bx4_by63"
"CUFES:199804:JD:360",4,"bx4_by63"
"CUFES:199804:JD:361",4,"bx4_by63"
"CUFES:199804:JD:362",4,"bx4_by63"
"CUFES:199804:JD:363",4,"bx4_by63"
"CUFES:199804:JD:364",4,"bx3_by63"
"CUFES:199804:JD:365",4,"bx3_by63"
"CUFES:199804:JD:366",4,"bx3_by63"
"CUFES:199804:JD:367",4,"bx3_by63"
"CUFES:199804:JD:368",4,"bx3_by63"
"CUFES:199804:JD:369",4,"bx3_by63"
"CUFES:199804:JD:370",4,"bx3_by63"
"CUFES:199804:JD:371",4,"bx3_by63"
"CUFES:199804:JD:372",4,"bx2_by63"
"CUFES:199804:JD:373",4,"bx2_by63"
"CUFES:199804:JD:374",4,"bx2_by63"
"CUFES:199804:JD:375",4,"bx2_by63"
"CUFES:199804:JD:376",4,"bx2_by63"
"CUFES:199804:JD:377",4,"bx2_by63"
"CUFES:199804:JD:4",2,"bx7_by60"
"CUFES:199804:JD:472",4,"bx2_by64"
"CUFES:199804:JD:5",2,"bx7_by60"
"CUFES:199804:JD:6",2,"bx7_by60"
"CUFES:199804:JD:660",4,"bx2_by63"
"CUFES:199804:JD:661",4,"bx2_by63"
"CUFES:199804:JD:662",4,"bx2_by63"
"CUFES:199804:JD:663",3,"bx2_by62"
"CUFES:199804:JD:664",3,"bx2_by62"
"CUFES:199804:JD:665",3,"bx2_by62"
"CUFES:199804:JD:666",4,"bx3_by62"
"CUFES:199804:JD:667",4,"bx3_by62"
"CUFES:199804:JD:668",4,"bx3_by62"
"CUFES:199804:JD:669",4,"bx3_by62"
"CUFES:199804:JD:670",4,"bx3_by62"
"CUFES:199804:JD:671",4,"bx3_by62"
"CUFES:199804:JD:672",4,"bx3_by62"
"CUFES:199804:JD:673",4,"bx4_by62"
"CUFES:199804:JD:674",4,"bx4_by62"
"CUFES:199804:JD:675",4,"bx4_by62"
"CUFES:199804:JD:676",3,"bx4_by61"
"CUFES:199804:JD:677",3,"bx4_by61"
"CUFES:199804:JD:678",3,"bx4_by61"
"CUFES:199804:JD:679",3,"bx4_by61"
"CUFES:199804:JD:680",3,"bx5_by61"
"CUFES:199804:JD:681",3,"bx5_by61"
"CUFES:199804:JD:682",3,"bx5_by61"
"CUFES:199804:JD:683",3,"bx5_by61"
"CUFES:199804:JD:684",3,"bx5_by61"
"CUFES:199804:JD:685",3,"bx5_by61"
"CUFES:199804:JD:686",3,"bx5_by61"
"CUFES:199804:JD:687",3,"bx6_by61"
"CUFES:199804:JD:688",3,"bx6_by61"
"CUFES:199804:JD:7",2,"bx7_by60"
"CUFES:199804:JD:8",2,"bx6_by60"
"CUFES:199804:JD:9",2,"bx6_by60"
"CUFES:199805:JD:1",2,"bx7_by60"
"CUFES:199805:JD:10",2,"bx6_by60"
"CUFES:199805:JD:11",3,"bx6_by61"
"CUFES:199805:JD:12",3,"bx6_by61"
"CUFES:199805:JD:13",3,"bx5_by61"
"CUFES:199805:JD:14",3,"bx5_by61"
"CUFES:199805:JD:15",3,"bx5_by61"
"CUFES:199805:JD:16",3,"bx5_by61"
"CUFES:199805:JD:17",3,"bx5_by61"
"CUFES:199805:JD:18",3,"bx5_by61"
"CUFES:199805:JD:19",3,"bx5_by61"
"CUFES:199805:JD:2",2,"bx7_by60"
"CUFES:199805:JD:20",3,"bx5_by61"
"CUFES:199805:JD:21",3,"bx4_by61"
"CUFES:199805:JD:22",3,"bx4_by61"
"CUFES:199805:JD:23",3,"bx4_by61"
"CUFES:199805:JD:24",3,"bx4_by61"
"CUFES:199805:JD:25",3,"bx4_by61"
"CUFES:199805:JD:26",4,"bx4_by62"
"CUFES:199805:JD:27",4,"bx4_by62"
"CUFES:199805:JD:28",4,"bx4_by62"
"CUFES:199805:JD:29",4,"bx3_by62"
"CUFES:199805:JD:3",2,"bx7_by60"
"CUFES:199805:JD:30",4,"bx3_by62"
"CUFES:199805:JD:31",4,"bx3_by62"
"CUFES:199805:JD:32",4,"bx3_by62"
"CUFES:199805:JD:33",4,"bx3_by62"
"CUFES:199805:JD:34",4,"bx3_by62"
"CUFES:199805:JD:35",4,"bx3_by62"
"CUFES:199805:JD:36",4,"bx3_by62"
"CUFES:199805:JD:37",3,"bx2_by62"
"CUFES:199805:JD:38",3,"bx2_by62"
"CUFES:199805:JD:39",4,"bx2_by63"
"CUFES:199805:JD:4",2,"bx7_by60"
"CUFES:199805:JD:40",4,"bx2_by63"
"CUFES:199805:JD:41",4,"bx2_by63"
"CUFES:199805:JD:42",4,"bx2_by63"
"CUFES:199805:JD:43",4,"bx2_by63"
"CUFES:199805:JD:44",4,"bx2_by63"
"CUFES:199805:JD:45",4,"bx2_by63"
"CUFES:199805:JD:46",4,"bx2_by63"
"CUFES:199805:JD:47",4,"bx2_by63"
"CUFES:199805:JD:48",4,"bx2_by63"
"CUFES:199805:JD:5",2,"bx7_by60"
"CUFES:199805:JD:6",2,"bx6_by60"
"CUFES:199805:JD:7",2,"bx6_by60"
"CUFES:199805:JD:8",2,"bx6_by60"
"CUFES:199805:JD:9",2,"bx6_by60"
"CUFES:199806:JD:100",4,"bx2_by63"
"CUFES:199806:JD:101",4,"bx2_by63"
"CUFES:199806:JD:102",4,"bx2_by63"
"CUFES:199806:JD:103",4,"bx2_by63"
"CUFES:199806:JD:104",4,"bx2_by63"
"CUFES:199806:JD:105",4,"bx2_by63"
"CUFES:199806:JD:106",4,"bx2_by63"
"CUFES:199806:JD:107",4,"bx2_by63"
"CUFES:199806:JD:108",4,"bx2_by63"
"CUFES:199806:JD:109",4,"bx2_by63"
"CUFES:199806:JD:110",4,"bx2_by63"
"CUFES:199806:JD:111",4,"bx2_by63"
"CUFES:199806:JD:113",4,"bx2_by63"
"CUFES:199806:JD:114",4,"bx2_by63"
"CUFES:199806:JD:115",4,"bx2_by63"
"CUFES:199806:JD:116",4,"bx2_by63"
"CUFES:199806:JD:117",4,"bx2_by63"
"CUFES:199806:JD:118",4,"bx2_by63"
"CUFES:199806:JD:119",4,"bx2_by63"
"CUFES:199806:JD:120",4,"bx2_by63"
"CUFES:199806:JD:121",4,"bx2_by63"
"CUFES:199806:JD:122",4,"bx2_by63"
"CUFES:199806:JD:123",4,"bx2_by63"
"CUFES:199806:JD:124",4,"bx2_by63"
"CUFES:199806:JD:125",4,"bx2_by63"
"CUFES:199806:JD:126",4,"bx2_by63"
"CUFES:199806:JD:127",4,"bx2_by63"
"CUFES:199806:JD:128",4,"bx2_by63"
"CUFES:199806:JD:129",4,"bx2_by63"
"CUFES:199806:JD:130",4,"bx2_by63"
"CUFES:199806:JD:131",4,"bx2_by63"
"CUFES:199806:JD:132",4,"bx2_by63"
"CUFES:199806:JD:133",4,"bx2_by63"
"CUFES:199806:JD:134",4,"bx2_by63"
"CUFES:199806:JD:135",4,"bx2_by63"
"CUFES:199806:JD:136",4,"bx2_by63"
"CUFES:199806:JD:137",4,"bx2_by63"
"CUFES:199806:JD:138",4,"bx2_by63"
"CUFES:199806:JD:139",4,"bx2_by63"
"CUFES:199806:JD:140",4,"bx2_by63"
"CUFES:199806:JD:141",4,"bx2_by63"
"CUFES:199806:JD:142",4,"bx2_by63"
"CUFES:199806:JD:143",4,"bx2_by63"
"CUFES:199806:JD:144",4,"bx2_by63"
"CUFES:199806:JD:145",4,"bx2_by63"
"CUFES:199806:JD:146",4,"bx2_by63"
"CUFES:199806:JD:147",4,"bx2_by63"
"CUFES:199806:JD:148",4,"bx2_by63"
"CUFES:199806:JD:149",4,"bx2_by63"
"CUFES:199806:JD:150",4,"bx2_by63"
"CUFES:199806:JD:151",4,"bx2_by63"
"CUFES:199806:JD:152",4,"bx2_by63"
"CUFES:199806:JD:153",4,"bx2_by63"
"CUFES:199806:JD:154",4,"bx2_by63"
"CUFES:199806:JD:155",4,"bx2_by63"
"CUFES:199806:JD:156",4,"bx2_by63"
"CUFES:199806:JD:157",4,"bx2_by63"
"CUFES:199806:JD:158",4,"bx2_by63"
"CUFES:199806:JD:159",4,"bx2_by63"
"CUFES:199806:JD:160",4,"bx2_by63"
"CUFES:199806:JD:161",4,"bx2_by63"
"CUFES:199806:JD:162",4,"bx2_by63"
"CUFES:199806:JD:163",4,"bx2_by63"
"CUFES:199806:JD:164",4,"bx2_by63"
"CUFES:199806:JD:165",4,"bx2_by63"
"CUFES:199806:JD:166",4,"bx2_by63"
"CUFES:199806:JD:167",4,"bx2_by63"
"CUFES:199806:JD:168",4,"bx2_by63"
"CUFES:199806:JD:169",4,"bx2_by63"
"CUFES:199806:JD:170",4,"bx2_by63"
"CUFES:199806:JD:171",4,"bx2_by63"
"CUFES:199806:JD:172",4,"bx2_by63"
"CUFES:199806:JD:173",4,"bx2_by63"
"CUFES:199806:JD:174",4,"bx2_by63"
"CUFES:199806:JD:175",4,"bx2_by63"
"CUFES:199806:JD:176",4,"bx2_by63"
"CUFES:199806:JD:177",4,"bx2_by63"
"CUFES:199806:JD:178",4,"bx2_by63"
"CUFES:199806:JD:179",4,"bx2_by63"
"CUFES:199806:JD:180",4,"bx2_by63"
"CUFES:199806:JD:181",4,"bx2_by63"
"CUFES:199806:JD:182",4,"bx2_by63"
"CUFES:199806:JD:183",4,"bx2_by63"
"CUFES:199806:JD:184",4,"bx2_by63"
"CUFES:199806:JD:185",4,"bx2_by63"
"CUFES:199806:JD:186",4,"bx2_by63"
"CUFES:199806:JD:187",4,"bx2_by63"
"CUFES:199806:JD:188",4,"bx2_by63"
"CUFES:199806:JD:189",4,"bx2_by63"
"CUFES:199806:JD:190",4,"bx2_by63"
"CUFES:199806:JD:191",4,"bx2_by63"
"CUFES:199806:JD:192",4,"bx2_by63"
"CUFES:199806:JD:193",4,"bx2_by63"
"CUFES:199806:JD:194",4,"bx2_by63"
"CUFES:199806:JD:195",4,"bx2_by63"
"CUFES:199806:JD:197",4,"bx2_by63"
"CUFES:199806:JD:198",4,"bx2_by63"
"CUFES:199806:JD:199",4,"bx2_by63"
"CUFES:199806:JD:200",4,"bx2_by63"
"CUFES:199806:JD:201",4,"bx2_by63"
"CUFES:199806:JD:202",4,"bx2_by63"
"CUFES:199806:JD:203",4,"bx2_by63"
"CUFES:199806:JD:204",4,"bx2_by63"
"CUFES:199806:JD:205",4,"bx2_by63"
"CUFES:199806:JD:206",4,"bx2_by63"
"CUFES:199806:JD:207",4,"bx2_by63"
"CUFES:199806:JD:208",4,"bx2_by63"
"CUFES:199806:JD:209",4,"bx2_by63"
"CUFES:199806:JD:210",4,"bx2_by63"
"CUFES:199806:JD:211",4,"bx2_by63"
"CUFES:199806:JD:212",4,"bx2_by63"
"CUFES:199806:JD:213",4,"bx2_by63"
"CUFES:199806:JD:214",4,"bx2_by63"
"CUFES:199806:JD:215",4,"bx2_by63"
"CUFES:199806:JD:216",4,"bx2_by63"
"CUFES:199806:JD:217",4,"bx2_by63"
"CUFES:199806:JD:218",4,"bx2_by63"
"CUFES:199806:JD:219",4,"bx2_by63"
"CUFES:199806:JD:220",4,"bx2_by63"
"CUFES:199806:JD:221",4,"bx2_by63"
"CUFES:199806:JD:222",4,"bx2_by63"
"CUFES:199806:JD:223",4,"bx2_by63"
"CUFES:199806:JD:224",4,"bx2_by63"
"CUFES:199806:JD:225",4,"bx2_by63"
"CUFES:199806:JD:226",4,"bx2_by63"
"CUFES:199806:JD:227",4,"bx2_by63"
"CUFES:199806:JD:228",4,"bx2_by63"
"CUFES:199806:JD:229",4,"bx2_by63"
"CUFES:199806:JD:230",4,"bx2_by63"
"CUFES:199806:JD:231",4,"bx2_by63"
"CUFES:199806:JD:232",4,"bx2_by63"
"CUFES:199806:JD:233",4,"bx2_by63"
"CUFES:199806:JD:234",4,"bx2_by63"
"CUFES:199806:JD:235",4,"bx2_by63"
"CUFES:199806:JD:236",4,"bx2_by63"
"CUFES:199806:JD:237",4,"bx2_by63"
"CUFES:199806:JD:238",4,"bx2_by63"
"CUFES:199806:JD:239",4,"bx2_by63"
"CUFES:199806:JD:240",4,"bx2_by63"
"CUFES:199806:JD:241",4,"bx2_by63"
"CUFES:199806:JD:242",4,"bx2_by63"
"CUFES:199806:JD:243",4,"bx2_by63"
"CUFES:199806:JD:244",4,"bx2_by63"
"CUFES:199806:JD:245",4,"bx2_by63"
"CUFES:199806:JD:246",4,"bx2_by63"
"CUFES:199806:JD:247",4,"bx2_by63"
"CUFES:199806:JD:248",4,"bx2_by63"
"CUFES:199806:JD:249",4,"bx2_by63"
"CUFES:199806:JD:25",4,"bx2_by64"
"CUFES:199806:JD:250",4,"bx2_by63"
"CUFES:199806:JD:251",4,"bx2_by63"
"CUFES:199806:JD:252",4,"bx2_by63"
"CUFES:199806:JD:253",4,"bx2_by63"
"CUFES:199806:JD:254",4,"bx2_by63"
"CUFES:199806:JD:255",4,"bx2_by63"
"CUFES:199806:JD:256",4,"bx2_by63"
"CUFES:199806:JD:257",4,"bx2_by63"
"CUFES:199806:JD:258",4,"bx2_by63"
"CUFES:199806:JD:259",4,"bx2_by63"
"CUFES:199806:JD:26",4,"bx2_by64"
"CUFES:199806:JD:260",4,"bx2_by63"
"CUFES:199806:JD:261",4,"bx2_by63"
"CUFES:199806:JD:262",4,"bx2_by63"
"CUFES:199806:JD:263",4,"bx2_by63"
"CUFES:199806:JD:264",4,"bx2_by63"
"CUFES:199806:JD:265",4,"bx2_by63"
"CUFES:199806:JD:266",4,"bx2_by63"
"CUFES:199806:JD:267",4,"bx2_by63"
"CUFES:199806:JD:268",4,"bx2_by63"
"CUFES:199806:JD:269",4,"bx2_by64"
"CUFES:199806:JD:27",4,"bx2_by64"
"CUFES:199806:JD:270",4,"bx2_by64"
"CUFES:199806:JD:271",4,"bx2_by64"
"CUFES:199806:JD:272",4,"bx2_by63"
"CUFES:199806:JD:273",4,"bx2_by63"
"CUFES:199806:JD:274",4,"bx2_by63"
"CUFES:199806:JD:275",4,"bx2_by63"
"CUFES:199806:JD:276",4,"bx2_by63"
"CUFES:199806:JD:277",4,"bx2_by63"
"CUFES:199806:JD:278",4,"bx2_by63"
"CUFES:199806:JD:279",4,"bx2_by63"
"CUFES:199806:JD:28",4,"bx2_by64"
"CUFES:199806:JD:280",4,"bx2_by63"
"CUFES:199806:JD:281",4,"bx2_by63"
"CUFES:199806:JD:282",4,"bx2_by63"
"CUFES:199806:JD:283",4,"bx2_by63"
"CUFES:199806:JD:284",4,"bx2_by63"
"CUFES:199806:JD:285",4,"bx2_by63"
"CUFES:199806:JD:286",4,"bx2_by63"
"CUFES:199806:JD:287",4,"bx2_by63"
"CUFES:199806:JD:288",4,"bx2_by63"
"CUFES:199806:JD:289",4,"bx3_by63"
"CUFES:199806:JD:29",4,"bx2_by64"
"CUFES:199806:JD:290",4,"bx3_by63"
"CUFES:199806:JD:291",4,"bx3_by63"
"CUFES:199806:JD:292",4,"bx3_by63"
"CUFES:199806:JD:293",4,"bx3_by63"
"CUFES:199806:JD:294",4,"bx3_by63"
"CUFES:199806:JD:295",4,"bx3_by63"
"CUFES:199806:JD:296",4,"bx4_by62"
"CUFES:199806:JD:297",4,"bx4_by62"
"CUFES:199806:JD:298",4,"bx4_by62"
"CUFES:199806:JD:299",4,"bx4_by62"
"CUFES:199806:JD:300",4,"bx4_by62"
"CUFES:199806:JD:303",4,"bx4_by62"
"CUFES:199806:JD:306",4,"bx4_by62"
"CUFES:199806:JD:307",4,"bx4_by62"
"CUFES:199806:JD:314",4,"bx4_by62"
"CUFES:199806:JD:315",4,"bx4_by62"
"CUFES:199806:JD:316",4,"bx4_by62"
"CUFES:199806:JD:317",4,"bx4_by62"
"CUFES:199806:JD:318",4,"bx4_by62"
"CUFES:199806:JD:319",4,"bx4_by62"
"CUFES:199806:JD:320",4,"bx4_by62"
"CUFES:199806:JD:321",4,"bx4_by62"
"CUFES:199806:JD:322",4,"bx4_by62"
"CUFES:199806:JD:323",4,"bx4_by62"
"CUFES:199806:JD:324",4,"bx4_by62"
"CUFES:199806:JD:325",4,"bx4_by62"
"CUFES:199806:JD:326",4,"bx4_by62"
"CUFES:199806:JD:327",4,"bx4_by62"
"CUFES:199806:JD:328",4,"bx4_by62"
"CUFES:199806:JD:329",4,"bx4_by62"
"CUFES:199806:JD:330",4,"bx4_by62"
"CUFES:199806:JD:331",4,"bx4_by62"
"CUFES:199806:JD:332",4,"bx4_by62"
"CUFES:199806:JD:333",4,"bx4_by62"
"CUFES:199806:JD:334",4,"bx4_by62"
"CUFES:199806:JD:335",4,"bx4_by62"
"CUFES:199806:JD:336",4,"bx4_by62"
"CUFES:199806:JD:337",4,"bx4_by62"
"CUFES:199806:JD:338",4,"bx4_by62"
"CUFES:199806:JD:339",4,"bx4_by62"
"CUFES:199806:JD:340",4,"bx4_by62"
"CUFES:199806:JD:341",4,"bx4_by62"
"CUFES:199806:JD:342",4,"bx4_by62"
"CUFES:199806:JD:343",4,"bx4_by62"
"CUFES:199806:JD:344",4,"bx4_by62"
"CUFES:199806:JD:345",4,"bx4_by62"
"CUFES:199806:JD:346",4,"bx4_by62"
"CUFES:199806:JD:347",4,"bx4_by62"
"CUFES:199806:JD:348",4,"bx4_by62"
"CUFES:199806:JD:349",4,"bx4_by62"
"CUFES:199806:JD:350",4,"bx4_by62"
"CUFES:199806:JD:351",4,"bx4_by62"
"CUFES:199806:JD:352",4,"bx4_by62"
"CUFES:199806:JD:353",4,"bx4_by62"
"CUFES:199806:JD:354",4,"bx4_by62"
"CUFES:199806:JD:355",4,"bx4_by62"
"CUFES:199806:JD:356",4,"bx4_by62"
"CUFES:199806:JD:357",4,"bx4_by62"
"CUFES:199806:JD:358",4,"bx4_by62"
"CUFES:199806:JD:359",4,"bx4_by62"
"CUFES:199806:JD:360",4,"bx4_by62"
"CUFES:199806:JD:361",4,"bx4_by62"
"CUFES:199806:JD:362",4,"bx4_by62"
"CUFES:199806:JD:363",4,"bx4_by62"
"CUFES:199806:JD:364",4,"bx4_by62"
"CUFES:199806:JD:365",4,"bx4_by62"
"CUFES:199806:JD:366",4,"bx4_by62"
"CUFES:199806:JD:367",4,"bx4_by62"
"CUFES:199806:JD:368",4,"bx4_by62"
"CUFES:199806:JD:369",4,"bx4_by62"
"CUFES:199806:JD:370",4,"bx4_by62"
"CUFES:199806:JD:371",4,"bx4_by62"
"CUFES:199806:JD:372",4,"bx4_by62"
"CUFES:199806:JD:373",4,"bx4_by62"
"CUFES:199806:JD:374",4,"bx4_by62"
"CUFES:199806:JD:375",4,"bx4_by62"
"CUFES:199806:JD:376",4,"bx4_by62"
"CUFES:199806:JD:377",4,"bx4_by62"
"CUFES:199806:JD:378",4,"bx4_by62"
"CUFES:199806:JD:379",4,"bx4_by62"
"CUFES:199806:JD:380",4,"bx4_by62"
"CUFES:199806:JD:381",4,"bx4_by62"
"CUFES:199806:JD:382",4,"bx4_by62"
"CUFES:199806:JD:383",4,"bx4_by62"
"CUFES:199806:JD:384",4,"bx4_by62"
"CUFES:199806:JD:385",4,"bx4_by62"
"CUFES:199806:JD:386",4,"bx4_by62"
"CUFES:199806:JD:387",4,"bx4_by62"
"CUFES:199806:JD:388",4,"bx4_by62"
"CUFES:199806:JD:389",4,"bx4_by62"
"CUFES:199806:JD:390",4,"bx4_by62"
"CUFES:199806:JD:391",4,"bx4_by62"
"CUFES:199806:JD:392",4,"bx4_by62"
"CUFES:199806:JD:393",4,"bx4_by62"
"CUFES:199806:JD:394",4,"bx4_by62"
"CUFES:199806:JD:395",4,"bx4_by62"
"CUFES:199806:JD:396",4,"bx4_by62"
"CUFES:199806:JD:397",4,"bx4_by62"
"CUFES:199806:JD:398",4,"bx4_by62"
"CUFES:199806:JD:399",4,"bx4_by62"
"CUFES:199806:JD:400",4,"bx4_by62"
"CUFES:199806:JD:401",4,"bx4_by62"
"CUFES:199806:JD:402",4,"bx4_by62"
"CUFES:199806:JD:403",4,"bx4_by62"
"CUFES:199806:JD:404",4,"bx4_by62"
"CUFES:199806:JD:405",4,"bx4_by62"
"CUFES:199806:JD:406",4,"bx4_by62"
"CUFES:199806:JD:407",4,"bx4_by62"
"CUFES:199806:JD:408",4,"bx4_by62"
"CUFES:199806:JD:409",4,"bx4_by62"
"CUFES:199806:JD:410",4,"bx4_by62"
"CUFES:199806:JD:411",4,"bx4_by62"
"CUFES:199806:JD:412",4,"bx4_by62"
"CUFES:199806:JD:413",4,"bx4_by62"
"CUFES:199806:JD:414",4,"bx4_by62"
"CUFES:199806:JD:415",4,"bx4_by62"
"CUFES:199806:JD:416",4,"bx4_by62"
"CUFES:199806:JD:417",4,"bx4_by62"
"CUFES:199806:JD:418",4,"bx4_by62"
"CUFES:199806:JD:419",4,"bx4_by62"
"CUFES:199806:JD:420",4,"bx4_by62"
"CUFES:199806:JD:421",4,"bx4_by62"
"CUFES:199806:JD:422",4,"bx4_by62"
"CUFES:199806:JD:423",4,"bx4_by62"
"CUFES:199806:JD:424",4,"bx4_by62"
"CUFES:199806:JD:425",4,"bx4_by62"
"CUFES:199806:JD:426",4,"bx4_by62"
"CUFES:199806:JD:427",4,"bx4_by62"
"CUFES:199806:JD:428",4,"bx4_by62"
"CUFES:199806:JD:429",4,"bx4_by62"
"CUFES:199806:JD:430",4,"bx4_by62"
"CUFES:199806:JD:431",4,"bx5_by62"
"CUFES:199806:JD:432",4,"bx5_by62"
"CUFES:199806:JD:433",4,"bx5_by62"
"CUFES:199806:JD:434",4,"bx5_by62"
"CUFES:199806:JD:435",4,"bx5_by62"
"CUFES:199806:JD:436",4,"bx5_by62"
"CUFES:199806:JD:437",4,"bx5_by62"
"CUFES:199806:JD:438",4,"bx5_by62"
"CUFES:199806:JD:439",4,"bx5_by62"
"CUFES:199806:JD:440",4,"bx5_by62"
"CUFES:199806:JD:441",4,"bx5_by62"
"CUFES:199806:JD:442",4,"bx5_by62"
"CUFES:199806:JD:443",4,"bx5_by62"
"CUFES:199806:JD:444",4,"bx5_by62"
"CUFES:199806:JD:445",4,"bx5_by62"
"CUFES:199806:JD:446",4,"bx5_by62"
"CUFES:199806:JD:447",4,"bx5_by62"
"CUFES:199806:JD:448",4,"bx5_by62"
"CUFES:199806:JD:449",4,"bx5_by62"
"CUFES:199806:JD:450",4,"bx5_by62"
"CUFES:199806:JD:452",4,"bx5_by62"
"CUFES:199806:JD:453",4,"bx5_by62"
"CUFES:199806:JD:454",4,"bx5_by62"
"CUFES:199806:JD:455",4,"bx5_by62"
"CUFES:199806:JD:456",4,"bx5_by62"
"CUFES:199806:JD:457",4,"bx5_by62"
"CUFES:199806:JD:458",4,"bx5_by62"
"CUFES:199806:JD:459",4,"bx5_by62"
"CUFES:199806:JD:460",4,"bx5_by62"
"CUFES:199806:JD:461",4,"bx5_by62"
"CUFES:199806:JD:462",4,"bx5_by62"
"CUFES:199806:JD:463",4,"bx5_by62"
"CUFES:199806:JD:464",4,"bx5_by62"
"CUFES:199806:JD:465",4,"bx5_by62"
"CUFES:199806:JD:466",4,"bx5_by62"
"CUFES:199806:JD:467",4,"bx5_by62"
"CUFES:199806:JD:468",4,"bx5_by62"
"CUFES:199806:JD:469",4,"bx5_by62"
"CUFES:199806:JD:472",4,"bx5_by62"
"CUFES:199806:JD:49",4,"bx2_by63"
"CUFES:199806:JD:493",4,"bx5_by62"
"CUFES:199806:JD:494",4,"bx5_by62"
"CUFES:199806:JD:495",4,"bx5_by62"
"CUFES:199806:JD:496",4,"bx5_by62"
"CUFES:199806:JD:497",4,"bx5_by62"
"CUFES:199806:JD:498",4,"bx5_by62"
"CUFES:199806:JD:499",4,"bx5_by62"
"CUFES:199806:JD:50",4,"bx2_by63"
"CUFES:199806:JD:500",4,"bx5_by62"
"CUFES:199806:JD:501",4,"bx5_by62"
"CUFES:199806:JD:502",4,"bx5_by62"
"CUFES:199806:JD:503",4,"bx5_by62"
"CUFES:199806:JD:504",4,"bx5_by62"
"CUFES:199806:JD:505",4,"bx5_by62"
"CUFES:199806:JD:506",4,"bx5_by62"
"CUFES:199806:JD:507",4,"bx5_by62"
"CUFES:199806:JD:508",4,"bx5_by62"
"CUFES:199806:JD:509",4,"bx5_by62"
"CUFES:199806:JD:510",4,"bx5_by62"
"CUFES:199806:JD:511",4,"bx5_by62"
"CUFES:199806:JD:512",4,"bx5_by62"
"CUFES:199806:JD:513",4,"bx5_by62"
"CUFES:199806:JD:514",4,"bx5_by62"
"CUFES:199806:JD:515",4,"bx5_by62"
"CUFES:199806:JD:516",4,"bx5_by62"
"CUFES:199806:JD:517",4,"bx5_by62"
"CUFES:199806:JD:518",4,"bx5_by62"
"CUFES:199806:JD:519",4,"bx5_by62"
"CUFES:199806:JD:520",4,"bx5_by62"
"CUFES:199806:JD:521",4,"bx5_by62"
"CUFES:199806:JD:522",4,"bx5_by62"
"CUFES:199806:JD:523",4,"bx5_by62"
"CUFES:199806:JD:524",4,"bx5_by62"
"CUFES:199806:JD:525",4,"bx5_by62"
"CUFES:199806:JD:526",4,"bx5_by62"
"CUFES:199806:JD:527",4,"bx5_by62"
"CUFES:199806:JD:528",4,"bx5_by62"
"CUFES:199806:JD:529",4,"bx5_by62"
"CUFES:199806:JD:530",4,"bx5_by62"
"CUFES:199806:JD:531",4,"bx5_by62"
"CUFES:199806:JD:532",4,"bx5_by62"
"CUFES:199806:JD:533",4,"bx5_by62"
"CUFES:199806:JD:534",4,"bx5_by62"
"CUFES:199806:JD:535",4,"bx5_by62"
"CUFES:199806:JD:536",4,"bx5_by62"
"CUFES:199806:JD:537",4,"bx5_by62"
"CUFES:199806:JD:538",4,"bx5_by62"
"CUFES:199806:JD:539",4,"bx5_by62"
"CUFES:199806:JD:540",4,"bx5_by62"
"CUFES:199806:JD:541",4,"bx5_by62"
"CUFES:199806:JD:542",4,"bx5_by62"
"CUFES:199806:JD:543",4,"bx5_by62"
"CUFES:199806:JD:544",4,"bx5_by62"
"CUFES:199806:JD:545",4,"bx5_by62"
"CUFES:199806:JD:546",4,"bx5_by62"
"CUFES:199806:JD:547",4,"bx5_by62"
"CUFES:199806:JD:548",4,"bx5_by62"
"CUFES:199806:JD:549",4,"bx5_by62"
"CUFES:199806:JD:550",4,"bx5_by62"
"CUFES:199806:JD:551",4,"bx5_by62"
"CUFES:199806:JD:552",4,"bx5_by62"
"CUFES:199806:JD:553",4,"bx5_by62"
"CUFES:199806:JD:554",4,"bx5_by62"
"CUFES:199806:JD:555",4,"bx5_by62"
"CUFES:199806:JD:556",4,"bx5_by62"
"CUFES:199806:JD:557",4,"bx5_by62"
"CUFES:199806:JD:558",4,"bx5_by62"
"CUFES:199806:JD:559",4,"bx5_by62"
"CUFES:199806:JD:56",4,"bx2_by63"
"CUFES:199806:JD:560",4,"bx5_by62"
"CUFES:199806:JD:561",4,"bx5_by62"
"CUFES:199806:JD:562",4,"bx5_by62"
"CUFES:199806:JD:563",4,"bx5_by62"
"CUFES:199806:JD:564",4,"bx5_by62"
"CUFES:199806:JD:565",4,"bx5_by62"
"CUFES:199806:JD:566",4,"bx5_by62"
"CUFES:199806:JD:567",4,"bx5_by62"
"CUFES:199806:JD:568",4,"bx5_by62"
"CUFES:199806:JD:569",4,"bx5_by62"
"CUFES:199806:JD:570",4,"bx5_by62"
"CUFES:199806:JD:571",4,"bx5_by62"
"CUFES:199806:JD:572",4,"bx5_by62"
"CUFES:199806:JD:573",4,"bx5_by62"
"CUFES:199806:JD:574",4,"bx5_by62"
"CUFES:199806:JD:575",4,"bx5_by62"
"CUFES:199806:JD:576",4,"bx5_by62"
"CUFES:199806:JD:577",4,"bx5_by62"
"CUFES:199806:JD:578",4,"bx5_by62"
"CUFES:199806:JD:579",4,"bx5_by62"
"CUFES:199806:JD:580",4,"bx5_by62"
"CUFES:199806:JD:581",4,"bx5_by62"
"CUFES:199806:JD:582",4,"bx5_by62"
"CUFES:199806:JD:584",4,"bx5_by62"
"CUFES:199806:JD:585",4,"bx5_by62"
"CUFES:199806:JD:586",4,"bx5_by62"
"CUFES:199806:JD:587",4,"bx5_by62"
"CUFES:199806:JD:588",4,"bx5_by62"
"CUFES:199806:JD:589",4,"bx5_by62"
"CUFES:199806:JD:590",4,"bx5_by62"
"CUFES:199806:JD:591",4,"bx5_by62"
"CUFES:199806:JD:592",4,"bx5_by62"
"CUFES:199806:JD:593",4,"bx5_by62"
"CUFES:199806:JD:594",4,"bx5_by62"
"CUFES:199806:JD:595",4,"bx5_by62"
"CUFES:199806:JD:596",4,"bx5_by62"
"CUFES:199806:JD:597",4,"bx5_by62"
"CUFES:199806:JD:598",4,"bx5_by62"
"CUFES:199806:JD:599",4,"bx5_by62"
"CUFES:199806:JD:600",4,"bx5_by62"
"CUFES:199806:JD:601",4,"bx5_by62"
"CUFES:199806:JD:602",4,"bx5_by62"
"CUFES:199806:JD:603",4,"bx5_by62"
"CUFES:199806:JD:604",4,"bx5_by62"
"CUFES:199806:JD:605",4,"bx5_by62"
"CUFES:199806:JD:606",4,"bx5_by62"
"CUFES:199806:JD:607",4,"bx5_by62"
"CUFES:199806:JD:608",4,"bx5_by62"
"CUFES:199806:JD:609",4,"bx5_by62"
"CUFES:199806:JD:610",4,"bx5_by62"
"CUFES:199806:JD:611",4,"bx5_by62"
"CUFES:199806:JD:612",4,"bx5_by62"
"CUFES:199806:JD:613",4,"bx5_by62"
"CUFES:199806:JD:614",4,"bx5_by62"
"CUFES:199806:JD:615",4,"bx5_by62"
"CUFES:199806:JD:616",4,"bx5_by62"
"CUFES:199806:JD:617",4,"bx5_by62"
"CUFES:199806:JD:618",4,"bx5_by62"
"CUFES:199806:JD:619",4,"bx5_by62"
"CUFES:199806:JD:62",4,"bx2_by63"
"CUFES:199806:JD:620",4,"bx5_by62"
"CUFES:199806:JD:621",4,"bx5_by62"
"CUFES:199806:JD:623",4,"bx5_by62"
"CUFES:199806:JD:624",4,"bx5_by62"
"CUFES:199806:JD:625",4,"bx5_by62"
"CUFES:199806:JD:626",4,"bx5_by62"
"CUFES:199806:JD:627",4,"bx5_by62"
"CUFES:199806:JD:628",4,"bx5_by62"
"CUFES:199806:JD:629",4,"bx5_by62"
"CUFES:199806:JD:63",4,"bx2_by63"
"CUFES:199806:JD:630",4,"bx5_by62"
"CUFES:199806:JD:631",4,"bx5_by62"
"CUFES:199806:JD:632",4,"bx5_by62"
"CUFES:199806:JD:633",4,"bx5_by62"
"CUFES:199806:JD:634",4,"bx5_by62"
"CUFES:199806:JD:635",4,"bx5_by62"
"CUFES:199806:JD:636",4,"bx5_by62"
"CUFES:199806:JD:637",4,"bx5_by62"
"CUFES:199806:JD:638",4,"bx5_by62"
"CUFES:199806:JD:639",4,"bx5_by62"
"CUFES:199806:JD:64",4,"bx2_by63"
"CUFES:199806:JD:640",4,"bx5_by62"
"CUFES:199806:JD:641",4,"bx5_by62"
"CUFES:199806:JD:642",4,"bx5_by62"
"CUFES:199806:JD:643",4,"bx5_by62"
"CUFES:199806:JD:644",4,"bx5_by62"
"CUFES:199806:JD:645",4,"bx5_by62"
"CUFES:199806:JD:646",4,"bx5_by62"
"CUFES:199806:JD:647",4,"bx5_by62"
"CUFES:199806:JD:648",4,"bx5_by62"
"CUFES:199806:JD:649",4,"bx5_by62"
"CUFES:199806:JD:65",4,"bx2_by63"
"CUFES:199806:JD:650",4,"bx5_by62"
"CUFES:199806:JD:651",4,"bx5_by62"
"CUFES:199806:JD:652",4,"bx5_by62"
"CUFES:199806:JD:653",4,"bx5_by62"
"CUFES:199806:JD:654",4,"bx5_by62"
"CUFES:199806:JD:655",4,"bx5_by62"
"CUFES:199806:JD:656",4,"bx5_by62"
"CUFES:199806:JD:657",4,"bx5_by62"
"CUFES:199806:JD:658",4,"bx5_by62"
"CUFES:199806:JD:659",4,"bx5_by62"
"CUFES:199806:JD:66",4,"bx2_by63"
"CUFES:199806:JD:660",4,"bx5_by62"
"CUFES:199806:JD:661",4,"bx5_by62"
"CUFES:199806:JD:662",4,"bx5_by62"
"CUFES:199806:JD:663",4,"bx5_by62"
"CUFES:199806:JD:664",4,"bx5_by62"
"CUFES:199806:JD:665",4,"bx5_by62"
"CUFES:199806:JD:667",4,"bx4_by62"
"CUFES:199806:JD:668",4,"bx4_by62"
"CUFES:199806:JD:669",4,"bx4_by62"
"CUFES:199806:JD:67",4,"bx2_by63"
"CUFES:199806:JD:670",4,"bx4_by62"
"CUFES:199806:JD:671",4,"bx4_by62"
"CUFES:199806:JD:672",4,"bx4_by62"
"CUFES:199806:JD:673",4,"bx4_by62"
"CUFES:199806:JD:674",4,"bx4_by62"
"CUFES:199806:JD:675",4,"bx4_by62"
"CUFES:199806:JD:676",4,"bx4_by62"
"CUFES:199806:JD:677",4,"bx4_by62"
"CUFES:199806:JD:678",4,"bx4_by62"
"CUFES:199806:JD:679",4,"bx4_by62"
"CUFES:199806:JD:68",4,"bx2_by63"
"CUFES:199806:JD:680",4,"bx4_by62"
"CUFES:199806:JD:681",4,"bx4_by62"
"CUFES:199806:JD:682",4,"bx4_by62"
"CUFES:199806:JD:683",4,"bx3_by62"
"CUFES:199806:JD:684",4,"bx3_by62"
"CUFES:199806:JD:685",4,"bx3_by62"
"CUFES:199806:JD:686",4,"bx3_by62"
"CUFES:199806:JD:687",4,"bx3_by62"
"CUFES:199806:JD:688",4,"bx3_by62"
"CUFES:199806:JD:689",4,"bx3_by62"
"CUFES:199806:JD:69",4,"bx2_by63"
"CUFES:199806:JD:696",4,"bx3_by62"
"CUFES:199806:JD:697",4,"bx3_by62"
"CUFES:199806:JD:699",4,"bx3_by62"
"CUFES:199806:JD:70",4,"bx2_by63"
"CUFES:199806:JD:701",3,"bx2_by62"
"CUFES:199806:JD:702",3,"bx2_by62"
"CUFES:199806:JD:703",4,"bx3_by62"
"CUFES:199806:JD:704",4,"bx3_by62"
"CUFES:199806:JD:705",4,"bx3_by62"
"CUFES:199806:JD:706",4,"bx3_by62"
"CUFES:199806:JD:707",4,"bx3_by62"
"CUFES:199806:JD:708",4,"bx3_by62"
"CUFES:199806:JD:709",4,"bx3_by62"
"CUFES:199806:JD:71",4,"bx2_by63"
"CUFES:199806:JD:710",4,"bx3_by62"
"CUFES:199806:JD:713",4,"bx3_by62"
"CUFES:199806:JD:714",4,"bx3_by62"
"CUFES:199806:JD:715",4,"bx3_by62"
"CUFES:199806:JD:716",4,"bx3_by62"
"CUFES:199806:JD:717",4,"bx3_by62"
"CUFES:199806:JD:718",4,"bx3_by62"
"CUFES:199806:JD:719",4,"bx3_by62"
"CUFES:199806:JD:72",4,"bx2_by63"
"CUFES:199806:JD:720",4,"bx3_by62"
"CUFES:199806:JD:722",4,"bx3_by62"
"CUFES:199806:JD:723",3,"bx2_by62"
"CUFES:199806:JD:724",3,"bx2_by62"
"CUFES:199806:JD:725",3,"bx2_by62"
"CUFES:199806:JD:726",4,"bx3_by62"
"CUFES:199806:JD:727",4,"bx3_by62"
"CUFES:199806:JD:728",4,"bx3_by62"
"CUFES:199806:JD:729",4,"bx3_by62"
"CUFES:199806:JD:73",4,"bx2_by63"
"CUFES:199806:JD:730",4,"bx3_by62"
"CUFES:199806:JD:731",4,"bx3_by62"
"CUFES:199806:JD:732",4,"bx3_by62"
"CUFES:199806:JD:733",4,"bx3_by62"
"CUFES:199806:JD:734",4,"bx3_by62"
"CUFES:199806:JD:736",4,"bx3_by62"
"CUFES:199806:JD:737",4,"bx3_by62"
"CUFES:199806:JD:738",4,"bx3_by62"
"CUFES:199806:JD:739",4,"bx3_by62"
"CUFES:199806:JD:74",4,"bx2_by63"
"CUFES:199806:JD:740",4,"bx3_by62"
"CUFES:199806:JD:741",4,"bx3_by62"
"CUFES:199806:JD:742",4,"bx3_by62"
"CUFES:199806:JD:743",4,"bx3_by62"
"CUFES:199806:JD:744",4,"bx3_by62"
"CUFES:199806:JD:745",4,"bx3_by62"
"CUFES:199806:JD:746",4,"bx3_by62"
"CUFES:199806:JD:747",4,"bx3_by62"
"CUFES:199806:JD:748",3,"bx2_by62"
"CUFES:199806:JD:749",3,"bx2_by62"
"CUFES:199806:JD:75",4,"bx2_by63"
"CUFES:199806:JD:750",3,"bx2_by62"
"CUFES:199806:JD:751",4,"bx3_by62"
"CUFES:199806:JD:752",4,"bx3_by62"
"CUFES:199806:JD:753",4,"bx3_by62"
"CUFES:199806:JD:754",4,"bx3_by62"
"CUFES:199806:JD:755",4,"bx3_by62"
"CUFES:199806:JD:756",4,"bx3_by62"
"CUFES:199806:JD:757",4,"bx3_by62"
"CUFES:199806:JD:758",4,"bx3_by62"
"CUFES:199806:JD:759",4,"bx3_by62"
"CUFES:199806:JD:76",4,"bx2_by63"
"CUFES:199806:JD:760",4,"bx3_by62"
"CUFES:199806:JD:761",4,"bx3_by62"
"CUFES:199806:JD:762",4,"bx3_by62"
"CUFES:199806:JD:763",4,"bx3_by62"
"CUFES:199806:JD:764",4,"bx3_by62"
"CUFES:199806:JD:765",4,"bx3_by62"
"CUFES:199806:JD:766",4,"bx3_by62"
"CUFES:199806:JD:767",4,"bx3_by62"
"CUFES:199806:JD:768",4,"bx3_by62"
"CUFES:199806:JD:769",4,"bx3_by62"
"CUFES:199806:JD:77",4,"bx2_by63"
"CUFES:199806:JD:770",4,"bx3_by62"
"CUFES:199806:JD:771",4,"bx3_by62"
"CUFES:199806:JD:772",4,"bx3_by62"
"CUFES:199806:JD:773",4,"bx3_by62"
"CUFES:199806:JD:774",3,"bx2_by62"
"CUFES:199806:JD:775",3,"bx2_by62"
"CUFES:199806:JD:776",3,"bx2_by62"
"CUFES:199806:JD:777",3,"bx2_by62"
"CUFES:199806:JD:778",3,"bx2_by62"
"CUFES:199806:JD:779",4,"bx3_by62"
"CUFES:199806:JD:78",4,"bx2_by63"
"CUFES:199806:JD:780",4,"bx3_by62"
"CUFES:199806:JD:781",4,"bx3_by62"
"CUFES:199806:JD:782",4,"bx3_by62"
"CUFES:199806:JD:783",4,"bx3_by62"
"CUFES:199806:JD:784",4,"bx3_by62"
"CUFES:199806:JD:785",4,"bx3_by62"
"CUFES:199806:JD:786",4,"bx3_by62"
"CUFES:199806:JD:787",4,"bx3_by62"
"CUFES:199806:JD:788",4,"bx3_by62"
"CUFES:199806:JD:789",4,"bx3_by62"
"CUFES:199806:JD:79",4,"bx2_by63"
"CUFES:199806:JD:790",4,"bx3_by62"
"CUFES:199806:JD:791",4,"bx3_by62"
"CUFES:199806:JD:792",4,"bx3_by62"
"CUFES:199806:JD:793",4,"bx3_by62"
"CUFES:199806:JD:794",4,"bx3_by62"
"CUFES:199806:JD:795",4,"bx3_by62"
"CUFES:199806:JD:796",4,"bx3_by62"
"CUFES:199806:JD:797",4,"bx3_by62"
"CUFES:199806:JD:798",4,"bx3_by62"
"CUFES:199806:JD:799",4,"bx3_by62"
"CUFES:199806:JD:80",4,"bx2_by63"
"CUFES:199806:JD:800",3,"bx2_by62"
"CUFES:199806:JD:801",3,"bx2_by62"
"CUFES:199806:JD:802",3,"bx2_by62"
"CUFES:199806:JD:803",4,"bx3_by62"
"CUFES:199806:JD:804",4,"bx3_by62"
"CUFES:199806:JD:805",4,"bx3_by62"
"CUFES:199806:JD:806",4,"bx3_by62"
"CUFES:199806:JD:807",4,"bx3_by62"
"CUFES:199806:JD:808",4,"bx3_by62"
"CUFES:199806:JD:809",4,"bx3_by62"
"CUFES:199806:JD:81",4,"bx2_by63"
"CUFES:199806:JD:810",4,"bx3_by62"
"CUFES:199806:JD:811",4,"bx3_by62"
"CUFES:199806:JD:812",4,"bx3_by62"
"CUFES:199806:JD:813",4,"bx3_by62"
"CUFES:199806:JD:814",4,"bx3_by62"
"CUFES:199806:JD:815",4,"bx3_by62"
"CUFES:199806:JD:816",4,"bx3_by62"
"CUFES:199806:JD:817",4,"bx3_by62"
"CUFES:199806:JD:818",4,"bx3_by62"
"CUFES:199806:JD:819",4,"bx3_by62"
"CUFES:199806:JD:82",4,"bx2_by63"
"CUFES:199806:JD:820",4,"bx3_by62"
"CUFES:199806:JD:821",4,"bx3_by62"
"CUFES:199806:JD:822",4,"bx3_by62"
"CUFES:199806:JD:823",4,"bx3_by62"
"CUFES:199806:JD:824",3,"bx2_by62"
"CUFES:199806:JD:825",3,"bx2_by62"
"CUFES:199806:JD:826",3,"bx2_by62"
"CUFES:199806:JD:827",3,"bx2_by62"
"CUFES:199806:JD:828",3,"bx2_by62"
"CUFES:199806:JD:829",4,"bx3_by62"
"CUFES:199806:JD:83",4,"bx2_by63"
"CUFES:199806:JD:830",4,"bx3_by62"
"CUFES:199806:JD:831",4,"bx3_by62"
"CUFES:199806:JD:832",4,"bx3_by62"
"CUFES:199806:JD:833",4,"bx3_by62"
"CUFES:199806:JD:834",4,"bx3_by62"
"CUFES:199806:JD:835",4,"bx3_by62"
"CUFES:199806:JD:836",4,"bx3_by62"
"CUFES:199806:JD:837",4,"bx3_by62"
"CUFES:199806:JD:838",4,"bx3_by62"
"CUFES:199806:JD:839",4,"bx3_by62"
"CUFES:199806:JD:84",4,"bx2_by63"
"CUFES:199806:JD:840",4,"bx3_by62"
"CUFES:199806:JD:841",4,"bx3_by62"
"CUFES:199806:JD:842",4,"bx3_by62"
"CUFES:199806:JD:843",4,"bx3_by62"
"CUFES:199806:JD:844",4,"bx3_by62"
"CUFES:199806:JD:845",4,"bx3_by62"
"CUFES:199806:JD:846",4,"bx3_by62"
"CUFES:199806:JD:847",4,"bx3_by62"
"CUFES:199806:JD:848",4,"bx3_by62"
"CUFES:199806:JD:849",3,"bx2_by62"
"CUFES:199806:JD:85",4,"bx2_by63"
"CUFES:199806:JD:850",3,"bx2_by62"
"CUFES:199806:JD:851",3,"bx2_by62"
"CUFES:199806:JD:852",3,"bx2_by62"
"CUFES:199806:JD:853",4,"bx3_by62"
"CUFES:199806:JD:854",4,"bx3_by62"
"CUFES:199806:JD:855",4,"bx3_by62"
"CUFES:199806:JD:856",4,"bx3_by62"
"CUFES:199806:JD:857",4,"bx3_by62"
"CUFES:199806:JD:858",4,"bx3_by62"
"CUFES:199806:JD:859",4,"bx3_by62"
"CUFES:199806:JD:86",4,"bx2_by63"
"CUFES:199806:JD:860",4,"bx3_by62"
"CUFES:199806:JD:861",4,"bx3_by62"
"CUFES:199806:JD:862",4,"bx3_by62"
"CUFES:199806:JD:863",4,"bx3_by62"
"CUFES:199806:JD:864",4,"bx3_by62"
"CUFES:199806:JD:865",4,"bx3_by62"
"CUFES:199806:JD:866",4,"bx3_by62"
"CUFES:199806:JD:867",4,"bx3_by62"
"CUFES:199806:JD:868",4,"bx3_by62"
"CUFES:199806:JD:869",4,"bx3_by62"
"CUFES:199806:JD:87",4,"bx2_by63"
"CUFES:199806:JD:870",4,"bx3_by62"
"CUFES:199806:JD:871",4,"bx3_by62"
"CUFES:199806:JD:872",4,"bx3_by62"
"CUFES:199806:JD:873",4,"bx3_by62"
"CUFES:199806:JD:874",4,"bx3_by62"
"CUFES:199806:JD:875",4,"bx3_by62"
"CUFES:199806:JD:876",4,"bx3_by62"
"CUFES:199806:JD:877",4,"bx3_by62"
"CUFES:199806:JD:878",4,"bx3_by62"
"CUFES:199806:JD:879",3,"bx2_by62"
"CUFES:199806:JD:88",4,"bx2_by63"
"CUFES:199806:JD:880",3,"bx2_by62"
"CUFES:199806:JD:881",4,"bx3_by62"
"CUFES:199806:JD:882",4,"bx3_by62"
"CUFES:199806:JD:883",4,"bx3_by62"
"CUFES:199806:JD:884",4,"bx3_by62"
"CUFES:199806:JD:885",4,"bx3_by62"
"CUFES:199806:JD:886",4,"bx3_by62"
"CUFES:199806:JD:887",4,"bx3_by62"
"CUFES:199806:JD:888",4,"bx3_by62"
"CUFES:199806:JD:889",4,"bx3_by62"
"CUFES:199806:JD:89",4,"bx2_by63"
"CUFES:199806:JD:890",4,"bx3_by62"
"CUFES:199806:JD:892",3,"bx2_by62"
"CUFES:199806:JD:893",4,"bx3_by62"
"CUFES:199806:JD:894",4,"bx3_by62"
"CUFES:199806:JD:895",4,"bx3_by62"
"CUFES:199806:JD:896",4,"bx3_by62"
"CUFES:199806:JD:897",4,"bx3_by62"
"CUFES:199806:JD:898",4,"bx3_by62"
"CUFES:199806:JD:899",4,"bx3_by62"
"CUFES:199806:JD:90",4,"bx2_by63"
"CUFES:199806:JD:900",4,"bx3_by62"
"CUFES:199806:JD:901",4,"bx3_by62"
"CUFES:199806:JD:902",4,"bx3_by62"
"CUFES:199806:JD:903",4,"bx3_by62"
"CUFES:199806:JD:904",4,"bx3_by62"
"CUFES:199806:JD:905",4,"bx3_by62"
"CUFES:199806:JD:906",4,"bx3_by62"
"CUFES:199806:JD:907",4,"bx3_by62"
"CUFES:199806:JD:908",4,"bx3_by62"
"CUFES:199806:JD:909",4,"bx3_by62"
"CUFES:199806:JD:91",4,"bx2_by63"
"CUFES:199806:JD:910",4,"bx3_by62"
"CUFES:199806:JD:911",4,"bx3_by62"
"CUFES:199806:JD:912",4,"bx3_by62"
"CUFES:199806:JD:913",4,"bx3_by62"
"CUFES:199806:JD:914",4,"bx3_by62"
"CUFES:199806:JD:915",4,"bx3_by62"
"CUFES:199806:JD:916",3,"bx2_by62"
"CUFES:199806:JD:917",3,"bx2_by62"
"CUFES:199806:JD:918",3,"bx2_by62"
"CUFES:199806:JD:919",4,"bx3_by62"
"CUFES:199806:JD:92",4,"bx2_by63"
"CUFES:199806:JD:920",4,"bx3_by62"
"CUFES:199806:JD:921",4,"bx3_by62"
"CUFES:199806:JD:922",4,"bx3_by62"
"CUFES:199806:JD:923",4,"bx3_by62"
"CUFES:199806:JD:924",4,"bx3_by62"
"CUFES:199806:JD:925",4,"bx3_by62"
"CUFES:199806:JD:926",4,"bx3_by62"
"CUFES:199806:JD:927",4,"bx3_by62"
"CUFES:199806:JD:928",4,"bx3_by62"
"CUFES:199806:JD:929",4,"bx3_by62"
"CUFES:199806:JD:93",4,"bx2_by63"
"CUFES:199806:JD:930",4,"bx3_by62"
"CUFES:199806:JD:931",4,"bx3_by62"
"CUFES:199806:JD:932",4,"bx3_by62"
"CUFES:199806:JD:933",4,"bx3_by62"
"CUFES:199806:JD:934",4,"bx3_by62"
"CUFES:199806:JD:935",4,"bx3_by62"
"CUFES:199806:JD:936",4,"bx3_by62"
"CUFES:199806:JD:937",4,"bx3_by62"
"CUFES:199806:JD:938",4,"bx3_by62"
"CUFES:199806:JD:939",4,"bx3_by62"
"CUFES:199806:JD:94",4,"bx2_by63"
"CUFES:199806:JD:940",4,"bx3_by62"
"CUFES:199806:JD:941",3,"bx2_by62"
"CUFES:199806:JD:942",3,"bx2_by62"
"CUFES:199806:JD:943",4,"bx3_by62"
"CUFES:199806:JD:944",4,"bx3_by62"
"CUFES:199806:JD:945",4,"bx3_by62"
"CUFES:199806:JD:946",4,"bx3_by62"
"CUFES:199806:JD:947",4,"bx4_by62"
"CUFES:199806:JD:948",4,"bx4_by62"
"CUFES:199806:JD:949",4,"bx4_by62"
"CUFES:199806:JD:95",4,"bx2_by63"
"CUFES:199806:JD:950",4,"bx4_by62"
"CUFES:199806:JD:951",3,"bx4_by61"
"CUFES:199806:JD:952",3,"bx4_by61"
"CUFES:199806:JD:953",3,"bx4_by61"
"CUFES:199806:JD:954",3,"bx5_by61"
"CUFES:199806:JD:955",3,"bx5_by61"
"CUFES:199806:JD:956",3,"bx5_by61"
"CUFES:199806:JD:957",3,"bx5_by61"
"CUFES:199806:JD:958",3,"bx5_by61"
"CUFES:199806:JD:959",3,"bx6_by61"
"CUFES:199806:JD:96",4,"bx2_by63"
"CUFES:199806:JD:960",3,"bx6_by61"
"CUFES:199806:JD:961",2,"bx6_by60"
"CUFES:199806:JD:962",2,"bx6_by60"
"CUFES:199806:JD:963",2,"bx6_by60"
"CUFES:199806:JD:964",2,"bx6_by60"
"CUFES:199806:JD:965",2,"bx6_by60"
"CUFES:199806:JD:966",2,"bx7_by60"
"CUFES:199806:JD:967",2,"bx7_by60"
"CUFES:199806:JD:968",2,"bx7_by60"
"CUFES:199806:JD:969",2,"bx7_by60"
"CUFES:199806:JD:97",4,"bx2_by63"
"CUFES:199806:JD:970",2,"bx7_by60"
"CUFES:199806:JD:98",4,"bx2_by63"
"CUFES:199806:JD:99",4,"bx2_by63"
"CUFES:199807:NH:1",2,"bx7_by60"
"CUFES:199807:NH:10",2,"bx7_by60"
"CUFES:199807:NH:11",2,"bx6_by60"
"CUFES:199807:NH:12",2,"bx6_by60"
"CUFES:199807:NH:13",2,"bx6_by60"
"CUFES:199807:NH:14",2,"bx6_by60"
"CUFES:199807:NH:140",1,"bx2_by59"
"CUFES:199807:NH:141",1,"bx2_by59"
"CUFES:199807:NH:142",1,"bx2_by59"
"CUFES:199807:NH:143",1,"bx2_by59"
"CUFES:199807:NH:144",1,"bx2_by59"
"CUFES:199807:NH:145",1,"bx3_by59"
"CUFES:199807:NH:146",1,"bx3_by59"
"CUFES:199807:NH:147",1,"bx3_by59"
"CUFES:199807:NH:148",1,"bx3_by59"
"CUFES:199807:NH:149",1,"bx3_by59"
"CUFES:199807:NH:15",2,"bx6_by60"
"CUFES:199807:NH:150",1,"bx3_by59"
"CUFES:199807:NH:151",1,"bx3_by59"
"CUFES:199807:NH:152",1,"bx3_by59"
"CUFES:199807:NH:153",2,"bx4_by60"
"CUFES:199807:NH:154",2,"bx4_by60"
"CUFES:199807:NH:155",2,"bx4_by60"
"CUFES:199807:NH:156",2,"bx4_by60"
"CUFES:199807:NH:157",2,"bx4_by60"
"CUFES:199807:NH:158",2,"bx4_by60"
"CUFES:199807:NH:159",2,"bx4_by60"
"CUFES:199807:NH:16",1,"bx6_by59"
"CUFES:199807:NH:160",2,"bx4_by60"
"CUFES:199807:NH:161",2,"bx4_by60"
"CUFES:199807:NH:162",2,"bx4_by60"
"CUFES:199807:NH:163",2,"bx5_by60"
"CUFES:199807:NH:164",2,"bx5_by60"
"CUFES:199807:NH:165",2,"bx5_by60"
"CUFES:199807:NH:166",2,"bx5_by60"
"CUFES:199807:NH:167",2,"bx5_by60"
"CUFES:199807:NH:168",2,"bx5_by60"
"CUFES:199807:NH:169",2,"bx5_by60"
"CUFES:199807:NH:17",1,"bx6_by59"
"CUFES:199807:NH:171",2,"bx5_by60"
"CUFES:199807:NH:172",2,"bx5_by60"
"CUFES:199807:NH:173",2,"bx5_by60"
"CUFES:199807:NH:174",2,"bx5_by60"
"CUFES:199807:NH:175",2,"bx5_by60"
"CUFES:199807:NH:176",2,"bx5_by60"
"CUFES:199807:NH:177",3,"bx5_by61"
"CUFES:199807:NH:178",3,"bx5_by61"
"CUFES:199807:NH:179",3,"bx6_by61"
"CUFES:199807:NH:18",1,"bx6_by59"
"CUFES:199807:NH:180",3,"bx6_by61"
"CUFES:199807:NH:181",3,"bx6_by61"
"CUFES:199807:NH:182",3,"bx6_by61"
"CUFES:199807:NH:183",3,"bx6_by61"
"CUFES:199807:NH:184",3,"bx6_by61"
"CUFES:199807:NH:185",3,"bx6_by61"
"CUFES:199807:NH:186",3,"bx7_by61"
"CUFES:199807:NH:187",3,"bx7_by61"
"CUFES:199807:NH:188",3,"bx7_by61"
"CUFES:199807:NH:19",1,"bx6_by59"
"CUFES:199807:NH:193",4,"bx6_by62"
"CUFES:199807:NH:194",4,"bx6_by62"
"CUFES:199807:NH:195",4,"bx6_by62"
"CUFES:199807:NH:196",4,"bx6_by62"
"CUFES:199807:NH:197",4,"bx6_by62"
"CUFES:199807:NH:198",4,"bx6_by62"
"CUFES:199807:NH:199",4,"bx6_by62"
"CUFES:199807:NH:2",2,"bx7_by60"
"CUFES:199807:NH:20",1,"bx5_by59"
"CUFES:199807:NH:200",4,"bx6_by62"
"CUFES:199807:NH:201",4,"bx6_by62"
"CUFES:199807:NH:202",4,"bx6_by62"
"CUFES:199807:NH:203",4,"bx6_by62"
"CUFES:199807:NH:204",4,"bx6_by62"
"CUFES:199807:NH:205",4,"bx6_by62"
"CUFES:199807:NH:206",4,"bx6_by62"
"CUFES:199807:NH:207",4,"bx5_by62"
"CUFES:199807:NH:208",4,"bx5_by62"
"CUFES:199807:NH:209",4,"bx5_by62"
"CUFES:199807:NH:21",1,"bx5_by59"
"CUFES:199807:NH:210",4,"bx5_by62"
"CUFES:199807:NH:211",4,"bx5_by62"
"CUFES:199807:NH:212",4,"bx5_by62"
"CUFES:199807:NH:213",4,"bx5_by62"
"CUFES:199807:NH:214",4,"bx5_by62"
"CUFES:199807:NH:215",4,"bx5_by62"
"CUFES:199807:NH:216",4,"bx5_by62"
"CUFES:199807:NH:217",3,"bx4_by61"
"CUFES:199807:NH:218",3,"bx4_by61"
"CUFES:199807:NH:219",3,"bx4_by61"
"CUFES:199807:NH:22",1,"bx5_by59"
"CUFES:199807:NH:220",3,"bx4_by61"
"CUFES:199807:NH:221",3,"bx4_by61"
"CUFES:199807:NH:222",3,"bx4_by61"
"CUFES:199807:NH:223",3,"bx4_by61"
"CUFES:199807:NH:224",3,"bx4_by61"
"CUFES:199807:NH:225",3,"bx4_by61"
"CUFES:199807:NH:226",3,"bx3_by61"
"CUFES:199807:NH:227",3,"bx3_by61"
"CUFES:199807:NH:228",3,"bx3_by61"
"CUFES:199807:NH:229",3,"bx3_by61"
"CUFES:199807:NH:23",1,"bx5_by59"
"CUFES:199807:NH:230",3,"bx3_by61"
"CUFES:199807:NH:231",3,"bx3_by61"
"CUFES:199807:NH:232",3,"bx3_by61"
"CUFES:199807:NH:233",3,"bx3_by61"
"CUFES:199807:NH:234",2,"bx3_by60"
"CUFES:199807:NH:235",2,"bx3_by60"
"CUFES:199807:NH:236",2,"bx3_by60"
"CUFES:199807:NH:237",2,"bx3_by60"
"CUFES:199807:NH:238",2,"bx3_by60"
"CUFES:199807:NH:239",2,"bx2_by60"
"CUFES:199807:NH:24",1,"bx5_by59"
"CUFES:199807:NH:240",2,"bx2_by60"
"CUFES:199807:NH:241",2,"bx2_by60"
"CUFES:199807:NH:242",2,"bx2_by60"
"CUFES:199807:NH:243",2,"bx2_by60"
"CUFES:199807:NH:244",2,"bx2_by60"
"CUFES:199807:NH:245",2,"bx2_by60"
"CUFES:199807:NH:246",2,"bx2_by60"
"CUFES:199807:NH:25",1,"bx5_by59"
"CUFES:199807:NH:26",1,"bx5_by59"
"CUFES:199807:NH:27",1,"bx4_by59"
"CUFES:199807:NH:28",1,"bx4_by59"
"CUFES:199807:NH:29",1,"bx4_by59"
"CUFES:199807:NH:3",2,"bx7_by60"
"CUFES:199807:NH:333",3,"bx2_by61"
"CUFES:199807:NH:334",3,"bx2_by61"
"CUFES:199807:NH:335",3,"bx2_by61"
"CUFES:199807:NH:336",3,"bx2_by62"
"CUFES:199807:NH:337",3,"bx2_by62"
"CUFES:199807:NH:338",3,"bx2_by62"
"CUFES:199807:NH:339",3,"bx2_by62"
"CUFES:199807:NH:340",4,"bx3_by62"
"CUFES:199807:NH:341",4,"bx3_by62"
"CUFES:199807:NH:342",4,"bx3_by62"
"CUFES:199807:NH:343",4,"bx3_by62"
"CUFES:199807:NH:344",4,"bx3_by62"
"CUFES:199807:NH:345",4,"bx3_by62"
"CUFES:199807:NH:346",4,"bx3_by62"
"CUFES:199807:NH:347",4,"bx4_by62"
"CUFES:199807:NH:348",4,"bx4_by62"
"CUFES:199807:NH:349",4,"bx4_by62"
"CUFES:199807:NH:350",4,"bx4_by62"
"CUFES:199807:NH:351",4,"bx4_by62"
"CUFES:199807:NH:352",4,"bx4_by63"
"CUFES:199807:NH:353",4,"bx4_by63"
"CUFES:199807:NH:354",4,"bx4_by63"
"CUFES:199807:NH:355",4,"bx4_by63"
"CUFES:199807:NH:356",4,"bx4_by63"
"CUFES:199807:NH:357",4,"bx4_by63"
"CUFES:199807:NH:358",4,"bx4_by63"
"CUFES:199807:NH:359",4,"bx3_by63"
"CUFES:199807:NH:360",4,"bx3_by63"
"CUFES:199807:NH:361",4,"bx3_by63"
"CUFES:199807:NH:362",4,"bx3_by63"
"CUFES:199807:NH:363",4,"bx3_by63"
"CUFES:199807:NH:364",4,"bx3_by63"
"CUFES:199807:NH:365",4,"bx3_by63"
"CUFES:199807:NH:366",4,"bx2_by63"
"CUFES:199807:NH:367",4,"bx2_by63"
"CUFES:199807:NH:368",4,"bx2_by63"
"CUFES:199807:NH:369",4,"bx2_by63"
"CUFES:199807:NH:370",4,"bx2_by63"
"CUFES:199807:NH:371",4,"bx2_by63"
"CUFES:199807:NH:4",2,"bx7_by60"
"CUFES:199807:NH:5",2,"bx7_by60"
"CUFES:199807:NH:6",2,"bx7_by60"
"CUFES:199807:NH:7",2,"bx7_by60"
"CUFES:199807:NH:8",2,"bx7_by60"
"CUFES:199807:NH:9",2,"bx7_by60"
"CUFES:199901:RR:1",2,"bx7_by60"
"CUFES:199901:RR:10",1,"bx6_by59"
"CUFES:199901:RR:11",1,"bx5_by59"
"CUFES:199901:RR:113",1,"bx2_by59"
"CUFES:199901:RR:114",1,"bx2_by59"
"CUFES:199901:RR:115",1,"bx2_by59"
"CUFES:199901:RR:116",1,"bx2_by59"
"CUFES:199901:RR:117",1,"bx2_by59"
"CUFES:199901:RR:118",1,"bx3_by59"
"CUFES:199901:RR:119",1,"bx3_by59"
"CUFES:199901:RR:12",1,"bx5_by59"
"CUFES:199901:RR:120",1,"bx3_by59"
"CUFES:199901:RR:121",1,"bx3_by59"
"CUFES:199901:RR:122",1,"bx3_by59"
"CUFES:199901:RR:123",1,"bx3_by59"
"CUFES:199901:RR:124",1,"bx3_by59"
"CUFES:199901:RR:125",2,"bx3_by60"
"CUFES:199901:RR:126",2,"bx4_by60"
"CUFES:199901:RR:127",2,"bx4_by60"
"CUFES:199901:RR:128",2,"bx4_by60"
"CUFES:199901:RR:129",2,"bx4_by60"
"CUFES:199901:RR:130",2,"bx4_by60"
"CUFES:199901:RR:131",2,"bx4_by60"
"CUFES:199901:RR:132",2,"bx4_by60"
"CUFES:199901:RR:133",2,"bx4_by60"
"CUFES:199901:RR:134",2,"bx5_by60"
"CUFES:199901:RR:137",2,"bx5_by60"
"CUFES:199901:RR:138",3,"bx6_by61"
"CUFES:199901:RR:139",3,"bx6_by61"
"CUFES:199901:RR:14",1,"bx5_by59"
"CUFES:199901:RR:140",3,"bx6_by61"
"CUFES:199901:RR:141",3,"bx6_by61"
"CUFES:199901:RR:142",3,"bx6_by61"
"CUFES:199901:RR:143",3,"bx6_by61"
"CUFES:199901:RR:144",3,"bx6_by61"
"CUFES:199901:RR:145",3,"bx6_by61"
"CUFES:199901:RR:146",3,"bx6_by61"
"CUFES:199901:RR:147",3,"bx6_by61"
"CUFES:199901:RR:149",3,"bx6_by61"
"CUFES:199901:RR:15",1,"bx4_by59"
"CUFES:199901:RR:150",3,"bx6_by61"
"CUFES:199901:RR:151",3,"bx6_by61"
"CUFES:199901:RR:152",3,"bx7_by61"
"CUFES:199901:RR:153",3,"bx7_by61"
"CUFES:199901:RR:154",3,"bx7_by61"
"CUFES:199901:RR:155",3,"bx6_by61"
"CUFES:199901:RR:156",3,"bx6_by61"
"CUFES:199901:RR:157",3,"bx6_by61"
"CUFES:199901:RR:158",3,"bx6_by61"
"CUFES:199901:RR:159",3,"bx6_by61"
"CUFES:199901:RR:160",4,"bx6_by62"
"CUFES:199901:RR:161",4,"bx6_by62"
"CUFES:199901:RR:162",4,"bx6_by62"
"CUFES:199901:RR:164",4,"bx5_by62"
"CUFES:199901:RR:165",4,"bx5_by62"
"CUFES:199901:RR:166",4,"bx5_by62"
"CUFES:199901:RR:167",4,"bx5_by62"
"CUFES:199901:RR:168",4,"bx5_by62"
"CUFES:199901:RR:169",4,"bx5_by62"
"CUFES:199901:RR:170",4,"bx5_by62"
"CUFES:199901:RR:171",3,"bx5_by61"
"CUFES:199901:RR:172",3,"bx4_by61"
"CUFES:199901:RR:173",3,"bx4_by61"
"CUFES:199901:RR:174",3,"bx4_by61"
"CUFES:199901:RR:175",3,"bx4_by61"
"CUFES:199901:RR:176",3,"bx4_by61"
"CUFES:199901:RR:177",3,"bx4_by61"
"CUFES:199901:RR:178",3,"bx3_by61"
"CUFES:199901:RR:179",3,"bx3_by61"
"CUFES:199901:RR:180",3,"bx3_by61"
"CUFES:199901:RR:181",2,"bx3_by60"
"CUFES:199901:RR:182",2,"bx3_by60"
"CUFES:199901:RR:183",2,"bx2_by60"
"CUFES:199901:RR:184",2,"bx2_by60"
"CUFES:199901:RR:187",2,"bx2_by60"
"CUFES:199901:RR:188",2,"bx2_by60"
"CUFES:199901:RR:189",2,"bx2_by60"
"CUFES:199901:RR:190",2,"bx2_by60"
"CUFES:199901:RR:191",2,"bx2_by60"
"CUFES:199901:RR:192",2,"bx2_by60"
"CUFES:199901:RR:261",3,"bx2_by61"
"CUFES:199901:RR:262",3,"bx2_by61"
"CUFES:199901:RR:263",3,"bx2_by61"
"CUFES:199901:RR:264",3,"bx2_by62"
"CUFES:199901:RR:265",3,"bx2_by62"
"CUFES:199901:RR:266",3,"bx2_by62"
"CUFES:199901:RR:267",3,"bx2_by62"
"CUFES:199901:RR:268",3,"bx2_by62"
"CUFES:199901:RR:269",3,"bx2_by62"
"CUFES:199901:RR:270",4,"bx3_by62"
"CUFES:199901:RR:271",4,"bx3_by62"
"CUFES:199901:RR:272",4,"bx3_by62"
"CUFES:199901:RR:274",4,"bx3_by62"
"CUFES:199901:RR:275",4,"bx3_by62"
"CUFES:199901:RR:276",4,"bx3_by62"
"CUFES:199901:RR:277",4,"bx3_by62"
"CUFES:199901:RR:278",4,"bx3_by62"
"CUFES:199901:RR:279",4,"bx3_by63"
"CUFES:199901:RR:280",4,"bx4_by63"
"CUFES:199901:RR:281",4,"bx4_by63"
"CUFES:199901:RR:282",4,"bx4_by63"
"CUFES:199901:RR:283",4,"bx4_by63"
"CUFES:199901:RR:284",4,"bx4_by63"
"CUFES:199901:RR:285",4,"bx4_by63"
"CUFES:199901:RR:286",4,"bx3_by63"
"CUFES:199901:RR:287",4,"bx3_by63"
"CUFES:199901:RR:288",4,"bx3_by63"
"CUFES:199901:RR:289",4,"bx3_by63"
"CUFES:199901:RR:290",4,"bx3_by63"
"CUFES:199901:RR:291",4,"bx3_by63"
"CUFES:199901:RR:292",4,"bx3_by63"
"CUFES:199901:RR:293",4,"bx2_by63"
"CUFES:199901:RR:294",4,"bx2_by63"
"CUFES:199901:RR:295",4,"bx2_by63"
"CUFES:199901:RR:296",4,"bx2_by63"
"CUFES:199901:RR:297",4,"bx2_by63"
"CUFES:199901:RR:3",2,"bx7_by60"
"CUFES:199901:RR:4",2,"bx7_by60"
"CUFES:199901:RR:483",4,"bx2_by63"
"CUFES:199901:RR:484",4,"bx2_by63"
"CUFES:199901:RR:485",4,"bx2_by63"
"CUFES:199901:RR:486",4,"bx2_by63"
"CUFES:199901:RR:489",4,"bx3_by63"
"CUFES:199901:RR:490",4,"bx3_by63"
"CUFES:199901:RR:491",4,"bx3_by63"
"CUFES:199901:RR:492",4,"bx3_by63"
"CUFES:199901:RR:493",4,"bx3_by62"
"CUFES:199901:RR:494",4,"bx3_by62"
"CUFES:199901:RR:495",4,"bx3_by62"
"CUFES:199901:RR:496",3,"bx2_by62"
"CUFES:199901:RR:497",3,"bx2_by62"
"CUFES:199901:RR:498",3,"bx2_by62"
"CUFES:199901:RR:499",3,"bx2_by62"
"CUFES:199901:RR:5",2,"bx7_by60"
"CUFES:199901:RR:500",3,"bx2_by62"
"CUFES:199901:RR:501",3,"bx2_by62"
"CUFES:199901:RR:502",4,"bx3_by62"
"CUFES:199901:RR:503",4,"bx3_by62"
"CUFES:199901:RR:504",4,"bx3_by62"
"CUFES:199901:RR:505",4,"bx3_by62"
"CUFES:199901:RR:506",4,"bx4_by62"
"CUFES:199901:RR:507",4,"bx4_by62"
"CUFES:199901:RR:508",4,"bx4_by62"
"CUFES:199901:RR:509",3,"bx4_by61"
"CUFES:199901:RR:510",3,"bx4_by61"
"CUFES:199901:RR:511",3,"bx4_by61"
"CUFES:199901:RR:512",3,"bx5_by61"
"CUFES:199901:RR:513",3,"bx5_by61"
"CUFES:199901:RR:514",3,"bx5_by61"
"CUFES:199901:RR:515",3,"bx5_by61"
"CUFES:199901:RR:516",3,"bx5_by61"
"CUFES:199901:RR:517",3,"bx5_by61"
"CUFES:199901:RR:518",3,"bx5_by61"
"CUFES:199901:RR:519",2,"bx6_by60"
"CUFES:199901:RR:520",2,"bx6_by60"
"CUFES:199901:RR:524",1,"bx6_by59"
"CUFES:199901:RR:6",2,"bx7_by60"
"CUFES:199901:RR:7",2,"bx6_by60"
"CUFES:199901:RR:8",2,"bx6_by60"
"CUFES:199901:RR:9",2,"bx6_by60"
"CUFES:199904:JD:10",2,"bx6_by60"
"CUFES:199904:JD:11",2,"bx6_by60"
"CUFES:199904:JD:12",1,"bx6_by59"
"CUFES:199904:JD:13",1,"bx6_by59"
"CUFES:199904:JD:14",1,"bx6_by59"
"CUFES:199904:JD:143",1,"bx2_by59"
"CUFES:199904:JD:144",1,"bx2_by59"
"CUFES:199904:JD:145",1,"bx2_by59"
"CUFES:199904:JD:146",1,"bx2_by59"
"CUFES:199904:JD:147",1,"bx2_by59"
"CUFES:199904:JD:148",1,"bx3_by59"
"CUFES:199904:JD:149",1,"bx3_by59"
"CUFES:199904:JD:15",1,"bx6_by59"
"CUFES:199904:JD:150",1,"bx3_by59"
"CUFES:199904:JD:151",1,"bx3_by59"
"CUFES:199904:JD:152",1,"bx3_by59"
"CUFES:199904:JD:153",1,"bx3_by59"
"CUFES:199904:JD:154",1,"bx3_by59"
"CUFES:199904:JD:155",1,"bx3_by59"
"CUFES:199904:JD:156",2,"bx4_by60"
"CUFES:199904:JD:157",2,"bx4_by60"
"CUFES:199904:JD:158",2,"bx4_by60"
"CUFES:199904:JD:159",2,"bx4_by60"
"CUFES:199904:JD:16",1,"bx6_by59"
"CUFES:199904:JD:160",2,"bx4_by60"
"CUFES:199904:JD:161",2,"bx4_by60"
"CUFES:199904:JD:162",2,"bx4_by60"
"CUFES:199904:JD:163",2,"bx5_by60"
"CUFES:199904:JD:164",2,"bx5_by60"
"CUFES:199904:JD:165",2,"bx5_by60"
"CUFES:199904:JD:166",2,"bx5_by60"
"CUFES:199904:JD:167",2,"bx5_by60"
"CUFES:199904:JD:168",3,"bx5_by61"
"CUFES:199904:JD:169",3,"bx5_by61"
"CUFES:199904:JD:17",1,"bx5_by59"
"CUFES:199904:JD:170",3,"bx6_by61"
"CUFES:199904:JD:171",3,"bx6_by61"
"CUFES:199904:JD:172",3,"bx6_by61"
"CUFES:199904:JD:173",3,"bx6_by61"
"CUFES:199904:JD:174",3,"bx6_by61"
"CUFES:199904:JD:175",3,"bx6_by61"
"CUFES:199904:JD:176",3,"bx6_by61"
"CUFES:199904:JD:177",3,"bx6_by61"
"CUFES:199904:JD:178",3,"bx6_by61"
"CUFES:199904:JD:179",3,"bx7_by61"
"CUFES:199904:JD:18",1,"bx5_by59"
"CUFES:199904:JD:180",3,"bx7_by61"
"CUFES:199904:JD:181",3,"bx7_by61"
"CUFES:199904:JD:182",3,"bx6_by61"
"CUFES:199904:JD:183",3,"bx6_by61"
"CUFES:199904:JD:184",3,"bx6_by61"
"CUFES:199904:JD:185",3,"bx6_by61"
"CUFES:199904:JD:186",3,"bx6_by61"
"CUFES:199904:JD:187",3,"bx6_by61"
"CUFES:199904:JD:188",4,"bx6_by62"
"CUFES:199904:JD:189",4,"bx6_by62"
"CUFES:199904:JD:19",1,"bx5_by59"
"CUFES:199904:JD:190",4,"bx6_by62"
"CUFES:199904:JD:191",4,"bx6_by62"
"CUFES:199904:JD:192",4,"bx5_by62"
"CUFES:199904:JD:193",4,"bx5_by62"
"CUFES:199904:JD:194",4,"bx5_by62"
"CUFES:199904:JD:195",4,"bx5_by62"
"CUFES:199904:JD:196",4,"bx5_by62"
"CUFES:199904:JD:197",4,"bx5_by62"
"CUFES:199904:JD:198",4,"bx5_by62"
"CUFES:199904:JD:199",4,"bx5_by62"
"CUFES:199904:JD:2",2,"bx7_by60"
"CUFES:199904:JD:20",1,"bx5_by59"
"CUFES:199904:JD:200",3,"bx5_by61"
"CUFES:199904:JD:201",3,"bx4_by61"
"CUFES:199904:JD:202",3,"bx4_by61"
"CUFES:199904:JD:203",3,"bx4_by61"
"CUFES:199904:JD:204",3,"bx4_by61"
"CUFES:199904:JD:205",3,"bx4_by61"
"CUFES:199904:JD:206",3,"bx4_by61"
"CUFES:199904:JD:207",3,"bx4_by61"
"CUFES:199904:JD:208",3,"bx4_by61"
"CUFES:199904:JD:209",3,"bx3_by61"
"CUFES:199904:JD:21",1,"bx5_by59"
"CUFES:199904:JD:210",3,"bx3_by61"
"CUFES:199904:JD:212",3,"bx3_by61"
"CUFES:199904:JD:213",3,"bx3_by61"
"CUFES:199904:JD:214",3,"bx3_by61"
"CUFES:199904:JD:215",2,"bx3_by60"
"CUFES:199904:JD:216",2,"bx3_by60"
"CUFES:199904:JD:217",2,"bx2_by60"
"CUFES:199904:JD:218",2,"bx2_by60"
"CUFES:199904:JD:219",2,"bx2_by60"
"CUFES:199904:JD:22",1,"bx5_by59"
"CUFES:199904:JD:220",2,"bx2_by60"
"CUFES:199904:JD:221",2,"bx2_by60"
"CUFES:199904:JD:222",2,"bx2_by60"
"CUFES:199904:JD:223",2,"bx2_by60"
"CUFES:199904:JD:224",2,"bx2_by60"
"CUFES:199904:JD:225",2,"bx2_by60"
"CUFES:199904:JD:226",2,"bx2_by60"
"CUFES:199904:JD:23",1,"bx5_by59"
"CUFES:199904:JD:24",1,"bx5_by59"
"CUFES:199904:JD:25",1,"bx5_by59"
"CUFES:199904:JD:26",1,"bx4_by59"
"CUFES:199904:JD:27",1,"bx4_by59"
"CUFES:199904:JD:28",1,"bx4_by59"
"CUFES:199904:JD:3",2,"bx7_by60"
"CUFES:199904:JD:323",3,"bx2_by61"
"CUFES:199904:JD:324",3,"bx2_by61"
"CUFES:199904:JD:325",3,"bx2_by61"
"CUFES:199904:JD:326",3,"bx2_by61"
"CUFES:199904:JD:327",3,"bx2_by62"
"CUFES:199904:JD:328",3,"bx2_by62"
"CUFES:199904:JD:329",3,"bx2_by62"
"CUFES:199904:JD:330",3,"bx2_by62"
"CUFES:199904:JD:331",3,"bx2_by62"
"CUFES:199904:JD:332",3,"bx2_by62"
"CUFES:199904:JD:333",4,"bx3_by62"
"CUFES:199904:JD:334",4,"bx3_by62"
"CUFES:199904:JD:335",4,"bx3_by62"
"CUFES:199904:JD:336",4,"bx3_by62"
"CUFES:199904:JD:337",4,"bx3_by62"
"CUFES:199904:JD:338",4,"bx3_by62"
"CUFES:199904:JD:339",4,"bx3_by62"
"CUFES:199904:JD:340",4,"bx3_by62"
"CUFES:199904:JD:341",4,"bx3_by62"
"CUFES:199904:JD:342",4,"bx4_by62"
"CUFES:199904:JD:343",4,"bx4_by62"
"CUFES:199904:JD:344",4,"bx4_by62"
"CUFES:199904:JD:345",4,"bx4_by62"
"CUFES:199904:JD:346",4,"bx4_by63"
"CUFES:199904:JD:347",4,"bx4_by63"
"CUFES:199904:JD:348",4,"bx4_by63"
"CUFES:199904:JD:349",4,"bx4_by63"
"CUFES:199904:JD:350",4,"bx4_by63"
"CUFES:199904:JD:351",4,"bx4_by63"
"CUFES:199904:JD:352",4,"bx3_by63"
"CUFES:199904:JD:353",4,"bx3_by63"
"CUFES:199904:JD:354",4,"bx3_by63"
"CUFES:199904:JD:355",4,"bx3_by63"
"CUFES:199904:JD:356",4,"bx3_by63"
"CUFES:199904:JD:357",4,"bx3_by63"
"CUFES:199904:JD:358",4,"bx3_by63"
"CUFES:199904:JD:359",4,"bx3_by63"
"CUFES:199904:JD:360",4,"bx2_by63"
"CUFES:199904:JD:361",4,"bx2_by63"
"CUFES:199904:JD:362",4,"bx2_by63"
"CUFES:199904:JD:363",4,"bx2_by63"
"CUFES:199904:JD:364",4,"bx2_by63"
"CUFES:199904:JD:365",4,"bx2_by63"
"CUFES:199904:JD:366",4,"bx2_by63"
"CUFES:199904:JD:367",4,"bx2_by63"
"CUFES:199904:JD:4",2,"bx7_by60"
"CUFES:199904:JD:485",4,"bx2_by64"
"CUFES:199904:JD:5",2,"bx7_by60"
"CUFES:199904:JD:6",2,"bx7_by60"
"CUFES:199904:JD:7",2,"bx7_by60"
"CUFES:199904:JD:781",3,"bx2_by62"
"CUFES:199904:JD:782",3,"bx2_by62"
"CUFES:199904:JD:783",3,"bx2_by62"
"CUFES:199904:JD:784",3,"bx2_by62"
"CUFES:199904:JD:785",3,"bx2_by61"
"CUFES:199904:JD:786",3,"bx3_by61"
"CUFES:199904:JD:787",3,"bx3_by61"
"CUFES:199904:JD:788",3,"bx3_by61"
"CUFES:199904:JD:789",3,"bx3_by61"
"CUFES:199904:JD:790",3,"bx3_by61"
"CUFES:199904:JD:791",3,"bx3_by61"
"CUFES:199904:JD:792",3,"bx3_by61"
"CUFES:199904:JD:793",3,"bx3_by61"
"CUFES:199904:JD:794",3,"bx3_by61"
"CUFES:199904:JD:795",3,"bx4_by61"
"CUFES:199904:JD:796",3,"bx4_by61"
"CUFES:199904:JD:797",3,"bx4_by61"
"CUFES:199904:JD:798",3,"bx4_by61"
"CUFES:199904:JD:799",3,"bx4_by61"
"CUFES:199904:JD:8",2,"bx6_by60"
"CUFES:199904:JD:800",3,"bx4_by61"
"CUFES:199904:JD:801",3,"bx4_by61"
"CUFES:199904:JD:802",3,"bx4_by61"
"CUFES:199904:JD:803",3,"bx4_by61"
"CUFES:199904:JD:804",3,"bx4_by61"
"CUFES:199904:JD:805",3,"bx4_by61"
"CUFES:199904:JD:806",2,"bx4_by60"
"CUFES:199904:JD:807",2,"bx5_by60"
"CUFES:199904:JD:808",2,"bx5_by60"
"CUFES:199904:JD:809",2,"bx5_by60"
"CUFES:199904:JD:810",2,"bx5_by60"
"CUFES:199904:JD:811",2,"bx5_by60"
"CUFES:199904:JD:812",2,"bx5_by60"
"CUFES:199904:JD:813",2,"bx5_by60"
"CUFES:199904:JD:814",2,"bx5_by60"
"CUFES:199904:JD:815",2,"bx5_by60"
"CUFES:199904:JD:816",2,"bx5_by60"
"CUFES:199904:JD:817",2,"bx5_by60"
"CUFES:199904:JD:818",2,"bx6_by60"
"CUFES:199904:JD:819",2,"bx6_by60"
"CUFES:199904:JD:820",2,"bx6_by60"
"CUFES:199904:JD:821",2,"bx6_by60"
"CUFES:199904:JD:822",2,"bx6_by60"
"CUFES:199904:JD:823",2,"bx6_by60"
"CUFES:199904:JD:824",2,"bx6_by60"
"CUFES:199904:JD:825",2,"bx6_by60"
"CUFES:199904:JD:826",2,"bx7_by60"
"CUFES:199904:JD:827",2,"bx7_by60"
"CUFES:199904:JD:828",2,"bx7_by60"
"CUFES:199904:JD:829",2,"bx7_by60"
"CUFES:199904:JD:9",2,"bx6_by60"
"CUFES:200004:JD:1",2,"bx7_by60"
"CUFES:200004:JD:10",2,"bx6_by60"
"CUFES:200004:JD:11",2,"bx6_by60"
"CUFES:200004:JD:12",1,"bx6_by59"
"CUFES:200004:JD:13",1,"bx6_by59"
"CUFES:200004:JD:14",1,"bx6_by59"
"CUFES:200004:JD:146",1,"bx2_by59"
"CUFES:200004:JD:147",1,"bx2_by59"
"CUFES:200004:JD:148",1,"bx2_by59"
"CUFES:200004:JD:149",1,"bx2_by59"
"CUFES:200004:JD:15",1,"bx6_by59"
"CUFES:200004:JD:150",1,"bx2_by59"
"CUFES:200004:JD:151",1,"bx2_by59"
"CUFES:200004:JD:152",1,"bx2_by59"
"CUFES:200004:JD:153",1,"bx3_by59"
"CUFES:200004:JD:154",1,"bx3_by59"
"CUFES:200004:JD:155",1,"bx3_by59"
"CUFES:200004:JD:156",1,"bx3_by59"
"CUFES:200004:JD:157",1,"bx3_by59"
"CUFES:200004:JD:158",1,"bx3_by59"
"CUFES:200004:JD:159",1,"bx3_by59"
"CUFES:200004:JD:16",1,"bx6_by59"
"CUFES:200004:JD:160",1,"bx3_by59"
"CUFES:200004:JD:161",2,"bx4_by60"
"CUFES:200004:JD:162",2,"bx4_by60"
"CUFES:200004:JD:163",2,"bx4_by60"
"CUFES:200004:JD:164",2,"bx4_by60"
"CUFES:200004:JD:165",2,"bx4_by60"
"CUFES:200004:JD:166",2,"bx4_by60"
"CUFES:200004:JD:167",2,"bx4_by60"
"CUFES:200004:JD:168",2,"bx4_by60"
"CUFES:200004:JD:169",2,"bx4_by60"
"CUFES:200004:JD:17",1,"bx5_by59"
"CUFES:200004:JD:170",2,"bx5_by60"
"CUFES:200004:JD:171",2,"bx5_by60"
"CUFES:200004:JD:172",2,"bx5_by60"
"CUFES:200004:JD:173",2,"bx5_by60"
"CUFES:200004:JD:174",2,"bx5_by60"
"CUFES:200004:JD:175",2,"bx5_by60"
"CUFES:200004:JD:176",2,"bx5_by60"
"CUFES:200004:JD:177",2,"bx5_by60"
"CUFES:200004:JD:178",3,"bx5_by61"
"CUFES:200004:JD:179",3,"bx6_by61"
"CUFES:200004:JD:18",1,"bx5_by59"
"CUFES:200004:JD:180",3,"bx6_by61"
"CUFES:200004:JD:181",3,"bx6_by61"
"CUFES:200004:JD:182",3,"bx6_by61"
"CUFES:200004:JD:183",3,"bx6_by61"
"CUFES:200004:JD:184",3,"bx6_by61"
"CUFES:200004:JD:185",3,"bx6_by61"
"CUFES:200004:JD:19",1,"bx5_by59"
"CUFES:200004:JD:20",1,"bx5_by59"
"CUFES:200004:JD:21",1,"bx5_by59"
"CUFES:200004:JD:214",3,"bx4_by61"
"CUFES:200004:JD:215",3,"bx4_by61"
"CUFES:200004:JD:216",3,"bx4_by61"
"CUFES:200004:JD:217",3,"bx4_by61"
"CUFES:200004:JD:218",3,"bx4_by61"
"CUFES:200004:JD:219",3,"bx4_by61"
"CUFES:200004:JD:22",1,"bx5_by59"
"CUFES:200004:JD:220",3,"bx3_by61"
"CUFES:200004:JD:221",3,"bx3_by61"
"CUFES:200004:JD:222",3,"bx3_by61"
"CUFES:200004:JD:223",3,"bx3_by61"
"CUFES:200004:JD:224",3,"bx3_by61"
"CUFES:200004:JD:225",3,"bx3_by61"
"CUFES:200004:JD:226",2,"bx3_by60"
"CUFES:200004:JD:227",2,"bx3_by60"
"CUFES:200004:JD:228",2,"bx3_by60"
"CUFES:200004:JD:229",2,"bx3_by60"
"CUFES:200004:JD:23",1,"bx5_by59"
"CUFES:200004:JD:230",2,"bx2_by60"
"CUFES:200004:JD:231",2,"bx2_by60"
"CUFES:200004:JD:232",2,"bx2_by60"
"CUFES:200004:JD:233",2,"bx2_by60"
"CUFES:200004:JD:234",2,"bx2_by60"
"CUFES:200004:JD:235",2,"bx2_by60"
"CUFES:200004:JD:236",2,"bx2_by60"
"CUFES:200004:JD:237",2,"bx2_by60"
"CUFES:200004:JD:238",2,"bx2_by60"
"CUFES:200004:JD:24",1,"bx5_by59"
"CUFES:200004:JD:25",1,"bx5_by59"
"CUFES:200004:JD:26",1,"bx4_by59"
"CUFES:200004:JD:27",1,"bx4_by59"
"CUFES:200004:JD:28",1,"bx4_by59"
"CUFES:200004:JD:332",3,"bx2_by61"
"CUFES:200004:JD:333",3,"bx2_by61"
"CUFES:200004:JD:334",3,"bx2_by61"
"CUFES:200004:JD:335",3,"bx2_by62"
"CUFES:200004:JD:336",3,"bx2_by62"
"CUFES:200004:JD:337",3,"bx2_by62"
"CUFES:200004:JD:338",3,"bx2_by62"
"CUFES:200004:JD:339",3,"bx2_by62"
"CUFES:200004:JD:340",4,"bx3_by62"
"CUFES:200004:JD:341",4,"bx3_by62"
"CUFES:200004:JD:342",4,"bx3_by62"
"CUFES:200004:JD:343",4,"bx3_by62"
"CUFES:200004:JD:344",4,"bx3_by62"
"CUFES:200004:JD:345",4,"bx3_by62"
"CUFES:200004:JD:346",4,"bx3_by62"
"CUFES:200004:JD:347",4,"bx3_by62"
"CUFES:200004:JD:348",4,"bx3_by62"
"CUFES:200004:JD:349",4,"bx3_by62"
"CUFES:200004:JD:350",4,"bx3_by62"
"CUFES:200004:JD:351",4,"bx3_by62"
"CUFES:200004:JD:352",4,"bx4_by62"
"CUFES:200004:JD:353",4,"bx4_by62"
"CUFES:200004:JD:354",4,"bx4_by62"
"CUFES:200004:JD:355",4,"bx4_by62"
"CUFES:200004:JD:356",4,"bx4_by62"
"CUFES:200004:JD:357",4,"bx4_by63"
"CUFES:200004:JD:358",4,"bx4_by63"
"CUFES:200004:JD:359",4,"bx4_by63"
"CUFES:200004:JD:360",4,"bx4_by63"
"CUFES:200004:JD:361",4,"bx3_by63"
"CUFES:200004:JD:362",4,"bx3_by63"
"CUFES:200004:JD:363",4,"bx3_by63"
"CUFES:200004:JD:364",4,"bx3_by63"
"CUFES:200004:JD:365",4,"bx3_by63"
"CUFES:200004:JD:366",4,"bx3_by63"
"CUFES:200004:JD:367",4,"bx3_by63"
"CUFES:200004:JD:368",4,"bx3_by63"
"CUFES:200004:JD:369",4,"bx2_by63"
"CUFES:200004:JD:370",4,"bx2_by63"
"CUFES:200004:JD:371",4,"bx2_by63"
"CUFES:200004:JD:372",4,"bx2_by63"
"CUFES:200004:JD:373",4,"bx2_by63"
"CUFES:200004:JD:374",4,"bx2_by63"
"CUFES:200004:JD:4",2,"bx7_by60"
"CUFES:200004:JD:482",4,"bx2_by64"
"CUFES:200004:JD:5",2,"bx7_by60"
"CUFES:200004:JD:6",2,"bx7_by60"
"CUFES:200004:JD:796",4,"bx2_by63"
"CUFES:200004:JD:797",4,"bx2_by63"
"CUFES:200004:JD:798",4,"bx2_by63"
"CUFES:200004:JD:799",4,"bx2_by63"
"CUFES:200004:JD:8",2,"bx6_by60"
"CUFES:200004:JD:800",4,"bx2_by63"
"CUFES:200004:JD:801",3,"bx2_by62"
"CUFES:200004:JD:802",3,"bx2_by62"
"CUFES:200004:JD:803",4,"bx3_by62"
"CUFES:200004:JD:804",4,"bx3_by62"
"CUFES:200004:JD:805",4,"bx3_by62"
"CUFES:200004:JD:806",4,"bx3_by62"
"CUFES:200004:JD:807",4,"bx3_by62"
"CUFES:200004:JD:808",4,"bx3_by62"
"CUFES:200004:JD:809",4,"bx3_by62"
"CUFES:200004:JD:810",4,"bx3_by62"
"CUFES:200004:JD:811",4,"bx4_by62"
"CUFES:200004:JD:812",4,"bx4_by62"
"CUFES:200004:JD:813",4,"bx4_by62"
"CUFES:200004:JD:814",3,"bx4_by61"
"CUFES:200004:JD:815",3,"bx4_by61"
"CUFES:200004:JD:816",3,"bx4_by61"
"CUFES:200004:JD:817",3,"bx4_by61"
"CUFES:200004:JD:818",3,"bx5_by61"
"CUFES:200004:JD:819",3,"bx5_by61"
"CUFES:200004:JD:820",3,"bx5_by61"
"CUFES:200004:JD:821",3,"bx5_by61"
"CUFES:200004:JD:822",3,"bx5_by61"
"CUFES:200004:JD:823",3,"bx5_by61"
"CUFES:200004:JD:824",3,"bx5_by61"
"CUFES:200004:JD:825",3,"bx5_by61"
"CUFES:200004:JD:826",3,"bx6_by61"
"CUFES:200004:JD:827",3,"bx6_by61"
"CUFES:200004:JD:828",2,"bx6_by60"
"CUFES:200004:JD:829",2,"bx6_by60"
"CUFES:200004:JD:830",2,"bx6_by60"
"CUFES:200004:JD:831",2,"bx6_by60"
"CUFES:200004:JD:832",2,"bx6_by60"
"CUFES:200004:JD:833",2,"bx7_by60"
"CUFES:200004:JD:834",2,"bx7_by60"
"CUFES:200004:JD:9",2,"bx6_by60"
"CUFES:200101:JD:1",2,"bx7_by60"
"CUFES:200101:JD:10",1,"bx6_by59"
"CUFES:200101:JD:11",1,"bx6_by59"
"CUFES:200101:JD:12",1,"bx6_by59"
"CUFES:200101:JD:13",1,"bx5_by59"
"CUFES:200101:JD:137",1,"bx2_by59"
"CUFES:200101:JD:138",1,"bx2_by59"
"CUFES:200101:JD:139",1,"bx2_by59"
"CUFES:200101:JD:14",1,"bx5_by59"
"CUFES:200101:JD:140",1,"bx2_by59"
"CUFES:200101:JD:141",1,"bx2_by59"
"CUFES:200101:JD:142",1,"bx3_by59"
"CUFES:200101:JD:143",1,"bx3_by59"
"CUFES:200101:JD:144",1,"bx3_by59"
"CUFES:200101:JD:145",1,"bx3_by59"
"CUFES:200101:JD:146",1,"bx3_by59"
"CUFES:200101:JD:147",1,"bx3_by59"
"CUFES:200101:JD:148",1,"bx3_by59"
"CUFES:200101:JD:149",2,"bx3_by60"
"CUFES:200101:JD:15",1,"bx5_by59"
"CUFES:200101:JD:150",2,"bx4_by60"
"CUFES:200101:JD:151",2,"bx4_by60"
"CUFES:200101:JD:152",2,"bx4_by60"
"CUFES:200101:JD:153",2,"bx4_by60"
"CUFES:200101:JD:154",2,"bx4_by60"
"CUFES:200101:JD:155",2,"bx4_by60"
"CUFES:200101:JD:156",2,"bx4_by60"
"CUFES:200101:JD:157",2,"bx5_by60"
"CUFES:200101:JD:158",2,"bx5_by60"
"CUFES:200101:JD:159",2,"bx5_by60"
"CUFES:200101:JD:16",1,"bx5_by59"
"CUFES:200101:JD:160",2,"bx5_by60"
"CUFES:200101:JD:161",2,"bx5_by60"
"CUFES:200101:JD:162",3,"bx5_by61"
"CUFES:200101:JD:163",3,"bx6_by61"
"CUFES:200101:JD:164",3,"bx6_by61"
"CUFES:200101:JD:165",3,"bx6_by61"
"CUFES:200101:JD:166",3,"bx6_by61"
"CUFES:200101:JD:167",3,"bx6_by61"
"CUFES:200101:JD:168",3,"bx6_by61"
"CUFES:200101:JD:169",3,"bx6_by61"
"CUFES:200101:JD:17",1,"bx5_by59"
"CUFES:200101:JD:170",3,"bx6_by61"
"CUFES:200101:JD:171",3,"bx6_by61"
"CUFES:200101:JD:172",3,"bx7_by61"
"CUFES:200101:JD:173",3,"bx7_by61"
"CUFES:200101:JD:174",3,"bx6_by61"
"CUFES:200101:JD:175",3,"bx6_by61"
"CUFES:200101:JD:176",4,"bx6_by62"
"CUFES:200101:JD:177",4,"bx6_by62"
"CUFES:200101:JD:178",4,"bx6_by62"
"CUFES:200101:JD:179",4,"bx6_by62"
"CUFES:200101:JD:18",1,"bx5_by59"
"CUFES:200101:JD:180",4,"bx6_by62"
"CUFES:200101:JD:181",4,"bx6_by62"
"CUFES:200101:JD:182",4,"bx5_by62"
"CUFES:200101:JD:183",4,"bx5_by62"
"CUFES:200101:JD:184",4,"bx5_by62"
"CUFES:200101:JD:185",4,"bx5_by62"
"CUFES:200101:JD:186",4,"bx5_by62"
"CUFES:200101:JD:187",4,"bx5_by62"
"CUFES:200101:JD:188",3,"bx5_by61"
"CUFES:200101:JD:189",3,"bx4_by61"
"CUFES:200101:JD:19",1,"bx5_by59"
"CUFES:200101:JD:190",3,"bx4_by61"
"CUFES:200101:JD:191",3,"bx4_by61"
"CUFES:200101:JD:192",3,"bx4_by61"
"CUFES:200101:JD:193",3,"bx4_by61"
"CUFES:200101:JD:194",3,"bx4_by61"
"CUFES:200101:JD:195",3,"bx4_by61"
"CUFES:200101:JD:196",3,"bx3_by61"
"CUFES:200101:JD:197",3,"bx3_by61"
"CUFES:200101:JD:198",3,"bx3_by61"
"CUFES:200101:JD:199",3,"bx3_by61"
"CUFES:200101:JD:2",2,"bx7_by60"
"CUFES:200101:JD:20",1,"bx4_by59"
"CUFES:200101:JD:200",3,"bx3_by61"
"CUFES:200101:JD:201",3,"bx3_by61"
"CUFES:200101:JD:202",2,"bx3_by60"
"CUFES:200101:JD:203",2,"bx3_by60"
"CUFES:200101:JD:204",2,"bx2_by60"
"CUFES:200101:JD:205",2,"bx2_by60"
"CUFES:200101:JD:206",2,"bx2_by60"
"CUFES:200101:JD:207",2,"bx2_by60"
"CUFES:200101:JD:208",2,"bx2_by60"
"CUFES:200101:JD:209",2,"bx2_by60"
"CUFES:200101:JD:21",1,"bx4_by59"
"CUFES:200101:JD:210",2,"bx2_by60"
"CUFES:200101:JD:211",2,"bx2_by60"
"CUFES:200101:JD:3",2,"bx7_by60"
"CUFES:200101:JD:307",3,"bx2_by61"
"CUFES:200101:JD:308",3,"bx2_by61"
"CUFES:200101:JD:309",3,"bx2_by62"
"CUFES:200101:JD:310",3,"bx2_by62"
"CUFES:200101:JD:311",3,"bx2_by62"
"CUFES:200101:JD:312",4,"bx3_by62"
"CUFES:200101:JD:313",4,"bx3_by62"
"CUFES:200101:JD:314",4,"bx3_by62"
"CUFES:200101:JD:315",4,"bx3_by62"
"CUFES:200101:JD:316",4,"bx3_by62"
"CUFES:200101:JD:317",4,"bx3_by62"
"CUFES:200101:JD:318",4,"bx3_by62"
"CUFES:200101:JD:319",4,"bx3_by62"
"CUFES:200101:JD:320",4,"bx4_by62"
"CUFES:200101:JD:321",4,"bx4_by62"
"CUFES:200101:JD:322",4,"bx4_by62"
"CUFES:200101:JD:323",4,"bx4_by62"
"CUFES:200101:JD:324",4,"bx4_by62"
"CUFES:200101:JD:325",4,"bx4_by63"
"CUFES:200101:JD:326",4,"bx4_by63"
"CUFES:200101:JD:327",4,"bx4_by63"
"CUFES:200101:JD:328",4,"bx4_by63"
"CUFES:200101:JD:329",4,"bx4_by63"
"CUFES:200101:JD:330",4,"bx4_by63"
"CUFES:200101:JD:331",4,"bx3_by63"
"CUFES:200101:JD:332",4,"bx3_by63"
"CUFES:200101:JD:333",4,"bx3_by63"
"CUFES:200101:JD:334",4,"bx3_by63"
"CUFES:200101:JD:335",4,"bx3_by63"
"CUFES:200101:JD:336",4,"bx3_by63"
"CUFES:200101:JD:337",4,"bx3_by63"
"CUFES:200101:JD:338",4,"bx2_by63"
"CUFES:200101:JD:339",4,"bx2_by63"
"CUFES:200101:JD:340",4,"bx2_by63"
"CUFES:200101:JD:341",4,"bx2_by63"
"CUFES:200101:JD:342",4,"bx2_by63"
"CUFES:200101:JD:343",4,"bx2_by63"
"CUFES:200101:JD:4",2,"bx7_by60"
"CUFES:200101:JD:5",2,"bx7_by60"
"CUFES:200101:JD:6",2,"bx6_by60"
"CUFES:200101:JD:7",2,"bx6_by60"
"CUFES:200101:JD:8",2,"bx6_by60"
"CUFES:200101:JD:9",2,"bx6_by60"
"CUFES:200104:JD:1",2,"bx7_by60"
"CUFES:200104:JD:10",2,"bx6_by60"
"CUFES:200104:JD:11",2,"bx6_by60"
"CUFES:200104:JD:12",1,"bx6_by59"
"CUFES:200104:JD:13",1,"bx6_by59"
"CUFES:200104:JD:14",1,"bx6_by59"
"CUFES:200104:JD:15",1,"bx6_by59"
"CUFES:200104:JD:153",1,"bx2_by59"
"CUFES:200104:JD:154",1,"bx2_by59"
"CUFES:200104:JD:155",1,"bx2_by59"
"CUFES:200104:JD:156",1,"bx2_by59"
"CUFES:200104:JD:157",1,"bx2_by59"
"CUFES:200104:JD:158",1,"bx3_by59"
"CUFES:200104:JD:159",1,"bx3_by59"
"CUFES:200104:JD:16",1,"bx6_by59"
"CUFES:200104:JD:160",1,"bx3_by59"
"CUFES:200104:JD:161",1,"bx3_by59"
"CUFES:200104:JD:162",1,"bx3_by59"
"CUFES:200104:JD:163",1,"bx3_by59"
"CUFES:200104:JD:164",1,"bx3_by59"
"CUFES:200104:JD:165",1,"bx3_by59"
"CUFES:200104:JD:166",1,"bx3_by59"
"CUFES:200104:JD:167",1,"bx3_by59"
"CUFES:200104:JD:168",1,"bx3_by59"
"CUFES:200104:JD:169",1,"bx3_by59"
"CUFES:200104:JD:17",1,"bx6_by59"
"CUFES:200104:JD:170",1,"bx3_by59"
"CUFES:200104:JD:171",1,"bx3_by59"
"CUFES:200104:JD:172",1,"bx3_by59"
"CUFES:200104:JD:173",1,"bx3_by59"
"CUFES:200104:JD:174",1,"bx3_by59"
"CUFES:200104:JD:175",1,"bx3_by59"
"CUFES:200104:JD:176",2,"bx4_by60"
"CUFES:200104:JD:177",2,"bx4_by60"
"CUFES:200104:JD:178",2,"bx4_by60"
"CUFES:200104:JD:179",2,"bx4_by60"
"CUFES:200104:JD:18",1,"bx6_by59"
"CUFES:200104:JD:181",2,"bx4_by60"
"CUFES:200104:JD:182",2,"bx4_by60"
"CUFES:200104:JD:183",2,"bx4_by60"
"CUFES:200104:JD:184",2,"bx4_by60"
"CUFES:200104:JD:185",2,"bx4_by60"
"CUFES:200104:JD:186",2,"bx5_by60"
"CUFES:200104:JD:187",2,"bx5_by60"
"CUFES:200104:JD:188",2,"bx5_by60"
"CUFES:200104:JD:189",2,"bx5_by60"
"CUFES:200104:JD:19",1,"bx5_by59"
"CUFES:200104:JD:190",2,"bx5_by60"
"CUFES:200104:JD:191",3,"bx5_by61"
"CUFES:200104:JD:192",3,"bx5_by61"
"CUFES:200104:JD:193",3,"bx5_by61"
"CUFES:200104:JD:194",3,"bx6_by61"
"CUFES:200104:JD:195",3,"bx6_by61"
"CUFES:200104:JD:196",3,"bx6_by61"
"CUFES:200104:JD:197",3,"bx6_by61"
"CUFES:200104:JD:198",3,"bx6_by61"
"CUFES:200104:JD:199",3,"bx6_by61"
"CUFES:200104:JD:2",2,"bx7_by60"
"CUFES:200104:JD:20",1,"bx5_by59"
"CUFES:200104:JD:200",3,"bx6_by61"
"CUFES:200104:JD:201",3,"bx6_by61"
"CUFES:200104:JD:202",3,"bx6_by61"
"CUFES:200104:JD:203",3,"bx7_by61"
"CUFES:200104:JD:204",3,"bx6_by61"
"CUFES:200104:JD:205",3,"bx6_by61"
"CUFES:200104:JD:206",3,"bx6_by61"
"CUFES:200104:JD:207",4,"bx6_by62"
"CUFES:200104:JD:208",4,"bx6_by62"
"CUFES:200104:JD:209",4,"bx6_by62"
"CUFES:200104:JD:21",1,"bx5_by59"
"CUFES:200104:JD:210",4,"bx6_by62"
"CUFES:200104:JD:211",4,"bx6_by62"
"CUFES:200104:JD:212",4,"bx6_by62"
"CUFES:200104:JD:213",4,"bx6_by62"
"CUFES:200104:JD:214",4,"bx6_by62"
"CUFES:200104:JD:215",4,"bx5_by62"
"CUFES:200104:JD:216",4,"bx5_by62"
"CUFES:200104:JD:217",4,"bx5_by62"
"CUFES:200104:JD:218",4,"bx5_by62"
"CUFES:200104:JD:219",4,"bx5_by62"
"CUFES:200104:JD:22",1,"bx5_by59"
"CUFES:200104:JD:220",4,"bx5_by62"
"CUFES:200104:JD:221",3,"bx5_by61"
"CUFES:200104:JD:222",3,"bx5_by61"
"CUFES:200104:JD:223",3,"bx4_by61"
"CUFES:200104:JD:224",3,"bx4_by61"
"CUFES:200104:JD:225",3,"bx4_by61"
"CUFES:200104:JD:226",3,"bx4_by61"
"CUFES:200104:JD:227",3,"bx4_by61"
"CUFES:200104:JD:228",3,"bx4_by61"
"CUFES:200104:JD:229",3,"bx4_by61"
"CUFES:200104:JD:23",1,"bx5_by59"
"CUFES:200104:JD:230",3,"bx4_by61"
"CUFES:200104:JD:231",3,"bx3_by61"
"CUFES:200104:JD:232",3,"bx3_by61"
"CUFES:200104:JD:233",3,"bx3_by61"
"CUFES:200104:JD:234",3,"bx3_by61"
"CUFES:200104:JD:235",3,"bx3_by61"
"CUFES:200104:JD:236",3,"bx3_by61"
"CUFES:200104:JD:237",2,"bx3_by60"
"CUFES:200104:JD:238",2,"bx3_by60"
"CUFES:200104:JD:239",2,"bx2_by60"
"CUFES:200104:JD:24",1,"bx5_by59"
"CUFES:200104:JD:240",2,"bx2_by60"
"CUFES:200104:JD:241",2,"bx2_by60"
"CUFES:200104:JD:242",2,"bx2_by60"
"CUFES:200104:JD:243",2,"bx2_by60"
"CUFES:200104:JD:244",2,"bx2_by60"
"CUFES:200104:JD:245",2,"bx2_by60"
"CUFES:200104:JD:246",2,"bx2_by60"
"CUFES:200104:JD:247",2,"bx2_by60"
"CUFES:200104:JD:248",2,"bx2_by60"
"CUFES:200104:JD:249",2,"bx2_by60"
"CUFES:200104:JD:25",1,"bx5_by59"
"CUFES:200104:JD:250",2,"bx2_by60"
"CUFES:200104:JD:251",2,"bx2_by60"
"CUFES:200104:JD:26",1,"bx5_by59"
"CUFES:200104:JD:27",1,"bx5_by59"
"CUFES:200104:JD:28",1,"bx5_by59"
"CUFES:200104:JD:29",1,"bx5_by59"
"CUFES:200104:JD:3",2,"bx7_by60"
"CUFES:200104:JD:30",1,"bx5_by59"
"CUFES:200104:JD:31",1,"bx4_by59"
"CUFES:200104:JD:341",3,"bx2_by61"
"CUFES:200104:JD:342",3,"bx2_by61"
"CUFES:200104:JD:343",3,"bx2_by62"
"CUFES:200104:JD:344",3,"bx2_by62"
"CUFES:200104:JD:345",3,"bx2_by62"
"CUFES:200104:JD:346",3,"bx2_by62"
"CUFES:200104:JD:347",3,"bx2_by62"
"CUFES:200104:JD:348",4,"bx3_by62"
"CUFES:200104:JD:349",4,"bx3_by62"
"CUFES:200104:JD:350",4,"bx3_by62"
"CUFES:200104:JD:351",4,"bx3_by62"
"CUFES:200104:JD:352",4,"bx3_by62"
"CUFES:200104:JD:353",4,"bx3_by62"
"CUFES:200104:JD:354",4,"bx3_by62"
"CUFES:200104:JD:355",4,"bx3_by62"
"CUFES:200104:JD:356",4,"bx3_by62"
"CUFES:200104:JD:357",4,"bx3_by62"
"CUFES:200104:JD:358",4,"bx3_by63"
"CUFES:200104:JD:359",4,"bx3_by63"
"CUFES:200104:JD:360",4,"bx3_by63"
"CUFES:200104:JD:361",4,"bx3_by63"
"CUFES:200104:JD:362",4,"bx4_by63"
"CUFES:200104:JD:363",4,"bx4_by63"
"CUFES:200104:JD:364",4,"bx4_by63"
"CUFES:200104:JD:365",4,"bx4_by63"
"CUFES:200104:JD:366",4,"bx4_by63"
"CUFES:200104:JD:367",4,"bx4_by63"
"CUFES:200104:JD:368",4,"bx4_by63"
"CUFES:200104:JD:369",4,"bx4_by63"
"CUFES:200104:JD:370",4,"bx4_by63"
"CUFES:200104:JD:371",4,"bx3_by63"
"CUFES:200104:JD:372",4,"bx3_by63"
"CUFES:200104:JD:373",4,"bx3_by63"
"CUFES:200104:JD:374",4,"bx3_by63"
"CUFES:200104:JD:375",4,"bx3_by63"
"CUFES:200104:JD:376",4,"bx3_by63"
"CUFES:200104:JD:377",4,"bx3_by63"
"CUFES:200104:JD:378",4,"bx3_by63"
"CUFES:200104:JD:379",4,"bx2_by63"
"CUFES:200104:JD:380",4,"bx2_by63"
"CUFES:200104:JD:381",4,"bx2_by63"
"CUFES:200104:JD:382",4,"bx2_by63"
"CUFES:200104:JD:383",4,"bx2_by63"
"CUFES:200104:JD:384",4,"bx2_by63"
"CUFES:200104:JD:385",4,"bx2_by63"
"CUFES:200104:JD:4",2,"bx7_by60"
"CUFES:200104:JD:5",2,"bx7_by60"
"CUFES:200104:JD:6",2,"bx7_by60"
"CUFES:200104:JD:7",2,"bx7_by60"
"CUFES:200104:JD:796",3,"bx2_by61"
"CUFES:200104:JD:797",3,"bx2_by61"
"CUFES:200104:JD:798",2,"bx2_by60"
"CUFES:200104:JD:799",2,"bx2_by60"
"CUFES:200104:JD:8",2,"bx7_by60"
"CUFES:200104:JD:800",2,"bx2_by60"
"CUFES:200104:JD:801",2,"bx2_by60"
"CUFES:200104:JD:802",2,"bx2_by60"
"CUFES:200104:JD:803",2,"bx3_by60"
"CUFES:200104:JD:804",2,"bx3_by60"
"CUFES:200104:JD:805",2,"bx3_by60"
"CUFES:200104:JD:806",2,"bx3_by60"
"CUFES:200104:JD:807",2,"bx3_by60"
"CUFES:200104:JD:808",2,"bx3_by60"
"CUFES:200104:JD:809",2,"bx3_by60"
"CUFES:200104:JD:810",2,"bx4_by60"
"CUFES:200104:JD:811",2,"bx4_by60"
"CUFES:200104:JD:812",1,"bx4_by59"
"CUFES:200104:JD:813",1,"bx4_by59"
"CUFES:200104:JD:814",1,"bx4_by59"
"CUFES:200104:JD:815",1,"bx4_by59"
"CUFES:200104:JD:816",1,"bx4_by59"
"CUFES:200104:JD:817",1,"bx4_by59"
"CUFES:200104:JD:819",1,"bx5_by59"
"CUFES:200104:JD:820",1,"bx5_by59"
"CUFES:200104:JD:821",1,"bx5_by59"
"CUFES:200104:JD:822",1,"bx5_by59"
"CUFES:200104:JD:823",1,"bx5_by59"
"CUFES:200104:JD:824",1,"bx5_by59"
"CUFES:200104:JD:825",2,"bx5_by60"
"CUFES:200104:JD:826",2,"bx5_by60"
"CUFES:200104:JD:827",2,"bx5_by60"
"CUFES:200104:JD:828",2,"bx5_by60"
"CUFES:200104:JD:829",2,"bx5_by60"
"CUFES:200104:JD:830",2,"bx5_by60"
"CUFES:200104:JD:831",2,"bx5_by60"
"CUFES:200104:JD:832",2,"bx5_by60"
"CUFES:200104:JD:833",2,"bx5_by60"
"CUFES:200104:JD:834",2,"bx5_by60"
"CUFES:200104:JD:836",2,"bx5_by60"
"CUFES:200104:JD:837",2,"bx5_by60"
"CUFES:200104:JD:839",2,"bx5_by60"
"CUFES:200104:JD:840",2,"bx4_by60"
"CUFES:200104:JD:841",2,"bx4_by60"
"CUFES:200104:JD:842",2,"bx4_by60"
"CUFES:200104:JD:843",2,"bx4_by60"
"CUFES:200104:JD:844",2,"bx4_by60"
"CUFES:200104:JD:845",3,"bx4_by61"
"CUFES:200104:JD:846",3,"bx4_by61"
"CUFES:200104:JD:847",3,"bx4_by61"
"CUFES:200104:JD:848",3,"bx4_by61"
"CUFES:200104:JD:849",3,"bx3_by61"
"CUFES:200104:JD:850",3,"bx3_by61"
"CUFES:200104:JD:851",3,"bx3_by61"
"CUFES:200104:JD:852",3,"bx3_by61"
"CUFES:200104:JD:853",3,"bx3_by61"
"CUFES:200104:JD:854",3,"bx3_by61"
"CUFES:200104:JD:855",3,"bx3_by61"
"CUFES:200104:JD:856",3,"bx3_by61"
"CUFES:200104:JD:857",4,"bx3_by62"
"CUFES:200104:JD:858",4,"bx3_by62"
"CUFES:200104:JD:859",4,"bx3_by62"
"CUFES:200104:JD:860",4,"bx3_by62"
"CUFES:200104:JD:861",4,"bx3_by62"
"CUFES:200104:JD:862",3,"bx4_by61"
"CUFES:200104:JD:863",3,"bx3_by61"
"CUFES:200104:JD:864",3,"bx3_by61"
"CUFES:200104:JD:865",3,"bx3_by61"
"CUFES:200104:JD:866",3,"bx3_by61"
"CUFES:200104:JD:867",3,"bx3_by61"
"CUFES:200104:JD:868",3,"bx3_by61"
"CUFES:200104:JD:869",3,"bx3_by61"
"CUFES:200104:JD:870",3,"bx3_by61"
"CUFES:200104:JD:871",3,"bx3_by61"
"CUFES:200104:JD:872",3,"bx3_by61"
"CUFES:200104:JD:873",3,"bx3_by61"
"CUFES:200104:JD:874",3,"bx3_by61"
"CUFES:200104:JD:875",3,"bx3_by61"
"CUFES:200104:JD:876",3,"bx3_by61"
"CUFES:200104:JD:877",2,"bx3_by60"
"CUFES:200104:JD:878",2,"bx4_by60"
"CUFES:200104:JD:879",2,"bx4_by60"
"CUFES:200104:JD:880",2,"bx4_by60"
"CUFES:200104:JD:881",2,"bx4_by60"
"CUFES:200104:JD:882",2,"bx4_by60"
"CUFES:200104:JD:883",2,"bx4_by60"
"CUFES:200104:JD:884",2,"bx5_by60"
"CUFES:200104:JD:885",2,"bx5_by60"
"CUFES:200104:JD:886",2,"bx5_by60"
"CUFES:200104:JD:887",2,"bx5_by60"
"CUFES:200104:JD:888",2,"bx5_by60"
"CUFES:200104:JD:889",2,"bx5_by60"
"CUFES:200104:JD:890",2,"bx5_by60"
"CUFES:200104:JD:891",2,"bx5_by60"
"CUFES:200104:JD:892",2,"bx5_by60"
"CUFES:200104:JD:893",2,"bx5_by60"
"CUFES:200104:JD:894",2,"bx5_by60"
"CUFES:200104:JD:895",2,"bx5_by60"
"CUFES:200104:JD:896",2,"bx5_by60"
"CUFES:200104:JD:897",2,"bx5_by60"
"CUFES:200104:JD:898",2,"bx5_by60"
"CUFES:200104:JD:899",2,"bx5_by60"
"CUFES:200104:JD:9",2,"bx6_by60"
"CUFES:200104:JD:900",2,"bx5_by60"
"CUFES:200104:JD:901",2,"bx5_by60"
"CUFES:200104:JD:902",2,"bx5_by60"
"CUFES:200104:JD:903",2,"bx5_by60"
"CUFES:200104:JD:904",1,"bx5_by59"
"CUFES:200104:JD:905",1,"bx5_by59"
"CUFES:200104:JD:906",1,"bx5_by59"
"CUFES:200104:JD:907",1,"bx5_by59"
"CUFES:200104:JD:908",1,"bx5_by59"
"CUFES:200104:JD:910",1,"bx5_by59"
"CUFES:200104:JD:911",1,"bx5_by59"
"CUFES:200104:JD:913",1,"bx5_by59"
"CUFES:200104:JD:914",1,"bx5_by59"
"CUFES:200104:JD:915",1,"bx5_by59"
"CUFES:200104:JD:916",1,"bx5_by59"
"CUFES:200104:JD:917",1,"bx5_by59"
"CUFES:200104:JD:918",1,"bx5_by59"
"CUFES:200104:JD:919",1,"bx5_by59"
"CUFES:200104:JD:920",1,"bx5_by59"
"CUFES:200104:JD:921",1,"bx6_by59"
"CUFES:200104:JD:922",1,"bx6_by59"
"CUFES:200104:JD:923",1,"bx6_by59"
"CUFES:200104:JD:924",1,"bx6_by59"
"CUFES:200104:JD:925",1,"bx6_by59"
"CUFES:200104:JD:926",1,"bx6_by59"
"CUFES:200104:JD:927",1,"bx6_by59"
"CUFES:200104:JD:928",1,"bx6_by59"
"CUFES:200104:JD:929",1,"bx6_by59"
"CUFES:200104:JD:930",1,"bx6_by59"
"CUFES:200104:JD:931",1,"bx6_by59"
"CUFES:200204:JD:1",2,"bx7_by60"
"CUFES:200204:JD:10",2,"bx6_by60"
"CUFES:200204:JD:11",2,"bx6_by60"
"CUFES:200204:JD:12",1,"bx6_by59"
"CUFES:200204:JD:129",1,"bx2_by59"
"CUFES:200204:JD:13",1,"bx6_by59"
"CUFES:200204:JD:130",1,"bx2_by59"
"CUFES:200204:JD:131",1,"bx2_by59"
"CUFES:200204:JD:132",1,"bx2_by59"
"CUFES:200204:JD:133",1,"bx3_by59"
"CUFES:200204:JD:134",1,"bx3_by59"
"CUFES:200204:JD:135",1,"bx3_by59"
"CUFES:200204:JD:136",1,"bx3_by59"
"CUFES:200204:JD:137",1,"bx3_by59"
"CUFES:200204:JD:138",1,"bx3_by59"
"CUFES:200204:JD:139",1,"bx3_by59"
"CUFES:200204:JD:14",1,"bx6_by59"
"CUFES:200204:JD:140",1,"bx3_by59"
"CUFES:200204:JD:141",2,"bx4_by60"
"CUFES:200204:JD:142",2,"bx4_by60"
"CUFES:200204:JD:143",2,"bx4_by60"
"CUFES:200204:JD:144",2,"bx4_by60"
"CUFES:200204:JD:145",2,"bx4_by60"
"CUFES:200204:JD:146",2,"bx4_by60"
"CUFES:200204:JD:147",2,"bx4_by60"
"CUFES:200204:JD:148",2,"bx4_by60"
"CUFES:200204:JD:149",2,"bx5_by60"
"CUFES:200204:JD:15",1,"bx5_by59"
"CUFES:200204:JD:150",2,"bx5_by60"
"CUFES:200204:JD:151",2,"bx5_by60"
"CUFES:200204:JD:152",2,"bx5_by60"
"CUFES:200204:JD:153",2,"bx5_by60"
"CUFES:200204:JD:154",3,"bx5_by61"
"CUFES:200204:JD:155",3,"bx6_by61"
"CUFES:200204:JD:156",3,"bx6_by61"
"CUFES:200204:JD:157",3,"bx6_by61"
"CUFES:200204:JD:158",3,"bx6_by61"
"CUFES:200204:JD:159",3,"bx6_by61"
"CUFES:200204:JD:16",1,"bx5_by59"
"CUFES:200204:JD:160",3,"bx6_by61"
"CUFES:200204:JD:161",3,"bx6_by61"
"CUFES:200204:JD:162",3,"bx6_by61"
"CUFES:200204:JD:163",3,"bx7_by61"
"CUFES:200204:JD:164",3,"bx7_by61"
"CUFES:200204:JD:165",3,"bx7_by61"
"CUFES:200204:JD:166",3,"bx6_by61"
"CUFES:200204:JD:167",3,"bx6_by61"
"CUFES:200204:JD:168",3,"bx6_by61"
"CUFES:200204:JD:169",4,"bx6_by62"
"CUFES:200204:JD:17",1,"bx5_by59"
"CUFES:200204:JD:170",4,"bx6_by62"
"CUFES:200204:JD:171",4,"bx6_by62"
"CUFES:200204:JD:172",4,"bx6_by62"
"CUFES:200204:JD:173",4,"bx6_by62"
"CUFES:200204:JD:174",4,"bx6_by62"
"CUFES:200204:JD:175",4,"bx5_by62"
"CUFES:200204:JD:176",4,"bx5_by62"
"CUFES:200204:JD:177",4,"bx5_by62"
"CUFES:200204:JD:178",4,"bx5_by62"
"CUFES:200204:JD:179",4,"bx5_by62"
"CUFES:200204:JD:18",1,"bx5_by59"
"CUFES:200204:JD:180",4,"bx5_by62"
"CUFES:200204:JD:181",4,"bx5_by62"
"CUFES:200204:JD:182",3,"bx4_by61"
"CUFES:200204:JD:183",3,"bx4_by61"
"CUFES:200204:JD:184",3,"bx4_by61"
"CUFES:200204:JD:185",3,"bx4_by61"
"CUFES:200204:JD:186",3,"bx4_by61"
"CUFES:200204:JD:187",3,"bx4_by61"
"CUFES:200204:JD:188",3,"bx4_by61"
"CUFES:200204:JD:189",3,"bx4_by61"
"CUFES:200204:JD:19",1,"bx5_by59"
"CUFES:200204:JD:190",3,"bx3_by61"
"CUFES:200204:JD:191",3,"bx3_by61"
"CUFES:200204:JD:192",3,"bx3_by61"
"CUFES:200204:JD:193",3,"bx3_by61"
"CUFES:200204:JD:194",3,"bx3_by61"
"CUFES:200204:JD:195",3,"bx4_by61"
"CUFES:200204:JD:196",3,"bx4_by61"
"CUFES:200204:JD:197",3,"bx4_by61"
"CUFES:200204:JD:198",3,"bx4_by61"
"CUFES:200204:JD:199",3,"bx4_by61"
"CUFES:200204:JD:2",2,"bx7_by60"
"CUFES:200204:JD:20",1,"bx5_by59"
"CUFES:200204:JD:200",2,"bx4_by60"
"CUFES:200204:JD:201",2,"bx4_by60"
"CUFES:200204:JD:202",2,"bx4_by60"
"CUFES:200204:JD:203",2,"bx3_by60"
"CUFES:200204:JD:204",2,"bx3_by60"
"CUFES:200204:JD:205",2,"bx3_by60"
"CUFES:200204:JD:206",2,"bx3_by60"
"CUFES:200204:JD:207",2,"bx3_by60"
"CUFES:200204:JD:208",2,"bx3_by60"
"CUFES:200204:JD:209",2,"bx3_by60"
"CUFES:200204:JD:21",1,"bx5_by59"
"CUFES:200204:JD:210",2,"bx2_by60"
"CUFES:200204:JD:211",2,"bx2_by60"
"CUFES:200204:JD:212",2,"bx2_by60"
"CUFES:200204:JD:213",2,"bx2_by60"
"CUFES:200204:JD:214",2,"bx2_by60"
"CUFES:200204:JD:215",2,"bx2_by60"
"CUFES:200204:JD:216",2,"bx2_by60"
"CUFES:200204:JD:218",2,"bx2_by60"
"CUFES:200204:JD:22",1,"bx5_by59"
"CUFES:200204:JD:23",1,"bx4_by59"
"CUFES:200204:JD:24",1,"bx4_by59"
"CUFES:200204:JD:25",1,"bx4_by59"
"CUFES:200204:JD:3",2,"bx7_by60"
"CUFES:200204:JD:303",3,"bx2_by61"
"CUFES:200204:JD:304",3,"bx2_by61"
"CUFES:200204:JD:305",3,"bx2_by62"
"CUFES:200204:JD:306",3,"bx2_by62"
"CUFES:200204:JD:307",3,"bx2_by62"
"CUFES:200204:JD:308",3,"bx2_by62"
"CUFES:200204:JD:309",4,"bx3_by62"
"CUFES:200204:JD:310",4,"bx3_by62"
"CUFES:200204:JD:311",4,"bx3_by62"
"CUFES:200204:JD:312",4,"bx3_by62"
"CUFES:200204:JD:313",4,"bx3_by62"
"CUFES:200204:JD:314",4,"bx3_by62"
"CUFES:200204:JD:315",4,"bx3_by62"
"CUFES:200204:JD:316",4,"bx3_by62"
"CUFES:200204:JD:317",4,"bx4_by62"
"CUFES:200204:JD:318",4,"bx4_by62"
"CUFES:200204:JD:319",4,"bx4_by62"
"CUFES:200204:JD:320",4,"bx4_by62"
"CUFES:200204:JD:321",4,"bx4_by62"
"CUFES:200204:JD:322",4,"bx4_by62"
"CUFES:200204:JD:323",4,"bx4_by63"
"CUFES:200204:JD:324",4,"bx4_by63"
"CUFES:200204:JD:325",4,"bx4_by63"
"CUFES:200204:JD:326",4,"bx4_by63"
"CUFES:200204:JD:327",4,"bx4_by63"
"CUFES:200204:JD:328",4,"bx4_by63"
"CUFES:200204:JD:329",4,"bx3_by63"
"CUFES:200204:JD:330",4,"bx3_by63"
"CUFES:200204:JD:331",4,"bx3_by63"
"CUFES:200204:JD:332",4,"bx3_by63"
"CUFES:200204:JD:333",4,"bx3_by63"
"CUFES:200204:JD:334",4,"bx3_by63"
"CUFES:200204:JD:335",4,"bx3_by63"
"CUFES:200204:JD:336",4,"bx3_by63"
"CUFES:200204:JD:337",4,"bx2_by63"
"CUFES:200204:JD:338",4,"bx2_by63"
"CUFES:200204:JD:339",4,"bx2_by63"
"CUFES:200204:JD:340",4,"bx2_by63"
"CUFES:200204:JD:341",4,"bx2_by63"
"CUFES:200204:JD:342",4,"bx2_by63"
"CUFES:200204:JD:343",4,"bx2_by63"
"CUFES:200204:JD:4",2,"bx7_by60"
"CUFES:200204:JD:5",2,"bx7_by60"
"CUFES:200204:JD:6",2,"bx7_by60"
"CUFES:200204:JD:7",2,"bx7_by60"
"CUFES:200204:JD:8",2,"bx6_by60"
"CUFES:200204:JD:9",2,"bx6_by60"
"CUFES:200204:M4:1",2,"bx7_by60"
"CUFES:200204:M4:10",1,"bx6_by59"
"CUFES:200204:M4:100",1,"bx6_by59"
"CUFES:200204:M4:101",1,"bx6_by59"
"CUFES:200204:M4:102",1,"bx6_by59"
"CUFES:200204:M4:103",1,"bx6_by59"
"CUFES:200204:M4:104",1,"bx6_by59"
"CUFES:200204:M4:105",1,"bx6_by59"
"CUFES:200204:M4:106",1,"bx6_by59"
"CUFES:200204:M4:107",1,"bx6_by59"
"CUFES:200204:M4:108",2,"bx7_by59"
"CUFES:200204:M4:109",2,"bx7_by60"
"CUFES:200204:M4:11",1,"bx6_by59"
"CUFES:200204:M4:110",2,"bx7_by60"
"CUFES:200204:M4:111",2,"bx7_by60"
"CUFES:200204:M4:112",2,"bx7_by60"
"CUFES:200204:M4:113",2,"bx7_by60"
"CUFES:200204:M4:114",2,"bx7_by60"
"CUFES:200204:M4:115",2,"bx7_by60"
"CUFES:200204:M4:116",2,"bx7_by60"
"CUFES:200204:M4:117",2,"bx7_by60"
"CUFES:200204:M4:118",2,"bx7_by60"
"CUFES:200204:M4:119",2,"bx7_by60"
"CUFES:200204:M4:12",1,"bx6_by59"
"CUFES:200204:M4:120",2,"bx7_by60"
"CUFES:200204:M4:121",2,"bx7_by60"
"CUFES:200204:M4:122",2,"bx6_by60"
"CUFES:200204:M4:123",2,"bx6_by60"
"CUFES:200204:M4:124",2,"bx6_by60"
"CUFES:200204:M4:125",2,"bx6_by60"
"CUFES:200204:M4:126",2,"bx6_by60"
"CUFES:200204:M4:127",2,"bx6_by60"
"CUFES:200204:M4:128",2,"bx5_by60"
"CUFES:200204:M4:129",1,"bx5_by59"
"CUFES:200204:M4:130",1,"bx5_by59"
"CUFES:200204:M4:131",1,"bx5_by59"
"CUFES:200204:M4:132",1,"bx5_by59"
"CUFES:200204:M4:133",1,"bx5_by59"
"CUFES:200204:M4:134",1,"bx4_by59"
"CUFES:200204:M4:135",1,"bx4_by59"
"CUFES:200204:M4:136",1,"bx4_by59"
"CUFES:200204:M4:137",1,"bx4_by59"
"CUFES:200204:M4:138",1,"bx4_by59"
"CUFES:200204:M4:139",1,"bx4_by59"
"CUFES:200204:M4:140",1,"bx4_by59"
"CUFES:200204:M4:141",1,"bx4_by59"
"CUFES:200204:M4:142",1,"bx4_by59"
"CUFES:200204:M4:143",1,"bx4_by59"
"CUFES:200204:M4:187",1,"bx3_by59"
"CUFES:200204:M4:188",1,"bx3_by59"
"CUFES:200204:M4:189",1,"bx4_by59"
"CUFES:200204:M4:190",1,"bx4_by59"
"CUFES:200204:M4:191",1,"bx4_by59"
"CUFES:200204:M4:192",1,"bx4_by59"
"CUFES:200204:M4:193",1,"bx4_by59"
"CUFES:200204:M4:194",1,"bx4_by59"
"CUFES:200204:M4:195",1,"bx5_by59"
"CUFES:200204:M4:196",1,"bx5_by59"
"CUFES:200204:M4:197",1,"bx5_by59"
"CUFES:200204:M4:198",1,"bx5_by59"
"CUFES:200204:M4:199",1,"bx5_by59"
"CUFES:200204:M4:2",2,"bx7_by59"
"CUFES:200204:M4:200",1,"bx5_by59"
"CUFES:200204:M4:201",2,"bx5_by60"
"CUFES:200204:M4:202",2,"bx5_by60"
"CUFES:200204:M4:203",2,"bx5_by60"
"CUFES:200204:M4:204",2,"bx6_by60"
"CUFES:200204:M4:205",2,"bx6_by60"
"CUFES:200204:M4:206",2,"bx6_by60"
"CUFES:200204:M4:207",2,"bx6_by60"
"CUFES:200204:M4:208",2,"bx6_by60"
"CUFES:200204:M4:209",2,"bx6_by60"
"CUFES:200204:M4:210",2,"bx6_by60"
"CUFES:200204:M4:211",2,"bx6_by60"
"CUFES:200204:M4:212",2,"bx6_by60"
"CUFES:200204:M4:213",2,"bx7_by60"
"CUFES:200204:M4:214",3,"bx7_by61"
"CUFES:200204:M4:215",3,"bx7_by61"
"CUFES:200204:M4:216",3,"bx7_by61"
"CUFES:200204:M4:217",3,"bx7_by61"
"CUFES:200204:M4:218",3,"bx7_by61"
"CUFES:200204:M4:219",3,"bx7_by61"
"CUFES:200204:M4:220",3,"bx7_by61"
"CUFES:200204:M4:221",3,"bx6_by61"
"CUFES:200204:M4:222",3,"bx6_by61"
"CUFES:200204:M4:223",3,"bx6_by61"
"CUFES:200204:M4:224",3,"bx6_by61"
"CUFES:200204:M4:225",2,"bx6_by60"
"CUFES:200204:M4:226",2,"bx6_by60"
"CUFES:200204:M4:227",2,"bx6_by60"
"CUFES:200204:M4:228",3,"bx5_by61"
"CUFES:200204:M4:229",3,"bx5_by61"
"CUFES:200204:M4:230",2,"bx5_by60"
"CUFES:200204:M4:231",2,"bx5_by60"
"CUFES:200204:M4:232",2,"bx5_by60"
"CUFES:200204:M4:233",2,"bx5_by60"
"CUFES:200204:M4:234",2,"bx5_by60"
"CUFES:200204:M4:235",2,"bx5_by60"
"CUFES:200204:M4:236",2,"bx5_by60"
"CUFES:200204:M4:237",2,"bx4_by60"
"CUFES:200204:M4:238",2,"bx4_by60"
"CUFES:200204:M4:239",2,"bx4_by60"
"CUFES:200204:M4:240",1,"bx4_by59"
"CUFES:200204:M4:241",1,"bx4_by59"
"CUFES:200204:M4:242",1,"bx4_by59"
"CUFES:200204:M4:243",1,"bx3_by59"
"CUFES:200204:M4:244",1,"bx3_by59"
"CUFES:200204:M4:245",1,"bx3_by59"
"CUFES:200204:M4:246",1,"bx3_by59"
"CUFES:200204:M4:247",1,"bx3_by59"
"CUFES:200204:M4:248",1,"bx3_by59"
"CUFES:200204:M4:249",1,"bx3_by59"
"CUFES:200204:M4:250",1,"bx2_by59"
"CUFES:200204:M4:267",1,"bx2_by59"
"CUFES:200204:M4:268",1,"bx2_by59"
"CUFES:200204:M4:269",1,"bx2_by59"
"CUFES:200204:M4:270",1,"bx2_by59"
"CUFES:200204:M4:271",1,"bx2_by59"
"CUFES:200204:M4:272",1,"bx3_by59"
"CUFES:200204:M4:273",1,"bx3_by59"
"CUFES:200204:M4:274",2,"bx3_by60"
"CUFES:200204:M4:275",2,"bx3_by60"
"CUFES:200204:M4:276",2,"bx3_by60"
"CUFES:200204:M4:277",2,"bx3_by60"
"CUFES:200204:M4:278",2,"bx3_by60"
"CUFES:200204:M4:279",2,"bx3_by60"
"CUFES:200204:M4:280",2,"bx3_by60"
"CUFES:200204:M4:281",2,"bx3_by60"
"CUFES:200204:M4:282",2,"bx4_by60"
"CUFES:200204:M4:283",2,"bx4_by60"
"CUFES:200204:M4:284",2,"bx4_by60"
"CUFES:200204:M4:285",2,"bx4_by60"
"CUFES:200204:M4:286",2,"bx4_by60"
"CUFES:200204:M4:287",2,"bx4_by60"
"CUFES:200204:M4:288",2,"bx4_by60"
"CUFES:200204:M4:289",2,"bx4_by60"
"CUFES:200204:M4:290",2,"bx4_by60"
"CUFES:200204:M4:291",2,"bx4_by60"
"CUFES:200204:M4:292",2,"bx5_by60"
"CUFES:200204:M4:293",3,"bx5_by61"
"CUFES:200204:M4:294",3,"bx5_by61"
"CUFES:200204:M4:295",3,"bx5_by61"
"CUFES:200204:M4:296",3,"bx5_by61"
"CUFES:200204:M4:297",3,"bx5_by61"
"CUFES:200204:M4:298",3,"bx6_by61"
"CUFES:200204:M4:299",3,"bx6_by61"
"CUFES:200204:M4:3",2,"bx7_by59"
"CUFES:200204:M4:300",3,"bx6_by61"
"CUFES:200204:M4:301",3,"bx6_by61"
"CUFES:200204:M4:302",3,"bx6_by61"
"CUFES:200204:M4:303",3,"bx6_by61"
"CUFES:200204:M4:304",3,"bx6_by61"
"CUFES:200204:M4:305",3,"bx6_by61"
"CUFES:200204:M4:306",3,"bx6_by61"
"CUFES:200204:M4:307",3,"bx6_by61"
"CUFES:200204:M4:308",3,"bx6_by61"
"CUFES:200204:M4:309",3,"bx6_by61"
"CUFES:200204:M4:310",3,"bx5_by61"
"CUFES:200204:M4:311",3,"bx5_by61"
"CUFES:200204:M4:312",3,"bx5_by61"
"CUFES:200204:M4:313",3,"bx5_by61"
"CUFES:200204:M4:314",3,"bx5_by61"
"CUFES:200204:M4:315",3,"bx5_by61"
"CUFES:200204:M4:316",3,"bx5_by61"
"CUFES:200204:M4:317",3,"bx4_by61"
"CUFES:200204:M4:318",3,"bx4_by61"
"CUFES:200204:M4:319",3,"bx4_by61"
"CUFES:200204:M4:320",2,"bx4_by60"
"CUFES:200204:M4:321",2,"bx4_by60"
"CUFES:200204:M4:322",2,"bx4_by60"
"CUFES:200204:M4:323",2,"bx3_by60"
"CUFES:200204:M4:324",2,"bx3_by60"
"CUFES:200204:M4:325",2,"bx3_by60"
"CUFES:200204:M4:326",2,"bx3_by60"
"CUFES:200204:M4:327",2,"bx3_by60"
"CUFES:200204:M4:328",2,"bx3_by60"
"CUFES:200204:M4:329",2,"bx2_by60"
"CUFES:200204:M4:330",2,"bx2_by60"
"CUFES:200204:M4:331",1,"bx2_by59"
"CUFES:200204:M4:332",1,"bx2_by59"
"CUFES:200204:M4:333",1,"bx2_by59"
"CUFES:200204:M4:334",1,"bx2_by59"
"CUFES:200204:M4:349",2,"bx2_by60"
"CUFES:200204:M4:350",2,"bx2_by60"
"CUFES:200204:M4:351",2,"bx2_by60"
"CUFES:200204:M4:352",2,"bx2_by60"
"CUFES:200204:M4:353",2,"bx3_by60"
"CUFES:200204:M4:354",2,"bx3_by60"
"CUFES:200204:M4:355",2,"bx3_by60"
"CUFES:200204:M4:356",2,"bx3_by60"
"CUFES:200204:M4:357",2,"bx3_by60"
"CUFES:200204:M4:358",2,"bx3_by60"
"CUFES:200204:M4:359",3,"bx3_by61"
"CUFES:200204:M4:360",3,"bx4_by61"
"CUFES:200204:M4:361",3,"bx4_by61"
"CUFES:200204:M4:362",3,"bx4_by61"
"CUFES:200204:M4:363",3,"bx4_by61"
"CUFES:200204:M4:364",3,"bx4_by61"
"CUFES:200204:M4:365",3,"bx4_by61"
"CUFES:200204:M4:366",3,"bx4_by61"
"CUFES:200204:M4:367",3,"bx4_by61"
"CUFES:200204:M4:368",3,"bx5_by61"
"CUFES:200204:M4:369",3,"bx5_by61"
"CUFES:200204:M4:370",3,"bx5_by61"
"CUFES:200204:M4:371",3,"bx5_by61"
"CUFES:200204:M4:372",3,"bx5_by61"
"CUFES:200204:M4:373",3,"bx5_by61"
"CUFES:200204:M4:374",4,"bx5_by62"
"CUFES:200204:M4:375",4,"bx5_by62"
"CUFES:200204:M4:376",4,"bx6_by62"
"CUFES:200204:M4:377",4,"bx6_by62"
"CUFES:200204:M4:378",4,"bx5_by62"
"CUFES:200204:M4:379",4,"bx5_by62"
"CUFES:200204:M4:380",4,"bx5_by62"
"CUFES:200204:M4:381",4,"bx5_by62"
"CUFES:200204:M4:382",4,"bx5_by62"
"CUFES:200204:M4:383",4,"bx5_by62"
"CUFES:200204:M4:384",4,"bx5_by62"
"CUFES:200204:M4:385",4,"bx5_by62"
"CUFES:200204:M4:386",4,"bx4_by62"
"CUFES:200204:M4:387",4,"bx4_by62"
"CUFES:200204:M4:388",4,"bx4_by62"
"CUFES:200204:M4:389",4,"bx4_by62"
"CUFES:200204:M4:390",3,"bx4_by61"
"CUFES:200204:M4:391",3,"bx4_by61"
"CUFES:200204:M4:392",3,"bx4_by61"
"CUFES:200204:M4:393",3,"bx3_by61"
"CUFES:200204:M4:394",3,"bx3_by61"
"CUFES:200204:M4:395",3,"bx3_by61"
"CUFES:200204:M4:396",3,"bx3_by61"
"CUFES:200204:M4:397",3,"bx3_by61"
"CUFES:200204:M4:398",3,"bx3_by61"
"CUFES:200204:M4:399",3,"bx2_by61"
"CUFES:200204:M4:4",2,"bx7_by59"
"CUFES:200204:M4:400",3,"bx2_by61"
"CUFES:200204:M4:401",3,"bx2_by61"
"CUFES:200204:M4:402",2,"bx2_by60"
"CUFES:200204:M4:403",2,"bx2_by60"
"CUFES:200204:M4:404",2,"bx2_by60"
"CUFES:200204:M4:405",2,"bx2_by60"
"CUFES:200204:M4:427",3,"bx2_by61"
"CUFES:200204:M4:428",3,"bx2_by61"
"CUFES:200204:M4:429",3,"bx2_by61"
"CUFES:200204:M4:430",3,"bx2_by61"
"CUFES:200204:M4:431",3,"bx2_by61"
"CUFES:200204:M4:432",3,"bx2_by61"
"CUFES:200204:M4:433",3,"bx3_by61"
"CUFES:200204:M4:434",3,"bx3_by61"
"CUFES:200204:M4:435",3,"bx3_by61"
"CUFES:200204:M4:436",3,"bx3_by61"
"CUFES:200204:M4:437",3,"bx3_by61"
"CUFES:200204:M4:438",4,"bx3_by62"
"CUFES:200204:M4:439",4,"bx4_by62"
"CUFES:200204:M4:440",4,"bx4_by62"
"CUFES:200204:M4:441",4,"bx4_by62"
"CUFES:200204:M4:442",4,"bx4_by62"
"CUFES:200204:M4:443",4,"bx4_by62"
"CUFES:200204:M4:444",4,"bx4_by62"
"CUFES:200204:M4:445",4,"bx4_by62"
"CUFES:200204:M4:446",4,"bx4_by62"
"CUFES:200204:M4:447",4,"bx4_by62"
"CUFES:200204:M4:448",4,"bx5_by62"
"CUFES:200204:M4:449",4,"bx5_by62"
"CUFES:200204:M4:450",4,"bx5_by62"
"CUFES:200204:M4:451",4,"bx5_by62"
"CUFES:200204:M4:452",4,"bx4_by62"
"CUFES:200204:M4:453",4,"bx4_by62"
"CUFES:200204:M4:454",4,"bx4_by62"
"CUFES:200204:M4:455",4,"bx4_by62"
"CUFES:200204:M4:456",4,"bx4_by62"
"CUFES:200204:M4:457",4,"bx4_by62"
"CUFES:200204:M4:458",4,"bx4_by62"
"CUFES:200204:M4:459",4,"bx3_by62"
"CUFES:200204:M4:460",4,"bx3_by62"
"CUFES:200204:M4:462",4,"bx3_by62"
"CUFES:200204:M4:463",3,"bx3_by61"
"CUFES:200204:M4:464",3,"bx2_by61"
"CUFES:200204:M4:465",3,"bx2_by61"
"CUFES:200204:M4:466",3,"bx2_by61"
"CUFES:200204:M4:467",3,"bx2_by61"
"CUFES:200204:M4:468",3,"bx2_by61"
"CUFES:200204:M4:469",3,"bx2_by61"
"CUFES:200204:M4:470",3,"bx2_by61"
"CUFES:200204:M4:5",2,"bx7_by59"
"CUFES:200204:M4:515",3,"bx2_by62"
"CUFES:200204:M4:516",3,"bx2_by62"
"CUFES:200204:M4:517",3,"bx2_by62"
"CUFES:200204:M4:518",3,"bx2_by62"
"CUFES:200204:M4:519",3,"bx2_by62"
"CUFES:200204:M4:520",3,"bx2_by62"
"CUFES:200204:M4:521",3,"bx2_by62"
"CUFES:200204:M4:522",4,"bx3_by62"
"CUFES:200204:M4:523",4,"bx3_by62"
"CUFES:200204:M4:524",4,"bx3_by62"
"CUFES:200204:M4:525",4,"bx3_by62"
"CUFES:200204:M4:526",4,"bx3_by62"
"CUFES:200204:M4:527",4,"bx3_by63"
"CUFES:200204:M4:528",4,"bx3_by63"
"CUFES:200204:M4:529",4,"bx4_by63"
"CUFES:200204:M4:530",4,"bx4_by63"
"CUFES:200204:M4:531",4,"bx4_by63"
"CUFES:200204:M4:532",4,"bx4_by63"
"CUFES:200204:M4:533",4,"bx4_by63"
"CUFES:200204:M4:534",4,"bx4_by63"
"CUFES:200204:M4:535",4,"bx4_by63"
"CUFES:200204:M4:536",4,"bx3_by63"
"CUFES:200204:M4:537",4,"bx3_by63"
"CUFES:200204:M4:538",4,"bx3_by63"
"CUFES:200204:M4:539",4,"bx3_by63"
"CUFES:200204:M4:540",4,"bx3_by63"
"CUFES:200204:M4:541",4,"bx3_by63"
"CUFES:200204:M4:542",4,"bx3_by63"
"CUFES:200204:M4:543",4,"bx3_by63"
"CUFES:200204:M4:544",4,"bx3_by63"
"CUFES:200204:M4:545",4,"bx3_by63"
"CUFES:200204:M4:546",4,"bx2_by63"
"CUFES:200204:M4:547",3,"bx2_by62"
"CUFES:200204:M4:548",3,"bx2_by62"
"CUFES:200204:M4:549",3,"bx2_by62"
"CUFES:200204:M4:550",3,"bx2_by62"
"CUFES:200204:M4:551",3,"bx2_by62"
"CUFES:200204:M4:552",3,"bx2_by62"
"CUFES:200204:M4:6",2,"bx7_by59"
"CUFES:200204:M4:600",3,"bx2_by62"
"CUFES:200204:M4:601",4,"bx2_by63"
"CUFES:200204:M4:602",4,"bx2_by63"
"CUFES:200204:M4:603",4,"bx2_by63"
"CUFES:200204:M4:604",4,"bx2_by63"
"CUFES:200204:M4:605",4,"bx3_by63"
"CUFES:200204:M4:606",4,"bx3_by63"
"CUFES:200204:M4:607",4,"bx3_by63"
"CUFES:200204:M4:608",4,"bx3_by63"
"CUFES:200204:M4:609",4,"bx3_by63"
"CUFES:200204:M4:610",4,"bx3_by63"
"CUFES:200204:M4:611",4,"bx2_by63"
"CUFES:200204:M4:612",4,"bx2_by63"
"CUFES:200204:M4:613",4,"bx2_by63"
"CUFES:200204:M4:614",4,"bx2_by63"
"CUFES:200204:M4:615",4,"bx2_by63"
"CUFES:200204:M4:616",4,"bx2_by63"
"CUFES:200204:M4:617",4,"bx2_by63"
"CUFES:200204:M4:680",4,"bx2_by64"
"CUFES:200204:M4:681",4,"bx2_by64"
"CUFES:200204:M4:682",4,"bx2_by63"
"CUFES:200204:M4:7",1,"bx6_by59"
"CUFES:200204:M4:745",4,"bx2_by64"
"CUFES:200204:M4:746",4,"bx2_by64"
"CUFES:200204:M4:747",4,"bx2_by64"
"CUFES:200204:M4:8",1,"bx6_by59"
"CUFES:200204:M4:87",1,"bx5_by59"
"CUFES:200204:M4:88",1,"bx5_by59"
"CUFES:200204:M4:89",1,"bx5_by59"
"CUFES:200204:M4:9",1,"bx6_by59"
"CUFES:200204:M4:90",1,"bx5_by59"
"CUFES:200204:M4:91",1,"bx5_by59"
"CUFES:200204:M4:93",1,"bx5_by59"
"CUFES:200204:M4:94",1,"bx5_by59"
"CUFES:200204:M4:95",1,"bx5_by59"
"CUFES:200204:M4:96",1,"bx5_by59"
"CUFES:200204:M4:97",1,"bx6_by59"
"CUFES:200204:M4:98",1,"bx6_by59"
"CUFES:200204:M4:99",1,"bx6_by59"
"CUFES:200304:JD:1",2,"bx7_by59"
"CUFES:200304:JD:10",1,"bx6_by59"
"CUFES:200304:JD:100",3,"bx6_by61"
"CUFES:200304:JD:101",3,"bx6_by61"
"CUFES:200304:JD:102",3,"bx5_by61"
"CUFES:200304:JD:103",3,"bx5_by61"
"CUFES:200304:JD:104",3,"bx5_by61"
"CUFES:200304:JD:105",3,"bx5_by61"
"CUFES:200304:JD:106",3,"bx5_by61"
"CUFES:200304:JD:107",3,"bx5_by61"
"CUFES:200304:JD:108",3,"bx5_by61"
"CUFES:200304:JD:109",3,"bx5_by61"
"CUFES:200304:JD:11",1,"bx6_by59"
"CUFES:200304:JD:110",3,"bx4_by61"
"CUFES:200304:JD:111",3,"bx4_by61"
"CUFES:200304:JD:112",3,"bx4_by61"
"CUFES:200304:JD:113",3,"bx4_by61"
"CUFES:200304:JD:114",3,"bx4_by61"
"CUFES:200304:JD:115",2,"bx4_by60"
"CUFES:200304:JD:116",2,"bx4_by60"
"CUFES:200304:JD:117",2,"bx4_by60"
"CUFES:200304:JD:118",2,"bx4_by60"
"CUFES:200304:JD:119",2,"bx3_by60"
"CUFES:200304:JD:12",1,"bx6_by59"
"CUFES:200304:JD:120",2,"bx3_by60"
"CUFES:200304:JD:121",2,"bx3_by60"
"CUFES:200304:JD:122",2,"bx3_by60"
"CUFES:200304:JD:123",2,"bx3_by60"
"CUFES:200304:JD:124",2,"bx3_by60"
"CUFES:200304:JD:125",2,"bx3_by60"
"CUFES:200304:JD:126",2,"bx2_by60"
"CUFES:200304:JD:127",2,"bx2_by60"
"CUFES:200304:JD:128",2,"bx2_by60"
"CUFES:200304:JD:129",1,"bx2_by59"
"CUFES:200304:JD:13",1,"bx6_by59"
"CUFES:200304:JD:130",1,"bx2_by59"
"CUFES:200304:JD:131",1,"bx2_by59"
"CUFES:200304:JD:132",1,"bx2_by59"
"CUFES:200304:JD:133",1,"bx2_by59"
"CUFES:200304:JD:134",1,"bx2_by59"
"CUFES:200304:JD:167",3,"bx2_by61"
"CUFES:200304:JD:168",3,"bx2_by61"
"CUFES:200304:JD:169",3,"bx2_by61"
"CUFES:200304:JD:170",3,"bx2_by61"
"CUFES:200304:JD:171",3,"bx2_by61"
"CUFES:200304:JD:172",3,"bx2_by61"
"CUFES:200304:JD:173",3,"bx2_by61"
"CUFES:200304:JD:175",3,"bx2_by61"
"CUFES:200304:JD:176",3,"bx2_by61"
"CUFES:200304:JD:178",3,"bx2_by61"
"CUFES:200304:JD:179",3,"bx2_by61"
"CUFES:200304:JD:180",3,"bx2_by61"
"CUFES:200304:JD:181",3,"bx2_by61"
"CUFES:200304:JD:182",3,"bx3_by61"
"CUFES:200304:JD:183",3,"bx3_by61"
"CUFES:200304:JD:184",3,"bx3_by61"
"CUFES:200304:JD:185",3,"bx3_by61"
"CUFES:200304:JD:186",3,"bx3_by61"
"CUFES:200304:JD:187",3,"bx3_by61"
"CUFES:200304:JD:188",3,"bx3_by61"
"CUFES:200304:JD:189",3,"bx3_by61"
"CUFES:200304:JD:190",3,"bx3_by61"
"CUFES:200304:JD:191",3,"bx3_by61"
"CUFES:200304:JD:192",4,"bx3_by62"
"CUFES:200304:JD:193",4,"bx4_by62"
"CUFES:200304:JD:194",4,"bx4_by62"
"CUFES:200304:JD:195",4,"bx4_by62"
"CUFES:200304:JD:196",4,"bx4_by62"
"CUFES:200304:JD:197",4,"bx4_by62"
"CUFES:200304:JD:198",4,"bx4_by62"
"CUFES:200304:JD:199",4,"bx4_by62"
"CUFES:200304:JD:2",2,"bx7_by59"
"CUFES:200304:JD:200",4,"bx4_by62"
"CUFES:200304:JD:201",4,"bx5_by62"
"CUFES:200304:JD:202",4,"bx4_by62"
"CUFES:200304:JD:203",4,"bx4_by62"
"CUFES:200304:JD:204",4,"bx4_by62"
"CUFES:200304:JD:205",4,"bx4_by62"
"CUFES:200304:JD:206",4,"bx4_by63"
"CUFES:200304:JD:207",4,"bx4_by63"
"CUFES:200304:JD:208",4,"bx4_by63"
"CUFES:200304:JD:209",4,"bx3_by63"
"CUFES:200304:JD:210",4,"bx3_by63"
"CUFES:200304:JD:211",4,"bx3_by63"
"CUFES:200304:JD:212",4,"bx3_by63"
"CUFES:200304:JD:213",4,"bx3_by63"
"CUFES:200304:JD:214",4,"bx3_by63"
"CUFES:200304:JD:215",4,"bx3_by63"
"CUFES:200304:JD:216",4,"bx2_by63"
"CUFES:200304:JD:217",4,"bx2_by63"
"CUFES:200304:JD:218",4,"bx2_by63"
"CUFES:200304:JD:219",4,"bx2_by63"
"CUFES:200304:JD:220",4,"bx2_by63"
"CUFES:200304:JD:221",4,"bx2_by64"
"CUFES:200304:JD:222",4,"bx2_by64"
"CUFES:200304:JD:223",4,"bx2_by64"
"CUFES:200304:JD:224",4,"bx2_by64"
"CUFES:200304:JD:225",4,"bx2_by64"
"CUFES:200304:JD:226",4,"bx2_by64"
"CUFES:200304:JD:227",4,"bx2_by63"
"CUFES:200304:JD:3",2,"bx7_by59"
"CUFES:200304:JD:301",3,"bx2_by62"
"CUFES:200304:JD:303",3,"bx2_by62"
"CUFES:200304:JD:304",3,"bx2_by62"
"CUFES:200304:JD:305",3,"bx2_by62"
"CUFES:200304:JD:306",3,"bx2_by62"
"CUFES:200304:JD:307",3,"bx2_by62"
"CUFES:200304:JD:308",3,"bx2_by62"
"CUFES:200304:JD:309",3,"bx2_by62"
"CUFES:200304:JD:310",3,"bx2_by62"
"CUFES:200304:JD:311",3,"bx2_by62"
"CUFES:200304:JD:312",3,"bx2_by62"
"CUFES:200304:JD:313",3,"bx2_by62"
"CUFES:200304:JD:315",3,"bx2_by62"
"CUFES:200304:JD:317",3,"bx2_by62"
"CUFES:200304:JD:318",4,"bx3_by63"
"CUFES:200304:JD:319",4,"bx3_by63"
"CUFES:200304:JD:320",4,"bx3_by63"
"CUFES:200304:JD:321",4,"bx3_by63"
"CUFES:200304:JD:4",2,"bx7_by59"
"CUFES:200304:JD:5",2,"bx7_by59"
"CUFES:200304:JD:56",1,"bx3_by59"
"CUFES:200304:JD:57",1,"bx3_by59"
"CUFES:200304:JD:6",1,"bx6_by59"
"CUFES:200304:JD:60",1,"bx4_by59"
"CUFES:200304:JD:61",1,"bx4_by59"
"CUFES:200304:JD:62",1,"bx4_by59"
"CUFES:200304:JD:63",1,"bx4_by59"
"CUFES:200304:JD:64",1,"bx4_by59"
"CUFES:200304:JD:65",1,"bx4_by59"
"CUFES:200304:JD:66",1,"bx4_by59"
"CUFES:200304:JD:67",1,"bx5_by59"
"CUFES:200304:JD:68",1,"bx5_by59"
"CUFES:200304:JD:7",1,"bx6_by59"
"CUFES:200304:JD:70",1,"bx5_by59"
"CUFES:200304:JD:71",1,"bx5_by59"
"CUFES:200304:JD:72",2,"bx5_by60"
"CUFES:200304:JD:73",2,"bx5_by60"
"CUFES:200304:JD:74",2,"bx5_by60"
"CUFES:200304:JD:75",2,"bx5_by60"
"CUFES:200304:JD:76",2,"bx5_by60"
"CUFES:200304:JD:77",2,"bx5_by60"
"CUFES:200304:JD:78",2,"bx5_by60"
"CUFES:200304:JD:79",2,"bx6_by60"
"CUFES:200304:JD:8",1,"bx6_by59"
"CUFES:200304:JD:80",2,"bx6_by60"
"CUFES:200304:JD:81",2,"bx6_by60"
"CUFES:200304:JD:82",2,"bx6_by60"
"CUFES:200304:JD:84",2,"bx6_by60"
"CUFES:200304:JD:847",2,"bx2_by60"
"CUFES:200304:JD:848",2,"bx2_by60"
"CUFES:200304:JD:849",2,"bx2_by60"
"CUFES:200304:JD:85",2,"bx6_by60"
"CUFES:200304:JD:850",2,"bx2_by60"
"CUFES:200304:JD:851",2,"bx2_by60"
"CUFES:200304:JD:852",2,"bx3_by60"
"CUFES:200304:JD:853",2,"bx3_by60"
"CUFES:200304:JD:854",2,"bx3_by60"
"CUFES:200304:JD:855",2,"bx3_by60"
"CUFES:200304:JD:856",2,"bx3_by60"
"CUFES:200304:JD:857",2,"bx3_by60"
"CUFES:200304:JD:858",2,"bx4_by60"
"CUFES:200304:JD:859",2,"bx4_by60"
"CUFES:200304:JD:86",2,"bx6_by60"
"CUFES:200304:JD:860",2,"bx4_by60"
"CUFES:200304:JD:861",2,"bx4_by60"
"CUFES:200304:JD:862",2,"bx4_by60"
"CUFES:200304:JD:863",2,"bx4_by60"
"CUFES:200304:JD:864",2,"bx5_by60"
"CUFES:200304:JD:865",2,"bx5_by60"
"CUFES:200304:JD:866",2,"bx5_by60"
"CUFES:200304:JD:867",2,"bx5_by60"
"CUFES:200304:JD:868",2,"bx5_by60"
"CUFES:200304:JD:869",2,"bx5_by60"
"CUFES:200304:JD:87",2,"bx6_by60"
"CUFES:200304:JD:870",2,"bx6_by60"
"CUFES:200304:JD:871",2,"bx6_by60"
"CUFES:200304:JD:88",2,"bx6_by60"
"CUFES:200304:JD:89",2,"bx6_by60"
"CUFES:200304:JD:9",1,"bx6_by59"
"CUFES:200304:JD:90",2,"bx6_by60"
"CUFES:200304:JD:91",3,"bx7_by61"
"CUFES:200304:JD:92",3,"bx7_by61"
"CUFES:200304:JD:93",3,"bx7_by61"
"CUFES:200304:JD:94",3,"bx6_by61"
"CUFES:200304:JD:95",3,"bx6_by61"
"CUFES:200304:JD:96",3,"bx6_by61"
"CUFES:200304:JD:97",3,"bx6_by61"
"CUFES:200304:JD:99",3,"bx6_by61"
"CUFES:200304:RR:1",2,"bx7_by60"
"CUFES:200304:RR:10",2,"bx6_by60"
"CUFES:200304:RR:107",1,"bx2_by59"
"CUFES:200304:RR:108",1,"bx2_by59"
"CUFES:200304:RR:109",1,"bx2_by59"
"CUFES:200304:RR:11",1,"bx6_by59"
"CUFES:200304:RR:110",1,"bx2_by59"
"CUFES:200304:RR:111",1,"bx2_by59"
"CUFES:200304:RR:112",1,"bx3_by59"
"CUFES:200304:RR:113",1,"bx3_by59"
"CUFES:200304:RR:114",1,"bx3_by59"
"CUFES:200304:RR:115",1,"bx3_by59"
"CUFES:200304:RR:116",1,"bx3_by59"
"CUFES:200304:RR:117",1,"bx3_by59"
"CUFES:200304:RR:118",1,"bx3_by59"
"CUFES:200304:RR:119",1,"bx3_by59"
"CUFES:200304:RR:12",1,"bx6_by59"
"CUFES:200304:RR:120",1,"bx3_by59"
"CUFES:200304:RR:121",1,"bx3_by59"
"CUFES:200304:RR:122",2,"bx4_by60"
"CUFES:200304:RR:123",2,"bx4_by60"
"CUFES:200304:RR:124",2,"bx4_by60"
"CUFES:200304:RR:125",2,"bx4_by60"
"CUFES:200304:RR:126",2,"bx4_by60"
"CUFES:200304:RR:127",2,"bx4_by60"
"CUFES:200304:RR:128",2,"bx5_by60"
"CUFES:200304:RR:129",2,"bx5_by60"
"CUFES:200304:RR:13",1,"bx6_by59"
"CUFES:200304:RR:130",2,"bx5_by60"
"CUFES:200304:RR:131",2,"bx5_by60"
"CUFES:200304:RR:132",2,"bx5_by60"
"CUFES:200304:RR:133",3,"bx5_by61"
"CUFES:200304:RR:134",3,"bx6_by61"
"CUFES:200304:RR:135",3,"bx6_by61"
"CUFES:200304:RR:136",3,"bx6_by61"
"CUFES:200304:RR:137",3,"bx6_by61"
"CUFES:200304:RR:138",3,"bx6_by61"
"CUFES:200304:RR:139",3,"bx6_by61"
"CUFES:200304:RR:14",1,"bx6_by59"
"CUFES:200304:RR:140",3,"bx6_by61"
"CUFES:200304:RR:141",3,"bx7_by61"
"CUFES:200304:RR:142",3,"bx7_by61"
"CUFES:200304:RR:143",3,"bx6_by61"
"CUFES:200304:RR:144",3,"bx6_by61"
"CUFES:200304:RR:145",3,"bx6_by61"
"CUFES:200304:RR:146",3,"bx6_by61"
"CUFES:200304:RR:147",3,"bx6_by61"
"CUFES:200304:RR:148",4,"bx6_by62"
"CUFES:200304:RR:149",4,"bx6_by62"
"CUFES:200304:RR:15",1,"bx5_by59"
"CUFES:200304:RR:150",4,"bx6_by62"
"CUFES:200304:RR:151",4,"bx6_by62"
"CUFES:200304:RR:152",4,"bx5_by62"
"CUFES:200304:RR:153",4,"bx5_by62"
"CUFES:200304:RR:154",4,"bx5_by62"
"CUFES:200304:RR:155",4,"bx5_by62"
"CUFES:200304:RR:156",4,"bx5_by62"
"CUFES:200304:RR:157",3,"bx4_by61"
"CUFES:200304:RR:158",3,"bx4_by61"
"CUFES:200304:RR:159",3,"bx4_by61"
"CUFES:200304:RR:16",1,"bx5_by59"
"CUFES:200304:RR:160",3,"bx4_by61"
"CUFES:200304:RR:161",3,"bx4_by61"
"CUFES:200304:RR:162",3,"bx4_by61"
"CUFES:200304:RR:163",3,"bx4_by61"
"CUFES:200304:RR:164",3,"bx3_by61"
"CUFES:200304:RR:165",3,"bx3_by61"
"CUFES:200304:RR:166",3,"bx4_by61"
"CUFES:200304:RR:167",2,"bx4_by60"
"CUFES:200304:RR:168",2,"bx4_by60"
"CUFES:200304:RR:169",2,"bx4_by60"
"CUFES:200304:RR:17",1,"bx5_by59"
"CUFES:200304:RR:170",2,"bx4_by60"
"CUFES:200304:RR:171",2,"bx4_by60"
"CUFES:200304:RR:172",3,"bx4_by61"
"CUFES:200304:RR:173",3,"bx4_by61"
"CUFES:200304:RR:174",3,"bx3_by61"
"CUFES:200304:RR:175",3,"bx3_by61"
"CUFES:200304:RR:176",3,"bx3_by61"
"CUFES:200304:RR:177",3,"bx3_by61"
"CUFES:200304:RR:178",2,"bx3_by60"
"CUFES:200304:RR:179",2,"bx3_by60"
"CUFES:200304:RR:18",1,"bx5_by59"
"CUFES:200304:RR:180",2,"bx2_by60"
"CUFES:200304:RR:181",2,"bx2_by60"
"CUFES:200304:RR:182",2,"bx2_by60"
"CUFES:200304:RR:183",2,"bx2_by60"
"CUFES:200304:RR:184",2,"bx2_by60"
"CUFES:200304:RR:185",2,"bx2_by60"
"CUFES:200304:RR:19",1,"bx5_by59"
"CUFES:200304:RR:2",2,"bx7_by60"
"CUFES:200304:RR:20",1,"bx5_by59"
"CUFES:200304:RR:21",1,"bx5_by59"
"CUFES:200304:RR:22",1,"bx4_by59"
"CUFES:200304:RR:23",1,"bx4_by59"
"CUFES:200304:RR:251",3,"bx2_by61"
"CUFES:200304:RR:252",3,"bx2_by61"
"CUFES:200304:RR:253",3,"bx2_by62"
"CUFES:200304:RR:254",3,"bx2_by62"
"CUFES:200304:RR:255",3,"bx2_by62"
"CUFES:200304:RR:256",4,"bx3_by62"
"CUFES:200304:RR:257",4,"bx3_by62"
"CUFES:200304:RR:258",4,"bx3_by62"
"CUFES:200304:RR:259",4,"bx3_by62"
"CUFES:200304:RR:260",4,"bx3_by62"
"CUFES:200304:RR:261",4,"bx3_by62"
"CUFES:200304:RR:262",4,"bx3_by62"
"CUFES:200304:RR:263",4,"bx3_by62"
"CUFES:200304:RR:264",4,"bx3_by62"
"CUFES:200304:RR:265",4,"bx4_by62"
"CUFES:200304:RR:266",4,"bx4_by62"
"CUFES:200304:RR:267",4,"bx4_by62"
"CUFES:200304:RR:268",4,"bx4_by62"
"CUFES:200304:RR:269",4,"bx4_by63"
"CUFES:200304:RR:270",4,"bx4_by63"
"CUFES:200304:RR:271",4,"bx4_by63"
"CUFES:200304:RR:272",4,"bx4_by63"
"CUFES:200304:RR:273",4,"bx3_by63"
"CUFES:200304:RR:274",4,"bx3_by63"
"CUFES:200304:RR:275",4,"bx3_by63"
"CUFES:200304:RR:276",4,"bx3_by63"
"CUFES:200304:RR:277",4,"bx2_by63"
"CUFES:200304:RR:278",4,"bx2_by63"
"CUFES:200304:RR:279",4,"bx2_by63"
"CUFES:200304:RR:280",4,"bx2_by63"
"CUFES:200304:RR:281",4,"bx2_by63"
"CUFES:200304:RR:282",4,"bx2_by63"
"CUFES:200304:RR:283",4,"bx2_by63"
"CUFES:200304:RR:3",2,"bx7_by60"
"CUFES:200304:RR:4",2,"bx7_by60"
"CUFES:200304:RR:415",1,"bx4_by59"
"CUFES:200304:RR:416",1,"bx5_by59"
"CUFES:200304:RR:417",1,"bx5_by59"
"CUFES:200304:RR:418",1,"bx5_by59"
"CUFES:200304:RR:419",1,"bx5_by59"
"CUFES:200304:RR:420",1,"bx5_by59"
"CUFES:200304:RR:421",1,"bx5_by59"
"CUFES:200304:RR:422",1,"bx5_by59"
"CUFES:200304:RR:423",1,"bx5_by59"
"CUFES:200304:RR:424",1,"bx5_by59"
"CUFES:200304:RR:425",1,"bx6_by59"
"CUFES:200304:RR:426",1,"bx6_by59"
"CUFES:200304:RR:427",1,"bx6_by59"
"CUFES:200304:RR:428",1,"bx6_by59"
"CUFES:200304:RR:429",2,"bx6_by60"
"CUFES:200304:RR:430",2,"bx6_by60"
"CUFES:200304:RR:431",2,"bx6_by60"
"CUFES:200304:RR:432",2,"bx6_by60"
"CUFES:200304:RR:433",2,"bx7_by60"
"CUFES:200304:RR:434",2,"bx7_by60"
"CUFES:200304:RR:435",2,"bx7_by60"
"CUFES:200304:RR:436",2,"bx7_by60"
"CUFES:200304:RR:437",2,"bx7_by60"
"CUFES:200304:RR:5",2,"bx7_by60"
"CUFES:200304:RR:6",2,"bx7_by60"
"CUFES:200304:RR:7",2,"bx6_by60"
"CUFES:200304:RR:8",2,"bx6_by60"
"CUFES:200304:RR:9",2,"bx6_by60"
"CUFES:200404:JD:1",3,"bx3_by61"
"CUFES:200404:JD:2",3,"bx2_by61"
"CUFES:200404:JD:3",3,"bx2_by61"
"CUFES:200404:JD:4",3,"bx2_by61"
"CUFES:200404:JD:5",3,"bx2_by61"
"CUFES:200404:JD:6",3,"bx2_by61"
"CUFES:200404:JD:7",3,"bx2_by61"
"CUFES:200404:JD:8",3,"bx2_by61"
"CUFES:200404:NH:1",2,"bx7_by60"
"CUFES:200404:NH:10",2,"bx6_by60"
"CUFES:200404:NH:11",1,"bx6_by59"
"CUFES:200404:NH:12",1,"bx6_by59"
"CUFES:200404:NH:125",1,"bx3_by59"
"CUFES:200404:NH:126",1,"bx3_by59"
"CUFES:200404:NH:127",2,"bx4_by60"
"CUFES:200404:NH:128",2,"bx4_by60"
"CUFES:200404:NH:129",2,"bx4_by60"
"CUFES:200404:NH:13",1,"bx6_by59"
"CUFES:200404:NH:130",2,"bx4_by60"
"CUFES:200404:NH:131",2,"bx4_by60"
"CUFES:200404:NH:132",2,"bx4_by60"
"CUFES:200404:NH:133",2,"bx4_by60"
"CUFES:200404:NH:134",2,"bx4_by60"
"CUFES:200404:NH:135",2,"bx5_by60"
"CUFES:200404:NH:136",2,"bx5_by60"
"CUFES:200404:NH:137",2,"bx5_by60"
"CUFES:200404:NH:138",2,"bx5_by60"
"CUFES:200404:NH:139",2,"bx5_by60"
"CUFES:200404:NH:14",1,"bx6_by59"
"CUFES:200404:NH:140",2,"bx5_by60"
"CUFES:200404:NH:141",3,"bx5_by61"
"CUFES:200404:NH:142",3,"bx5_by61"
"CUFES:200404:NH:143",3,"bx5_by61"
"CUFES:200404:NH:144",3,"bx6_by61"
"CUFES:200404:NH:145",3,"bx6_by61"
"CUFES:200404:NH:146",3,"bx6_by61"
"CUFES:200404:NH:147",3,"bx6_by61"
"CUFES:200404:NH:148",3,"bx6_by61"
"CUFES:200404:NH:149",3,"bx6_by61"
"CUFES:200404:NH:15",1,"bx6_by59"
"CUFES:200404:NH:150",3,"bx6_by61"
"CUFES:200404:NH:151",3,"bx6_by61"
"CUFES:200404:NH:152",3,"bx6_by61"
"CUFES:200404:NH:153",3,"bx7_by61"
"CUFES:200404:NH:154",3,"bx7_by61"
"CUFES:200404:NH:155",3,"bx6_by61"
"CUFES:200404:NH:156",3,"bx6_by61"
"CUFES:200404:NH:157",3,"bx6_by61"
"CUFES:200404:NH:158",3,"bx6_by61"
"CUFES:200404:NH:159",4,"bx6_by62"
"CUFES:200404:NH:16",1,"bx5_by59"
"CUFES:200404:NH:160",4,"bx6_by62"
"CUFES:200404:NH:161",4,"bx6_by62"
"CUFES:200404:NH:162",4,"bx6_by62"
"CUFES:200404:NH:163",4,"bx6_by62"
"CUFES:200404:NH:164",4,"bx5_by62"
"CUFES:200404:NH:165",4,"bx5_by62"
"CUFES:200404:NH:166",4,"bx5_by62"
"CUFES:200404:NH:167",4,"bx5_by62"
"CUFES:200404:NH:168",4,"bx5_by62"
"CUFES:200404:NH:169",4,"bx5_by62"
"CUFES:200404:NH:17",1,"bx5_by59"
"CUFES:200404:NH:170",4,"bx5_by62"
"CUFES:200404:NH:171",3,"bx4_by61"
"CUFES:200404:NH:172",3,"bx4_by61"
"CUFES:200404:NH:173",3,"bx4_by61"
"CUFES:200404:NH:174",3,"bx4_by61"
"CUFES:200404:NH:175",3,"bx4_by61"
"CUFES:200404:NH:176",3,"bx4_by61"
"CUFES:200404:NH:177",3,"bx4_by61"
"CUFES:200404:NH:178",3,"bx4_by61"
"CUFES:200404:NH:179",3,"bx3_by61"
"CUFES:200404:NH:18",1,"bx5_by59"
"CUFES:200404:NH:180",3,"bx3_by61"
"CUFES:200404:NH:181",3,"bx3_by61"
"CUFES:200404:NH:182",3,"bx3_by61"
"CUFES:200404:NH:183",2,"bx3_by60"
"CUFES:200404:NH:184",2,"bx3_by60"
"CUFES:200404:NH:185",2,"bx3_by60"
"CUFES:200404:NH:186",2,"bx2_by60"
"CUFES:200404:NH:187",2,"bx2_by60"
"CUFES:200404:NH:188",2,"bx2_by60"
"CUFES:200404:NH:189",2,"bx2_by60"
"CUFES:200404:NH:19",1,"bx5_by59"
"CUFES:200404:NH:190",2,"bx2_by60"
"CUFES:200404:NH:191",2,"bx2_by60"
"CUFES:200404:NH:192",2,"bx2_by60"
"CUFES:200404:NH:193",2,"bx2_by60"
"CUFES:200404:NH:2",2,"bx7_by60"
"CUFES:200404:NH:20",1,"bx5_by59"
"CUFES:200404:NH:21",1,"bx5_by59"
"CUFES:200404:NH:22",1,"bx5_by59"
"CUFES:200404:NH:23",1,"bx4_by59"
"CUFES:200404:NH:24",1,"bx4_by59"
"CUFES:200404:NH:265",3,"bx2_by61"
"CUFES:200404:NH:266",3,"bx2_by61"
"CUFES:200404:NH:267",3,"bx2_by61"
"CUFES:200404:NH:268",3,"bx2_by61"
"CUFES:200404:NH:269",3,"bx2_by62"
"CUFES:200404:NH:270",3,"bx2_by62"
"CUFES:200404:NH:271",3,"bx2_by62"
"CUFES:200404:NH:272",3,"bx2_by62"
"CUFES:200404:NH:273",4,"bx3_by62"
"CUFES:200404:NH:274",4,"bx3_by62"
"CUFES:200404:NH:275",4,"bx3_by62"
"CUFES:200404:NH:276",4,"bx3_by62"
"CUFES:200404:NH:277",4,"bx3_by62"
"CUFES:200404:NH:278",4,"bx3_by62"
"CUFES:200404:NH:279",4,"bx3_by62"
"CUFES:200404:NH:280",4,"bx3_by62"
"CUFES:200404:NH:281",4,"bx4_by62"
"CUFES:200404:NH:282",4,"bx4_by62"
"CUFES:200404:NH:283",4,"bx4_by62"
"CUFES:200404:NH:284",4,"bx4_by62"
"CUFES:200404:NH:285",4,"bx4_by62"
"CUFES:200404:NH:286",4,"bx4_by63"
"CUFES:200404:NH:287",4,"bx4_by63"
"CUFES:200404:NH:288",4,"bx4_by63"
"CUFES:200404:NH:289",4,"bx4_by63"
"CUFES:200404:NH:290",4,"bx4_by63"
"CUFES:200404:NH:291",4,"bx4_by63"
"CUFES:200404:NH:292",4,"bx3_by63"
"CUFES:200404:NH:293",4,"bx3_by63"
"CUFES:200404:NH:294",4,"bx3_by63"
"CUFES:200404:NH:295",4,"bx3_by63"
"CUFES:200404:NH:296",4,"bx3_by63"
"CUFES:200404:NH:297",4,"bx3_by63"
"CUFES:200404:NH:298",4,"bx2_by63"
"CUFES:200404:NH:299",4,"bx2_by63"
"CUFES:200404:NH:3",2,"bx7_by60"
"CUFES:200404:NH:300",4,"bx2_by63"
"CUFES:200404:NH:301",4,"bx2_by63"
"CUFES:200404:NH:302",4,"bx2_by63"
"CUFES:200404:NH:303",4,"bx2_by63"
"CUFES:200404:NH:304",4,"bx2_by63"
"CUFES:200404:NH:305",4,"bx2_by63"
"CUFES:200404:NH:4",2,"bx7_by60"
"CUFES:200404:NH:5",2,"bx7_by60"
"CUFES:200404:NH:6",2,"bx7_by60"
"CUFES:200404:NH:7",2,"bx7_by60"
"CUFES:200404:NH:8",2,"bx6_by60"
"CUFES:200404:NH:9",2,"bx6_by60"
"CUFES:200504:JD:1",2,"bx7_by59"
"CUFES:200504:JD:10",1,"bx6_by59"
"CUFES:200504:JD:108",3,"bx2_by61"
"CUFES:200504:JD:109",3,"bx2_by61"
"CUFES:200504:JD:11",1,"bx6_by59"
"CUFES:200504:JD:110",3,"bx2_by61"
"CUFES:200504:JD:111",3,"bx2_by61"
"CUFES:200504:JD:112",3,"bx2_by61"
"CUFES:200504:JD:113",3,"bx2_by61"
"CUFES:200504:JD:114",3,"bx2_by61"
"CUFES:200504:JD:115",3,"bx2_by61"
"CUFES:200504:JD:116",3,"bx3_by61"
"CUFES:200504:JD:117",3,"bx3_by61"
"CUFES:200504:JD:118",3,"bx3_by61"
"CUFES:200504:JD:119",3,"bx3_by61"
"CUFES:200504:JD:12",1,"bx6_by59"
"CUFES:200504:JD:120",3,"bx3_by61"
"CUFES:200504:JD:121",3,"bx3_by61"
"CUFES:200504:JD:122",3,"bx3_by61"
"CUFES:200504:JD:123",3,"bx3_by61"
"CUFES:200504:JD:124",3,"bx3_by61"
"CUFES:200504:JD:125",3,"bx3_by61"
"CUFES:200504:JD:126",3,"bx3_by61"
"CUFES:200504:JD:127",3,"bx3_by61"
"CUFES:200504:JD:128",3,"bx3_by61"
"CUFES:200504:JD:129",3,"bx3_by61"
"CUFES:200504:JD:13",1,"bx6_by59"
"CUFES:200504:JD:130",3,"bx3_by61"
"CUFES:200504:JD:131",3,"bx3_by61"
"CUFES:200504:JD:132",4,"bx3_by62"
"CUFES:200504:JD:133",4,"bx4_by62"
"CUFES:200504:JD:134",4,"bx4_by62"
"CUFES:200504:JD:135",4,"bx4_by62"
"CUFES:200504:JD:136",4,"bx4_by62"
"CUFES:200504:JD:137",4,"bx4_by62"
"CUFES:200504:JD:138",4,"bx4_by62"
"CUFES:200504:JD:139",4,"bx4_by62"
"CUFES:200504:JD:14",1,"bx6_by59"
"CUFES:200504:JD:140",4,"bx4_by62"
"CUFES:200504:JD:141",4,"bx4_by62"
"CUFES:200504:JD:142",4,"bx4_by62"
"CUFES:200504:JD:143",4,"bx4_by62"
"CUFES:200504:JD:144",4,"bx4_by62"
"CUFES:200504:JD:145",4,"bx4_by62"
"CUFES:200504:JD:146",4,"bx4_by63"
"CUFES:200504:JD:147",4,"bx4_by63"
"CUFES:200504:JD:148",4,"bx4_by63"
"CUFES:200504:JD:149",4,"bx4_by63"
"CUFES:200504:JD:15",1,"bx6_by59"
"CUFES:200504:JD:150",4,"bx4_by63"
"CUFES:200504:JD:151",4,"bx3_by63"
"CUFES:200504:JD:152",4,"bx3_by63"
"CUFES:200504:JD:153",4,"bx3_by63"
"CUFES:200504:JD:154",4,"bx3_by63"
"CUFES:200504:JD:155",4,"bx3_by63"
"CUFES:200504:JD:156",4,"bx3_by63"
"CUFES:200504:JD:157",4,"bx3_by63"
"CUFES:200504:JD:158",4,"bx3_by63"
"CUFES:200504:JD:159",4,"bx3_by63"
"CUFES:200504:JD:16",1,"bx6_by59"
"CUFES:200504:JD:160",3,"bx2_by62"
"CUFES:200504:JD:161",3,"bx2_by62"
"CUFES:200504:JD:162",3,"bx2_by62"
"CUFES:200504:JD:163",3,"bx2_by62"
"CUFES:200504:JD:164",3,"bx2_by62"
"CUFES:200504:JD:165",3,"bx2_by62"
"CUFES:200504:JD:166",3,"bx2_by62"
"CUFES:200504:JD:167",3,"bx2_by62"
"CUFES:200504:JD:17",1,"bx6_by59"
"CUFES:200504:JD:18",1,"bx6_by59"
"CUFES:200504:JD:19",1,"bx6_by59"
"CUFES:200504:JD:2",2,"bx7_by59"
"CUFES:200504:JD:20",1,"bx6_by59"
"CUFES:200504:JD:21",1,"bx6_by59"
"CUFES:200504:JD:215",4,"bx2_by64"
"CUFES:200504:JD:216",4,"bx2_by64"
"CUFES:200504:JD:217",4,"bx2_by64"
"CUFES:200504:JD:22",2,"bx7_by60"
"CUFES:200504:JD:23",2,"bx7_by60"
"CUFES:200504:JD:24",2,"bx7_by60"
"CUFES:200504:JD:25",2,"bx7_by60"
"CUFES:200504:JD:26",2,"bx7_by60"
"CUFES:200504:JD:27",2,"bx7_by60"
"CUFES:200504:JD:28",2,"bx7_by60"
"CUFES:200504:JD:29",2,"bx7_by60"
"CUFES:200504:JD:3",2,"bx7_by59"
"CUFES:200504:JD:30",2,"bx7_by60"
"CUFES:200504:JD:31",3,"bx6_by61"
"CUFES:200504:JD:32",3,"bx6_by61"
"CUFES:200504:JD:33",3,"bx6_by61"
"CUFES:200504:JD:34",3,"bx6_by61"
"CUFES:200504:JD:35",3,"bx6_by61"
"CUFES:200504:JD:36",3,"bx6_by61"
"CUFES:200504:JD:37",3,"bx6_by61"
"CUFES:200504:JD:38",3,"bx6_by61"
"CUFES:200504:JD:39",3,"bx6_by61"
"CUFES:200504:JD:4",2,"bx7_by59"
"CUFES:200504:JD:40",3,"bx6_by61"
"CUFES:200504:JD:41",3,"bx6_by61"
"CUFES:200504:JD:42",3,"bx5_by61"
"CUFES:200504:JD:43",3,"bx5_by61"
"CUFES:200504:JD:44",3,"bx5_by61"
"CUFES:200504:JD:45",3,"bx5_by61"
"CUFES:200504:JD:46",3,"bx5_by61"
"CUFES:200504:JD:47",3,"bx5_by61"
"CUFES:200504:JD:48",3,"bx5_by61"
"CUFES:200504:JD:49",3,"bx5_by61"
"CUFES:200504:JD:5",2,"bx7_by59"
"CUFES:200504:JD:50",3,"bx5_by61"
"CUFES:200504:JD:51",3,"bx5_by61"
"CUFES:200504:JD:52",3,"bx5_by61"
"CUFES:200504:JD:53",3,"bx5_by61"
"CUFES:200504:JD:54",3,"bx4_by61"
"CUFES:200504:JD:55",3,"bx4_by61"
"CUFES:200504:JD:56",3,"bx4_by61"
"CUFES:200504:JD:57",3,"bx4_by61"
"CUFES:200504:JD:58",2,"bx4_by60"
"CUFES:200504:JD:59",2,"bx4_by60"
"CUFES:200504:JD:6",2,"bx7_by59"
"CUFES:200504:JD:60",2,"bx4_by60"
"CUFES:200504:JD:61",2,"bx4_by60"
"CUFES:200504:JD:62",2,"bx4_by60"
"CUFES:200504:JD:63",2,"bx4_by60"
"CUFES:200504:JD:64",2,"bx4_by60"
"CUFES:200504:JD:65",2,"bx3_by60"
"CUFES:200504:JD:66",2,"bx3_by60"
"CUFES:200504:JD:67",2,"bx3_by60"
"CUFES:200504:JD:68",2,"bx3_by60"
"CUFES:200504:JD:69",2,"bx3_by60"
"CUFES:200504:JD:7",2,"bx7_by59"
"CUFES:200504:JD:70",2,"bx3_by60"
"CUFES:200504:JD:71",2,"bx3_by60"
"CUFES:200504:JD:72",2,"bx2_by60"
"CUFES:200504:JD:73",2,"bx2_by60"
"CUFES:200504:JD:74",2,"bx2_by60"
"CUFES:200504:JD:75",1,"bx2_by59"
"CUFES:200504:JD:76",1,"bx2_by59"
"CUFES:200504:JD:77",1,"bx2_by59"
"CUFES:200504:JD:78",1,"bx2_by59"
"CUFES:200504:JD:79",1,"bx2_by59"
"CUFES:200504:JD:8",2,"bx7_by59"
"CUFES:200504:JD:9",1,"bx6_by59"
"CUFES:200504:NH:1",2,"bx7_by60"
"CUFES:200504:NH:10",2,"bx7_by60"
"CUFES:200504:NH:11",2,"bx7_by60"
"CUFES:200504:NH:119",1,"bx2_by59"
"CUFES:200504:NH:12",2,"bx7_by60"
"CUFES:200504:NH:120",1,"bx2_by59"
"CUFES:200504:NH:121",1,"bx2_by59"
"CUFES:200504:NH:122",1,"bx2_by59"
"CUFES:200504:NH:123",1,"bx2_by59"
"CUFES:200504:NH:124",1,"bx3_by59"
"CUFES:200504:NH:125",1,"bx3_by59"
"CUFES:200504:NH:126",1,"bx3_by59"
"CUFES:200504:NH:127",1,"bx3_by59"
"CUFES:200504:NH:128",1,"bx3_by59"
"CUFES:200504:NH:129",1,"bx3_by59"
"CUFES:200504:NH:13",2,"bx7_by60"
"CUFES:200504:NH:130",2,"bx3_by60"
"CUFES:200504:NH:131",2,"bx4_by60"
"CUFES:200504:NH:132",2,"bx4_by60"
"CUFES:200504:NH:133",2,"bx4_by60"
"CUFES:200504:NH:134",2,"bx4_by60"
"CUFES:200504:NH:135",2,"bx4_by60"
"CUFES:200504:NH:136",2,"bx4_by60"
"CUFES:200504:NH:137",2,"bx4_by60"
"CUFES:200504:NH:138",2,"bx5_by60"
"CUFES:200504:NH:139",2,"bx5_by60"
"CUFES:200504:NH:14",2,"bx6_by60"
"CUFES:200504:NH:140",2,"bx5_by60"
"CUFES:200504:NH:141",2,"bx5_by60"
"CUFES:200504:NH:142",2,"bx5_by60"
"CUFES:200504:NH:143",3,"bx5_by61"
"CUFES:200504:NH:144",3,"bx5_by61"
"CUFES:200504:NH:145",3,"bx5_by61"
"CUFES:200504:NH:146",3,"bx6_by61"
"CUFES:200504:NH:147",3,"bx6_by61"
"CUFES:200504:NH:148",3,"bx6_by61"
"CUFES:200504:NH:149",3,"bx6_by61"
"CUFES:200504:NH:15",2,"bx6_by60"
"CUFES:200504:NH:150",3,"bx6_by61"
"CUFES:200504:NH:151",3,"bx6_by61"
"CUFES:200504:NH:152",3,"bx6_by61"
"CUFES:200504:NH:153",3,"bx7_by61"
"CUFES:200504:NH:154",3,"bx7_by61"
"CUFES:200504:NH:155",3,"bx7_by61"
"CUFES:200504:NH:156",3,"bx6_by61"
"CUFES:200504:NH:157",3,"bx6_by61"
"CUFES:200504:NH:158",4,"bx6_by62"
"CUFES:200504:NH:159",4,"bx6_by62"
"CUFES:200504:NH:16",2,"bx6_by60"
"CUFES:200504:NH:160",4,"bx6_by62"
"CUFES:200504:NH:161",4,"bx6_by62"
"CUFES:200504:NH:162",4,"bx6_by62"
"CUFES:200504:NH:163",4,"bx6_by62"
"CUFES:200504:NH:164",4,"bx6_by62"
"CUFES:200504:NH:165",4,"bx5_by62"
"CUFES:200504:NH:166",4,"bx5_by62"
"CUFES:200504:NH:167",4,"bx5_by62"
"CUFES:200504:NH:168",4,"bx5_by62"
"CUFES:200504:NH:169",4,"bx5_by62"
"CUFES:200504:NH:17",2,"bx6_by60"
"CUFES:200504:NH:170",4,"bx5_by62"
"CUFES:200504:NH:171",4,"bx5_by62"
"CUFES:200504:NH:172",4,"bx5_by62"
"CUFES:200504:NH:173",3,"bx5_by61"
"CUFES:200504:NH:174",3,"bx4_by61"
"CUFES:200504:NH:175",3,"bx4_by61"
"CUFES:200504:NH:176",3,"bx4_by61"
"CUFES:200504:NH:177",3,"bx4_by61"
"CUFES:200504:NH:178",3,"bx4_by61"
"CUFES:200504:NH:179",3,"bx4_by61"
"CUFES:200504:NH:18",1,"bx6_by59"
"CUFES:200504:NH:180",3,"bx4_by61"
"CUFES:200504:NH:181",4,"bx4_by62"
"CUFES:200504:NH:182",4,"bx3_by62"
"CUFES:200504:NH:183",4,"bx3_by62"
"CUFES:200504:NH:184",4,"bx3_by62"
"CUFES:200504:NH:185",4,"bx3_by62"
"CUFES:200504:NH:186",4,"bx3_by62"
"CUFES:200504:NH:187",4,"bx3_by62"
"CUFES:200504:NH:188",4,"bx3_by62"
"CUFES:200504:NH:189",3,"bx2_by62"
"CUFES:200504:NH:19",1,"bx6_by59"
"CUFES:200504:NH:190",3,"bx2_by62"
"CUFES:200504:NH:191",3,"bx2_by62"
"CUFES:200504:NH:192",3,"bx2_by62"
"CUFES:200504:NH:193",3,"bx2_by61"
"CUFES:200504:NH:194",3,"bx2_by61"
"CUFES:200504:NH:195",3,"bx2_by61"
"CUFES:200504:NH:2",2,"bx7_by60"
"CUFES:200504:NH:20",1,"bx6_by59"
"CUFES:200504:NH:21",1,"bx5_by59"
"CUFES:200504:NH:22",1,"bx5_by59"
"CUFES:200504:NH:23",1,"bx5_by59"
"CUFES:200504:NH:24",1,"bx5_by59"
"CUFES:200504:NH:25",1,"bx5_by59"
"CUFES:200504:NH:26",1,"bx5_by59"
"CUFES:200504:NH:268",2,"bx2_by60"
"CUFES:200504:NH:269",2,"bx2_by60"
"CUFES:200504:NH:27",1,"bx4_by59"
"CUFES:200504:NH:270",2,"bx2_by60"
"CUFES:200504:NH:271",2,"bx2_by60"
"CUFES:200504:NH:272",2,"bx2_by60"
"CUFES:200504:NH:273",2,"bx3_by60"
"CUFES:200504:NH:274",2,"bx3_by60"
"CUFES:200504:NH:275",3,"bx3_by61"
"CUFES:200504:NH:276",3,"bx3_by61"
"CUFES:200504:NH:277",3,"bx3_by61"
"CUFES:200504:NH:278",3,"bx3_by61"
"CUFES:200504:NH:279",3,"bx3_by61"
"CUFES:200504:NH:28",1,"bx4_by59"
"CUFES:200504:NH:280",3,"bx3_by61"
"CUFES:200504:NH:281",3,"bx3_by61"
"CUFES:200504:NH:282",3,"bx4_by61"
"CUFES:200504:NH:283",3,"bx4_by61"
"CUFES:200504:NH:284",3,"bx4_by61"
"CUFES:200504:NH:285",3,"bx4_by61"
"CUFES:200504:NH:286",3,"bx4_by61"
"CUFES:200504:NH:287",4,"bx4_by62"
"CUFES:200504:NH:288",4,"bx4_by62"
"CUFES:200504:NH:289",4,"bx4_by62"
"CUFES:200504:NH:290",4,"bx4_by62"
"CUFES:200504:NH:291",4,"bx4_by62"
"CUFES:200504:NH:292",4,"bx4_by62"
"CUFES:200504:NH:293",4,"bx4_by63"
"CUFES:200504:NH:294",4,"bx4_by63"
"CUFES:200504:NH:295",4,"bx4_by63"
"CUFES:200504:NH:296",4,"bx4_by63"
"CUFES:200504:NH:297",4,"bx4_by63"
"CUFES:200504:NH:298",4,"bx4_by63"
"CUFES:200504:NH:299",4,"bx4_by63"
"CUFES:200504:NH:3",3,"bx7_by61"
"CUFES:200504:NH:300",4,"bx4_by63"
"CUFES:200504:NH:301",4,"bx3_by63"
"CUFES:200504:NH:302",4,"bx3_by63"
"CUFES:200504:NH:303",4,"bx3_by63"
"CUFES:200504:NH:304",4,"bx3_by63"
"CUFES:200504:NH:305",4,"bx3_by63"
"CUFES:200504:NH:306",4,"bx2_by63"
"CUFES:200504:NH:307",4,"bx2_by63"
"CUFES:200504:NH:308",4,"bx2_by63"
"CUFES:200504:NH:309",4,"bx2_by63"
"CUFES:200504:NH:310",4,"bx2_by63"
"CUFES:200504:NH:311",4,"bx2_by63"
"CUFES:200504:NH:312",4,"bx2_by63"
"CUFES:200504:NH:397",4,"bx2_by64"
"CUFES:200504:NH:398",4,"bx2_by64"
"CUFES:200504:NH:399",4,"bx2_by64"
"CUFES:200504:NH:4",3,"bx7_by61"
"CUFES:200504:NH:400",4,"bx2_by63"
"CUFES:200504:NH:401",4,"bx2_by63"
"CUFES:200504:NH:402",4,"bx2_by63"
"CUFES:200504:NH:403",4,"bx3_by63"
"CUFES:200504:NH:404",4,"bx3_by63"
"CUFES:200504:NH:405",4,"bx3_by63"
"CUFES:200504:NH:406",4,"bx3_by63"
"CUFES:200504:NH:407",4,"bx3_by63"
"CUFES:200504:NH:408",4,"bx3_by63"
"CUFES:200504:NH:409",4,"bx4_by63"
"CUFES:200504:NH:410",4,"bx4_by63"
"CUFES:200504:NH:411",4,"bx4_by63"
"CUFES:200504:NH:412",4,"bx4_by63"
"CUFES:200504:NH:413",4,"bx4_by62"
"CUFES:200504:NH:414",4,"bx4_by62"
"CUFES:200504:NH:415",4,"bx5_by62"
"CUFES:200504:NH:416",4,"bx5_by62"
"CUFES:200504:NH:417",4,"bx5_by62"
"CUFES:200504:NH:418",4,"bx5_by62"
"CUFES:200504:NH:419",4,"bx5_by62"
"CUFES:200504:NH:420",4,"bx5_by62"
"CUFES:200504:NH:421",3,"bx5_by61"
"CUFES:200504:NH:422",3,"bx5_by61"
"CUFES:200504:NH:423",3,"bx5_by61"
"CUFES:200504:NH:424",3,"bx5_by61"
"CUFES:200504:NH:425",3,"bx5_by61"
"CUFES:200504:NH:426",3,"bx6_by61"
"CUFES:200504:NH:427",3,"bx6_by61"
"CUFES:200504:NH:428",3,"bx6_by61"
"CUFES:200504:NH:5",3,"bx7_by61"
"CUFES:200504:NH:6",3,"bx7_by61"
"CUFES:200504:NH:7",2,"bx7_by60"
"CUFES:200504:NH:8",2,"bx7_by60"
"CUFES:200504:NH:9",2,"bx7_by60"
"CUFES:200602:JD:1",3,"bx7_by61"
"CUFES:200602:JD:10",2,"bx7_by60"
"CUFES:200602:JD:11",2,"bx7_by60"
"CUFES:200602:JD:12",2,"bx7_by60"
"CUFES:200602:JD:13",2,"bx6_by60"
"CUFES:200602:JD:130",1,"bx2_by59"
"CUFES:200602:JD:131",1,"bx2_by59"
"CUFES:200602:JD:132",1,"bx2_by59"
"CUFES:200602:JD:133",1,"bx2_by59"
"CUFES:200602:JD:134",1,"bx3_by59"
"CUFES:200602:JD:135",1,"bx3_by59"
"CUFES:200602:JD:136",1,"bx3_by59"
"CUFES:200602:JD:137",1,"bx3_by59"
"CUFES:200602:JD:138",1,"bx3_by59"
"CUFES:200602:JD:139",1,"bx3_by59"
"CUFES:200602:JD:14",2,"bx6_by60"
"CUFES:200602:JD:140",1,"bx3_by59"
"CUFES:200602:JD:141",1,"bx3_by59"
"CUFES:200602:JD:143",1,"bx3_by59"
"CUFES:200602:JD:144",2,"bx4_by60"
"CUFES:200602:JD:145",2,"bx4_by60"
"CUFES:200602:JD:146",2,"bx4_by60"
"CUFES:200602:JD:147",2,"bx4_by60"
"CUFES:200602:JD:148",2,"bx4_by60"
"CUFES:200602:JD:149",2,"bx4_by60"
"CUFES:200602:JD:15",2,"bx6_by60"
"CUFES:200602:JD:150",2,"bx5_by60"
"CUFES:200602:JD:151",2,"bx5_by60"
"CUFES:200602:JD:152",2,"bx5_by60"
"CUFES:200602:JD:153",2,"bx5_by60"
"CUFES:200602:JD:154",2,"bx5_by60"
"CUFES:200602:JD:155",2,"bx5_by60"
"CUFES:200602:JD:156",2,"bx5_by60"
"CUFES:200602:JD:157",3,"bx5_by61"
"CUFES:200602:JD:158",3,"bx5_by61"
"CUFES:200602:JD:159",3,"bx6_by61"
"CUFES:200602:JD:16",2,"bx6_by60"
"CUFES:200602:JD:160",3,"bx6_by61"
"CUFES:200602:JD:161",3,"bx6_by61"
"CUFES:200602:JD:162",3,"bx6_by61"
"CUFES:200602:JD:163",3,"bx6_by61"
"CUFES:200602:JD:164",3,"bx6_by61"
"CUFES:200602:JD:165",3,"bx7_by61"
"CUFES:200602:JD:166",3,"bx7_by61"
"CUFES:200602:JD:167",3,"bx6_by61"
"CUFES:200602:JD:168",3,"bx6_by61"
"CUFES:200602:JD:169",4,"bx6_by62"
"CUFES:200602:JD:17",1,"bx6_by59"
"CUFES:200602:JD:170",4,"bx6_by62"
"CUFES:200602:JD:171",4,"bx6_by62"
"CUFES:200602:JD:172",4,"bx6_by62"
"CUFES:200602:JD:173",4,"bx6_by62"
"CUFES:200602:JD:174",4,"bx6_by62"
"CUFES:200602:JD:175",4,"bx6_by62"
"CUFES:200602:JD:176",4,"bx6_by62"
"CUFES:200602:JD:177",4,"bx5_by62"
"CUFES:200602:JD:178",4,"bx5_by62"
"CUFES:200602:JD:179",4,"bx5_by62"
"CUFES:200602:JD:18",1,"bx6_by59"
"CUFES:200602:JD:180",4,"bx5_by62"
"CUFES:200602:JD:181",4,"bx5_by62"
"CUFES:200602:JD:182",4,"bx5_by62"
"CUFES:200602:JD:183",4,"bx5_by62"
"CUFES:200602:JD:184",4,"bx5_by62"
"CUFES:200602:JD:185",3,"bx5_by61"
"CUFES:200602:JD:186",3,"bx4_by61"
"CUFES:200602:JD:187",3,"bx4_by61"
"CUFES:200602:JD:188",3,"bx4_by61"
"CUFES:200602:JD:189",3,"bx4_by61"
"CUFES:200602:JD:19",1,"bx6_by59"
"CUFES:200602:JD:190",3,"bx4_by61"
"CUFES:200602:JD:191",3,"bx4_by61"
"CUFES:200602:JD:192",3,"bx4_by61"
"CUFES:200602:JD:193",3,"bx3_by61"
"CUFES:200602:JD:194",3,"bx3_by61"
"CUFES:200602:JD:195",3,"bx3_by61"
"CUFES:200602:JD:196",3,"bx3_by61"
"CUFES:200602:JD:197",2,"bx3_by60"
"CUFES:200602:JD:198",2,"bx3_by60"
"CUFES:200602:JD:199",2,"bx3_by60"
"CUFES:200602:JD:2",3,"bx7_by61"
"CUFES:200602:JD:20",1,"bx5_by59"
"CUFES:200602:JD:200",2,"bx2_by60"
"CUFES:200602:JD:201",2,"bx2_by60"
"CUFES:200602:JD:202",2,"bx2_by60"
"CUFES:200602:JD:203",2,"bx2_by60"
"CUFES:200602:JD:204",2,"bx2_by60"
"CUFES:200602:JD:205",2,"bx2_by60"
"CUFES:200602:JD:206",2,"bx2_by60"
"CUFES:200602:JD:21",1,"bx5_by59"
"CUFES:200602:JD:22",1,"bx5_by59"
"CUFES:200602:JD:23",1,"bx5_by59"
"CUFES:200602:JD:24",1,"bx5_by59"
"CUFES:200602:JD:25",1,"bx5_by59"
"CUFES:200602:JD:26",1,"bx4_by59"
"CUFES:200602:JD:27",1,"bx4_by59"
"CUFES:200602:JD:291",3,"bx2_by61"
"CUFES:200602:JD:292",3,"bx2_by61"
"CUFES:200602:JD:293",3,"bx2_by61"
"CUFES:200602:JD:294",3,"bx2_by62"
"CUFES:200602:JD:295",3,"bx2_by62"
"CUFES:200602:JD:296",3,"bx2_by62"
"CUFES:200602:JD:297",3,"bx2_by62"
"CUFES:200602:JD:298",4,"bx3_by62"
"CUFES:200602:JD:299",4,"bx3_by62"
"CUFES:200602:JD:3",2,"bx7_by60"
"CUFES:200602:JD:300",4,"bx3_by62"
"CUFES:200602:JD:301",4,"bx3_by62"
"CUFES:200602:JD:302",4,"bx3_by62"
"CUFES:200602:JD:303",4,"bx3_by62"
"CUFES:200602:JD:304",4,"bx3_by62"
"CUFES:200602:JD:305",4,"bx4_by62"
"CUFES:200602:JD:306",4,"bx4_by62"
"CUFES:200602:JD:307",4,"bx4_by62"
"CUFES:200602:JD:308",4,"bx4_by62"
"CUFES:200602:JD:309",4,"bx4_by62"
"CUFES:200602:JD:310",4,"bx4_by63"
"CUFES:200602:JD:311",4,"bx4_by63"
"CUFES:200602:JD:312",4,"bx4_by63"
"CUFES:200602:JD:313",4,"bx4_by63"
"CUFES:200602:JD:314",4,"bx4_by63"
"CUFES:200602:JD:315",4,"bx4_by63"
"CUFES:200602:JD:316",4,"bx4_by63"
"CUFES:200602:JD:317",4,"bx4_by63"
"CUFES:200602:JD:318",4,"bx4_by63"
"CUFES:200602:JD:319",4,"bx4_by63"
"CUFES:200602:JD:320",4,"bx4_by63"
"CUFES:200602:JD:321",4,"bx4_by63"
"CUFES:200602:JD:322",4,"bx3_by63"
"CUFES:200602:JD:323",4,"bx3_by63"
"CUFES:200602:JD:324",4,"bx3_by63"
"CUFES:200602:JD:325",4,"bx3_by63"
"CUFES:200602:JD:326",4,"bx3_by63"
"CUFES:200602:JD:327",4,"bx3_by63"
"CUFES:200602:JD:328",4,"bx3_by63"
"CUFES:200602:JD:329",4,"bx3_by63"
"CUFES:200602:JD:330",4,"bx3_by63"
"CUFES:200602:JD:331",4,"bx2_by63"
"CUFES:200602:JD:332",4,"bx2_by63"
"CUFES:200602:JD:333",4,"bx2_by63"
"CUFES:200602:JD:334",4,"bx2_by63"
"CUFES:200602:JD:335",4,"bx2_by63"
"CUFES:200602:JD:336",4,"bx2_by63"
"CUFES:200602:JD:4",2,"bx7_by60"
"CUFES:200602:JD:412",4,"bx2_by63"
"CUFES:200602:JD:413",4,"bx2_by63"
"CUFES:200602:JD:414",4,"bx2_by63"
"CUFES:200602:JD:415",4,"bx2_by63"
"CUFES:200602:JD:416",4,"bx2_by63"
"CUFES:200602:JD:417",4,"bx3_by63"
"CUFES:200602:JD:418",4,"bx3_by63"
"CUFES:200602:JD:419",4,"bx3_by63"
"CUFES:200602:JD:420",4,"bx3_by63"
"CUFES:200602:JD:421",4,"bx3_by63"
"CUFES:200602:JD:422",4,"bx3_by63"
"CUFES:200602:JD:423",4,"bx4_by63"
"CUFES:200602:JD:424",4,"bx4_by63"
"CUFES:200602:JD:425",4,"bx4_by63"
"CUFES:200602:JD:426",4,"bx4_by63"
"CUFES:200602:JD:427",4,"bx4_by63"
"CUFES:200602:JD:5",2,"bx7_by60"
"CUFES:200602:JD:6",2,"bx7_by60"
"CUFES:200602:JD:621",4,"bx2_by63"
"CUFES:200602:JD:622",4,"bx2_by63"
"CUFES:200602:JD:623",4,"bx2_by63"
"CUFES:200602:JD:624",4,"bx2_by63"
"CUFES:200602:JD:625",3,"bx2_by62"
"CUFES:200602:JD:626",4,"bx3_by62"
"CUFES:200602:JD:627",4,"bx3_by62"
"CUFES:200602:JD:628",4,"bx3_by62"
"CUFES:200602:JD:629",4,"bx3_by62"
"CUFES:200602:JD:630",4,"bx3_by62"
"CUFES:200602:JD:631",4,"bx3_by62"
"CUFES:200602:JD:632",3,"bx3_by61"
"CUFES:200602:JD:633",3,"bx3_by61"
"CUFES:200602:JD:634",3,"bx4_by61"
"CUFES:200602:JD:635",3,"bx4_by61"
"CUFES:200602:JD:636",3,"bx4_by61"
"CUFES:200602:JD:637",3,"bx4_by61"
"CUFES:200602:JD:638",3,"bx4_by61"
"CUFES:200602:JD:639",3,"bx4_by61"
"CUFES:200602:JD:640",3,"bx5_by61"
"CUFES:200602:JD:641",3,"bx5_by61"
"CUFES:200602:JD:642",3,"bx5_by61"
"CUFES:200602:JD:643",3,"bx5_by61"
"CUFES:200602:JD:644",3,"bx5_by61"
"CUFES:200602:JD:645",3,"bx5_by61"
"CUFES:200602:JD:646",3,"bx5_by61"
"CUFES:200602:JD:647",2,"bx6_by60"
"CUFES:200602:JD:648",2,"bx6_by60"
"CUFES:200602:JD:649",2,"bx6_by60"
"CUFES:200602:JD:650",2,"bx6_by60"
"CUFES:200602:JD:651",2,"bx6_by60"
"CUFES:200602:JD:652",2,"bx6_by60"
"CUFES:200602:JD:653",2,"bx7_by60"
"CUFES:200602:JD:654",2,"bx7_by60"
"CUFES:200602:JD:7",2,"bx7_by60"
"CUFES:200602:JD:8",2,"bx7_by60"
"CUFES:200602:JD:9",2,"bx7_by60"
"CUFES:200604:JD:1",2,"bx7_by60"
"CUFES:200604:JD:10",2,"bx7_by59"
"CUFES:200604:JD:11",2,"bx7_by59"
"CUFES:200604:JD:117",1,"bx3_by59"
"CUFES:200604:JD:118",1,"bx3_by59"
"CUFES:200604:JD:119",1,"bx3_by59"
"CUFES:200604:JD:12",2,"bx7_by59"
"CUFES:200604:JD:120",1,"bx3_by59"
"CUFES:200604:JD:121",1,"bx3_by59"
"CUFES:200604:JD:122",1,"bx3_by59"
"CUFES:200604:JD:123",1,"bx3_by59"
"CUFES:200604:JD:124",1,"bx3_by59"
"CUFES:200604:JD:125",1,"bx3_by59"
"CUFES:200604:JD:126",1,"bx3_by59"
"CUFES:200604:JD:127",1,"bx3_by59"
"CUFES:200604:JD:128",1,"bx3_by59"
"CUFES:200604:JD:129",1,"bx3_by59"
"CUFES:200604:JD:13",2,"bx7_by59"
"CUFES:200604:JD:130",1,"bx4_by59"
"CUFES:200604:JD:131",1,"bx4_by59"
"CUFES:200604:JD:132",1,"bx4_by59"
"CUFES:200604:JD:133",1,"bx4_by59"
"CUFES:200604:JD:134",1,"bx4_by59"
"CUFES:200604:JD:135",1,"bx4_by59"
"CUFES:200604:JD:136",1,"bx4_by59"
"CUFES:200604:JD:137",1,"bx4_by59"
"CUFES:200604:JD:138",1,"bx4_by59"
"CUFES:200604:JD:139",1,"bx4_by59"
"CUFES:200604:JD:14",2,"bx7_by59"
"CUFES:200604:JD:140",1,"bx4_by59"
"CUFES:200604:JD:141",1,"bx4_by59"
"CUFES:200604:JD:142",1,"bx4_by59"
"CUFES:200604:JD:143",1,"bx4_by59"
"CUFES:200604:JD:144",1,"bx4_by59"
"CUFES:200604:JD:145",1,"bx4_by59"
"CUFES:200604:JD:146",1,"bx4_by59"
"CUFES:200604:JD:147",1,"bx4_by59"
"CUFES:200604:JD:148",1,"bx4_by59"
"CUFES:200604:JD:149",1,"bx4_by59"
"CUFES:200604:JD:15",1,"bx6_by59"
"CUFES:200604:JD:150",1,"bx5_by59"
"CUFES:200604:JD:151",1,"bx5_by59"
"CUFES:200604:JD:152",1,"bx5_by59"
"CUFES:200604:JD:153",1,"bx5_by59"
"CUFES:200604:JD:154",1,"bx5_by59"
"CUFES:200604:JD:155",1,"bx5_by59"
"CUFES:200604:JD:156",2,"bx5_by60"
"CUFES:200604:JD:157",2,"bx5_by60"
"CUFES:200604:JD:158",2,"bx5_by60"
"CUFES:200604:JD:159",2,"bx5_by60"
"CUFES:200604:JD:16",1,"bx6_by59"
"CUFES:200604:JD:160",2,"bx5_by60"
"CUFES:200604:JD:161",2,"bx5_by60"
"CUFES:200604:JD:162",2,"bx6_by60"
"CUFES:200604:JD:163",2,"bx6_by60"
"CUFES:200604:JD:164",2,"bx6_by60"
"CUFES:200604:JD:165",2,"bx6_by60"
"CUFES:200604:JD:166",2,"bx6_by60"
"CUFES:200604:JD:167",2,"bx6_by60"
"CUFES:200604:JD:168",2,"bx6_by60"
"CUFES:200604:JD:169",2,"bx6_by60"
"CUFES:200604:JD:17",1,"bx6_by59"
"CUFES:200604:JD:170",2,"bx7_by60"
"CUFES:200604:JD:171",3,"bx7_by61"
"CUFES:200604:JD:172",2,"bx7_by60"
"CUFES:200604:JD:173",2,"bx7_by60"
"CUFES:200604:JD:174",2,"bx7_by60"
"CUFES:200604:JD:175",2,"bx7_by60"
"CUFES:200604:JD:176",2,"bx7_by60"
"CUFES:200604:JD:177",2,"bx7_by60"
"CUFES:200604:JD:178",2,"bx7_by60"
"CUFES:200604:JD:179",2,"bx7_by60"
"CUFES:200604:JD:18",1,"bx6_by59"
"CUFES:200604:JD:180",2,"bx7_by60"
"CUFES:200604:JD:181",2,"bx7_by60"
"CUFES:200604:JD:182",2,"bx7_by60"
"CUFES:200604:JD:183",2,"bx7_by60"
"CUFES:200604:JD:184",2,"bx7_by60"
"CUFES:200604:JD:185",3,"bx7_by61"
"CUFES:200604:JD:186",3,"bx7_by61"
"CUFES:200604:JD:187",3,"bx7_by61"
"CUFES:200604:JD:188",3,"bx7_by61"
"CUFES:200604:JD:189",3,"bx6_by61"
"CUFES:200604:JD:19",1,"bx6_by59"
"CUFES:200604:JD:190",3,"bx6_by61"
"CUFES:200604:JD:191",3,"bx6_by61"
"CUFES:200604:JD:192",3,"bx6_by61"
"CUFES:200604:JD:193",3,"bx6_by61"
"CUFES:200604:JD:194",3,"bx6_by61"
"CUFES:200604:JD:195",4,"bx6_by62"
"CUFES:200604:JD:196",4,"bx6_by62"
"CUFES:200604:JD:197",4,"bx6_by62"
"CUFES:200604:JD:198",4,"bx6_by62"
"CUFES:200604:JD:199",4,"bx6_by62"
"CUFES:200604:JD:2",2,"bx7_by60"
"CUFES:200604:JD:20",1,"bx6_by59"
"CUFES:200604:JD:200",4,"bx6_by62"
"CUFES:200604:JD:201",4,"bx5_by62"
"CUFES:200604:JD:202",4,"bx5_by62"
"CUFES:200604:JD:203",4,"bx5_by62"
"CUFES:200604:JD:204",4,"bx5_by62"
"CUFES:200604:JD:205",4,"bx5_by62"
"CUFES:200604:JD:206",4,"bx5_by62"
"CUFES:200604:JD:207",4,"bx5_by62"
"CUFES:200604:JD:208",4,"bx5_by62"
"CUFES:200604:JD:209",3,"bx5_by61"
"CUFES:200604:JD:21",1,"bx6_by59"
"CUFES:200604:JD:210",3,"bx4_by61"
"CUFES:200604:JD:211",3,"bx4_by61"
"CUFES:200604:JD:212",3,"bx4_by61"
"CUFES:200604:JD:213",3,"bx4_by61"
"CUFES:200604:JD:214",3,"bx4_by61"
"CUFES:200604:JD:215",3,"bx4_by61"
"CUFES:200604:JD:216",3,"bx4_by61"
"CUFES:200604:JD:217",3,"bx4_by61"
"CUFES:200604:JD:218",3,"bx3_by61"
"CUFES:200604:JD:219",3,"bx3_by61"
"CUFES:200604:JD:220",3,"bx3_by61"
"CUFES:200604:JD:221",3,"bx3_by61"
"CUFES:200604:JD:222",3,"bx3_by61"
"CUFES:200604:JD:223",3,"bx3_by61"
"CUFES:200604:JD:224",3,"bx3_by61"
"CUFES:200604:JD:225",2,"bx3_by60"
"CUFES:200604:JD:226",2,"bx3_by60"
"CUFES:200604:JD:227",2,"bx2_by60"
"CUFES:200604:JD:228",2,"bx2_by60"
"CUFES:200604:JD:229",2,"bx2_by60"
"CUFES:200604:JD:23",1,"bx6_by59"
"CUFES:200604:JD:230",2,"bx2_by60"
"CUFES:200604:JD:231",2,"bx2_by60"
"CUFES:200604:JD:232",2,"bx2_by60"
"CUFES:200604:JD:233",2,"bx2_by60"
"CUFES:200604:JD:234",2,"bx2_by60"
"CUFES:200604:JD:235",2,"bx2_by60"
"CUFES:200604:JD:236",2,"bx2_by60"
"CUFES:200604:JD:237",2,"bx2_by60"
"CUFES:200604:JD:24",1,"bx6_by59"
"CUFES:200604:JD:25",1,"bx6_by59"
"CUFES:200604:JD:26",1,"bx5_by59"
"CUFES:200604:JD:3",2,"bx7_by60"
"CUFES:200604:JD:322",3,"bx2_by62"
"CUFES:200604:JD:323",3,"bx2_by62"
"CUFES:200604:JD:324",3,"bx2_by62"
"CUFES:200604:JD:325",3,"bx2_by62"
"CUFES:200604:JD:326",3,"bx2_by62"
"CUFES:200604:JD:327",3,"bx2_by62"
"CUFES:200604:JD:328",3,"bx2_by62"
"CUFES:200604:JD:329",4,"bx3_by63"
"CUFES:200604:JD:330",4,"bx3_by63"
"CUFES:200604:JD:331",4,"bx3_by63"
"CUFES:200604:JD:332",4,"bx3_by63"
"CUFES:200604:JD:333",4,"bx2_by63"
"CUFES:200604:JD:334",4,"bx2_by63"
"CUFES:200604:JD:335",4,"bx2_by63"
"CUFES:200604:JD:336",4,"bx2_by63"
"CUFES:200604:JD:337",4,"bx2_by63"
"CUFES:200604:JD:338",4,"bx2_by63"
"CUFES:200604:JD:339",4,"bx2_by63"
"CUFES:200604:JD:340",4,"bx2_by63"
"CUFES:200604:JD:341",4,"bx2_by64"
"CUFES:200604:JD:342",4,"bx2_by64"
"CUFES:200604:JD:344",4,"bx2_by64"
"CUFES:200604:JD:345",4,"bx2_by64"
"CUFES:200604:JD:346",4,"bx2_by64"
"CUFES:200604:JD:351",4,"bx2_by64"
"CUFES:200604:JD:4",2,"bx7_by59"
"CUFES:200604:JD:5",2,"bx7_by59"
"CUFES:200604:JD:6",2,"bx7_by60"
"CUFES:200604:JD:7",2,"bx7_by60"
"CUFES:200604:JD:8",2,"bx7_by59"
"CUFES:200604:JD:9",2,"bx7_by59"
"CUFES:200604:OD:500",2,"bx2_by60"
"CUFES:200604:OD:501",2,"bx2_by60"
"CUFES:200604:OD:502",2,"bx2_by60"
"CUFES:200604:OD:503",2,"bx2_by60"
"CUFES:200604:OD:504",2,"bx2_by60"
"CUFES:200604:OD:505",2,"bx3_by60"
"CUFES:200604:OD:506",2,"bx3_by60"
"CUFES:200604:OD:507",2,"bx3_by60"
"CUFES:200604:OD:508",3,"bx3_by61"
"CUFES:200604:OD:509",3,"bx3_by61"
"CUFES:200604:OD:510",3,"bx3_by61"
"CUFES:200604:OD:511",3,"bx3_by61"
"CUFES:200604:OD:512",3,"bx4_by61"
"CUFES:200604:OD:513",3,"bx4_by61"
"CUFES:200604:OD:514",3,"bx4_by61"
"CUFES:200604:OD:515",3,"bx4_by61"
"CUFES:200604:OD:516",3,"bx4_by61"
"CUFES:200604:OD:517",3,"bx4_by61"
"CUFES:200604:OD:518",4,"bx5_by62"
"CUFES:200604:OD:519",4,"bx5_by62"
"CUFES:200604:OD:520",4,"bx5_by62"
"CUFES:200604:OD:521",3,"bx5_by61"
"CUFES:200604:OD:522",3,"bx5_by61"
"CUFES:200604:OD:523",3,"bx5_by61"
"CUFES:200604:OD:524",3,"bx5_by61"
"CUFES:200604:OD:525",3,"bx5_by61"
"CUFES:200604:OD:526",3,"bx6_by61"
"CUFES:200604:OD:527",3,"bx6_by61"
"CUFES:200604:OD:528",3,"bx6_by61"
"CUFES:200604:OD:529",3,"bx6_by61"
"CUFES:200604:OD:530",3,"bx6_by61"
"CUFES:200604:OD:531",3,"bx6_by61"
"CUFES:200604:OD:532",2,"bx7_by60"
"CUFES:200604:OD:533",2,"bx7_by60"
"CUFES:200604:OD:534",2,"bx7_by60"
"CUFES:200604:OD:535",2,"bx7_by60"
"CUFES:200604:OD:536",2,"bx7_by60"
"CUFES:200604:OD:537",2,"bx7_by60"
"CUFES:200604:OD:538",2,"bx7_by60"
"CUFES:200604:OD:539",2,"bx6_by60"
"CUFES:200604:OD:540",2,"bx6_by60"
"CUFES:200604:OD:541",2,"bx6_by60"
"CUFES:200604:OD:542",1,"bx6_by59"
"CUFES:200604:OD:543",1,"bx6_by59"
"CUFES:200604:OD:544",1,"bx5_by59"
"CUFES:200604:OD:545",1,"bx5_by59"
"CUFES:200604:OD:546",1,"bx5_by59"
"CUFES:200604:OD:547",1,"bx5_by59"
"CUFES:200604:OD:548",1,"bx5_by59"
"CUFES:200604:OD:549",1,"bx4_by59"
"CUFES:200604:OD:550",1,"bx4_by59"
"CUFES:200604:OD:612",4,"bx2_by63"
"CUFES:200604:OD:613",4,"bx2_by63"
"CUFES:200604:OD:614",4,"bx2_by63"
"CUFES:200604:OD:615",4,"bx2_by63"
"CUFES:200604:OD:616",4,"bx2_by63"
"CUFES:200604:OD:617",4,"bx2_by64"
"CUFES:200604:OD:618",4,"bx2_by64"
"CUFES:200604:OD:619",4,"bx2_by64"
"CUFES:200604:OD:620",4,"bx2_by64"
"CUFES:200701:JD:1",2,"bx7_by60"
"CUFES:200701:JD:10",2,"bx7_by60"
"CUFES:200701:JD:107",1,"bx2_by59"
"CUFES:200701:JD:108",1,"bx2_by59"
"CUFES:200701:JD:109",1,"bx3_by59"
"CUFES:200701:JD:11",2,"bx7_by60"
"CUFES:200701:JD:110",1,"bx3_by59"
"CUFES:200701:JD:111",1,"bx3_by59"
"CUFES:200701:JD:112",1,"bx3_by59"
"CUFES:200701:JD:113",2,"bx4_by60"
"CUFES:200701:JD:114",2,"bx4_by60"
"CUFES:200701:JD:115",2,"bx4_by60"
"CUFES:200701:JD:116",2,"bx4_by60"
"CUFES:200701:JD:117",2,"bx5_by60"
"CUFES:200701:JD:118",2,"bx5_by60"
"CUFES:200701:JD:119",2,"bx5_by60"
"CUFES:200701:JD:12",2,"bx7_by60"
"CUFES:200701:JD:120",3,"bx5_by61"
"CUFES:200701:JD:121",3,"bx6_by61"
"CUFES:200701:JD:122",3,"bx6_by61"
"CUFES:200701:JD:123",3,"bx6_by61"
"CUFES:200701:JD:124",3,"bx6_by61"
"CUFES:200701:JD:125",3,"bx6_by61"
"CUFES:200701:JD:126",3,"bx6_by61"
"CUFES:200701:JD:127",3,"bx6_by61"
"CUFES:200701:JD:128",3,"bx6_by61"
"CUFES:200701:JD:129",3,"bx6_by61"
"CUFES:200701:JD:13",2,"bx7_by60"
"CUFES:200701:JD:130",3,"bx6_by61"
"CUFES:200701:JD:131",3,"bx5_by61"
"CUFES:200701:JD:132",2,"bx5_by60"
"CUFES:200701:JD:133",2,"bx5_by60"
"CUFES:200701:JD:134",2,"bx5_by60"
"CUFES:200701:JD:135",2,"bx5_by60"
"CUFES:200701:JD:136",2,"bx5_by60"
"CUFES:200701:JD:137",2,"bx5_by60"
"CUFES:200701:JD:138",2,"bx4_by60"
"CUFES:200701:JD:139",2,"bx4_by60"
"CUFES:200701:JD:14",2,"bx7_by60"
"CUFES:200701:JD:140",2,"bx4_by60"
"CUFES:200701:JD:141",2,"bx4_by60"
"CUFES:200701:JD:142",2,"bx4_by60"
"CUFES:200701:JD:143",1,"bx3_by59"
"CUFES:200701:JD:144",1,"bx3_by59"
"CUFES:200701:JD:145",1,"bx3_by59"
"CUFES:200701:JD:146",1,"bx3_by59"
"CUFES:200701:JD:147",1,"bx2_by59"
"CUFES:200701:JD:148",1,"bx2_by59"
"CUFES:200701:JD:149",1,"bx2_by59"
"CUFES:200701:JD:15",2,"bx6_by60"
"CUFES:200701:JD:150",1,"bx2_by59"
"CUFES:200701:JD:16",2,"bx6_by60"
"CUFES:200701:JD:17",2,"bx6_by60"
"CUFES:200701:JD:18",1,"bx6_by59"
"CUFES:200701:JD:19",1,"bx6_by59"
"CUFES:200701:JD:198",2,"bx2_by60"
"CUFES:200701:JD:199",2,"bx2_by60"
"CUFES:200701:JD:2",2,"bx7_by60"
"CUFES:200701:JD:20",1,"bx6_by59"
"CUFES:200701:JD:200",2,"bx2_by60"
"CUFES:200701:JD:201",2,"bx2_by60"
"CUFES:200701:JD:202",2,"bx2_by60"
"CUFES:200701:JD:203",2,"bx3_by60"
"CUFES:200701:JD:204",2,"bx3_by60"
"CUFES:200701:JD:205",3,"bx3_by61"
"CUFES:200701:JD:206",3,"bx3_by61"
"CUFES:200701:JD:207",3,"bx3_by61"
"CUFES:200701:JD:208",3,"bx3_by61"
"CUFES:200701:JD:209",3,"bx4_by61"
"CUFES:200701:JD:21",1,"bx6_by59"
"CUFES:200701:JD:210",3,"bx4_by61"
"CUFES:200701:JD:211",3,"bx4_by61"
"CUFES:200701:JD:212",3,"bx4_by61"
"CUFES:200701:JD:213",3,"bx4_by61"
"CUFES:200701:JD:214",3,"bx5_by61"
"CUFES:200701:JD:215",4,"bx5_by62"
"CUFES:200701:JD:216",4,"bx5_by62"
"CUFES:200701:JD:217",4,"bx5_by62"
"CUFES:200701:JD:218",4,"bx5_by62"
"CUFES:200701:JD:219",4,"bx5_by62"
"CUFES:200701:JD:22",1,"bx5_by59"
"CUFES:200701:JD:220",4,"bx5_by62"
"CUFES:200701:JD:221",4,"bx5_by62"
"CUFES:200701:JD:222",4,"bx6_by62"
"CUFES:200701:JD:223",4,"bx6_by62"
"CUFES:200701:JD:224",4,"bx5_by62"
"CUFES:200701:JD:225",4,"bx5_by62"
"CUFES:200701:JD:226",4,"bx5_by62"
"CUFES:200701:JD:227",4,"bx5_by62"
"CUFES:200701:JD:228",4,"bx5_by62"
"CUFES:200701:JD:229",4,"bx5_by62"
"CUFES:200701:JD:23",1,"bx5_by59"
"CUFES:200701:JD:230",4,"bx5_by62"
"CUFES:200701:JD:231",4,"bx5_by62"
"CUFES:200701:JD:232",4,"bx4_by62"
"CUFES:200701:JD:233",4,"bx4_by63"
"CUFES:200701:JD:234",4,"bx4_by63"
"CUFES:200701:JD:235",4,"bx4_by63"
"CUFES:200701:JD:236",4,"bx4_by63"
"CUFES:200701:JD:237",4,"bx4_by63"
"CUFES:200701:JD:238",4,"bx4_by63"
"CUFES:200701:JD:239",4,"bx3_by63"
"CUFES:200701:JD:24",1,"bx5_by59"
"CUFES:200701:JD:240",4,"bx3_by63"
"CUFES:200701:JD:241",4,"bx3_by63"
"CUFES:200701:JD:242",4,"bx3_by62"
"CUFES:200701:JD:243",4,"bx3_by62"
"CUFES:200701:JD:244",4,"bx3_by62"
"CUFES:200701:JD:245",4,"bx3_by62"
"CUFES:200701:JD:246",4,"bx3_by62"
"CUFES:200701:JD:247",3,"bx2_by62"
"CUFES:200701:JD:248",3,"bx2_by62"
"CUFES:200701:JD:249",3,"bx2_by61"
"CUFES:200701:JD:25",1,"bx5_by59"
"CUFES:200701:JD:250",3,"bx2_by61"
"CUFES:200701:JD:26",1,"bx5_by59"
"CUFES:200701:JD:27",1,"bx5_by59"
"CUFES:200701:JD:28",1,"bx5_by59"
"CUFES:200701:JD:29",1,"bx5_by59"
"CUFES:200701:JD:299",4,"bx2_by63"
"CUFES:200701:JD:3",3,"bx7_by61"
"CUFES:200701:JD:30",1,"bx4_by59"
"CUFES:200701:JD:300",4,"bx2_by63"
"CUFES:200701:JD:301",4,"bx2_by63"
"CUFES:200701:JD:302",4,"bx2_by63"
"CUFES:200701:JD:303",4,"bx2_by63"
"CUFES:200701:JD:304",4,"bx2_by63"
"CUFES:200701:JD:305",4,"bx2_by63"
"CUFES:200701:JD:306",4,"bx2_by63"
"CUFES:200701:JD:307",4,"bx2_by63"
"CUFES:200701:JD:308",4,"bx2_by64"
"CUFES:200701:JD:309",4,"bx2_by64"
"CUFES:200701:JD:31",1,"bx4_by59"
"CUFES:200701:JD:310",4,"bx2_by64"
"CUFES:200701:JD:311",4,"bx2_by64"
"CUFES:200701:JD:315",4,"bx2_by64"
"CUFES:200701:JD:32",1,"bx4_by59"
"CUFES:200701:JD:397",4,"bx2_by63"
"CUFES:200701:JD:398",3,"bx2_by62"
"CUFES:200701:JD:399",4,"bx3_by62"
"CUFES:200701:JD:4",3,"bx7_by61"
"CUFES:200701:JD:400",4,"bx3_by62"
"CUFES:200701:JD:401",4,"bx3_by62"
"CUFES:200701:JD:402",4,"bx3_by62"
"CUFES:200701:JD:403",4,"bx4_by62"
"CUFES:200701:JD:404",3,"bx4_by61"
"CUFES:200701:JD:405",3,"bx4_by61"
"CUFES:200701:JD:406",3,"bx5_by61"
"CUFES:200701:JD:407",3,"bx5_by61"
"CUFES:200701:JD:408",3,"bx5_by61"
"CUFES:200701:JD:409",3,"bx5_by61"
"CUFES:200701:JD:410",3,"bx6_by61"
"CUFES:200701:JD:411",2,"bx6_by60"
"CUFES:200701:JD:412",2,"bx6_by60"
"CUFES:200701:JD:413",2,"bx6_by60"
"CUFES:200701:JD:414",2,"bx7_by60"
"CUFES:200701:JD:415",2,"bx7_by60"
"CUFES:200701:JD:416",2,"bx7_by60"
"CUFES:200701:JD:417",2,"bx7_by60"
"CUFES:200701:JD:5",3,"bx7_by61"
"CUFES:200701:JD:6",3,"bx7_by61"
"CUFES:200701:JD:7",2,"bx7_by60"
"CUFES:200701:JD:8",2,"bx7_by60"
"CUFES:200701:JD:9",2,"bx7_by60"
"CUFES:200704:JD:1",2,"bx7_by60"
"CUFES:200704:JD:10",2,"bx7_by60"
"CUFES:200704:JD:11",2,"bx7_by60"
"CUFES:200704:JD:12",2,"bx7_by60"
"CUFES:200704:JD:13",2,"bx7_by60"
"CUFES:200704:JD:14",2,"bx7_by60"
"CUFES:200704:JD:15",2,"bx7_by60"
"CUFES:200704:JD:16",2,"bx7_by60"
"CUFES:200704:JD:17",2,"bx7_by60"
"CUFES:200704:JD:18",2,"bx6_by60"
"CUFES:200704:JD:19",2,"bx6_by60"
"CUFES:200704:JD:194",1,"bx2_by59"
"CUFES:200704:JD:195",1,"bx2_by59"
"CUFES:200704:JD:196",1,"bx2_by59"
"CUFES:200704:JD:197",1,"bx2_by59"
"CUFES:200704:JD:198",1,"bx3_by59"
"CUFES:200704:JD:199",1,"bx3_by59"
"CUFES:200704:JD:2",2,"bx7_by60"
"CUFES:200704:JD:20",2,"bx6_by60"
"CUFES:200704:JD:200",1,"bx3_by59"
"CUFES:200704:JD:201",1,"bx3_by59"
"CUFES:200704:JD:202",1,"bx3_by59"
"CUFES:200704:JD:203",1,"bx3_by59"
"CUFES:200704:JD:204",1,"bx3_by59"
"CUFES:200704:JD:205",2,"bx4_by60"
"CUFES:200704:JD:206",2,"bx4_by60"
"CUFES:200704:JD:207",2,"bx4_by60"
"CUFES:200704:JD:208",2,"bx4_by60"
"CUFES:200704:JD:209",2,"bx4_by60"
"CUFES:200704:JD:21",2,"bx6_by60"
"CUFES:200704:JD:210",2,"bx4_by60"
"CUFES:200704:JD:211",2,"bx4_by60"
"CUFES:200704:JD:212",2,"bx4_by60"
"CUFES:200704:JD:213",2,"bx5_by60"
"CUFES:200704:JD:214",2,"bx5_by60"
"CUFES:200704:JD:215",2,"bx5_by60"
"CUFES:200704:JD:216",2,"bx5_by60"
"CUFES:200704:JD:217",2,"bx5_by60"
"CUFES:200704:JD:218",2,"bx5_by60"
"CUFES:200704:JD:219",3,"bx5_by61"
"CUFES:200704:JD:22",2,"bx6_by60"
"CUFES:200704:JD:220",3,"bx5_by61"
"CUFES:200704:JD:221",3,"bx6_by61"
"CUFES:200704:JD:222",3,"bx6_by61"
"CUFES:200704:JD:223",3,"bx6_by61"
"CUFES:200704:JD:224",3,"bx6_by61"
"CUFES:200704:JD:225",3,"bx6_by61"
"CUFES:200704:JD:226",3,"bx6_by61"
"CUFES:200704:JD:227",3,"bx6_by61"
"CUFES:200704:JD:228",3,"bx6_by61"
"CUFES:200704:JD:229",3,"bx7_by61"
"CUFES:200704:JD:23",1,"bx6_by59"
"CUFES:200704:JD:230",3,"bx7_by61"
"CUFES:200704:JD:231",3,"bx7_by61"
"CUFES:200704:JD:232",3,"bx7_by61"
"CUFES:200704:JD:233",3,"bx6_by61"
"CUFES:200704:JD:234",3,"bx6_by61"
"CUFES:200704:JD:235",4,"bx6_by62"
"CUFES:200704:JD:236",4,"bx6_by62"
"CUFES:200704:JD:237",4,"bx6_by62"
"CUFES:200704:JD:238",4,"bx6_by62"
"CUFES:200704:JD:239",4,"bx6_by62"
"CUFES:200704:JD:24",1,"bx6_by59"
"CUFES:200704:JD:240",4,"bx6_by62"
"CUFES:200704:JD:241",4,"bx6_by62"
"CUFES:200704:JD:242",4,"bx6_by62"
"CUFES:200704:JD:243",4,"bx5_by62"
"CUFES:200704:JD:244",4,"bx5_by62"
"CUFES:200704:JD:245",4,"bx5_by62"
"CUFES:200704:JD:246",4,"bx5_by62"
"CUFES:200704:JD:247",4,"bx5_by62"
"CUFES:200704:JD:248",4,"bx5_by62"
"CUFES:200704:JD:249",4,"bx5_by62"
"CUFES:200704:JD:25",1,"bx6_by59"
"CUFES:200704:JD:250",4,"bx5_by62"
"CUFES:200704:JD:251",4,"bx5_by62"
"CUFES:200704:JD:252",3,"bx4_by61"
"CUFES:200704:JD:253",3,"bx4_by61"
"CUFES:200704:JD:254",3,"bx4_by61"
"CUFES:200704:JD:255",3,"bx4_by61"
"CUFES:200704:JD:256",3,"bx4_by61"
"CUFES:200704:JD:257",3,"bx4_by61"
"CUFES:200704:JD:258",3,"bx4_by61"
"CUFES:200704:JD:259",3,"bx4_by61"
"CUFES:200704:JD:26",1,"bx6_by59"
"CUFES:200704:JD:260",3,"bx3_by61"
"CUFES:200704:JD:261",3,"bx3_by61"
"CUFES:200704:JD:262",3,"bx3_by61"
"CUFES:200704:JD:263",3,"bx3_by61"
"CUFES:200704:JD:264",3,"bx3_by61"
"CUFES:200704:JD:265",3,"bx3_by61"
"CUFES:200704:JD:266",2,"bx3_by60"
"CUFES:200704:JD:267",2,"bx3_by60"
"CUFES:200704:JD:268",2,"bx2_by60"
"CUFES:200704:JD:269",2,"bx2_by60"
"CUFES:200704:JD:27",1,"bx5_by59"
"CUFES:200704:JD:270",2,"bx2_by60"
"CUFES:200704:JD:271",2,"bx2_by60"
"CUFES:200704:JD:272",2,"bx2_by60"
"CUFES:200704:JD:273",2,"bx2_by60"
"CUFES:200704:JD:274",2,"bx2_by60"
"CUFES:200704:JD:275",2,"bx2_by60"
"CUFES:200704:JD:28",1,"bx5_by59"
"CUFES:200704:JD:29",1,"bx5_by59"
"CUFES:200704:JD:3",3,"bx7_by61"
"CUFES:200704:JD:30",1,"bx5_by59"
"CUFES:200704:JD:31",1,"bx5_by59"
"CUFES:200704:JD:32",1,"bx5_by59"
"CUFES:200704:JD:33",1,"bx5_by59"
"CUFES:200704:JD:34",1,"bx5_by59"
"CUFES:200704:JD:35",1,"bx4_by59"
"CUFES:200704:JD:36",1,"bx4_by59"
"CUFES:200704:JD:377",3,"bx2_by62"
"CUFES:200704:JD:378",3,"bx2_by62"
"CUFES:200704:JD:379",3,"bx2_by61"
"CUFES:200704:JD:38",1,"bx4_by59"
"CUFES:200704:JD:380",3,"bx2_by62"
"CUFES:200704:JD:381",3,"bx2_by62"
"CUFES:200704:JD:382",3,"bx2_by62"
"CUFES:200704:JD:383",3,"bx2_by62"
"CUFES:200704:JD:384",3,"bx2_by62"
"CUFES:200704:JD:385",3,"bx2_by62"
"CUFES:200704:JD:386",3,"bx2_by62"
"CUFES:200704:JD:387",3,"bx2_by62"
"CUFES:200704:JD:388",3,"bx2_by62"
"CUFES:200704:JD:389",3,"bx2_by62"
"CUFES:200704:JD:390",3,"bx2_by62"
"CUFES:200704:JD:391",3,"bx2_by62"
"CUFES:200704:JD:392",3,"bx2_by62"
"CUFES:200704:JD:393",4,"bx3_by62"
"CUFES:200704:JD:394",4,"bx3_by62"
"CUFES:200704:JD:395",4,"bx3_by62"
"CUFES:200704:JD:396",4,"bx3_by62"
"CUFES:200704:JD:397",4,"bx3_by62"
"CUFES:200704:JD:398",4,"bx3_by62"
"CUFES:200704:JD:399",4,"bx3_by62"
"CUFES:200704:JD:4",3,"bx7_by61"
"CUFES:200704:JD:400",4,"bx3_by62"
"CUFES:200704:JD:401",4,"bx3_by62"
"CUFES:200704:JD:402",4,"bx3_by62"
"CUFES:200704:JD:403",4,"bx3_by62"
"CUFES:200704:JD:404",4,"bx3_by62"
"CUFES:200704:JD:405",4,"bx3_by62"
"CUFES:200704:JD:406",4,"bx4_by62"
"CUFES:200704:JD:407",4,"bx4_by62"
"CUFES:200704:JD:408",4,"bx4_by62"
"CUFES:200704:JD:409",4,"bx4_by62"
"CUFES:200704:JD:410",4,"bx4_by62"
"CUFES:200704:JD:411",4,"bx4_by62"
"CUFES:200704:JD:412",4,"bx4_by62"
"CUFES:200704:JD:413",4,"bx4_by62"
"CUFES:200704:JD:414",4,"bx4_by63"
"CUFES:200704:JD:415",4,"bx4_by63"
"CUFES:200704:JD:416",4,"bx4_by63"
"CUFES:200704:JD:417",4,"bx4_by63"
"CUFES:200704:JD:418",4,"bx4_by63"
"CUFES:200704:JD:419",4,"bx4_by63"
"CUFES:200704:JD:420",4,"bx3_by63"
"CUFES:200704:JD:421",4,"bx3_by63"
"CUFES:200704:JD:422",4,"bx3_by63"
"CUFES:200704:JD:423",4,"bx3_by63"
"CUFES:200704:JD:424",4,"bx3_by63"
"CUFES:200704:JD:425",4,"bx3_by63"
"CUFES:200704:JD:426",4,"bx3_by63"
"CUFES:200704:JD:427",4,"bx2_by63"
"CUFES:200704:JD:428",4,"bx2_by63"
"CUFES:200704:JD:429",4,"bx2_by63"
"CUFES:200704:JD:430",4,"bx2_by63"
"CUFES:200704:JD:431",4,"bx2_by63"
"CUFES:200704:JD:432",4,"bx2_by63"
"CUFES:200704:JD:433",4,"bx2_by63"
"CUFES:200704:JD:434",4,"bx2_by63"
"CUFES:200704:JD:435",4,"bx2_by63"
"CUFES:200704:JD:46",1,"bx5_by59"
"CUFES:200704:JD:47",1,"bx5_by59"
"CUFES:200704:JD:48",1,"bx5_by59"
"CUFES:200704:JD:49",1,"bx5_by59"
"CUFES:200704:JD:5",3,"bx7_by61"
"CUFES:200704:JD:50",1,"bx5_by59"
"CUFES:200704:JD:51",1,"bx5_by59"
"CUFES:200704:JD:512",1,"bx2_by59"
"CUFES:200704:JD:513",1,"bx2_by59"
"CUFES:200704:JD:514",1,"bx2_by59"
"CUFES:200704:JD:515",1,"bx2_by59"
"CUFES:200704:JD:516",1,"bx2_by59"
"CUFES:200704:JD:517",1,"bx2_by59"
"CUFES:200704:JD:518",1,"bx3_by59"
"CUFES:200704:JD:519",1,"bx3_by59"
"CUFES:200704:JD:52",1,"bx5_by59"
"CUFES:200704:JD:520",1,"bx3_by59"
"CUFES:200704:JD:521",1,"bx3_by59"
"CUFES:200704:JD:522",1,"bx3_by59"
"CUFES:200704:JD:523",1,"bx3_by59"
"CUFES:200704:JD:524",1,"bx3_by59"
"CUFES:200704:JD:525",1,"bx4_by59"
"CUFES:200704:JD:526",1,"bx4_by59"
"CUFES:200704:JD:527",1,"bx4_by59"
"CUFES:200704:JD:528",1,"bx4_by59"
"CUFES:200704:JD:529",1,"bx4_by59"
"CUFES:200704:JD:53",1,"bx6_by59"
"CUFES:200704:JD:530",1,"bx4_by59"
"CUFES:200704:JD:531",1,"bx5_by59"
"CUFES:200704:JD:532",1,"bx5_by59"
"CUFES:200704:JD:533",1,"bx5_by59"
"CUFES:200704:JD:534",1,"bx5_by59"
"CUFES:200704:JD:535",1,"bx5_by59"
"CUFES:200704:JD:536",1,"bx5_by59"
"CUFES:200704:JD:537",1,"bx5_by59"
"CUFES:200704:JD:538",1,"bx6_by59"
"CUFES:200704:JD:539",1,"bx6_by59"
"CUFES:200704:JD:54",1,"bx6_by59"
"CUFES:200704:JD:540",1,"bx6_by59"
"CUFES:200704:JD:541",1,"bx6_by59"
"CUFES:200704:JD:542",1,"bx6_by59"
"CUFES:200704:JD:543",2,"bx7_by60"
"CUFES:200704:JD:544",2,"bx7_by60"
"CUFES:200704:JD:545",2,"bx7_by60"
"CUFES:200704:JD:546",2,"bx7_by60"
"CUFES:200704:JD:547",2,"bx7_by60"
"CUFES:200704:JD:548",2,"bx7_by60"
"CUFES:200704:JD:549",2,"bx7_by60"
"CUFES:200704:JD:55",1,"bx6_by59"
"CUFES:200704:JD:550",2,"bx7_by60"
"CUFES:200704:JD:551",2,"bx7_by60"
"CUFES:200704:JD:552",2,"bx7_by60"
"CUFES:200704:JD:553",2,"bx7_by60"
"CUFES:200704:JD:554",2,"bx7_by60"
"CUFES:200704:JD:555",2,"bx7_by60"
"CUFES:200704:JD:556",3,"bx7_by61"
"CUFES:200704:JD:557",3,"bx7_by61"
"CUFES:200704:JD:558",2,"bx7_by60"
"CUFES:200704:JD:559",2,"bx7_by60"
"CUFES:200704:JD:56",1,"bx6_by59"
"CUFES:200704:JD:560",2,"bx7_by60"
"CUFES:200704:JD:561",2,"bx6_by60"
"CUFES:200704:JD:562",2,"bx6_by60"
"CUFES:200704:JD:563",2,"bx6_by60"
"CUFES:200704:JD:564",2,"bx6_by60"
"CUFES:200704:JD:565",2,"bx6_by60"
"CUFES:200704:JD:566",2,"bx6_by60"
"CUFES:200704:JD:567",2,"bx6_by60"
"CUFES:200704:JD:568",2,"bx6_by60"
"CUFES:200704:JD:569",2,"bx6_by60"
"CUFES:200704:JD:57",1,"bx6_by59"
"CUFES:200704:JD:570",2,"bx6_by60"
"CUFES:200704:JD:571",2,"bx5_by60"
"CUFES:200704:JD:572",2,"bx5_by60"
"CUFES:200704:JD:573",2,"bx5_by60"
"CUFES:200704:JD:574",2,"bx5_by60"
"CUFES:200704:JD:575",2,"bx5_by60"
"CUFES:200704:JD:576",2,"bx5_by60"
"CUFES:200704:JD:577",1,"bx5_by59"
"CUFES:200704:JD:578",1,"bx5_by59"
"CUFES:200704:JD:579",1,"bx5_by59"
"CUFES:200704:JD:58",1,"bx6_by59"
"CUFES:200704:JD:580",1,"bx5_by59"
"CUFES:200704:JD:581",1,"bx4_by59"
"CUFES:200704:JD:582",1,"bx4_by59"
"CUFES:200704:JD:583",1,"bx4_by59"
"CUFES:200704:JD:584",1,"bx4_by59"
"CUFES:200704:JD:585",1,"bx4_by59"
"CUFES:200704:JD:586",1,"bx4_by59"
"CUFES:200704:JD:587",1,"bx4_by59"
"CUFES:200704:JD:588",1,"bx4_by59"
"CUFES:200704:JD:589",1,"bx4_by59"
"CUFES:200704:JD:59",1,"bx6_by59"
"CUFES:200704:JD:590",1,"bx3_by59"
"CUFES:200704:JD:591",1,"bx3_by59"
"CUFES:200704:JD:592",1,"bx3_by59"
"CUFES:200704:JD:593",1,"bx3_by59"
"CUFES:200704:JD:594",1,"bx3_by59"
"CUFES:200704:JD:6",3,"bx7_by61"
"CUFES:200704:JD:60",2,"bx7_by59"
"CUFES:200704:JD:608",1,"bx2_by59"
"CUFES:200704:JD:609",1,"bx2_by59"
"CUFES:200704:JD:61",2,"bx7_by59"
"CUFES:200704:JD:610",1,"bx2_by59"
"CUFES:200704:JD:611",1,"bx2_by59"
"CUFES:200704:JD:612",1,"bx2_by59"
"CUFES:200704:JD:613",1,"bx2_by59"
"CUFES:200704:JD:614",1,"bx2_by59"
"CUFES:200704:JD:615",1,"bx2_by59"
"CUFES:200704:JD:616",1,"bx2_by59"
"CUFES:200704:JD:617",1,"bx2_by59"
"CUFES:200704:JD:618",2,"bx2_by60"
"CUFES:200704:JD:619",2,"bx2_by60"
"CUFES:200704:JD:62",2,"bx7_by59"
"CUFES:200704:JD:620",2,"bx2_by60"
"CUFES:200704:JD:621",2,"bx3_by60"
"CUFES:200704:JD:622",2,"bx3_by60"
"CUFES:200704:JD:623",2,"bx3_by60"
"CUFES:200704:JD:624",2,"bx3_by60"
"CUFES:200704:JD:625",2,"bx3_by60"
"CUFES:200704:JD:626",2,"bx3_by60"
"CUFES:200704:JD:627",2,"bx3_by60"
"CUFES:200704:JD:628",2,"bx3_by60"
"CUFES:200704:JD:629",2,"bx3_by60"
"CUFES:200704:JD:63",2,"bx7_by59"
"CUFES:200704:JD:630",2,"bx3_by60"
"CUFES:200704:JD:631",2,"bx3_by60"
"CUFES:200704:JD:632",2,"bx3_by60"
"CUFES:200704:JD:633",2,"bx3_by60"
"CUFES:200704:JD:634",2,"bx3_by60"
"CUFES:200704:JD:635",3,"bx3_by61"
"CUFES:200704:JD:636",3,"bx3_by61"
"CUFES:200704:JD:637",3,"bx3_by61"
"CUFES:200704:JD:638",3,"bx3_by61"
"CUFES:200704:JD:639",3,"bx3_by61"
"CUFES:200704:JD:64",2,"bx7_by60"
"CUFES:200704:JD:640",3,"bx3_by61"
"CUFES:200704:JD:641",3,"bx3_by61"
"CUFES:200704:JD:642",3,"bx3_by61"
"CUFES:200704:JD:643",3,"bx3_by61"
"CUFES:200704:JD:644",3,"bx3_by61"
"CUFES:200704:JD:645",3,"bx3_by61"
"CUFES:200704:JD:646",3,"bx3_by61"
"CUFES:200704:JD:647",3,"bx2_by61"
"CUFES:200704:JD:648",3,"bx2_by61"
"CUFES:200704:JD:649",3,"bx2_by61"
"CUFES:200704:JD:65",2,"bx7_by60"
"CUFES:200704:JD:650",3,"bx2_by61"
"CUFES:200704:JD:651",3,"bx2_by61"
"CUFES:200704:JD:652",3,"bx2_by61"
"CUFES:200704:JD:653",3,"bx2_by61"
"CUFES:200704:JD:654",3,"bx2_by61"
"CUFES:200704:JD:66",2,"bx7_by60"
"CUFES:200704:JD:67",2,"bx7_by60"
"CUFES:200704:JD:68",2,"bx7_by60"
"CUFES:200704:JD:69",2,"bx7_by60"
"CUFES:200704:JD:7",3,"bx7_by61"
"CUFES:200704:JD:70",2,"bx7_by59"
"CUFES:200704:JD:703",4,"bx2_by64"
"CUFES:200704:JD:704",4,"bx2_by64"
"CUFES:200704:JD:705",4,"bx2_by64"
"CUFES:200704:JD:706",4,"bx2_by64"
"CUFES:200704:JD:707",4,"bx2_by64"
"CUFES:200704:JD:71",2,"bx7_by59"
"CUFES:200704:JD:712",4,"bx2_by64"
"CUFES:200704:JD:713",4,"bx2_by64"
"CUFES:200704:JD:72",2,"bx7_by59"
"CUFES:200704:JD:73",2,"bx7_by59"
"CUFES:200704:JD:74",1,"bx6_by59"
"CUFES:200704:JD:75",1,"bx6_by59"
"CUFES:200704:JD:76",1,"bx6_by59"
"CUFES:200704:JD:77",1,"bx6_by59"
"CUFES:200704:JD:78",1,"bx6_by59"
"CUFES:200704:JD:79",1,"bx6_by59"
"CUFES:200704:JD:8",3,"bx7_by61"
"CUFES:200704:JD:80",1,"bx6_by59"
"CUFES:200704:JD:81",1,"bx5_by59"
"CUFES:200704:JD:82",1,"bx5_by59"
"CUFES:200704:JD:83",1,"bx5_by59"
"CUFES:200704:JD:84",1,"bx5_by59"
"CUFES:200704:JD:85",1,"bx5_by59"
"CUFES:200704:JD:86",1,"bx5_by59"
"CUFES:200704:JD:9",2,"bx7_by60"
"CUFES:200801:JD:1",2,"bx7_by60"
"CUFES:200801:JD:10",2,"bx6_by60"
"CUFES:200801:JD:11",2,"bx6_by60"
"CUFES:200801:JD:12",1,"bx6_by59"
"CUFES:200801:JD:13",1,"bx6_by59"
"CUFES:200801:JD:134",1,"bx2_by59"
"CUFES:200801:JD:135",1,"bx2_by59"
"CUFES:200801:JD:136",1,"bx2_by59"
"CUFES:200801:JD:137",1,"bx2_by59"
"CUFES:200801:JD:138",1,"bx2_by59"
"CUFES:200801:JD:139",1,"bx2_by59"
"CUFES:200801:JD:14",1,"bx6_by59"
"CUFES:200801:JD:140",1,"bx3_by59"
"CUFES:200801:JD:141",1,"bx3_by59"
"CUFES:200801:JD:142",1,"bx3_by59"
"CUFES:200801:JD:143",1,"bx3_by59"
"CUFES:200801:JD:144",1,"bx3_by59"
"CUFES:200801:JD:145",1,"bx3_by59"
"CUFES:200801:JD:146",1,"bx3_by59"
"CUFES:200801:JD:147",2,"bx3_by60"
"CUFES:200801:JD:148",2,"bx4_by60"
"CUFES:200801:JD:149",2,"bx4_by60"
"CUFES:200801:JD:15",1,"bx5_by59"
"CUFES:200801:JD:150",2,"bx4_by60"
"CUFES:200801:JD:151",2,"bx4_by60"
"CUFES:200801:JD:152",2,"bx4_by60"
"CUFES:200801:JD:153",2,"bx4_by60"
"CUFES:200801:JD:154",2,"bx4_by60"
"CUFES:200801:JD:155",2,"bx5_by60"
"CUFES:200801:JD:156",2,"bx5_by60"
"CUFES:200801:JD:157",2,"bx5_by60"
"CUFES:200801:JD:158",2,"bx5_by60"
"CUFES:200801:JD:159",3,"bx5_by61"
"CUFES:200801:JD:16",1,"bx5_by59"
"CUFES:200801:JD:160",3,"bx5_by61"
"CUFES:200801:JD:161",3,"bx6_by61"
"CUFES:200801:JD:162",3,"bx6_by61"
"CUFES:200801:JD:163",3,"bx6_by61"
"CUFES:200801:JD:164",3,"bx6_by61"
"CUFES:200801:JD:165",3,"bx6_by61"
"CUFES:200801:JD:166",3,"bx6_by61"
"CUFES:200801:JD:167",3,"bx6_by61"
"CUFES:200801:JD:168",3,"bx6_by61"
"CUFES:200801:JD:169",3,"bx6_by61"
"CUFES:200801:JD:17",1,"bx5_by59"
"CUFES:200801:JD:170",3,"bx6_by61"
"CUFES:200801:JD:171",3,"bx6_by61"
"CUFES:200801:JD:172",3,"bx7_by61"
"CUFES:200801:JD:173",3,"bx6_by61"
"CUFES:200801:JD:174",3,"bx6_by61"
"CUFES:200801:JD:175",3,"bx6_by61"
"CUFES:200801:JD:176",4,"bx6_by62"
"CUFES:200801:JD:177",4,"bx6_by62"
"CUFES:200801:JD:178",4,"bx6_by62"
"CUFES:200801:JD:179",4,"bx6_by62"
"CUFES:200801:JD:18",1,"bx5_by59"
"CUFES:200801:JD:180",4,"bx6_by62"
"CUFES:200801:JD:181",4,"bx6_by62"
"CUFES:200801:JD:182",4,"bx6_by62"
"CUFES:200801:JD:183",4,"bx6_by62"
"CUFES:200801:JD:184",4,"bx6_by62"
"CUFES:200801:JD:185",4,"bx5_by62"
"CUFES:200801:JD:186",4,"bx5_by62"
"CUFES:200801:JD:187",4,"bx5_by62"
"CUFES:200801:JD:188",4,"bx5_by62"
"CUFES:200801:JD:189",4,"bx5_by62"
"CUFES:200801:JD:19",1,"bx5_by59"
"CUFES:200801:JD:190",4,"bx5_by62"
"CUFES:200801:JD:191",4,"bx5_by62"
"CUFES:200801:JD:192",4,"bx5_by62"
"CUFES:200801:JD:193",4,"bx5_by62"
"CUFES:200801:JD:194",4,"bx5_by62"
"CUFES:200801:JD:195",4,"bx5_by62"
"CUFES:200801:JD:196",3,"bx5_by61"
"CUFES:200801:JD:197",3,"bx4_by61"
"CUFES:200801:JD:198",3,"bx4_by61"
"CUFES:200801:JD:199",3,"bx4_by61"
"CUFES:200801:JD:2",2,"bx7_by60"
"CUFES:200801:JD:20",1,"bx5_by59"
"CUFES:200801:JD:200",3,"bx4_by61"
"CUFES:200801:JD:201",3,"bx4_by61"
"CUFES:200801:JD:202",3,"bx4_by61"
"CUFES:200801:JD:203",3,"bx4_by61"
"CUFES:200801:JD:204",3,"bx4_by61"
"CUFES:200801:JD:205",3,"bx4_by61"
"CUFES:200801:JD:206",4,"bx3_by62"
"CUFES:200801:JD:207",4,"bx3_by62"
"CUFES:200801:JD:208",4,"bx3_by62"
"CUFES:200801:JD:209",4,"bx3_by62"
"CUFES:200801:JD:21",1,"bx5_by59"
"CUFES:200801:JD:210",3,"bx2_by62"
"CUFES:200801:JD:211",3,"bx2_by62"
"CUFES:200801:JD:212",3,"bx2_by62"
"CUFES:200801:JD:213",3,"bx2_by62"
"CUFES:200801:JD:214",3,"bx2_by62"
"CUFES:200801:JD:215",3,"bx2_by62"
"CUFES:200801:JD:216",4,"bx3_by62"
"CUFES:200801:JD:217",4,"bx3_by62"
"CUFES:200801:JD:218",4,"bx3_by62"
"CUFES:200801:JD:219",4,"bx3_by62"
"CUFES:200801:JD:22",1,"bx5_by59"
"CUFES:200801:JD:220",4,"bx3_by62"
"CUFES:200801:JD:221",4,"bx3_by62"
"CUFES:200801:JD:222",4,"bx3_by62"
"CUFES:200801:JD:223",4,"bx3_by62"
"CUFES:200801:JD:224",4,"bx3_by62"
"CUFES:200801:JD:225",4,"bx3_by62"
"CUFES:200801:JD:226",4,"bx3_by62"
"CUFES:200801:JD:227",4,"bx3_by62"
"CUFES:200801:JD:228",4,"bx4_by62"
"CUFES:200801:JD:229",4,"bx4_by62"
"CUFES:200801:JD:23",1,"bx4_by59"
"CUFES:200801:JD:230",4,"bx4_by62"
"CUFES:200801:JD:231",4,"bx4_by62"
"CUFES:200801:JD:232",4,"bx4_by62"
"CUFES:200801:JD:233",4,"bx4_by62"
"CUFES:200801:JD:234",4,"bx4_by62"
"CUFES:200801:JD:235",4,"bx4_by62"
"CUFES:200801:JD:236",4,"bx4_by62"
"CUFES:200801:JD:237",4,"bx4_by62"
"CUFES:200801:JD:238",4,"bx4_by62"
"CUFES:200801:JD:239",4,"bx4_by62"
"CUFES:200801:JD:240",4,"bx4_by62"
"CUFES:200801:JD:241",4,"bx4_by62"
"CUFES:200801:JD:242",4,"bx4_by63"
"CUFES:200801:JD:243",4,"bx4_by63"
"CUFES:200801:JD:244",4,"bx4_by63"
"CUFES:200801:JD:245",4,"bx3_by63"
"CUFES:200801:JD:246",4,"bx3_by63"
"CUFES:200801:JD:247",4,"bx3_by63"
"CUFES:200801:JD:248",4,"bx3_by63"
"CUFES:200801:JD:249",4,"bx3_by63"
"CUFES:200801:JD:250",4,"bx3_by63"
"CUFES:200801:JD:251",4,"bx3_by63"
"CUFES:200801:JD:252",4,"bx2_by63"
"CUFES:200801:JD:253",4,"bx2_by63"
"CUFES:200801:JD:254",4,"bx2_by63"
"CUFES:200801:JD:255",4,"bx2_by63"
"CUFES:200801:JD:256",4,"bx2_by63"
"CUFES:200801:JD:257",4,"bx2_by63"
"CUFES:200801:JD:258",4,"bx2_by63"
"CUFES:200801:JD:263",3,"bx2_by62"
"CUFES:200801:JD:264",3,"bx2_by62"
"CUFES:200801:JD:265",3,"bx2_by62"
"CUFES:200801:JD:266",3,"bx2_by62"
"CUFES:200801:JD:267",3,"bx2_by62"
"CUFES:200801:JD:268",3,"bx2_by62"
"CUFES:200801:JD:269",3,"bx2_by61"
"CUFES:200801:JD:270",3,"bx2_by61"
"CUFES:200801:JD:271",3,"bx2_by61"
"CUFES:200801:JD:272",3,"bx2_by61"
"CUFES:200801:JD:273",3,"bx2_by61"
"CUFES:200801:JD:274",3,"bx2_by61"
"CUFES:200801:JD:275",3,"bx2_by61"
"CUFES:200801:JD:276",2,"bx3_by60"
"CUFES:200801:JD:277",2,"bx3_by60"
"CUFES:200801:JD:278",2,"bx2_by60"
"CUFES:200801:JD:279",2,"bx2_by60"
"CUFES:200801:JD:280",2,"bx2_by60"
"CUFES:200801:JD:281",2,"bx2_by60"
"CUFES:200801:JD:282",2,"bx2_by60"
"CUFES:200801:JD:283",2,"bx2_by60"
"CUFES:200801:JD:284",2,"bx2_by60"
"CUFES:200801:JD:3",2,"bx7_by60"
"CUFES:200801:JD:4",2,"bx7_by60"
"CUFES:200801:JD:445",4,"bx2_by64"
"CUFES:200801:JD:446",4,"bx2_by64"
"CUFES:200801:JD:447",4,"bx2_by64"
"CUFES:200801:JD:5",2,"bx7_by60"
"CUFES:200801:JD:6",2,"bx7_by60"
"CUFES:200801:JD:7",2,"bx7_by60"
"CUFES:200801:JD:8",2,"bx6_by60"
"CUFES:200801:JD:9",2,"bx6_by60"
"CUFES:200804:JD:1",2,"bx7_by60"
"CUFES:200804:JD:10",2,"bx7_by60"
"CUFES:200804:JD:11",2,"bx7_by60"
"CUFES:200804:JD:12",2,"bx7_by60"
"CUFES:200804:JD:13",2,"bx7_by60"
"CUFES:200804:JD:14",2,"bx7_by60"
"CUFES:200804:JD:15",2,"bx7_by60"
"CUFES:200804:JD:159",1,"bx2_by59"
"CUFES:200804:JD:16",2,"bx6_by60"
"CUFES:200804:JD:160",1,"bx2_by59"
"CUFES:200804:JD:161",1,"bx2_by59"
"CUFES:200804:JD:162",1,"bx2_by59"
"CUFES:200804:JD:163",1,"bx2_by59"
"CUFES:200804:JD:164",1,"bx3_by59"
"CUFES:200804:JD:165",1,"bx3_by59"
"CUFES:200804:JD:166",1,"bx3_by59"
"CUFES:200804:JD:167",1,"bx3_by59"
"CUFES:200804:JD:168",1,"bx3_by59"
"CUFES:200804:JD:169",1,"bx3_by59"
"CUFES:200804:JD:17",2,"bx6_by60"
"CUFES:200804:JD:170",1,"bx3_by59"
"CUFES:200804:JD:171",2,"bx4_by60"
"CUFES:200804:JD:172",2,"bx4_by60"
"CUFES:200804:JD:173",2,"bx4_by60"
"CUFES:200804:JD:174",2,"bx4_by60"
"CUFES:200804:JD:175",2,"bx4_by60"
"CUFES:200804:JD:176",2,"bx4_by60"
"CUFES:200804:JD:177",2,"bx4_by60"
"CUFES:200804:JD:178",2,"bx4_by60"
"CUFES:200804:JD:179",2,"bx4_by60"
"CUFES:200804:JD:18",2,"bx6_by60"
"CUFES:200804:JD:180",2,"bx5_by60"
"CUFES:200804:JD:181",2,"bx5_by60"
"CUFES:200804:JD:182",2,"bx5_by60"
"CUFES:200804:JD:183",2,"bx5_by60"
"CUFES:200804:JD:184",2,"bx5_by60"
"CUFES:200804:JD:185",2,"bx5_by60"
"CUFES:200804:JD:186",3,"bx5_by61"
"CUFES:200804:JD:187",3,"bx5_by61"
"CUFES:200804:JD:188",3,"bx6_by61"
"CUFES:200804:JD:189",3,"bx6_by61"
"CUFES:200804:JD:19",2,"bx6_by60"
"CUFES:200804:JD:190",3,"bx6_by61"
"CUFES:200804:JD:191",3,"bx6_by61"
"CUFES:200804:JD:192",3,"bx6_by61"
"CUFES:200804:JD:193",3,"bx6_by61"
"CUFES:200804:JD:194",3,"bx6_by61"
"CUFES:200804:JD:195",3,"bx6_by61"
"CUFES:200804:JD:196",3,"bx7_by61"
"CUFES:200804:JD:197",3,"bx7_by61"
"CUFES:200804:JD:198",3,"bx7_by61"
"CUFES:200804:JD:199",3,"bx6_by61"
"CUFES:200804:JD:2",2,"bx7_by60"
"CUFES:200804:JD:20",1,"bx6_by59"
"CUFES:200804:JD:200",3,"bx6_by61"
"CUFES:200804:JD:201",3,"bx6_by61"
"CUFES:200804:JD:202",3,"bx6_by61"
"CUFES:200804:JD:203",3,"bx6_by61"
"CUFES:200804:JD:204",4,"bx6_by62"
"CUFES:200804:JD:205",4,"bx6_by62"
"CUFES:200804:JD:206",4,"bx6_by62"
"CUFES:200804:JD:207",4,"bx6_by62"
"CUFES:200804:JD:208",4,"bx6_by62"
"CUFES:200804:JD:209",4,"bx5_by62"
"CUFES:200804:JD:21",1,"bx6_by59"
"CUFES:200804:JD:210",4,"bx5_by62"
"CUFES:200804:JD:211",4,"bx5_by62"
"CUFES:200804:JD:212",4,"bx5_by62"
"CUFES:200804:JD:213",4,"bx5_by62"
"CUFES:200804:JD:214",4,"bx5_by62"
"CUFES:200804:JD:215",4,"bx5_by62"
"CUFES:200804:JD:216",4,"bx5_by62"
"CUFES:200804:JD:217",3,"bx5_by61"
"CUFES:200804:JD:218",3,"bx4_by61"
"CUFES:200804:JD:219",3,"bx4_by61"
"CUFES:200804:JD:22",1,"bx6_by59"
"CUFES:200804:JD:220",3,"bx4_by61"
"CUFES:200804:JD:221",3,"bx4_by61"
"CUFES:200804:JD:222",3,"bx4_by61"
"CUFES:200804:JD:223",3,"bx4_by61"
"CUFES:200804:JD:224",3,"bx4_by61"
"CUFES:200804:JD:225",3,"bx4_by61"
"CUFES:200804:JD:226",3,"bx3_by61"
"CUFES:200804:JD:227",3,"bx3_by61"
"CUFES:200804:JD:228",3,"bx3_by61"
"CUFES:200804:JD:229",3,"bx3_by61"
"CUFES:200804:JD:23",1,"bx6_by59"
"CUFES:200804:JD:230",3,"bx3_by61"
"CUFES:200804:JD:231",3,"bx3_by61"
"CUFES:200804:JD:232",2,"bx3_by60"
"CUFES:200804:JD:233",2,"bx3_by60"
"CUFES:200804:JD:234",2,"bx2_by60"
"CUFES:200804:JD:235",2,"bx2_by60"
"CUFES:200804:JD:236",2,"bx2_by60"
"CUFES:200804:JD:237",2,"bx2_by60"
"CUFES:200804:JD:238",2,"bx2_by60"
"CUFES:200804:JD:239",2,"bx2_by60"
"CUFES:200804:JD:24",1,"bx6_by59"
"CUFES:200804:JD:240",2,"bx2_by60"
"CUFES:200804:JD:25",1,"bx5_by59"
"CUFES:200804:JD:26",1,"bx5_by59"
"CUFES:200804:JD:27",1,"bx5_by59"
"CUFES:200804:JD:28",1,"bx5_by59"
"CUFES:200804:JD:29",1,"bx5_by59"
"CUFES:200804:JD:3",2,"bx7_by60"
"CUFES:200804:JD:30",1,"bx5_by59"
"CUFES:200804:JD:31",1,"bx5_by59"
"CUFES:200804:JD:32",1,"bx5_by59"
"CUFES:200804:JD:33",1,"bx5_by59"
"CUFES:200804:JD:332",3,"bx2_by61"
"CUFES:200804:JD:333",3,"bx2_by61"
"CUFES:200804:JD:334",3,"bx2_by61"
"CUFES:200804:JD:335",3,"bx2_by62"
"CUFES:200804:JD:336",3,"bx2_by62"
"CUFES:200804:JD:337",3,"bx2_by62"
"CUFES:200804:JD:338",3,"bx2_by62"
"CUFES:200804:JD:339",3,"bx2_by62"
"CUFES:200804:JD:34",1,"bx5_by59"
"CUFES:200804:JD:340",4,"bx3_by62"
"CUFES:200804:JD:341",4,"bx3_by62"
"CUFES:200804:JD:342",4,"bx3_by62"
"CUFES:200804:JD:343",4,"bx3_by62"
"CUFES:200804:JD:344",4,"bx3_by62"
"CUFES:200804:JD:345",4,"bx3_by62"
"CUFES:200804:JD:346",4,"bx3_by62"
"CUFES:200804:JD:347",4,"bx3_by62"
"CUFES:200804:JD:348",4,"bx4_by62"
"CUFES:200804:JD:349",4,"bx4_by62"
"CUFES:200804:JD:35",1,"bx4_by59"
"CUFES:200804:JD:350",4,"bx4_by62"
"CUFES:200804:JD:351",4,"bx4_by62"
"CUFES:200804:JD:352",4,"bx4_by62"
"CUFES:200804:JD:353",4,"bx4_by63"
"CUFES:200804:JD:354",4,"bx4_by63"
"CUFES:200804:JD:355",4,"bx4_by63"
"CUFES:200804:JD:356",4,"bx4_by63"
"CUFES:200804:JD:357",4,"bx4_by63"
"CUFES:200804:JD:358",4,"bx3_by63"
"CUFES:200804:JD:359",4,"bx3_by63"
"CUFES:200804:JD:36",1,"bx4_by59"
"CUFES:200804:JD:360",4,"bx3_by63"
"CUFES:200804:JD:361",4,"bx3_by63"
"CUFES:200804:JD:362",4,"bx3_by63"
"CUFES:200804:JD:363",4,"bx3_by63"
"CUFES:200804:JD:364",4,"bx3_by63"
"CUFES:200804:JD:365",4,"bx3_by63"
"CUFES:200804:JD:366",4,"bx2_by63"
"CUFES:200804:JD:367",4,"bx2_by63"
"CUFES:200804:JD:368",4,"bx2_by63"
"CUFES:200804:JD:369",4,"bx2_by63"
"CUFES:200804:JD:37",1,"bx4_by59"
"CUFES:200804:JD:370",4,"bx2_by63"
"CUFES:200804:JD:371",4,"bx2_by63"
"CUFES:200804:JD:372",4,"bx2_by63"
"CUFES:200804:JD:373",4,"bx2_by63"
"CUFES:200804:JD:374",4,"bx2_by63"
"CUFES:200804:JD:375",4,"bx2_by63"
"CUFES:200804:JD:376",4,"bx2_by64"
"CUFES:200804:JD:377",4,"bx2_by63"
"CUFES:200804:JD:378",4,"bx2_by63"
"CUFES:200804:JD:379",4,"bx2_by63"
"CUFES:200804:JD:38",1,"bx4_by59"
"CUFES:200804:JD:4",3,"bx7_by61"
"CUFES:200804:JD:420",3,"bx2_by61"
"CUFES:200804:JD:421",3,"bx2_by61"
"CUFES:200804:JD:422",3,"bx2_by61"
"CUFES:200804:JD:423",3,"bx2_by61"
"CUFES:200804:JD:424",3,"bx2_by61"
"CUFES:200804:JD:425",3,"bx2_by61"
"CUFES:200804:JD:426",3,"bx3_by61"
"CUFES:200804:JD:427",3,"bx3_by61"
"CUFES:200804:JD:428",3,"bx3_by61"
"CUFES:200804:JD:429",3,"bx3_by61"
"CUFES:200804:JD:430",3,"bx3_by61"
"CUFES:200804:JD:431",3,"bx3_by61"
"CUFES:200804:JD:432",3,"bx4_by61"
"CUFES:200804:JD:433",3,"bx4_by61"
"CUFES:200804:JD:434",3,"bx4_by61"
"CUFES:200804:JD:435",3,"bx4_by61"
"CUFES:200804:JD:436",3,"bx4_by61"
"CUFES:200804:JD:437",3,"bx4_by61"
"CUFES:200804:JD:438",3,"bx4_by61"
"CUFES:200804:JD:439",3,"bx5_by61"
"CUFES:200804:JD:440",3,"bx5_by61"
"CUFES:200804:JD:441",3,"bx5_by61"
"CUFES:200804:JD:442",3,"bx5_by61"
"CUFES:200804:JD:443",3,"bx5_by61"
"CUFES:200804:JD:444",3,"bx5_by61"
"CUFES:200804:JD:445",3,"bx5_by61"
"CUFES:200804:JD:446",3,"bx6_by61"
"CUFES:200804:JD:447",3,"bx6_by61"
"CUFES:200804:JD:448",2,"bx6_by60"
"CUFES:200804:JD:449",2,"bx6_by60"
"CUFES:200804:JD:450",2,"bx6_by60"
"CUFES:200804:JD:451",2,"bx6_by60"
"CUFES:200804:JD:452",2,"bx6_by60"
"CUFES:200804:JD:453",2,"bx7_by60"
"CUFES:200804:JD:454",2,"bx7_by60"
"CUFES:200804:JD:455",2,"bx7_by60"
"CUFES:200804:JD:456",2,"bx7_by60"
"CUFES:200804:JD:457",2,"bx7_by60"
"CUFES:200804:JD:458",2,"bx7_by60"
"CUFES:200804:JD:459",2,"bx7_by60"
"CUFES:200804:JD:460",2,"bx7_by60"
"CUFES:200804:JD:461",3,"bx7_by61"
"CUFES:200804:JD:462",2,"bx7_by60"
"CUFES:200804:JD:463",2,"bx6_by60"
"CUFES:200804:JD:464",2,"bx6_by60"
"CUFES:200804:JD:465",2,"bx6_by60"
"CUFES:200804:JD:466",2,"bx6_by60"
"CUFES:200804:JD:467",2,"bx6_by60"
"CUFES:200804:JD:468",2,"bx6_by60"
"CUFES:200804:JD:469",2,"bx6_by60"
"CUFES:200804:JD:470",2,"bx6_by60"
"CUFES:200804:JD:471",2,"bx5_by60"
"CUFES:200804:JD:472",2,"bx5_by60"
"CUFES:200804:JD:473",2,"bx5_by60"
"CUFES:200804:JD:474",2,"bx5_by60"
"CUFES:200804:JD:475",2,"bx5_by60"
"CUFES:200804:JD:476",2,"bx5_by60"
"CUFES:200804:JD:477",1,"bx5_by59"
"CUFES:200804:JD:478",1,"bx5_by59"
"CUFES:200804:JD:479",1,"bx5_by59"
"CUFES:200804:JD:480",1,"bx5_by59"
"CUFES:200804:JD:481",1,"bx4_by59"
"CUFES:200804:JD:482",1,"bx4_by59"
"CUFES:200804:JD:483",1,"bx4_by59"
"CUFES:200804:JD:484",1,"bx4_by59"
"CUFES:200804:JD:485",1,"bx4_by59"
"CUFES:200804:JD:486",1,"bx4_by59"
"CUFES:200804:JD:487",1,"bx4_by59"
"CUFES:200804:JD:488",1,"bx4_by59"
"CUFES:200804:JD:489",1,"bx4_by59"
"CUFES:200804:JD:490",1,"bx4_by59"
"CUFES:200804:JD:491",1,"bx4_by59"
"CUFES:200804:JD:492",1,"bx4_by59"
"CUFES:200804:JD:493",1,"bx4_by59"
"CUFES:200804:JD:494",1,"bx4_by59"
"CUFES:200804:JD:495",1,"bx4_by59"
"CUFES:200804:JD:496",1,"bx4_by59"
"CUFES:200804:JD:498",1,"bx4_by59"
"CUFES:200804:JD:499",1,"bx3_by59"
"CUFES:200804:JD:5",3,"bx7_by61"
"CUFES:200804:JD:500",1,"bx3_by59"
"CUFES:200804:JD:501",1,"bx3_by59"
"CUFES:200804:JD:502",1,"bx3_by59"
"CUFES:200804:JD:503",1,"bx3_by59"
"CUFES:200804:JD:590",1,"bx2_by59"
"CUFES:200804:JD:591",1,"bx2_by59"
"CUFES:200804:JD:592",1,"bx2_by59"
"CUFES:200804:JD:593",1,"bx2_by59"
"CUFES:200804:JD:594",1,"bx2_by59"
"CUFES:200804:JD:595",1,"bx2_by59"
"CUFES:200804:JD:596",2,"bx2_by60"
"CUFES:200804:JD:597",2,"bx3_by60"
"CUFES:200804:JD:598",2,"bx3_by60"
"CUFES:200804:JD:599",2,"bx3_by60"
"CUFES:200804:JD:6",3,"bx7_by61"
"CUFES:200804:JD:600",2,"bx3_by60"
"CUFES:200804:JD:601",2,"bx3_by60"
"CUFES:200804:JD:602",2,"bx3_by60"
"CUFES:200804:JD:603",2,"bx3_by60"
"CUFES:200804:JD:604",2,"bx3_by60"
"CUFES:200804:JD:605",2,"bx4_by60"
"CUFES:200804:JD:606",2,"bx4_by60"
"CUFES:200804:JD:607",2,"bx4_by60"
"CUFES:200804:JD:608",2,"bx4_by60"
"CUFES:200804:JD:609",2,"bx4_by60"
"CUFES:200804:JD:610",3,"bx4_by61"
"CUFES:200804:JD:611",3,"bx4_by61"
"CUFES:200804:JD:612",3,"bx4_by61"
"CUFES:200804:JD:613",3,"bx4_by61"
"CUFES:200804:JD:614",3,"bx5_by61"
"CUFES:200804:JD:615",3,"bx5_by61"
"CUFES:200804:JD:616",3,"bx5_by61"
"CUFES:200804:JD:617",3,"bx5_by61"
"CUFES:200804:JD:618",3,"bx5_by61"
"CUFES:200804:JD:619",3,"bx5_by61"
"CUFES:200804:JD:620",3,"bx5_by61"
"CUFES:200804:JD:621",3,"bx5_by61"
"CUFES:200804:JD:622",3,"bx5_by61"
"CUFES:200804:JD:623",3,"bx5_by61"
"CUFES:200804:JD:624",3,"bx5_by61"
"CUFES:200804:JD:625",3,"bx5_by61"
"CUFES:200804:JD:626",3,"bx5_by61"
"CUFES:200804:JD:627",3,"bx4_by61"
"CUFES:200804:JD:628",3,"bx4_by61"
"CUFES:200804:JD:629",3,"bx4_by61"
"CUFES:200804:JD:630",3,"bx4_by61"
"CUFES:200804:JD:631",3,"bx4_by61"
"CUFES:200804:JD:632",3,"bx4_by61"
"CUFES:200804:JD:633",3,"bx4_by61"
"CUFES:200804:JD:634",4,"bx4_by62"
"CUFES:200804:JD:635",4,"bx3_by62"
"CUFES:200804:JD:636",3,"bx3_by61"
"CUFES:200804:JD:637",3,"bx3_by61"
"CUFES:200804:JD:638",3,"bx3_by61"
"CUFES:200804:JD:639",3,"bx3_by61"
"CUFES:200804:JD:640",3,"bx3_by61"
"CUFES:200804:JD:641",3,"bx3_by61"
"CUFES:200804:JD:642",3,"bx3_by61"
"CUFES:200804:JD:643",3,"bx3_by61"
"CUFES:200804:JD:644",3,"bx3_by61"
"CUFES:200804:JD:645",3,"bx2_by61"
"CUFES:200804:JD:646",3,"bx2_by61"
"CUFES:200804:JD:647",3,"bx2_by61"
"CUFES:200804:JD:648",3,"bx2_by61"
"CUFES:200804:JD:649",3,"bx2_by61"
"CUFES:200804:JD:650",3,"bx2_by61"
"CUFES:200804:JD:651",3,"bx2_by61"
"CUFES:200804:JD:652",3,"bx2_by61"
"CUFES:200804:JD:653",3,"bx2_by61"
"CUFES:200804:JD:654",3,"bx2_by61"
"CUFES:200804:JD:655",3,"bx2_by61"
"CUFES:200804:JD:7",3,"bx7_by61"
"CUFES:200804:JD:8",2,"bx7_by60"
"CUFES:200804:JD:9",2,"bx7_by60"
"CUFES:200807:JD:1",2,"bx7_by60"
"CUFES:200807:JD:10",2,"bx6_by60"
"CUFES:200807:JD:1030",4,"bx2_by64"
"CUFES:200807:JD:1031",4,"bx2_by64"
"CUFES:200807:JD:1032",4,"bx2_by63"
"CUFES:200807:JD:1033",4,"bx2_by63"
"CUFES:200807:JD:1034",4,"bx2_by63"
"CUFES:200807:JD:1035",4,"bx2_by63"
"CUFES:200807:JD:1067",2,"bx2_by60"
"CUFES:200807:JD:1068",2,"bx2_by60"
"CUFES:200807:JD:1069",2,"bx2_by60"
"CUFES:200807:JD:1070",2,"bx3_by60"
"CUFES:200807:JD:1071",3,"bx3_by61"
"CUFES:200807:JD:1072",3,"bx3_by61"
"CUFES:200807:JD:1073",3,"bx3_by61"
"CUFES:200807:JD:1074",3,"bx4_by61"
"CUFES:200807:JD:1075",3,"bx4_by61"
"CUFES:200807:JD:1076",3,"bx4_by61"
"CUFES:200807:JD:1077",3,"bx4_by61"
"CUFES:200807:JD:1078",4,"bx5_by62"
"CUFES:200807:JD:1079",4,"bx5_by62"
"CUFES:200807:JD:1080",4,"bx5_by62"
"CUFES:200807:JD:1081",4,"bx5_by62"
"CUFES:200807:JD:1082",4,"bx6_by62"
"CUFES:200807:JD:1083",3,"bx6_by61"
"CUFES:200807:JD:1084",3,"bx6_by61"
"CUFES:200807:JD:1085",3,"bx6_by61"
"CUFES:200807:JD:1086",3,"bx6_by61"
"CUFES:200807:JD:1087",3,"bx7_by61"
"CUFES:200807:JD:1088",2,"bx7_by60"
"CUFES:200807:JD:1089",2,"bx7_by60"
"CUFES:200807:JD:1090",2,"bx7_by60"
"CUFES:200807:JD:1091",2,"bx7_by60"
"CUFES:200807:JD:11",2,"bx6_by60"
"CUFES:200807:JD:12",2,"bx6_by60"
"CUFES:200807:JD:13",3,"bx6_by61"
"CUFES:200807:JD:14",3,"bx6_by61"
"CUFES:200807:JD:15",3,"bx6_by61"
"CUFES:200807:JD:16",3,"bx6_by61"
"CUFES:200807:JD:17",3,"bx6_by61"
"CUFES:200807:JD:18",3,"bx6_by61"
"CUFES:200807:JD:19",3,"bx5_by61"
"CUFES:200807:JD:2",2,"bx7_by60"
"CUFES:200807:JD:20",3,"bx5_by61"
"CUFES:200807:JD:21",3,"bx5_by61"
"CUFES:200807:JD:22",3,"bx5_by61"
"CUFES:200807:JD:23",3,"bx5_by61"
"CUFES:200807:JD:24",3,"bx5_by61"
"CUFES:200807:JD:25",3,"bx5_by61"
"CUFES:200807:JD:26",3,"bx5_by61"
"CUFES:200807:JD:27",3,"bx5_by61"
"CUFES:200807:JD:28",3,"bx4_by61"
"CUFES:200807:JD:29",4,"bx4_by62"
"CUFES:200807:JD:3",2,"bx7_by60"
"CUFES:200807:JD:30",4,"bx4_by62"
"CUFES:200807:JD:31",4,"bx4_by62"
"CUFES:200807:JD:32",4,"bx4_by62"
"CUFES:200807:JD:33",4,"bx4_by62"
"CUFES:200807:JD:34",4,"bx4_by62"
"CUFES:200807:JD:35",4,"bx4_by62"
"CUFES:200807:JD:36",4,"bx4_by62"
"CUFES:200807:JD:37",4,"bx4_by62"
"CUFES:200807:JD:38",4,"bx3_by62"
"CUFES:200807:JD:39",4,"bx3_by62"
"CUFES:200807:JD:4",2,"bx7_by60"
"CUFES:200807:JD:40",4,"bx3_by62"
"CUFES:200807:JD:41",4,"bx3_by62"
"CUFES:200807:JD:42",4,"bx3_by62"
"CUFES:200807:JD:43",4,"bx3_by62"
"CUFES:200807:JD:44",4,"bx3_by63"
"CUFES:200807:JD:45",4,"bx3_by63"
"CUFES:200807:JD:46",4,"bx3_by63"
"CUFES:200807:JD:47",4,"bx3_by63"
"CUFES:200807:JD:48",4,"bx2_by63"
"CUFES:200807:JD:49",4,"bx2_by63"
"CUFES:200807:JD:5",2,"bx7_by60"
"CUFES:200807:JD:50",4,"bx2_by63"
"CUFES:200807:JD:51",4,"bx2_by63"
"CUFES:200807:JD:52",4,"bx2_by63"
"CUFES:200807:JD:53",4,"bx2_by63"
"CUFES:200807:JD:54",4,"bx2_by63"
"CUFES:200807:JD:55",4,"bx2_by63"
"CUFES:200807:JD:56",4,"bx2_by63"
"CUFES:200807:JD:6",2,"bx7_by60"
"CUFES:200807:JD:7",2,"bx7_by60"
"CUFES:200807:JD:8",2,"bx7_by60"
"CUFES:200807:JD:9",2,"bx6_by60"
"CUFES:200903:JD:1",2,"bx7_by60"
"CUFES:200903:JD:10",2,"bx7_by60"
"CUFES:200903:JD:11",2,"bx7_by60"
"CUFES:200903:JD:12",2,"bx7_by60"
"CUFES:200903:JD:123",1,"bx2_by59"
"CUFES:200903:JD:124",1,"bx2_by59"
"CUFES:200903:JD:125",1,"bx2_by59"
"CUFES:200903:JD:126",1,"bx2_by59"
"CUFES:200903:JD:127",1,"bx2_by59"
"CUFES:200903:JD:128",1,"bx2_by59"
"CUFES:200903:JD:129",1,"bx3_by59"
"CUFES:200903:JD:13",2,"bx7_by60"
"CUFES:200903:JD:130",1,"bx3_by59"
"CUFES:200903:JD:131",1,"bx3_by59"
"CUFES:200903:JD:132",1,"bx3_by59"
"CUFES:200903:JD:133",1,"bx3_by59"
"CUFES:200903:JD:134",1,"bx3_by59"
"CUFES:200903:JD:135",1,"bx3_by59"
"CUFES:200903:JD:136",1,"bx3_by59"
"CUFES:200903:JD:137",2,"bx4_by60"
"CUFES:200903:JD:138",2,"bx4_by60"
"CUFES:200903:JD:139",2,"bx4_by60"
"CUFES:200903:JD:14",2,"bx6_by60"
"CUFES:200903:JD:140",2,"bx4_by60"
"CUFES:200903:JD:141",2,"bx4_by60"
"CUFES:200903:JD:142",2,"bx4_by60"
"CUFES:200903:JD:143",2,"bx4_by60"
"CUFES:200903:JD:144",2,"bx5_by60"
"CUFES:200903:JD:145",2,"bx5_by60"
"CUFES:200903:JD:146",2,"bx5_by60"
"CUFES:200903:JD:147",2,"bx5_by60"
"CUFES:200903:JD:148",2,"bx5_by60"
"CUFES:200903:JD:149",2,"bx5_by60"
"CUFES:200903:JD:15",2,"bx6_by60"
"CUFES:200903:JD:150",2,"bx5_by60"
"CUFES:200903:JD:151",3,"bx5_by61"
"CUFES:200903:JD:152",3,"bx6_by61"
"CUFES:200903:JD:153",3,"bx6_by61"
"CUFES:200903:JD:154",3,"bx6_by61"
"CUFES:200903:JD:155",3,"bx6_by61"
"CUFES:200903:JD:156",3,"bx6_by61"
"CUFES:200903:JD:157",3,"bx6_by61"
"CUFES:200903:JD:158",3,"bx6_by61"
"CUFES:200903:JD:159",3,"bx7_by61"
"CUFES:200903:JD:16",2,"bx6_by60"
"CUFES:200903:JD:160",3,"bx7_by61"
"CUFES:200903:JD:161",3,"bx6_by61"
"CUFES:200903:JD:162",3,"bx6_by61"
"CUFES:200903:JD:163",3,"bx6_by61"
"CUFES:200903:JD:164",3,"bx6_by61"
"CUFES:200903:JD:165",3,"bx6_by61"
"CUFES:200903:JD:166",3,"bx6_by61"
"CUFES:200903:JD:167",3,"bx6_by61"
"CUFES:200903:JD:168",3,"bx6_by61"
"CUFES:200903:JD:169",3,"bx6_by61"
"CUFES:200903:JD:17",2,"bx6_by60"
"CUFES:200903:JD:170",4,"bx5_by62"
"CUFES:200903:JD:171",4,"bx5_by62"
"CUFES:200903:JD:172",4,"bx6_by62"
"CUFES:200903:JD:173",4,"bx6_by62"
"CUFES:200903:JD:174",4,"bx6_by62"
"CUFES:200903:JD:175",4,"bx5_by62"
"CUFES:200903:JD:176",4,"bx5_by62"
"CUFES:200903:JD:177",4,"bx5_by62"
"CUFES:200903:JD:178",4,"bx5_by62"
"CUFES:200903:JD:179",4,"bx5_by62"
"CUFES:200903:JD:18",1,"bx6_by59"
"CUFES:200903:JD:180",4,"bx5_by62"
"CUFES:200903:JD:181",4,"bx5_by62"
"CUFES:200903:JD:182",4,"bx5_by62"
"CUFES:200903:JD:183",4,"bx5_by62"
"CUFES:200903:JD:184",4,"bx5_by62"
"CUFES:200903:JD:185",4,"bx5_by62"
"CUFES:200903:JD:186",4,"bx5_by62"
"CUFES:200903:JD:187",4,"bx5_by62"
"CUFES:200903:JD:188",3,"bx4_by61"
"CUFES:200903:JD:189",3,"bx4_by61"
"CUFES:200903:JD:19",1,"bx6_by59"
"CUFES:200903:JD:190",3,"bx4_by61"
"CUFES:200903:JD:191",3,"bx4_by61"
"CUFES:200903:JD:192",3,"bx4_by61"
"CUFES:200903:JD:193",3,"bx4_by61"
"CUFES:200903:JD:194",3,"bx4_by61"
"CUFES:200903:JD:195",3,"bx3_by61"
"CUFES:200903:JD:196",3,"bx3_by61"
"CUFES:200903:JD:197",3,"bx3_by61"
"CUFES:200903:JD:198",3,"bx3_by61"
"CUFES:200903:JD:199",3,"bx3_by61"
"CUFES:200903:JD:2",3,"bx7_by61"
"CUFES:200903:JD:20",1,"bx6_by59"
"CUFES:200903:JD:200",3,"bx3_by61"
"CUFES:200903:JD:201",2,"bx3_by60"
"CUFES:200903:JD:202",2,"bx2_by60"
"CUFES:200903:JD:203",2,"bx2_by60"
"CUFES:200903:JD:204",2,"bx2_by60"
"CUFES:200903:JD:205",2,"bx2_by60"
"CUFES:200903:JD:206",2,"bx2_by60"
"CUFES:200903:JD:207",2,"bx2_by60"
"CUFES:200903:JD:208",2,"bx2_by60"
"CUFES:200903:JD:21",1,"bx5_by59"
"CUFES:200903:JD:22",1,"bx5_by59"
"CUFES:200903:JD:23",1,"bx5_by59"
"CUFES:200903:JD:24",1,"bx5_by59"
"CUFES:200903:JD:25",1,"bx5_by59"
"CUFES:200903:JD:26",1,"bx5_by59"
"CUFES:200903:JD:27",1,"bx4_by59"
"CUFES:200903:JD:28",1,"bx4_by59"
"CUFES:200903:JD:29",1,"bx4_by59"
"CUFES:200903:JD:290",3,"bx2_by61"
"CUFES:200903:JD:291",3,"bx2_by61"
"CUFES:200903:JD:292",3,"bx2_by62"
"CUFES:200903:JD:293",3,"bx2_by62"
"CUFES:200903:JD:294",3,"bx2_by62"
"CUFES:200903:JD:295",3,"bx2_by62"
"CUFES:200903:JD:296",4,"bx3_by62"
"CUFES:200903:JD:297",4,"bx3_by62"
"CUFES:200903:JD:298",4,"bx3_by62"
"CUFES:200903:JD:299",4,"bx3_by62"
"CUFES:200903:JD:3",3,"bx7_by61"
"CUFES:200903:JD:30",1,"bx4_by59"
"CUFES:200903:JD:300",4,"bx3_by62"
"CUFES:200903:JD:301",4,"bx3_by62"
"CUFES:200903:JD:302",4,"bx3_by62"
"CUFES:200903:JD:303",4,"bx4_by62"
"CUFES:200903:JD:304",4,"bx4_by62"
"CUFES:200903:JD:305",4,"bx4_by62"
"CUFES:200903:JD:306",4,"bx4_by62"
"CUFES:200903:JD:307",4,"bx4_by62"
"CUFES:200903:JD:308",4,"bx4_by63"
"CUFES:200903:JD:309",4,"bx4_by63"
"CUFES:200903:JD:310",4,"bx4_by63"
"CUFES:200903:JD:311",4,"bx4_by63"
"CUFES:200903:JD:312",4,"bx4_by63"
"CUFES:200903:JD:313",4,"bx4_by63"
"CUFES:200903:JD:314",4,"bx4_by63"
"CUFES:200903:JD:315",4,"bx4_by63"
"CUFES:200903:JD:316",4,"bx4_by63"
"CUFES:200903:JD:317",4,"bx4_by63"
"CUFES:200903:JD:318",4,"bx4_by63"
"CUFES:200903:JD:319",4,"bx3_by63"
"CUFES:200903:JD:320",4,"bx3_by63"
"CUFES:200903:JD:321",4,"bx3_by63"
"CUFES:200903:JD:322",4,"bx3_by63"
"CUFES:200903:JD:323",4,"bx3_by63"
"CUFES:200903:JD:324",4,"bx3_by63"
"CUFES:200903:JD:325",4,"bx3_by63"
"CUFES:200903:JD:326",4,"bx3_by63"
"CUFES:200903:JD:327",4,"bx2_by63"
"CUFES:200903:JD:328",4,"bx2_by63"
"CUFES:200903:JD:329",4,"bx2_by63"
"CUFES:200903:JD:330",4,"bx2_by63"
"CUFES:200903:JD:331",4,"bx2_by63"
"CUFES:200903:JD:332",4,"bx2_by63"
"CUFES:200903:JD:333",4,"bx2_by63"
"CUFES:200903:JD:4",3,"bx7_by61"
"CUFES:200903:JD:5",3,"bx7_by61"
"CUFES:200903:JD:6",3,"bx7_by61"
"CUFES:200903:JD:7",2,"bx7_by60"
"CUFES:200903:JD:8",2,"bx7_by60"
"CUFES:200903:JD:9",2,"bx7_by60"
"CUFES:200904:FR:181",4,"bx2_by64"
"CUFES:200904:FR:182",4,"bx2_by64"
"CUFES:200904:FR:183",4,"bx2_by64"
"CUFES:200904:FR:290",3,"bx2_by62"
"CUFES:200904:FR:291",3,"bx2_by62"
"CUFES:200904:FR:292",3,"bx2_by62"
"CUFES:200904:FR:293",3,"bx2_by62"
"CUFES:200904:FR:294",3,"bx2_by62"
"CUFES:200904:FR:295",3,"bx2_by62"
"CUFES:200904:FR:296",3,"bx2_by62"
"CUFES:200904:FR:297",3,"bx2_by62"
"CUFES:200904:FR:298",3,"bx2_by62"
"CUFES:200904:FR:299",4,"bx3_by63"
"CUFES:200904:FR:300",4,"bx3_by63"
"CUFES:200904:FR:301",4,"bx3_by63"
"CUFES:200904:FR:302",4,"bx3_by63"
"CUFES:200904:FR:303",4,"bx3_by63"
"CUFES:200904:FR:304",4,"bx3_by63"
"CUFES:200904:FR:305",4,"bx3_by63"
"CUFES:200904:FR:306",4,"bx3_by63"
"CUFES:200904:FR:307",4,"bx3_by63"
"CUFES:200904:FR:308",4,"bx4_by63"
"CUFES:200904:FR:309",4,"bx4_by63"
"CUFES:200904:FR:310",4,"bx4_by63"
"CUFES:200904:FR:311",4,"bx4_by63"
"CUFES:200904:FR:312",4,"bx4_by62"
"CUFES:200904:FR:313",4,"bx4_by62"
"CUFES:200904:FR:314",4,"bx4_by62"
"CUFES:200904:FR:315",4,"bx4_by62"
"CUFES:200904:FR:316",4,"bx4_by62"
"CUFES:200904:FR:317",4,"bx4_by62"
"CUFES:200904:FR:318",4,"bx4_by62"
"CUFES:200904:FR:319",4,"bx4_by62"
"CUFES:200904:FR:320",4,"bx4_by62"
"CUFES:200904:FR:321",4,"bx4_by62"
"CUFES:200904:FR:322",4,"bx4_by62"
"CUFES:200904:FR:323",4,"bx3_by62"
"CUFES:200904:FR:324",4,"bx3_by62"
"CUFES:200904:FR:325",4,"bx3_by62"
"CUFES:200904:FR:326",4,"bx3_by62"
"CUFES:200904:FR:327",4,"bx3_by62"
"CUFES:200904:FR:328",4,"bx3_by62"
"CUFES:200904:FR:329",3,"bx3_by61"
"CUFES:200904:FR:330",3,"bx3_by61"
"CUFES:200904:FR:331",3,"bx3_by61"
"CUFES:200904:FR:332",3,"bx3_by61"
"CUFES:200904:FR:333",3,"bx2_by61"
"CUFES:200904:FR:334",3,"bx2_by61"
"CUFES:200904:FR:335",3,"bx2_by61"
"CUFES:200904:FR:336",3,"bx2_by61"
"CUFES:200904:FR:337",3,"bx2_by61"
"CUFES:200904:FR:338",3,"bx2_by61"
"CUFES:200904:FR:339",3,"bx2_by61"
"CUFES:200904:FR:340",3,"bx2_by61"
"CUFES:200904:FR:429",1,"bx2_by59"
"CUFES:200904:FR:430",1,"bx2_by59"
"CUFES:200904:FR:431",1,"bx2_by59"
"CUFES:200904:FR:432",1,"bx2_by59"
"CUFES:200904:FR:433",1,"bx2_by59"
"CUFES:200904:FR:434",1,"bx2_by59"
"CUFES:200904:FR:436",1,"bx2_by59"
"CUFES:200904:FR:437",1,"bx2_by59"
"CUFES:200904:FR:438",2,"bx2_by60"
"CUFES:200904:FR:439",2,"bx2_by60"
"CUFES:200904:FR:440",2,"bx2_by60"
"CUFES:200904:FR:441",2,"bx2_by60"
"CUFES:200904:FR:442",2,"bx2_by60"
"CUFES:200904:FR:443",2,"bx3_by60"
"CUFES:200904:FR:444",2,"bx3_by60"
"CUFES:200904:FR:445",2,"bx3_by60"
"CUFES:200904:FR:446",2,"bx3_by60"
"CUFES:200904:FR:447",2,"bx3_by60"
"CUFES:200904:FR:448",2,"bx3_by60"
"CUFES:200904:FR:449",2,"bx3_by60"
"CUFES:200904:FR:450",2,"bx3_by60"
"CUFES:200904:FR:451",2,"bx3_by60"
"CUFES:200904:FR:452",2,"bx3_by60"
"CUFES:200904:FR:453",2,"bx3_by60"
"CUFES:200904:FR:454",2,"bx3_by60"
"CUFES:200904:FR:455",2,"bx3_by60"
"CUFES:200904:FR:456",2,"bx4_by60"
"CUFES:200904:FR:457",2,"bx4_by60"
"CUFES:200904:FR:458",2,"bx4_by60"
"CUFES:200904:FR:459",2,"bx4_by60"
"CUFES:200904:FR:460",2,"bx4_by60"
"CUFES:200904:FR:461",3,"bx4_by61"
"CUFES:200904:FR:462",3,"bx4_by61"
"CUFES:200904:FR:463",3,"bx4_by61"
"CUFES:200904:FR:464",3,"bx4_by61"
"CUFES:200904:FR:465",3,"bx4_by61"
"CUFES:200904:FR:466",3,"bx5_by61"
"CUFES:200904:FR:467",3,"bx5_by61"
"CUFES:200904:FR:468",3,"bx5_by61"
"CUFES:200904:FR:469",3,"bx5_by61"
"CUFES:200904:FR:470",3,"bx5_by61"
"CUFES:200904:FR:471",3,"bx5_by61"
"CUFES:200904:FR:472",3,"bx5_by61"
"CUFES:200904:FR:473",3,"bx5_by61"
"CUFES:200904:FR:474",3,"bx6_by61"
"CUFES:200904:FR:475",3,"bx6_by61"
"CUFES:200904:FR:476",3,"bx6_by61"
"CUFES:200904:FR:477",3,"bx6_by61"
"CUFES:200904:FR:478",3,"bx6_by61"
"CUFES:200904:FR:479",3,"bx6_by61"
"CUFES:200904:FR:480",3,"bx6_by61"
"CUFES:200904:FR:481",3,"bx6_by61"
"CUFES:200904:FR:482",3,"bx6_by61"
"CUFES:200904:FR:483",3,"bx7_by61"
"CUFES:200904:FR:484",3,"bx7_by61"
"CUFES:200904:FR:485",3,"bx7_by61"
"CUFES:200904:FR:486",3,"bx7_by61"
"CUFES:200904:FR:487",3,"bx7_by61"
"CUFES:200904:FR:488",3,"bx7_by61"
"CUFES:200904:FR:489",2,"bx7_by60"
"CUFES:200904:FR:490",2,"bx6_by60"
"CUFES:200904:FR:491",2,"bx6_by60"
"CUFES:200904:FR:492",2,"bx6_by60"
"CUFES:200904:FR:493",2,"bx6_by60"
"CUFES:200904:FR:494",2,"bx6_by60"
"CUFES:200904:FR:495",2,"bx6_by60"
"CUFES:200904:FR:496",2,"bx6_by60"
"CUFES:200904:FR:497",2,"bx6_by60"
"CUFES:200904:FR:498",2,"bx6_by60"
"CUFES:200904:FR:499",2,"bx6_by60"
"CUFES:200904:FR:500",2,"bx5_by60"
"CUFES:200904:FR:501",2,"bx5_by60"
"CUFES:200904:FR:502",2,"bx5_by60"
"CUFES:200904:FR:503",2,"bx5_by60"
"CUFES:200904:FR:504",2,"bx5_by60"
"CUFES:200904:FR:505",2,"bx5_by60"
"CUFES:200904:FR:506",1,"bx5_by59"
"CUFES:200904:FR:507",1,"bx5_by59"
"CUFES:200904:FR:508",1,"bx5_by59"
"CUFES:200904:FR:509",1,"bx5_by59"
"CUFES:200904:FR:510",1,"bx4_by59"
"CUFES:200904:FR:511",1,"bx4_by59"
"CUFES:200904:FR:512",1,"bx4_by59"
"CUFES:200904:FR:513",1,"bx4_by59"
"CUFES:200904:FR:514",1,"bx4_by59"
"CUFES:200904:FR:515",1,"bx4_by59"
"CUFES:200904:FR:516",1,"bx4_by59"
"CUFES:200904:FR:517",1,"bx4_by59"
"CUFES:200904:FR:518",1,"bx4_by59"
"CUFES:200904:FR:519",1,"bx4_by59"
"CUFES:200904:FR:520",1,"bx3_by59"
"CUFES:200904:FR:521",1,"bx3_by59"
"CUFES:200904:FR:522",1,"bx3_by59"
"CUFES:200904:FR:523",1,"bx3_by59"
"CUFES:200904:FR:641",1,"bx6_by59"
"CUFES:200904:FR:642",1,"bx6_by59"
"CUFES:200904:FR:643",1,"bx6_by59"
"CUFES:200904:FR:644",1,"bx6_by59"
"CUFES:200904:FR:645",1,"bx6_by59"
"CUFES:200904:FR:646",1,"bx6_by59"
"CUFES:200904:FR:647",1,"bx6_by59"
"CUFES:200904:FR:648",1,"bx6_by59"
"CUFES:200904:FR:649",1,"bx6_by59"
"CUFES:200904:FR:650",1,"bx6_by59"
"CUFES:200904:FR:651",1,"bx6_by59"
"CUFES:200904:FR:652",1,"bx6_by59"
"CUFES:200904:FR:653",1,"bx6_by59"
"CUFES:200904:FR:654",1,"bx6_by59"
"CUFES:200904:FR:655",2,"bx6_by60"
"CUFES:200904:FR:656",2,"bx7_by60"
"CUFES:200904:FR:657",2,"bx7_by60"
"CUFES:200904:FR:658",2,"bx7_by60"
"CUFES:200904:FR:659",2,"bx7_by60"
"CUFES:200904:FR:660",2,"bx7_by60"
"CUFES:200904:FR:661",2,"bx7_by60"
"CUFES:200904:FR:662",2,"bx7_by60"
"CUFES:200904:FR:663",2,"bx7_by60"
"CUFES:201001:NH:1",2,"bx7_by60"
"CUFES:201001:NH:10",2,"bx7_by60"
"CUFES:201001:NH:11",2,"bx7_by60"
"CUFES:201001:NH:12",2,"bx7_by60"
"CUFES:201001:NH:122",1,"bx2_by59"
"CUFES:201001:NH:123",1,"bx2_by59"
"CUFES:201001:NH:124",1,"bx2_by59"
"CUFES:201001:NH:125",1,"bx2_by59"
"CUFES:201001:NH:126",1,"bx2_by59"
"CUFES:201001:NH:127",1,"bx3_by59"
"CUFES:201001:NH:128",1,"bx3_by59"
"CUFES:201001:NH:129",1,"bx3_by59"
"CUFES:201001:NH:13",2,"bx7_by60"
"CUFES:201001:NH:130",1,"bx3_by59"
"CUFES:201001:NH:131",1,"bx3_by59"
"CUFES:201001:NH:132",1,"bx4_by59"
"CUFES:201001:NH:133",2,"bx4_by60"
"CUFES:201001:NH:134",2,"bx4_by60"
"CUFES:201001:NH:135",2,"bx4_by60"
"CUFES:201001:NH:136",2,"bx4_by60"
"CUFES:201001:NH:137",2,"bx4_by60"
"CUFES:201001:NH:138",2,"bx4_by60"
"CUFES:201001:NH:139",2,"bx5_by60"
"CUFES:201001:NH:14",2,"bx7_by60"
"CUFES:201001:NH:140",2,"bx5_by60"
"CUFES:201001:NH:141",2,"bx5_by60"
"CUFES:201001:NH:142",2,"bx5_by60"
"CUFES:201001:NH:143",3,"bx5_by61"
"CUFES:201001:NH:144",3,"bx5_by61"
"CUFES:201001:NH:145",3,"bx6_by61"
"CUFES:201001:NH:146",3,"bx6_by61"
"CUFES:201001:NH:147",3,"bx6_by61"
"CUFES:201001:NH:148",3,"bx6_by61"
"CUFES:201001:NH:149",3,"bx6_by61"
"CUFES:201001:NH:15",2,"bx6_by60"
"CUFES:201001:NH:150",3,"bx6_by61"
"CUFES:201001:NH:151",3,"bx6_by61"
"CUFES:201001:NH:152",3,"bx6_by61"
"CUFES:201001:NH:153",3,"bx7_by61"
"CUFES:201001:NH:154",3,"bx6_by61"
"CUFES:201001:NH:155",3,"bx6_by61"
"CUFES:201001:NH:156",4,"bx6_by62"
"CUFES:201001:NH:157",4,"bx6_by62"
"CUFES:201001:NH:158",4,"bx6_by62"
"CUFES:201001:NH:159",4,"bx5_by62"
"CUFES:201001:NH:16",2,"bx6_by60"
"CUFES:201001:NH:160",4,"bx5_by62"
"CUFES:201001:NH:161",4,"bx5_by62"
"CUFES:201001:NH:162",4,"bx5_by62"
"CUFES:201001:NH:163",4,"bx5_by62"
"CUFES:201001:NH:164",4,"bx5_by62"
"CUFES:201001:NH:165",4,"bx5_by62"
"CUFES:201001:NH:166",4,"bx5_by62"
"CUFES:201001:NH:167",4,"bx5_by62"
"CUFES:201001:NH:168",3,"bx4_by61"
"CUFES:201001:NH:169",3,"bx4_by61"
"CUFES:201001:NH:17",2,"bx6_by60"
"CUFES:201001:NH:170",3,"bx4_by61"
"CUFES:201001:NH:171",3,"bx4_by61"
"CUFES:201001:NH:172",3,"bx4_by61"
"CUFES:201001:NH:173",3,"bx3_by61"
"CUFES:201001:NH:174",3,"bx3_by61"
"CUFES:201001:NH:175",3,"bx3_by61"
"CUFES:201001:NH:176",3,"bx3_by61"
"CUFES:201001:NH:177",2,"bx3_by60"
"CUFES:201001:NH:178",2,"bx2_by60"
"CUFES:201001:NH:179",2,"bx2_by60"
"CUFES:201001:NH:18",2,"bx6_by60"
"CUFES:201001:NH:180",2,"bx2_by60"
"CUFES:201001:NH:181",2,"bx2_by60"
"CUFES:201001:NH:182",2,"bx2_by60"
"CUFES:201001:NH:19",1,"bx6_by59"
"CUFES:201001:NH:2",2,"bx7_by60"
"CUFES:201001:NH:20",1,"bx6_by59"
"CUFES:201001:NH:21",1,"bx6_by59"
"CUFES:201001:NH:22",1,"bx5_by59"
"CUFES:201001:NH:23",1,"bx5_by59"
"CUFES:201001:NH:231",3,"bx2_by61"
"CUFES:201001:NH:232",3,"bx2_by62"
"CUFES:201001:NH:233",3,"bx2_by62"
"CUFES:201001:NH:234",4,"bx3_by62"
"CUFES:201001:NH:235",4,"bx3_by62"
"CUFES:201001:NH:236",4,"bx3_by62"
"CUFES:201001:NH:237",4,"bx3_by62"
"CUFES:201001:NH:238",4,"bx4_by62"
"CUFES:201001:NH:239",4,"bx4_by62"
"CUFES:201001:NH:24",1,"bx5_by59"
"CUFES:201001:NH:240",4,"bx4_by63"
"CUFES:201001:NH:241",4,"bx4_by63"
"CUFES:201001:NH:242",4,"bx4_by63"
"CUFES:201001:NH:243",4,"bx4_by63"
"CUFES:201001:NH:244",4,"bx4_by63"
"CUFES:201001:NH:245",4,"bx4_by63"
"CUFES:201001:NH:246",4,"bx4_by63"
"CUFES:201001:NH:247",4,"bx4_by63"
"CUFES:201001:NH:248",4,"bx4_by63"
"CUFES:201001:NH:249",4,"bx4_by63"
"CUFES:201001:NH:25",1,"bx5_by59"
"CUFES:201001:NH:250",4,"bx4_by63"
"CUFES:201001:NH:251",4,"bx3_by63"
"CUFES:201001:NH:252",4,"bx3_by63"
"CUFES:201001:NH:253",4,"bx3_by63"
"CUFES:201001:NH:254",4,"bx3_by63"
"CUFES:201001:NH:255",4,"bx2_by63"
"CUFES:201001:NH:256",4,"bx2_by63"
"CUFES:201001:NH:257",4,"bx2_by63"
"CUFES:201001:NH:258",4,"bx2_by63"
"CUFES:201001:NH:26",1,"bx5_by59"
"CUFES:201001:NH:27",1,"bx4_by59"
"CUFES:201001:NH:28",1,"bx4_by59"
"CUFES:201001:NH:29",1,"bx4_by59"
"CUFES:201001:NH:3",3,"bx7_by61"
"CUFES:201001:NH:30",1,"bx4_by59"
"CUFES:201001:NH:31",1,"bx4_by59"
"CUFES:201001:NH:32",1,"bx4_by59"
"CUFES:201001:NH:33",1,"bx4_by59"
"CUFES:201001:NH:34",1,"bx4_by59"
"CUFES:201001:NH:35",1,"bx4_by59"
"CUFES:201001:NH:36",1,"bx4_by59"
"CUFES:201001:NH:37",1,"bx4_by59"
"CUFES:201001:NH:38",1,"bx4_by59"
"CUFES:201001:NH:39",1,"bx4_by59"
"CUFES:201001:NH:4",3,"bx7_by61"
"CUFES:201001:NH:40",1,"bx4_by59"
"CUFES:201001:NH:408",4,"bx2_by63"
"CUFES:201001:NH:409",4,"bx2_by63"
"CUFES:201001:NH:410",4,"bx2_by63"
"CUFES:201001:NH:411",4,"bx3_by63"
"CUFES:201001:NH:412",4,"bx3_by63"
"CUFES:201001:NH:413",4,"bx3_by63"
"CUFES:201001:NH:414",4,"bx3_by63"
"CUFES:201001:NH:415",4,"bx4_by62"
"CUFES:201001:NH:416",4,"bx4_by62"
"CUFES:201001:NH:417",4,"bx4_by62"
"CUFES:201001:NH:418",4,"bx4_by62"
"CUFES:201001:NH:419",4,"bx5_by62"
"CUFES:201001:NH:420",4,"bx5_by62"
"CUFES:201001:NH:421",4,"bx5_by62"
"CUFES:201001:NH:422",4,"bx5_by62"
"CUFES:201001:NH:423",3,"bx5_by61"
"CUFES:201001:NH:424",3,"bx6_by61"
"CUFES:201001:NH:425",3,"bx6_by61"
"CUFES:201001:NH:426",3,"bx6_by61"
"CUFES:201001:NH:427",3,"bx6_by61"
"CUFES:201001:NH:428",3,"bx6_by61"
"CUFES:201001:NH:429",2,"bx7_by60"
"CUFES:201001:NH:430",2,"bx7_by60"
"CUFES:201001:NH:431",2,"bx7_by60"
"CUFES:201001:NH:432",2,"bx7_by60"
"CUFES:201001:NH:433",2,"bx7_by60"
"CUFES:201001:NH:5",3,"bx7_by61"
"CUFES:201001:NH:6",3,"bx7_by61"
"CUFES:201001:NH:7",3,"bx7_by61"
"CUFES:201001:NH:8",2,"bx7_by60"
"CUFES:201001:NH:9",2,"bx7_by60"
"CUFES:201004:MF:1",2,"bx7_by60"
"CUFES:201004:MF:10",1,"bx6_by59"
"CUFES:201004:MF:11",1,"bx6_by59"
"CUFES:201004:MF:111",3,"bx2_by61"
"CUFES:201004:MF:112",3,"bx2_by61"
"CUFES:201004:MF:113",3,"bx2_by61"
"CUFES:201004:MF:114",3,"bx3_by61"
"CUFES:201004:MF:115",3,"bx3_by61"
"CUFES:201004:MF:116",3,"bx3_by61"
"CUFES:201004:MF:117",3,"bx3_by61"
"CUFES:201004:MF:118",4,"bx3_by62"
"CUFES:201004:MF:119",4,"bx3_by62"
"CUFES:201004:MF:12",1,"bx6_by59"
"CUFES:201004:MF:121",4,"bx4_by62"
"CUFES:201004:MF:122",4,"bx4_by62"
"CUFES:201004:MF:123",4,"bx4_by62"
"CUFES:201004:MF:124",4,"bx4_by62"
"CUFES:201004:MF:125",4,"bx4_by62"
"CUFES:201004:MF:126",4,"bx3_by63"
"CUFES:201004:MF:127",4,"bx3_by63"
"CUFES:201004:MF:128",4,"bx3_by63"
"CUFES:201004:MF:129",4,"bx3_by63"
"CUFES:201004:MF:130",4,"bx3_by63"
"CUFES:201004:MF:131",4,"bx2_by63"
"CUFES:201004:MF:132",4,"bx2_by63"
"CUFES:201004:MF:133",3,"bx2_by62"
"CUFES:201004:MF:134",3,"bx2_by62"
"CUFES:201004:MF:135",3,"bx2_by62"
"CUFES:201004:MF:136",3,"bx2_by62"
"CUFES:201004:MF:137",3,"bx2_by62"
"CUFES:201004:MF:170",4,"bx2_by64"
"CUFES:201004:MF:171",4,"bx2_by64"
"CUFES:201004:MF:172",4,"bx2_by64"
"CUFES:201004:MF:173",4,"bx2_by64"
"CUFES:201004:MF:174",4,"bx2_by64"
"CUFES:201004:MF:2",2,"bx7_by60"
"CUFES:201004:MF:3",2,"bx7_by60"
"CUFES:201004:MF:317",4,"bx2_by63"
"CUFES:201004:MF:318",4,"bx2_by63"
"CUFES:201004:MF:319",4,"bx3_by63"
"CUFES:201004:MF:320",4,"bx3_by63"
"CUFES:201004:MF:321",4,"bx4_by63"
"CUFES:201004:MF:322",4,"bx4_by62"
"CUFES:201004:MF:323",4,"bx4_by62"
"CUFES:201004:MF:324",4,"bx5_by62"
"CUFES:201004:MF:325",4,"bx5_by62"
"CUFES:201004:MF:326",4,"bx5_by62"
"CUFES:201004:MF:327",3,"bx6_by61"
"CUFES:201004:MF:328",3,"bx6_by61"
"CUFES:201004:MF:329",3,"bx6_by61"
"CUFES:201004:MF:330",3,"bx6_by61"
"CUFES:201004:MF:331",3,"bx6_by61"
"CUFES:201004:MF:332",3,"bx7_by61"
"CUFES:201004:MF:333",2,"bx7_by60"
"CUFES:201004:MF:334",2,"bx7_by60"
"CUFES:201004:MF:335",2,"bx7_by60"
"CUFES:201004:MF:336",2,"bx7_by60"
"CUFES:201004:MF:337",2,"bx7_by60"
"CUFES:201004:MF:338",2,"bx7_by60"
"CUFES:201004:MF:339",2,"bx7_by60"
"CUFES:201004:MF:340",3,"bx7_by61"
"CUFES:201004:MF:341",3,"bx7_by61"
"CUFES:201004:MF:342",3,"bx7_by61"
"CUFES:201004:MF:343",2,"bx7_by60"
"CUFES:201004:MF:344",2,"bx7_by60"
"CUFES:201004:MF:345",2,"bx7_by60"
"CUFES:201004:MF:346",2,"bx7_by60"
"CUFES:201004:MF:347",2,"bx7_by60"
"CUFES:201004:MF:348",2,"bx7_by60"
"CUFES:201004:MF:349",2,"bx7_by60"
"CUFES:201004:MF:350",2,"bx6_by60"
"CUFES:201004:MF:351",2,"bx6_by60"
"CUFES:201004:MF:352",1,"bx6_by59"
"CUFES:201004:MF:353",1,"bx6_by59"
"CUFES:201004:MF:354",1,"bx5_by59"
"CUFES:201004:MF:355",1,"bx5_by59"
"CUFES:201004:MF:356",1,"bx5_by59"
"CUFES:201004:MF:357",1,"bx4_by59"
"CUFES:201004:MF:4",2,"bx7_by60"
"CUFES:201004:MF:405",1,"bx2_by59"
"CUFES:201004:MF:406",1,"bx2_by59"
"CUFES:201004:MF:407",1,"bx2_by59"
"CUFES:201004:MF:408",1,"bx2_by59"
"CUFES:201004:MF:409",1,"bx2_by59"
"CUFES:201004:MF:410",2,"bx3_by60"
"CUFES:201004:MF:411",2,"bx3_by60"
"CUFES:201004:MF:412",2,"bx3_by60"
"CUFES:201004:MF:413",2,"bx4_by60"
"CUFES:201004:MF:414",2,"bx4_by60"
"CUFES:201004:MF:415",2,"bx4_by60"
"CUFES:201004:MF:416",2,"bx5_by60"
"CUFES:201004:MF:417",2,"bx5_by60"
"CUFES:201004:MF:418",2,"bx5_by60"
"CUFES:201004:MF:419",2,"bx5_by60"
"CUFES:201004:MF:420",3,"bx5_by61"
"CUFES:201004:MF:421",3,"bx6_by61"
"CUFES:201004:MF:422",3,"bx6_by61"
"CUFES:201004:MF:423",3,"bx6_by61"
"CUFES:201004:MF:424",3,"bx6_by61"
"CUFES:201004:MF:425",3,"bx6_by61"
"CUFES:201004:MF:426",3,"bx7_by61"
"CUFES:201004:MF:427",3,"bx7_by61"
"CUFES:201004:MF:428",3,"bx6_by61"
"CUFES:201004:MF:429",3,"bx6_by61"
"CUFES:201004:MF:430",4,"bx6_by62"
"CUFES:201004:MF:431",4,"bx6_by62"
"CUFES:201004:MF:432",4,"bx6_by62"
"CUFES:201004:MF:433",4,"bx6_by62"
"CUFES:201004:MF:434",4,"bx5_by62"
"CUFES:201004:MF:435",4,"bx5_by62"
"CUFES:201004:MF:436",4,"bx5_by62"
"CUFES:201004:MF:437",3,"bx5_by61"
"CUFES:201004:MF:438",3,"bx4_by61"
"CUFES:201004:MF:439",3,"bx4_by61"
"CUFES:201004:MF:440",3,"bx4_by61"
"CUFES:201004:MF:441",3,"bx4_by61"
"CUFES:201004:MF:442",3,"bx4_by61"
"CUFES:201004:MF:443",3,"bx4_by61"
"CUFES:201004:MF:444",3,"bx4_by61"
"CUFES:201004:MF:445",3,"bx3_by61"
"CUFES:201004:MF:446",3,"bx3_by61"
"CUFES:201004:MF:447",2,"bx3_by60"
"CUFES:201004:MF:448",2,"bx3_by60"
"CUFES:201004:MF:449",2,"bx3_by60"
"CUFES:201004:MF:450",2,"bx3_by60"
"CUFES:201004:MF:451",1,"bx3_by59"
"CUFES:201004:MF:452",1,"bx3_by59"
"CUFES:201004:MF:453",1,"bx3_by59"
"CUFES:201004:MF:454",1,"bx2_by59"
"CUFES:201004:MF:455",1,"bx2_by59"
"CUFES:201004:MF:456",1,"bx2_by59"
"CUFES:201004:MF:458",1,"bx2_by59"
"CUFES:201004:MF:459",2,"bx2_by60"
"CUFES:201004:MF:460",2,"bx2_by60"
"CUFES:201004:MF:503",3,"bx2_by61"
"CUFES:201004:MF:504",3,"bx2_by61"
"CUFES:201004:MF:505",3,"bx3_by61"
"CUFES:201004:MF:506",4,"bx3_by62"
"CUFES:201004:MF:507",4,"bx3_by62"
"CUFES:201004:MF:508",4,"bx4_by62"
"CUFES:201004:MF:509",4,"bx4_by62"
"CUFES:201004:MF:510",4,"bx4_by62"
"CUFES:201004:MF:511",4,"bx4_by62"
"CUFES:201004:MF:512",4,"bx4_by62"
"CUFES:201004:MF:513",4,"bx4_by62"
"CUFES:201004:MF:514",4,"bx4_by63"
"CUFES:201004:MF:515",4,"bx4_by63"
"CUFES:201004:MF:516",4,"bx3_by63"
"CUFES:201004:MF:517",4,"bx3_by63"
"CUFES:201004:MF:518",4,"bx3_by63"
"CUFES:201004:MF:519",4,"bx3_by62"
"CUFES:201004:MF:520",4,"bx3_by62"
"CUFES:201004:MF:521",4,"bx3_by62"
"CUFES:201004:MF:522",4,"bx3_by62"
"CUFES:201004:MF:523",4,"bx3_by62"
"CUFES:201004:MF:524",3,"bx2_by62"
"CUFES:201004:MF:525",3,"bx2_by62"
"CUFES:201004:MF:526",3,"bx2_by61"
"CUFES:201004:MF:527",3,"bx2_by61"
"CUFES:201004:MF:56",1,"bx3_by59"
"CUFES:201004:MF:564",4,"bx2_by64"
"CUFES:201004:MF:565",4,"bx2_by63"
"CUFES:201004:MF:569",4,"bx2_by63"
"CUFES:201004:MF:57",1,"bx3_by59"
"CUFES:201004:MF:58",1,"bx4_by59"
"CUFES:201004:MF:59",1,"bx4_by59"
"CUFES:201004:MF:6",1,"bx6_by59"
"CUFES:201004:MF:60",1,"bx4_by59"
"CUFES:201004:MF:61",1,"bx4_by59"
"CUFES:201004:MF:62",1,"bx5_by59"
"CUFES:201004:MF:63",1,"bx5_by59"
"CUFES:201004:MF:64",1,"bx5_by59"
"CUFES:201004:MF:65",2,"bx5_by60"
"CUFES:201004:MF:66",2,"bx5_by60"
"CUFES:201004:MF:67",2,"bx5_by60"
"CUFES:201004:MF:68",2,"bx5_by60"
"CUFES:201004:MF:69",2,"bx6_by60"
"CUFES:201004:MF:7",1,"bx6_by59"
"CUFES:201004:MF:70",2,"bx6_by60"
"CUFES:201004:MF:71",2,"bx6_by60"
"CUFES:201004:MF:72",2,"bx6_by60"
"CUFES:201004:MF:73",2,"bx6_by60"
"CUFES:201004:MF:74",2,"bx6_by60"
"CUFES:201004:MF:75",3,"bx7_by61"
"CUFES:201004:MF:76",3,"bx7_by61"
"CUFES:201004:MF:77",3,"bx6_by61"
"CUFES:201004:MF:78",3,"bx6_by61"
"CUFES:201004:MF:79",3,"bx6_by61"
"CUFES:201004:MF:8",1,"bx6_by59"
"CUFES:201004:MF:80",3,"bx6_by61"
"CUFES:201004:MF:81",3,"bx5_by61"
"CUFES:201004:MF:82",3,"bx5_by61"
"CUFES:201004:MF:83",3,"bx5_by61"
"CUFES:201004:MF:84",3,"bx5_by61"
"CUFES:201004:MF:85",3,"bx5_by61"
"CUFES:201004:MF:86",3,"bx5_by61"
"CUFES:201004:MF:87",3,"bx4_by61"
"CUFES:201004:MF:88",3,"bx4_by61"
"CUFES:201004:MF:89",3,"bx4_by61"
"CUFES:201004:MF:9",1,"bx6_by59"
"CUFES:201004:MF:90",2,"bx4_by60"
"CUFES:201004:MF:91",2,"bx4_by60"
"CUFES:201004:MF:92",2,"bx4_by60"
"CUFES:201004:MF:93",2,"bx3_by60"
"CUFES:201004:MF:94",2,"bx3_by60"
"CUFES:201004:MF:95",2,"bx3_by60"
"CUFES:201004:MF:96",2,"bx3_by60"
"CUFES:201004:MF:97",2,"bx2_by60"
"CUFES:201004:MF:98",1,"bx2_by59"
"CUFES:201004:MF:99",1,"bx2_by59"
"CUFES:201008:NH:1",2,"bx7_by60"
"CUFES:201008:NH:10",2,"bx7_by60"
"CUFES:201008:NH:11",2,"bx7_by60"
"CUFES:201008:NH:115",1,"bx2_by59"
"CUFES:201008:NH:116",1,"bx2_by59"
"CUFES:201008:NH:117",1,"bx2_by59"
"CUFES:201008:NH:118",1,"bx2_by59"
"CUFES:201008:NH:119",1,"bx2_by59"
"CUFES:201008:NH:12",2,"bx7_by60"
"CUFES:201008:NH:120",1,"bx3_by59"
"CUFES:201008:NH:121",1,"bx3_by59"
"CUFES:201008:NH:122",1,"bx3_by59"
"CUFES:201008:NH:123",1,"bx3_by59"
"CUFES:201008:NH:124",1,"bx3_by59"
"CUFES:201008:NH:125",1,"bx3_by59"
"CUFES:201008:NH:126",1,"bx3_by59"
"CUFES:201008:NH:127",1,"bx3_by59"
"CUFES:201008:NH:128",2,"bx4_by60"
"CUFES:201008:NH:129",2,"bx4_by60"
"CUFES:201008:NH:13",2,"bx7_by60"
"CUFES:201008:NH:130",2,"bx4_by60"
"CUFES:201008:NH:131",2,"bx4_by60"
"CUFES:201008:NH:132",2,"bx4_by60"
"CUFES:201008:NH:133",2,"bx4_by60"
"CUFES:201008:NH:134",2,"bx4_by60"
"CUFES:201008:NH:135",2,"bx5_by60"
"CUFES:201008:NH:136",2,"bx5_by60"
"CUFES:201008:NH:137",2,"bx5_by60"
"CUFES:201008:NH:138",2,"bx5_by60"
"CUFES:201008:NH:139",2,"bx5_by60"
"CUFES:201008:NH:14",2,"bx6_by60"
"CUFES:201008:NH:140",2,"bx5_by60"
"CUFES:201008:NH:141",3,"bx5_by61"
"CUFES:201008:NH:142",3,"bx5_by61"
"CUFES:201008:NH:143",3,"bx6_by61"
"CUFES:201008:NH:144",3,"bx6_by61"
"CUFES:201008:NH:145",3,"bx6_by61"
"CUFES:201008:NH:146",3,"bx6_by61"
"CUFES:201008:NH:147",3,"bx6_by61"
"CUFES:201008:NH:148",3,"bx7_by61"
"CUFES:201008:NH:149",3,"bx7_by61"
"CUFES:201008:NH:15",2,"bx6_by60"
"CUFES:201008:NH:150",3,"bx7_by61"
"CUFES:201008:NH:151",3,"bx6_by61"
"CUFES:201008:NH:152",3,"bx6_by61"
"CUFES:201008:NH:153",4,"bx6_by62"
"CUFES:201008:NH:154",4,"bx6_by62"
"CUFES:201008:NH:155",4,"bx6_by62"
"CUFES:201008:NH:156",4,"bx6_by62"
"CUFES:201008:NH:157",4,"bx6_by62"
"CUFES:201008:NH:158",4,"bx6_by62"
"CUFES:201008:NH:159",4,"bx6_by62"
"CUFES:201008:NH:160",4,"bx5_by62"
"CUFES:201008:NH:161",4,"bx5_by62"
"CUFES:201008:NH:162",4,"bx5_by62"
"CUFES:201008:NH:163",4,"bx5_by62"
"CUFES:201008:NH:164",4,"bx5_by62"
"CUFES:201008:NH:165",4,"bx5_by62"
"CUFES:201008:NH:166",4,"bx5_by62"
"CUFES:201008:NH:167",4,"bx6_by62"
"CUFES:201008:NH:168",4,"bx6_by62"
"CUFES:201008:NH:169",3,"bx6_by61"
"CUFES:201008:NH:17",1,"bx6_by59"
"CUFES:201008:NH:170",3,"bx6_by61"
"CUFES:201008:NH:171",3,"bx6_by61"
"CUFES:201008:NH:172",3,"bx6_by61"
"CUFES:201008:NH:173",3,"bx6_by61"
"CUFES:201008:NH:174",3,"bx6_by61"
"CUFES:201008:NH:175",3,"bx6_by61"
"CUFES:201008:NH:176",3,"bx6_by61"
"CUFES:201008:NH:177",3,"bx6_by61"
"CUFES:201008:NH:178",3,"bx5_by61"
"CUFES:201008:NH:179",3,"bx5_by61"
"CUFES:201008:NH:18",1,"bx6_by59"
"CUFES:201008:NH:180",3,"bx5_by61"
"CUFES:201008:NH:181",3,"bx5_by61"
"CUFES:201008:NH:182",3,"bx5_by61"
"CUFES:201008:NH:183",3,"bx5_by61"
"CUFES:201008:NH:184",4,"bx5_by62"
"CUFES:201008:NH:185",3,"bx5_by61"
"CUFES:201008:NH:186",3,"bx5_by61"
"CUFES:201008:NH:187",3,"bx5_by61"
"CUFES:201008:NH:188",3,"bx5_by61"
"CUFES:201008:NH:189",3,"bx5_by61"
"CUFES:201008:NH:19",1,"bx6_by59"
"CUFES:201008:NH:190",3,"bx5_by61"
"CUFES:201008:NH:191",3,"bx5_by61"
"CUFES:201008:NH:192",2,"bx5_by60"
"CUFES:201008:NH:193",2,"bx5_by60"
"CUFES:201008:NH:194",2,"bx5_by60"
"CUFES:201008:NH:195",2,"bx5_by60"
"CUFES:201008:NH:196",2,"bx5_by60"
"CUFES:201008:NH:197",3,"bx5_by61"
"CUFES:201008:NH:198",3,"bx5_by61"
"CUFES:201008:NH:199",3,"bx5_by61"
"CUFES:201008:NH:2",2,"bx7_by60"
"CUFES:201008:NH:20",1,"bx6_by59"
"CUFES:201008:NH:200",3,"bx4_by61"
"CUFES:201008:NH:201",3,"bx4_by61"
"CUFES:201008:NH:202",3,"bx4_by61"
"CUFES:201008:NH:203",3,"bx4_by61"
"CUFES:201008:NH:204",3,"bx4_by61"
"CUFES:201008:NH:205",3,"bx4_by61"
"CUFES:201008:NH:206",3,"bx4_by61"
"CUFES:201008:NH:207",3,"bx4_by61"
"CUFES:201008:NH:208",3,"bx3_by61"
"CUFES:201008:NH:209",3,"bx3_by61"
"CUFES:201008:NH:21",1,"bx5_by59"
"CUFES:201008:NH:210",3,"bx3_by61"
"CUFES:201008:NH:211",3,"bx3_by61"
"CUFES:201008:NH:212",2,"bx3_by60"
"CUFES:201008:NH:213",2,"bx3_by60"
"CUFES:201008:NH:214",2,"bx3_by60"
"CUFES:201008:NH:215",2,"bx2_by60"
"CUFES:201008:NH:216",2,"bx2_by60"
"CUFES:201008:NH:217",2,"bx2_by60"
"CUFES:201008:NH:218",2,"bx2_by60"
"CUFES:201008:NH:219",2,"bx2_by60"
"CUFES:201008:NH:22",1,"bx5_by59"
"CUFES:201008:NH:220",2,"bx2_by60"
"CUFES:201008:NH:221",2,"bx2_by60"
"CUFES:201008:NH:222",2,"bx2_by60"
"CUFES:201008:NH:23",1,"bx5_by59"
"CUFES:201008:NH:24",1,"bx5_by59"
"CUFES:201008:NH:25",1,"bx5_by59"
"CUFES:201008:NH:26",1,"bx5_by59"
"CUFES:201008:NH:27",1,"bx4_by59"
"CUFES:201008:NH:28",1,"bx4_by59"
"CUFES:201008:NH:282",3,"bx2_by61"
"CUFES:201008:NH:283",3,"bx2_by61"
"CUFES:201008:NH:284",3,"bx2_by62"
"CUFES:201008:NH:285",3,"bx2_by62"
"CUFES:201008:NH:286",3,"bx2_by62"
"CUFES:201008:NH:287",4,"bx3_by62"
"CUFES:201008:NH:288",4,"bx3_by62"
"CUFES:201008:NH:289",4,"bx3_by62"
"CUFES:201008:NH:29",1,"bx4_by59"
"CUFES:201008:NH:290",4,"bx3_by62"
"CUFES:201008:NH:291",4,"bx3_by62"
"CUFES:201008:NH:292",4,"bx4_by62"
"CUFES:201008:NH:293",4,"bx4_by62"
"CUFES:201008:NH:294",4,"bx4_by62"
"CUFES:201008:NH:295",4,"bx4_by62"
"CUFES:201008:NH:296",4,"bx4_by63"
"CUFES:201008:NH:297",4,"bx4_by63"
"CUFES:201008:NH:298",4,"bx4_by63"
"CUFES:201008:NH:299",4,"bx4_by63"
"CUFES:201008:NH:3",3,"bx7_by61"
"CUFES:201008:NH:300",4,"bx4_by63"
"CUFES:201008:NH:301",4,"bx4_by63"
"CUFES:201008:NH:302",4,"bx4_by63"
"CUFES:201008:NH:303",4,"bx3_by63"
"CUFES:201008:NH:304",4,"bx3_by63"
"CUFES:201008:NH:305",4,"bx3_by63"
"CUFES:201008:NH:306",4,"bx3_by63"
"CUFES:201008:NH:307",4,"bx3_by63"
"CUFES:201008:NH:308",4,"bx2_by63"
"CUFES:201008:NH:309",4,"bx2_by63"
"CUFES:201008:NH:310",4,"bx2_by63"
"CUFES:201008:NH:311",4,"bx2_by63"
"CUFES:201008:NH:382",4,"bx2_by64"
"CUFES:201008:NH:387",4,"bx2_by64"
"CUFES:201008:NH:389",4,"bx2_by63"
"CUFES:201008:NH:390",4,"bx2_by63"
"CUFES:201008:NH:391",4,"bx2_by63"
"CUFES:201008:NH:392",4,"bx2_by63"
"CUFES:201008:NH:393",4,"bx2_by63"
"CUFES:201008:NH:394",4,"bx2_by63"
"CUFES:201008:NH:395",4,"bx2_by63"
"CUFES:201008:NH:396",3,"bx2_by62"
"CUFES:201008:NH:397",4,"bx3_by62"
"CUFES:201008:NH:398",4,"bx3_by62"
"CUFES:201008:NH:399",4,"bx3_by62"
"CUFES:201008:NH:4",3,"bx7_by61"
"CUFES:201008:NH:400",4,"bx4_by62"
"CUFES:201008:NH:401",4,"bx4_by62"
"CUFES:201008:NH:402",3,"bx4_by61"
"CUFES:201008:NH:403",3,"bx4_by61"
"CUFES:201008:NH:404",3,"bx5_by61"
"CUFES:201008:NH:405",3,"bx5_by61"
"CUFES:201008:NH:406",3,"bx5_by61"
"CUFES:201008:NH:407",3,"bx6_by61"
"CUFES:201008:NH:5",3,"bx7_by61"
"CUFES:201008:NH:6",3,"bx7_by61"
"CUFES:201008:NH:7",2,"bx7_by60"
"CUFES:201008:NH:8",2,"bx7_by60"
"CUFES:201008:NH:9",2,"bx7_by60"
"CUFES:201101:NH:1",2,"bx7_by60"
"CUFES:201101:NH:10",2,"bx6_by60"
"CUFES:201101:NH:100",2,"bx4_by60"
"CUFES:201101:NH:101",2,"bx4_by60"
"CUFES:201101:NH:102",2,"bx5_by60"
"CUFES:201101:NH:103",2,"bx5_by60"
"CUFES:201101:NH:104",2,"bx5_by60"
"CUFES:201101:NH:105",2,"bx5_by60"
"CUFES:201101:NH:106",3,"bx5_by61"
"CUFES:201101:NH:107",3,"bx5_by61"
"CUFES:201101:NH:108",3,"bx6_by61"
"CUFES:201101:NH:109",3,"bx6_by61"
"CUFES:201101:NH:11",1,"bx6_by59"
"CUFES:201101:NH:110",3,"bx6_by61"
"CUFES:201101:NH:111",3,"bx7_by61"
"CUFES:201101:NH:112",3,"bx6_by61"
"CUFES:201101:NH:113",4,"bx6_by62"
"CUFES:201101:NH:114",4,"bx6_by62"
"CUFES:201101:NH:115",4,"bx6_by62"
"CUFES:201101:NH:116",4,"bx6_by62"
"CUFES:201101:NH:117",4,"bx6_by62"
"CUFES:201101:NH:118",4,"bx6_by62"
"CUFES:201101:NH:119",4,"bx5_by62"
"CUFES:201101:NH:12",1,"bx6_by59"
"CUFES:201101:NH:120",4,"bx5_by62"
"CUFES:201101:NH:121",4,"bx5_by62"
"CUFES:201101:NH:122",4,"bx5_by62"
"CUFES:201101:NH:123",4,"bx5_by62"
"CUFES:201101:NH:124",4,"bx5_by62"
"CUFES:201101:NH:125",4,"bx5_by62"
"CUFES:201101:NH:127",4,"bx5_by62"
"CUFES:201101:NH:128",4,"bx5_by62"
"CUFES:201101:NH:129",4,"bx5_by62"
"CUFES:201101:NH:13",1,"bx6_by59"
"CUFES:201101:NH:130",3,"bx4_by61"
"CUFES:201101:NH:131",3,"bx4_by61"
"CUFES:201101:NH:132",3,"bx4_by61"
"CUFES:201101:NH:133",3,"bx4_by61"
"CUFES:201101:NH:134",3,"bx4_by61"
"CUFES:201101:NH:135",3,"bx3_by61"
"CUFES:201101:NH:137",3,"bx3_by61"
"CUFES:201101:NH:138",2,"bx3_by60"
"CUFES:201101:NH:139",2,"bx2_by60"
"CUFES:201101:NH:14",1,"bx5_by59"
"CUFES:201101:NH:140",2,"bx2_by60"
"CUFES:201101:NH:141",2,"bx2_by60"
"CUFES:201101:NH:142",2,"bx2_by60"
"CUFES:201101:NH:15",1,"bx5_by59"
"CUFES:201101:NH:16",1,"bx5_by59"
"CUFES:201101:NH:17",1,"bx5_by59"
"CUFES:201101:NH:18",1,"bx5_by59"
"CUFES:201101:NH:188",3,"bx2_by61"
"CUFES:201101:NH:19",1,"bx5_by59"
"CUFES:201101:NH:190",3,"bx2_by62"
"CUFES:201101:NH:191",3,"bx2_by62"
"CUFES:201101:NH:192",3,"bx2_by62"
"CUFES:201101:NH:193",3,"bx2_by62"
"CUFES:201101:NH:194",4,"bx3_by62"
"CUFES:201101:NH:195",4,"bx3_by62"
"CUFES:201101:NH:196",4,"bx3_by62"
"CUFES:201101:NH:197",4,"bx3_by62"
"CUFES:201101:NH:198",4,"bx4_by62"
"CUFES:201101:NH:199",4,"bx4_by62"
"CUFES:201101:NH:2",2,"bx7_by60"
"CUFES:201101:NH:20",1,"bx5_by59"
"CUFES:201101:NH:200",4,"bx4_by62"
"CUFES:201101:NH:201",4,"bx4_by63"
"CUFES:201101:NH:202",4,"bx4_by63"
"CUFES:201101:NH:203",4,"bx4_by63"
"CUFES:201101:NH:204",4,"bx4_by63"
"CUFES:201101:NH:205",4,"bx3_by63"
"CUFES:201101:NH:206",4,"bx3_by63"
"CUFES:201101:NH:207",4,"bx3_by63"
"CUFES:201101:NH:208",4,"bx3_by63"
"CUFES:201101:NH:209",4,"bx2_by63"
"CUFES:201101:NH:21",1,"bx5_by59"
"CUFES:201101:NH:210",4,"bx2_by63"
"CUFES:201101:NH:211",4,"bx2_by63"
"CUFES:201101:NH:212",4,"bx2_by63"
"CUFES:201101:NH:22",1,"bx4_by59"
"CUFES:201101:NH:3",2,"bx7_by60"
"CUFES:201101:NH:392",4,"bx2_by63"
"CUFES:201101:NH:393",4,"bx2_by63"
"CUFES:201101:NH:394",4,"bx2_by63"
"CUFES:201101:NH:395",4,"bx3_by63"
"CUFES:201101:NH:396",4,"bx3_by63"
"CUFES:201101:NH:397",4,"bx3_by63"
"CUFES:201101:NH:398",4,"bx4_by62"
"CUFES:201101:NH:399",4,"bx4_by62"
"CUFES:201101:NH:4",2,"bx7_by60"
"CUFES:201101:NH:400",4,"bx4_by62"
"CUFES:201101:NH:401",4,"bx4_by62"
"CUFES:201101:NH:402",4,"bx5_by62"
"CUFES:201101:NH:403",4,"bx5_by62"
"CUFES:201101:NH:404",4,"bx5_by62"
"CUFES:201101:NH:405",3,"bx5_by61"
"CUFES:201101:NH:406",3,"bx6_by61"
"CUFES:201101:NH:407",3,"bx6_by61"
"CUFES:201101:NH:408",3,"bx6_by61"
"CUFES:201101:NH:409",3,"bx6_by61"
"CUFES:201101:NH:410",2,"bx7_by60"
"CUFES:201101:NH:411",2,"bx7_by60"
"CUFES:201101:NH:412",2,"bx7_by60"
"CUFES:201101:NH:5",2,"bx7_by60"
"CUFES:201101:NH:6",2,"bx7_by60"
"CUFES:201101:NH:7",2,"bx6_by60"
"CUFES:201101:NH:8",2,"bx6_by60"
"CUFES:201101:NH:9",2,"bx6_by60"
"CUFES:201101:NH:91",1,"bx2_by59"
"CUFES:201101:NH:92",1,"bx2_by59"
"CUFES:201101:NH:93",1,"bx3_by59"
"CUFES:201101:NH:94",1,"bx3_by59"
"CUFES:201101:NH:96",1,"bx3_by59"
"CUFES:201101:NH:97",2,"bx3_by60"
"CUFES:201101:NH:98",2,"bx4_by60"
"CUFES:201101:NH:99",2,"bx4_by60"
"CUFES:201104:FR:164",4,"bx2_by63"
"CUFES:201104:FR:165",4,"bx2_by64"
"CUFES:201104:FR:166",4,"bx2_by64"
"CUFES:201104:FR:167",4,"bx2_by64"
"CUFES:201104:FR:168",4,"bx2_by64"
"CUFES:201104:FR:169",4,"bx2_by63"
"CUFES:201104:FR:170",4,"bx2_by63"
"CUFES:201104:FR:171",4,"bx3_by63"
"CUFES:201104:FR:172",4,"bx3_by63"
"CUFES:201104:FR:173",4,"bx3_by63"
"CUFES:201104:FR:175",4,"bx3_by63"
"CUFES:201104:FR:176",4,"bx3_by63"
"CUFES:201104:FR:177",4,"bx3_by63"
"CUFES:201104:FR:178",4,"bx3_by63"
"CUFES:201104:FR:179",4,"bx3_by63"
"CUFES:201104:FR:180",4,"bx3_by63"
"CUFES:201104:FR:181",4,"bx4_by63"
"CUFES:201104:FR:182",4,"bx3_by63"
"CUFES:201104:FR:183",4,"bx3_by63"
"CUFES:201104:FR:184",4,"bx3_by63"
"CUFES:201104:FR:185",4,"bx3_by63"
"CUFES:201104:FR:186",4,"bx3_by63"
"CUFES:201104:FR:187",4,"bx3_by63"
"CUFES:201104:FR:188",4,"bx3_by63"
"CUFES:201104:FR:189",4,"bx3_by63"
"CUFES:201104:FR:190",4,"bx3_by63"
"CUFES:201104:FR:191",4,"bx3_by63"
"CUFES:201104:FR:192",4,"bx3_by63"
"CUFES:201104:FR:193",4,"bx2_by63"
"CUFES:201104:FR:194",4,"bx2_by63"
"CUFES:201104:FR:195",4,"bx2_by63"
"CUFES:201104:FR:196",4,"bx2_by63"
"CUFES:201104:FR:197",4,"bx2_by63"
"CUFES:201104:FR:198",4,"bx2_by63"
"CUFES:201104:FR:199",4,"bx2_by63"
"CUFES:201104:FR:200",4,"bx2_by63"
"CUFES:201104:FR:201",4,"bx2_by63"
"CUFES:201104:FR:202",4,"bx2_by64"
"CUFES:201104:FR:203",4,"bx2_by64"
"CUFES:201104:FR:204",4,"bx2_by64"
"CUFES:201104:FR:205",4,"bx2_by64"
"CUFES:201104:FR:206",4,"bx2_by64"
"CUFES:201104:FR:432",3,"bx2_by62"
"CUFES:201104:FR:433",3,"bx2_by62"
"CUFES:201104:FR:434",3,"bx2_by62"
"CUFES:201104:FR:435",3,"bx2_by62"
"CUFES:201104:FR:436",3,"bx2_by62"
"CUFES:201104:FR:437",4,"bx3_by63"
"CUFES:201104:FR:438",4,"bx3_by63"
"CUFES:201104:FR:439",4,"bx3_by63"
"CUFES:201104:FR:440",4,"bx3_by63"
"CUFES:201104:FR:441",4,"bx3_by63"
"CUFES:201104:FR:442",4,"bx3_by63"
"CUFES:201104:FR:443",4,"bx3_by63"
"CUFES:201104:FR:444",4,"bx3_by63"
"CUFES:201104:FR:445",4,"bx3_by63"
"CUFES:201104:FR:446",4,"bx3_by63"
"CUFES:201104:FR:447",4,"bx4_by63"
"CUFES:201104:FR:448",4,"bx4_by63"
"CUFES:201104:FR:449",4,"bx4_by63"
"CUFES:201104:FR:450",4,"bx4_by63"
"CUFES:201104:FR:451",4,"bx4_by63"
"CUFES:201104:FR:452",4,"bx4_by63"
"CUFES:201104:FR:453",4,"bx4_by63"
"CUFES:201104:FR:454",4,"bx4_by62"
"CUFES:201104:FR:455",4,"bx4_by62"
"CUFES:201104:FR:456",4,"bx4_by62"
"CUFES:201104:FR:457",4,"bx4_by62"
"CUFES:201104:FR:458",4,"bx4_by62"
"CUFES:201104:FR:459",4,"bx4_by62"
"CUFES:201104:FR:460",4,"bx4_by62"
"CUFES:201104:FR:461",4,"bx4_by62"
"CUFES:201104:FR:462",4,"bx4_by62"
"CUFES:201104:FR:463",4,"bx4_by62"
"CUFES:201104:FR:464",4,"bx4_by62"
"CUFES:201104:FR:465",4,"bx4_by62"
"CUFES:201104:FR:466",3,"bx3_by61"
"CUFES:201104:FR:467",3,"bx3_by61"
"CUFES:201104:FR:468",3,"bx3_by61"
"CUFES:201104:FR:469",3,"bx3_by61"
"CUFES:201104:FR:470",3,"bx4_by61"
"CUFES:201104:FR:471",3,"bx3_by61"
"CUFES:201104:FR:472",3,"bx4_by61"
"CUFES:201104:FR:473",3,"bx3_by61"
"CUFES:201104:FR:474",2,"bx3_by60"
"CUFES:201104:FR:475",2,"bx3_by60"
"CUFES:201104:FR:476",2,"bx4_by60"
"CUFES:201104:FR:477",2,"bx4_by60"
"CUFES:201104:FR:478",2,"bx4_by60"
"CUFES:201104:FR:480",3,"bx4_by61"
"CUFES:201104:FR:481",3,"bx4_by61"
"CUFES:201104:FR:482",3,"bx5_by61"
"CUFES:201104:FR:483",3,"bx5_by61"
"CUFES:201104:FR:484",3,"bx5_by61"
"CUFES:201104:FR:485",3,"bx5_by61"
"CUFES:201104:FR:486",3,"bx5_by61"
"CUFES:201104:FR:487",3,"bx6_by61"
"CUFES:201104:FR:488",3,"bx6_by61"
"CUFES:201104:FR:489",4,"bx6_by62"
"CUFES:201104:FR:490",4,"bx6_by62"
"CUFES:201104:FR:492",3,"bx7_by61"
"CUFES:201104:FR:494",3,"bx7_by61"
"CUFES:201104:FR:495",3,"bx7_by61"
"CUFES:201104:FR:496",3,"bx7_by61"
"CUFES:201104:FR:497",3,"bx7_by61"
"CUFES:201104:FR:498",3,"bx7_by61"
"CUFES:201104:FR:499",2,"bx6_by60"
"CUFES:201104:FR:500",2,"bx6_by60"
"CUFES:201104:FR:501",2,"bx6_by60"
"CUFES:201104:FR:502",2,"bx6_by60"
"CUFES:201104:FR:503",2,"bx6_by60"
"CUFES:201104:FR:504",2,"bx6_by60"
"CUFES:201104:FR:505",2,"bx6_by60"
"CUFES:201104:FR:506",2,"bx5_by60"
"CUFES:201104:FR:507",2,"bx5_by60"
"CUFES:201104:FR:508",2,"bx5_by60"
"CUFES:201104:FR:509",1,"bx5_by59"
"CUFES:201104:FR:510",1,"bx5_by59"
"CUFES:201104:FR:511",1,"bx5_by59"
"CUFES:201104:FR:512",1,"bx5_by59"
"CUFES:201104:FR:513",1,"bx5_by59"
"CUFES:201104:FR:514",1,"bx5_by59"
"CUFES:201104:FR:515",1,"bx5_by58"
"CUFES:201104:FR:518",1,"bx6_by59"
"CUFES:201104:FR:519",1,"bx6_by59"
"CUFES:201104:FR:520",1,"bx6_by59"
"CUFES:201104:FR:521",1,"bx6_by59"
"CUFES:201104:FR:522",1,"bx6_by59"
"CUFES:201104:SH:186",4,"bx2_by63"
"CUFES:201104:SH:187",4,"bx3_by63"
"CUFES:201104:SH:188",4,"bx3_by63"
"CUFES:201104:SH:189",4,"bx3_by63"
"CUFES:201104:SH:190",4,"bx4_by63"
"CUFES:201104:SH:191",4,"bx4_by62"
"CUFES:201104:SH:192",4,"bx4_by62"
"CUFES:201104:SH:193",4,"bx5_by62"
"CUFES:201104:SH:194",4,"bx5_by62"
"CUFES:201104:SH:195",4,"bx5_by62"
"CUFES:201104:SH:196",4,"bx6_by62"
"CUFES:201104:SH:197",3,"bx6_by61"
"CUFES:201104:SH:198",3,"bx6_by61"
"CUFES:201104:SH:199",3,"bx6_by61"
"CUFES:201104:SH:200",2,"bx6_by60"
"CUFES:201104:SH:201",2,"bx7_by60"
"CUFES:201104:SH:202",2,"bx7_by60"
"CUFES:201104:SH:203",2,"bx7_by60"
"CUFES:201104:SH:204",2,"bx7_by60"
"CUFES:201104:SH:205",2,"bx7_by60"
"CUFES:201104:SH:206",2,"bx7_by60"
"CUFES:201104:SH:207",2,"bx6_by60"
"CUFES:201104:SH:208",2,"bx6_by60"
"CUFES:201104:SH:209",1,"bx6_by59"
"CUFES:201104:SH:210",1,"bx6_by59"
"CUFES:201104:SH:211",1,"bx5_by59"
"CUFES:201104:SH:212",1,"bx5_by59"
"CUFES:201104:SH:213",1,"bx5_by59"
"CUFES:201104:SH:214",1,"bx4_by59"
"CUFES:201104:SH:265",1,"bx2_by59"
"CUFES:201104:SH:266",1,"bx2_by59"
"CUFES:201104:SH:267",1,"bx2_by59"
"CUFES:201104:SH:268",1,"bx3_by59"
"CUFES:201104:SH:269",1,"bx3_by59"
"CUFES:201104:SH:270",1,"bx3_by59"
"CUFES:201104:SH:271",2,"bx3_by60"
"CUFES:201104:SH:272",2,"bx4_by60"
"CUFES:201104:SH:273",2,"bx4_by60"
"CUFES:201104:SH:274",2,"bx4_by60"
"CUFES:201104:SH:275",2,"bx5_by60"
"CUFES:201104:SH:276",2,"bx5_by60"
"CUFES:201104:SH:277",2,"bx5_by60"
"CUFES:201104:SH:278",3,"bx5_by61"
"CUFES:201104:SH:279",3,"bx6_by61"
"CUFES:201104:SH:280",3,"bx6_by61"
"CUFES:201104:SH:281",3,"bx6_by61"
"CUFES:201104:SH:282",3,"bx7_by61"
"CUFES:201104:SH:283",3,"bx7_by61"
"CUFES:201104:SH:284",3,"bx6_by61"
"CUFES:201104:SH:285",4,"bx6_by62"
"CUFES:201104:SH:286",4,"bx6_by62"
"CUFES:201104:SH:287",4,"bx6_by62"
"CUFES:201104:SH:288",4,"bx5_by62"
"CUFES:201104:SH:289",4,"bx5_by62"
"CUFES:201104:SH:290",3,"bx4_by61"
"CUFES:201104:SH:291",3,"bx4_by61"
"CUFES:201104:SH:292",3,"bx4_by61"
"CUFES:201104:SH:293",3,"bx3_by61"
"CUFES:201104:SH:294",3,"bx3_by61"
"CUFES:201104:SH:295",3,"bx3_by61"
"CUFES:201104:SH:296",2,"bx2_by60"
"CUFES:201104:SH:297",2,"bx2_by60"
"CUFES:201104:SH:335",3,"bx2_by61"
"CUFES:201104:SH:336",3,"bx2_by62"
"CUFES:201104:SH:337",3,"bx2_by62"
"CUFES:201104:SH:338",4,"bx3_by62"
"CUFES:201104:SH:339",4,"bx3_by62"
"CUFES:201104:SH:340",4,"bx3_by62"
"CUFES:201104:SH:341",4,"bx3_by62"
"CUFES:201104:SH:342",4,"bx4_by62"
"CUFES:201104:SH:343",4,"bx4_by62"
"CUFES:201104:SH:344",4,"bx4_by62"
"CUFES:201104:SH:345",4,"bx4_by63"
"CUFES:201104:SH:346",4,"bx4_by63"
"CUFES:201104:SH:347",4,"bx3_by63"
"CUFES:201104:SH:348",4,"bx3_by63"
"CUFES:201104:SH:349",4,"bx2_by63"
"CUFES:201104:SH:350",4,"bx2_by63"
"CUFES:201104:SH:351",4,"bx2_by63"
"CUFES:201104:SH:352",4,"bx2_by63"
"CUFES:201104:SH:389",4,"bx2_by63"
"CUFES:201104:SH:390",4,"bx2_by63"
"CUFES:201104:SH:391",4,"bx3_by63"
"CUFES:201104:SH:392",4,"bx3_by63"
"CUFES:201104:SH:393",4,"bx3_by63"
"CUFES:201104:SH:394",4,"bx4_by62"
"CUFES:201104:SH:395",4,"bx4_by62"
"CUFES:201104:SH:396",4,"bx4_by62"
"CUFES:201104:SH:397",4,"bx5_by62"
"CUFES:201104:SH:398",4,"bx5_by62"
"CUFES:201104:SH:399",4,"bx5_by62"
"CUFES:201104:SH:400",3,"bx5_by61"
"CUFES:201104:SH:401",3,"bx5_by61"
"CUFES:201104:SH:402",3,"bx6_by61"
"CUFES:201104:SH:403",3,"bx6_by61"
"CUFES:201104:SH:404",2,"bx6_by60"
"CUFES:201104:SH:406",2,"bx6_by60"
"CUFES:201104:SH:408",2,"bx7_by60"
"CUFES:201104:SH:409",2,"bx7_by60"
"CUFES:201104:SH:410",2,"bx7_by60"
"CUFES:201108:NH:1",2,"bx7_by60"
"CUFES:201108:NH:10",2,"bx6_by60"
"CUFES:201108:NH:100",2,"bx4_by60"
"CUFES:201108:NH:101",2,"bx4_by60"
"CUFES:201108:NH:102",2,"bx4_by60"
"CUFES:201108:NH:103",2,"bx5_by60"
"CUFES:201108:NH:104",2,"bx5_by60"
"CUFES:201108:NH:105",2,"bx5_by60"
"CUFES:201108:NH:106",2,"bx5_by60"
"CUFES:201108:NH:107",2,"bx5_by60"
"CUFES:201108:NH:108",2,"bx5_by60"
"CUFES:201108:NH:109",2,"bx5_by60"
"CUFES:201108:NH:11",2,"bx6_by60"
"CUFES:201108:NH:110",3,"bx5_by61"
"CUFES:201108:NH:112",3,"bx6_by61"
"CUFES:201108:NH:113",3,"bx6_by61"
"CUFES:201108:NH:114",3,"bx6_by61"
"CUFES:201108:NH:115",3,"bx6_by61"
"CUFES:201108:NH:117",3,"bx6_by61"
"CUFES:201108:NH:118",3,"bx6_by61"
"CUFES:201108:NH:119",3,"bx6_by61"
"CUFES:201108:NH:12",1,"bx6_by59"
"CUFES:201108:NH:120",3,"bx6_by61"
"CUFES:201108:NH:121",3,"bx7_by61"
"CUFES:201108:NH:122",3,"bx7_by61"
"CUFES:201108:NH:123",3,"bx6_by61"
"CUFES:201108:NH:124",3,"bx6_by61"
"CUFES:201108:NH:125",3,"bx6_by61"
"CUFES:201108:NH:126",4,"bx6_by62"
"CUFES:201108:NH:127",4,"bx6_by62"
"CUFES:201108:NH:128",4,"bx6_by62"
"CUFES:201108:NH:129",4,"bx6_by62"
"CUFES:201108:NH:13",1,"bx6_by59"
"CUFES:201108:NH:130",4,"bx6_by62"
"CUFES:201108:NH:131",4,"bx6_by62"
"CUFES:201108:NH:132",4,"bx6_by62"
"CUFES:201108:NH:133",4,"bx6_by62"
"CUFES:201108:NH:134",4,"bx6_by62"
"CUFES:201108:NH:135",4,"bx6_by62"
"CUFES:201108:NH:138",4,"bx5_by62"
"CUFES:201108:NH:139",4,"bx5_by62"
"CUFES:201108:NH:14",1,"bx5_by59"
"CUFES:201108:NH:140",4,"bx5_by62"
"CUFES:201108:NH:141",4,"bx5_by62"
"CUFES:201108:NH:142",3,"bx5_by61"
"CUFES:201108:NH:143",3,"bx4_by61"
"CUFES:201108:NH:144",3,"bx4_by61"
"CUFES:201108:NH:145",3,"bx4_by61"
"CUFES:201108:NH:146",3,"bx4_by61"
"CUFES:201108:NH:147",3,"bx3_by61"
"CUFES:201108:NH:148",3,"bx3_by61"
"CUFES:201108:NH:149",3,"bx3_by61"
"CUFES:201108:NH:15",1,"bx5_by59"
"CUFES:201108:NH:150",3,"bx3_by61"
"CUFES:201108:NH:151",3,"bx2_by61"
"CUFES:201108:NH:153",2,"bx2_by60"
"CUFES:201108:NH:154",2,"bx2_by60"
"CUFES:201108:NH:155",2,"bx2_by60"
"CUFES:201108:NH:16",1,"bx5_by59"
"CUFES:201108:NH:17",1,"bx5_by59"
"CUFES:201108:NH:18",1,"bx5_by59"
"CUFES:201108:NH:19",1,"bx5_by59"
"CUFES:201108:NH:198",3,"bx2_by61"
"CUFES:201108:NH:199",3,"bx2_by62"
"CUFES:201108:NH:20",1,"bx4_by59"
"CUFES:201108:NH:200",3,"bx2_by62"
"CUFES:201108:NH:201",3,"bx2_by62"
"CUFES:201108:NH:202",3,"bx2_by62"
"CUFES:201108:NH:203",4,"bx3_by62"
"CUFES:201108:NH:204",4,"bx3_by62"
"CUFES:201108:NH:205",4,"bx3_by62"
"CUFES:201108:NH:206",4,"bx3_by62"
"CUFES:201108:NH:207",4,"bx3_by62"
"CUFES:201108:NH:208",4,"bx3_by62"
"CUFES:201108:NH:209",4,"bx4_by62"
"CUFES:201108:NH:21",1,"bx4_by59"
"CUFES:201108:NH:210",4,"bx4_by62"
"CUFES:201108:NH:212",4,"bx4_by62"
"CUFES:201108:NH:213",4,"bx4_by62"
"CUFES:201108:NH:214",4,"bx4_by63"
"CUFES:201108:NH:215",4,"bx4_by63"
"CUFES:201108:NH:216",4,"bx4_by63"
"CUFES:201108:NH:217",4,"bx4_by63"
"CUFES:201108:NH:218",4,"bx4_by63"
"CUFES:201108:NH:219",4,"bx3_by63"
"CUFES:201108:NH:220",4,"bx3_by63"
"CUFES:201108:NH:221",4,"bx3_by63"
"CUFES:201108:NH:222",4,"bx3_by63"
"CUFES:201108:NH:223",4,"bx3_by63"
"CUFES:201108:NH:224",4,"bx3_by63"
"CUFES:201108:NH:225",4,"bx3_by63"
"CUFES:201108:NH:226",4,"bx2_by63"
"CUFES:201108:NH:227",4,"bx2_by63"
"CUFES:201108:NH:228",4,"bx2_by63"
"CUFES:201108:NH:229",4,"bx2_by63"
"CUFES:201108:NH:276",4,"bx2_by64"
"CUFES:201108:NH:277",4,"bx2_by64"
"CUFES:201108:NH:278",4,"bx2_by63"
"CUFES:201108:NH:279",4,"bx2_by63"
"CUFES:201108:NH:280",4,"bx2_by63"
"CUFES:201108:NH:281",4,"bx2_by63"
"CUFES:201108:NH:283",4,"bx3_by63"
"CUFES:201108:NH:284",4,"bx3_by63"
"CUFES:201108:NH:286",4,"bx3_by63"
"CUFES:201108:NH:287",4,"bx4_by63"
"CUFES:201108:NH:288",4,"bx4_by62"
"CUFES:201108:NH:289",4,"bx4_by62"
"CUFES:201108:NH:290",4,"bx4_by62"
"CUFES:201108:NH:291",4,"bx4_by62"
"CUFES:201108:NH:292",4,"bx4_by62"
"CUFES:201108:NH:293",4,"bx4_by62"
"CUFES:201108:NH:294",4,"bx4_by62"
"CUFES:201108:NH:295",4,"bx5_by62"
"CUFES:201108:NH:296",4,"bx5_by62"
"CUFES:201108:NH:297",4,"bx5_by62"
"CUFES:201108:NH:298",4,"bx5_by62"
"CUFES:201108:NH:299",4,"bx5_by62"
"CUFES:201108:NH:3",2,"bx7_by60"
"CUFES:201108:NH:300",3,"bx5_by61"
"CUFES:201108:NH:301",3,"bx6_by61"
"CUFES:201108:NH:302",3,"bx6_by61"
"CUFES:201108:NH:303",3,"bx6_by61"
"CUFES:201108:NH:304",3,"bx6_by61"
"CUFES:201108:NH:305",3,"bx6_by61"
"CUFES:201108:NH:306",3,"bx6_by61"
"CUFES:201108:NH:307",2,"bx6_by60"
"CUFES:201108:NH:308",2,"bx7_by60"
"CUFES:201108:NH:309",2,"bx7_by60"
"CUFES:201108:NH:5",2,"bx7_by60"
"CUFES:201108:NH:6",2,"bx7_by60"
"CUFES:201108:NH:7",2,"bx7_by60"
"CUFES:201108:NH:8",2,"bx6_by60"
"CUFES:201108:NH:88",1,"bx2_by59"
"CUFES:201108:NH:89",1,"bx2_by59"
"CUFES:201108:NH:9",2,"bx6_by60"
"CUFES:201108:NH:90",1,"bx2_by59"
"CUFES:201108:NH:91",1,"bx3_by59"
"CUFES:201108:NH:92",1,"bx3_by59"
"CUFES:201108:NH:93",1,"bx3_by59"
"CUFES:201108:NH:94",1,"bx3_by59"
"CUFES:201108:NH:95",2,"bx4_by60"
"CUFES:201108:NH:96",2,"bx4_by60"
"CUFES:201108:NH:97",2,"bx4_by60"
"CUFES:201108:NH:98",2,"bx4_by60"
"CUFES:201108:NH:99",2,"bx4_by60"
"CUFES:201202:NH:1",3,"bx7_by61"
"CUFES:201202:NH:10",2,"bx7_by60"
"CUFES:201202:NH:100",2,"bx4_by60"
"CUFES:201202:NH:101",2,"bx4_by60"
"CUFES:201202:NH:103",2,"bx4_by60"
"CUFES:201202:NH:104",2,"bx4_by60"
"CUFES:201202:NH:105",2,"bx4_by60"
"CUFES:201202:NH:106",2,"bx4_by60"
"CUFES:201202:NH:107",2,"bx5_by60"
"CUFES:201202:NH:108",2,"bx5_by60"
"CUFES:201202:NH:109",2,"bx5_by60"
"CUFES:201202:NH:11",2,"bx6_by60"
"CUFES:201202:NH:110",2,"bx5_by60"
"CUFES:201202:NH:111",3,"bx5_by61"
"CUFES:201202:NH:112",3,"bx6_by61"
"CUFES:201202:NH:113",3,"bx6_by61"
"CUFES:201202:NH:114",3,"bx6_by61"
"CUFES:201202:NH:115",3,"bx6_by61"
"CUFES:201202:NH:117",3,"bx6_by61"
"CUFES:201202:NH:118",3,"bx7_by61"
"CUFES:201202:NH:119",3,"bx7_by61"
"CUFES:201202:NH:12",2,"bx6_by60"
"CUFES:201202:NH:120",3,"bx7_by61"
"CUFES:201202:NH:121",3,"bx6_by61"
"CUFES:201202:NH:122",3,"bx6_by61"
"CUFES:201202:NH:123",4,"bx6_by62"
"CUFES:201202:NH:124",4,"bx6_by62"
"CUFES:201202:NH:125",4,"bx6_by62"
"CUFES:201202:NH:126",4,"bx6_by62"
"CUFES:201202:NH:127",4,"bx6_by62"
"CUFES:201202:NH:128",4,"bx6_by62"
"CUFES:201202:NH:129",4,"bx6_by62"
"CUFES:201202:NH:13",2,"bx6_by60"
"CUFES:201202:NH:130",4,"bx5_by62"
"CUFES:201202:NH:131",4,"bx5_by62"
"CUFES:201202:NH:132",4,"bx5_by62"
"CUFES:201202:NH:133",4,"bx5_by62"
"CUFES:201202:NH:134",4,"bx5_by62"
"CUFES:201202:NH:135",4,"bx5_by62"
"CUFES:201202:NH:137",4,"bx5_by62"
"CUFES:201202:NH:138",4,"bx5_by62"
"CUFES:201202:NH:139",4,"bx5_by62"
"CUFES:201202:NH:14",1,"bx6_by59"
"CUFES:201202:NH:140",4,"bx5_by62"
"CUFES:201202:NH:141",3,"bx5_by61"
"CUFES:201202:NH:142",3,"bx4_by61"
"CUFES:201202:NH:143",3,"bx4_by61"
"CUFES:201202:NH:144",3,"bx4_by61"
"CUFES:201202:NH:145",3,"bx4_by61"
"CUFES:201202:NH:146",3,"bx4_by61"
"CUFES:201202:NH:147",3,"bx4_by61"
"CUFES:201202:NH:148",3,"bx3_by61"
"CUFES:201202:NH:149",3,"bx3_by61"
"CUFES:201202:NH:15",1,"bx6_by59"
"CUFES:201202:NH:150",3,"bx3_by61"
"CUFES:201202:NH:151",3,"bx3_by61"
"CUFES:201202:NH:152",3,"bx3_by61"
"CUFES:201202:NH:153",2,"bx3_by60"
"CUFES:201202:NH:154",2,"bx2_by60"
"CUFES:201202:NH:155",2,"bx2_by60"
"CUFES:201202:NH:156",2,"bx2_by60"
"CUFES:201202:NH:157",2,"bx2_by60"
"CUFES:201202:NH:16",1,"bx5_by59"
"CUFES:201202:NH:17",1,"bx5_by59"
"CUFES:201202:NH:18",1,"bx5_by59"
"CUFES:201202:NH:19",1,"bx5_by59"
"CUFES:201202:NH:2",3,"bx7_by61"
"CUFES:201202:NH:20",1,"bx5_by59"
"CUFES:201202:NH:209",3,"bx2_by61"
"CUFES:201202:NH:21",1,"bx5_by59"
"CUFES:201202:NH:210",3,"bx2_by61"
"CUFES:201202:NH:211",3,"bx2_by61"
"CUFES:201202:NH:212",3,"bx2_by62"
"CUFES:201202:NH:213",3,"bx2_by62"
"CUFES:201202:NH:214",3,"bx2_by62"
"CUFES:201202:NH:215",4,"bx3_by62"
"CUFES:201202:NH:216",4,"bx3_by62"
"CUFES:201202:NH:217",4,"bx3_by62"
"CUFES:201202:NH:218",4,"bx3_by62"
"CUFES:201202:NH:219",4,"bx3_by62"
"CUFES:201202:NH:22",1,"bx4_by59"
"CUFES:201202:NH:220",4,"bx3_by62"
"CUFES:201202:NH:221",4,"bx4_by62"
"CUFES:201202:NH:222",4,"bx4_by62"
"CUFES:201202:NH:223",4,"bx4_by62"
"CUFES:201202:NH:224",4,"bx4_by62"
"CUFES:201202:NH:225",4,"bx4_by63"
"CUFES:201202:NH:226",4,"bx4_by63"
"CUFES:201202:NH:227",4,"bx4_by63"
"CUFES:201202:NH:228",4,"bx4_by63"
"CUFES:201202:NH:229",4,"bx4_by63"
"CUFES:201202:NH:23",1,"bx4_by59"
"CUFES:201202:NH:230",4,"bx4_by63"
"CUFES:201202:NH:231",4,"bx4_by63"
"CUFES:201202:NH:232",4,"bx3_by63"
"CUFES:201202:NH:233",4,"bx3_by63"
"CUFES:201202:NH:234",4,"bx3_by63"
"CUFES:201202:NH:235",4,"bx3_by63"
"CUFES:201202:NH:236",4,"bx3_by63"
"CUFES:201202:NH:237",4,"bx3_by63"
"CUFES:201202:NH:238",4,"bx3_by63"
"CUFES:201202:NH:239",4,"bx3_by63"
"CUFES:201202:NH:24",1,"bx4_by59"
"CUFES:201202:NH:240",4,"bx3_by63"
"CUFES:201202:NH:241",4,"bx3_by63"
"CUFES:201202:NH:242",4,"bx2_by63"
"CUFES:201202:NH:243",4,"bx2_by63"
"CUFES:201202:NH:244",4,"bx2_by63"
"CUFES:201202:NH:245",4,"bx2_by63"
"CUFES:201202:NH:246",4,"bx2_by63"
"CUFES:201202:NH:3",3,"bx7_by61"
"CUFES:201202:NH:324",4,"bx2_by64"
"CUFES:201202:NH:325",4,"bx2_by64"
"CUFES:201202:NH:326",4,"bx2_by64"
"CUFES:201202:NH:327",4,"bx2_by64"
"CUFES:201202:NH:328",4,"bx2_by63"
"CUFES:201202:NH:329",4,"bx2_by63"
"CUFES:201202:NH:330",4,"bx2_by63"
"CUFES:201202:NH:331",4,"bx2_by63"
"CUFES:201202:NH:332",4,"bx2_by63"
"CUFES:201202:NH:333",4,"bx2_by63"
"CUFES:201202:NH:334",3,"bx2_by62"
"CUFES:201202:NH:335",3,"bx2_by62"
"CUFES:201202:NH:336",3,"bx2_by62"
"CUFES:201202:NH:337",3,"bx2_by62"
"CUFES:201202:NH:338",3,"bx2_by62"
"CUFES:201202:NH:339",3,"bx2_by62"
"CUFES:201202:NH:340",3,"bx2_by62"
"CUFES:201202:NH:341",3,"bx2_by62"
"CUFES:201202:NH:342",3,"bx2_by62"
"CUFES:201202:NH:343",4,"bx3_by62"
"CUFES:201202:NH:344",4,"bx3_by62"
"CUFES:201202:NH:345",4,"bx3_by62"
"CUFES:201202:NH:346",3,"bx3_by61"
"CUFES:201202:NH:347",3,"bx4_by61"
"CUFES:201202:NH:348",3,"bx4_by61"
"CUFES:201202:NH:349",3,"bx4_by61"
"CUFES:201202:NH:350",3,"bx4_by61"
"CUFES:201202:NH:351",3,"bx4_by61"
"CUFES:201202:NH:352",3,"bx4_by61"
"CUFES:201202:NH:353",3,"bx5_by61"
"CUFES:201202:NH:354",3,"bx5_by61"
"CUFES:201202:NH:355",3,"bx5_by61"
"CUFES:201202:NH:356",3,"bx5_by61"
"CUFES:201202:NH:357",2,"bx6_by60"
"CUFES:201202:NH:358",2,"bx6_by60"
"CUFES:201202:NH:359",2,"bx6_by60"
"CUFES:201202:NH:360",2,"bx6_by60"
"CUFES:201202:NH:361",2,"bx6_by60"
"CUFES:201202:NH:362",2,"bx7_by60"
"CUFES:201202:NH:363",2,"bx7_by60"
"CUFES:201202:NH:364",2,"bx7_by60"
"CUFES:201202:NH:365",2,"bx7_by60"
"CUFES:201202:NH:4",2,"bx7_by60"
"CUFES:201202:NH:5",2,"bx7_by60"
"CUFES:201202:NH:6",2,"bx7_by60"
"CUFES:201202:NH:7",2,"bx7_by60"
"CUFES:201202:NH:8",2,"bx7_by60"
"CUFES:201202:NH:89",1,"bx2_by59"
"CUFES:201202:NH:9",2,"bx7_by60"
"CUFES:201202:NH:90",1,"bx2_by59"
"CUFES:201202:NH:91",1,"bx2_by59"
"CUFES:201202:NH:92",1,"bx2_by59"
"CUFES:201202:NH:93",1,"bx2_by59"
"CUFES:201202:NH:94",1,"bx3_by59"
"CUFES:201202:NH:95",1,"bx3_by59"
"CUFES:201202:NH:96",1,"bx3_by59"
"CUFES:201202:NH:97",1,"bx3_by59"
"CUFES:201202:NH:98",1,"bx3_by59"
"CUFES:201202:NH:99",2,"bx3_by60"
"CUFES:201203:SH:1",2,"bx7_by60"
"CUFES:201203:SH:10",2,"bx6_by60"
"CUFES:201203:SH:100",2,"bx4_by60"
"CUFES:201203:SH:101",2,"bx4_by60"
"CUFES:201203:SH:102",2,"bx4_by60"
"CUFES:201203:SH:103",2,"bx5_by60"
"CUFES:201203:SH:104",2,"bx5_by60"
"CUFES:201203:SH:105",2,"bx5_by60"
"CUFES:201203:SH:106",2,"bx5_by60"
"CUFES:201203:SH:107",2,"bx5_by60"
"CUFES:201203:SH:108",3,"bx5_by61"
"CUFES:201203:SH:109",3,"bx6_by61"
"CUFES:201203:SH:11",1,"bx6_by59"
"CUFES:201203:SH:110",3,"bx6_by61"
"CUFES:201203:SH:111",3,"bx6_by61"
"CUFES:201203:SH:112",3,"bx6_by61"
"CUFES:201203:SH:113",3,"bx6_by61"
"CUFES:201203:SH:114",3,"bx7_by61"
"CUFES:201203:SH:115",3,"bx7_by61"
"CUFES:201203:SH:116",3,"bx6_by61"
"CUFES:201203:SH:117",3,"bx6_by61"
"CUFES:201203:SH:118",3,"bx6_by61"
"CUFES:201203:SH:119",3,"bx6_by61"
"CUFES:201203:SH:12",1,"bx6_by59"
"CUFES:201203:SH:120",3,"bx6_by61"
"CUFES:201203:SH:121",3,"bx5_by61"
"CUFES:201203:SH:122",3,"bx5_by61"
"CUFES:201203:SH:123",4,"bx5_by62"
"CUFES:201203:SH:124",4,"bx5_by62"
"CUFES:201203:SH:125",4,"bx5_by62"
"CUFES:201203:SH:126",3,"bx5_by61"
"CUFES:201203:SH:127",3,"bx4_by61"
"CUFES:201203:SH:128",3,"bx4_by61"
"CUFES:201203:SH:129",3,"bx4_by61"
"CUFES:201203:SH:13",1,"bx6_by59"
"CUFES:201203:SH:130",3,"bx4_by61"
"CUFES:201203:SH:131",3,"bx4_by61"
"CUFES:201203:SH:132",3,"bx4_by61"
"CUFES:201203:SH:133",3,"bx4_by61"
"CUFES:201203:SH:134",3,"bx3_by61"
"CUFES:201203:SH:135",3,"bx3_by61"
"CUFES:201203:SH:136",3,"bx3_by61"
"CUFES:201203:SH:137",3,"bx3_by61"
"CUFES:201203:SH:138",3,"bx3_by61"
"CUFES:201203:SH:139",2,"bx3_by60"
"CUFES:201203:SH:14",1,"bx5_by59"
"CUFES:201203:SH:140",2,"bx2_by60"
"CUFES:201203:SH:141",2,"bx2_by60"
"CUFES:201203:SH:142",2,"bx2_by60"
"CUFES:201203:SH:143",2,"bx2_by60"
"CUFES:201203:SH:144",2,"bx2_by60"
"CUFES:201203:SH:145",2,"bx2_by60"
"CUFES:201203:SH:15",1,"bx5_by59"
"CUFES:201203:SH:155",3,"bx2_by61"
"CUFES:201203:SH:156",3,"bx2_by61"
"CUFES:201203:SH:158",3,"bx2_by62"
"CUFES:201203:SH:159",4,"bx3_by62"
"CUFES:201203:SH:16",1,"bx5_by59"
"CUFES:201203:SH:160",4,"bx3_by62"
"CUFES:201203:SH:161",4,"bx3_by62"
"CUFES:201203:SH:162",4,"bx3_by62"
"CUFES:201203:SH:163",4,"bx3_by62"
"CUFES:201203:SH:164",4,"bx3_by62"
"CUFES:201203:SH:165",4,"bx4_by62"
"CUFES:201203:SH:166",4,"bx4_by62"
"CUFES:201203:SH:167",4,"bx4_by62"
"CUFES:201203:SH:168",4,"bx4_by62"
"CUFES:201203:SH:169",4,"bx4_by62"
"CUFES:201203:SH:17",1,"bx5_by59"
"CUFES:201203:SH:170",4,"bx5_by62"
"CUFES:201203:SH:171",4,"bx5_by62"
"CUFES:201203:SH:172",4,"bx5_by62"
"CUFES:201203:SH:173",4,"bx5_by62"
"CUFES:201203:SH:174",4,"bx5_by62"
"CUFES:201203:SH:175",4,"bx5_by62"
"CUFES:201203:SH:176",4,"bx5_by62"
"CUFES:201203:SH:177",4,"bx5_by62"
"CUFES:201203:SH:178",4,"bx5_by62"
"CUFES:201203:SH:179",4,"bx5_by62"
"CUFES:201203:SH:18",1,"bx5_by59"
"CUFES:201203:SH:180",4,"bx5_by62"
"CUFES:201203:SH:181",4,"bx5_by62"
"CUFES:201203:SH:182",4,"bx4_by62"
"CUFES:201203:SH:183",4,"bx4_by62"
"CUFES:201203:SH:184",4,"bx4_by62"
"CUFES:201203:SH:185",4,"bx4_by62"
"CUFES:201203:SH:186",4,"bx4_by63"
"CUFES:201203:SH:187",4,"bx4_by63"
"CUFES:201203:SH:188",4,"bx4_by63"
"CUFES:201203:SH:189",4,"bx4_by63"
"CUFES:201203:SH:19",1,"bx5_by59"
"CUFES:201203:SH:190",4,"bx3_by63"
"CUFES:201203:SH:191",4,"bx3_by63"
"CUFES:201203:SH:192",4,"bx3_by63"
"CUFES:201203:SH:193",4,"bx3_by63"
"CUFES:201203:SH:194",4,"bx3_by63"
"CUFES:201203:SH:195",4,"bx3_by63"
"CUFES:201203:SH:196",4,"bx2_by63"
"CUFES:201203:SH:197",4,"bx2_by63"
"CUFES:201203:SH:198",4,"bx2_by64"
"CUFES:201203:SH:199",4,"bx2_by64"
"CUFES:201203:SH:2",2,"bx7_by60"
"CUFES:201203:SH:20",1,"bx4_by59"
"CUFES:201203:SH:200",4,"bx2_by64"
"CUFES:201203:SH:278",4,"bx2_by63"
"CUFES:201203:SH:280",4,"bx3_by63"
"CUFES:201203:SH:281",4,"bx3_by63"
"CUFES:201203:SH:282",4,"bx3_by63"
"CUFES:201203:SH:283",4,"bx3_by63"
"CUFES:201203:SH:284",4,"bx3_by63"
"CUFES:201203:SH:285",4,"bx3_by63"
"CUFES:201203:SH:286",4,"bx2_by63"
"CUFES:201203:SH:287",4,"bx2_by63"
"CUFES:201203:SH:288",4,"bx2_by63"
"CUFES:201203:SH:289",4,"bx2_by63"
"CUFES:201203:SH:291",3,"bx2_by62"
"CUFES:201203:SH:292",3,"bx2_by62"
"CUFES:201203:SH:293",4,"bx3_by62"
"CUFES:201203:SH:294",4,"bx3_by62"
"CUFES:201203:SH:295",4,"bx3_by62"
"CUFES:201203:SH:297",3,"bx5_by61"
"CUFES:201203:SH:298",3,"bx5_by61"
"CUFES:201203:SH:299",3,"bx5_by61"
"CUFES:201203:SH:3",2,"bx7_by60"
"CUFES:201203:SH:300",2,"bx6_by60"
"CUFES:201203:SH:301",2,"bx6_by60"
"CUFES:201203:SH:302",2,"bx6_by60"
"CUFES:201203:SH:303",2,"bx7_by60"
"CUFES:201203:SH:4",2,"bx7_by60"
"CUFES:201203:SH:5",2,"bx7_by60"
"CUFES:201203:SH:6",2,"bx7_by60"
"CUFES:201203:SH:7",2,"bx7_by60"
"CUFES:201203:SH:8",2,"bx7_by60"
"CUFES:201203:SH:89",1,"bx2_by59"
"CUFES:201203:SH:9",2,"bx6_by60"
"CUFES:201203:SH:90",1,"bx2_by59"
"CUFES:201203:SH:91",1,"bx2_by59"
"CUFES:201203:SH:92",1,"bx3_by59"
"CUFES:201203:SH:93",1,"bx3_by59"
"CUFES:201203:SH:94",1,"bx3_by59"
"CUFES:201203:SH:95",1,"bx3_by59"
"CUFES:201203:SH:96",2,"bx3_by60"
"CUFES:201203:SH:97",2,"bx4_by60"
"CUFES:201203:SH:98",2,"bx4_by60"
"CUFES:201203:SH:99",2,"bx4_by60"
"CUFES:201204:OS:474",4,"bx2_by64"
"CUFES:201204:OS:475",4,"bx2_by64"
"CUFES:201204:OS:476",4,"bx2_by64"
"CUFES:201204:OS:477",4,"bx2_by64"
"CUFES:201204:OS:478",4,"bx2_by64"
"CUFES:201204:OS:479",4,"bx2_by63"
"CUFES:201204:OS:480",4,"bx2_by63"
"CUFES:201204:OS:481",4,"bx2_by63"
"CUFES:201204:OS:482",4,"bx2_by63"
"CUFES:201204:OS:483",4,"bx2_by63"
"CUFES:201204:OS:484",4,"bx2_by63"
"CUFES:201204:OS:485",4,"bx2_by63"
"CUFES:201204:OS:486",4,"bx2_by63"
"CUFES:201204:OS:487",4,"bx2_by63"
"CUFES:201204:OS:488",4,"bx2_by63"
"CUFES:201204:OS:489",4,"bx2_by63"
"CUFES:201204:OS:490",4,"bx2_by63"
"CUFES:201204:OS:491",4,"bx2_by63"
"CUFES:201204:OS:492",4,"bx2_by63"
"CUFES:201204:OS:493",4,"bx2_by63"
"CUFES:201204:SH:1",2,"bx7_by60"
"CUFES:201204:SH:10",3,"bx5_by61"
"CUFES:201204:SH:100",4,"bx6_by62"
"CUFES:201204:SH:101",4,"bx6_by62"
"CUFES:201204:SH:102",4,"bx6_by62"
"CUFES:201204:SH:103",4,"bx6_by62"
"CUFES:201204:SH:104",3,"bx6_by61"
"CUFES:201204:SH:105",3,"bx6_by61"
"CUFES:201204:SH:106",3,"bx5_by61"
"CUFES:201204:SH:107",3,"bx5_by61"
"CUFES:201204:SH:108",3,"bx5_by61"
"CUFES:201204:SH:109",3,"bx5_by61"
"CUFES:201204:SH:11",3,"bx5_by61"
"CUFES:201204:SH:110",3,"bx5_by61"
"CUFES:201204:SH:111",3,"bx5_by61"
"CUFES:201204:SH:112",3,"bx5_by61"
"CUFES:201204:SH:113",3,"bx4_by61"
"CUFES:201204:SH:114",2,"bx4_by60"
"CUFES:201204:SH:115",2,"bx4_by60"
"CUFES:201204:SH:116",2,"bx4_by60"
"CUFES:201204:SH:117",3,"bx4_by61"
"CUFES:201204:SH:118",3,"bx5_by61"
"CUFES:201204:SH:12",3,"bx5_by61"
"CUFES:201204:SH:120",3,"bx4_by61"
"CUFES:201204:SH:121",3,"bx4_by61"
"CUFES:201204:SH:122",3,"bx4_by61"
"CUFES:201204:SH:123",3,"bx4_by61"
"CUFES:201204:SH:124",2,"bx4_by60"
"CUFES:201204:SH:125",2,"bx4_by60"
"CUFES:201204:SH:126",2,"bx4_by60"
"CUFES:201204:SH:127",2,"bx3_by60"
"CUFES:201204:SH:128",2,"bx3_by60"
"CUFES:201204:SH:129",2,"bx3_by60"
"CUFES:201204:SH:13",4,"bx5_by62"
"CUFES:201204:SH:130",2,"bx3_by60"
"CUFES:201204:SH:131",2,"bx3_by60"
"CUFES:201204:SH:132",2,"bx3_by60"
"CUFES:201204:SH:133",2,"bx3_by60"
"CUFES:201204:SH:134",2,"bx3_by60"
"CUFES:201204:SH:135",2,"bx2_by60"
"CUFES:201204:SH:136",2,"bx2_by60"
"CUFES:201204:SH:137",2,"bx2_by60"
"CUFES:201204:SH:138",1,"bx2_by59"
"CUFES:201204:SH:139",1,"bx2_by59"
"CUFES:201204:SH:14",4,"bx5_by62"
"CUFES:201204:SH:140",1,"bx2_by59"
"CUFES:201204:SH:141",1,"bx2_by59"
"CUFES:201204:SH:142",1,"bx2_by59"
"CUFES:201204:SH:143",1,"bx2_by59"
"CUFES:201204:SH:15",4,"bx5_by62"
"CUFES:201204:SH:159",1,"bx2_by59"
"CUFES:201204:SH:16",4,"bx5_by62"
"CUFES:201204:SH:160",1,"bx2_by59"
"CUFES:201204:SH:161",1,"bx2_by59"
"CUFES:201204:SH:162",1,"bx2_by59"
"CUFES:201204:SH:163",1,"bx2_by59"
"CUFES:201204:SH:164",1,"bx2_by59"
"CUFES:201204:SH:165",1,"bx2_by59"
"CUFES:201204:SH:166",1,"bx2_by59"
"CUFES:201204:SH:167",1,"bx3_by59"
"CUFES:201204:SH:168",1,"bx3_by59"
"CUFES:201204:SH:169",1,"bx3_by59"
"CUFES:201204:SH:170",1,"bx3_by59"
"CUFES:201204:SH:171",1,"bx3_by59"
"CUFES:201204:SH:172",1,"bx3_by59"
"CUFES:201204:SH:173",2,"bx3_by60"
"CUFES:201204:SH:174",2,"bx4_by60"
"CUFES:201204:SH:175",2,"bx4_by60"
"CUFES:201204:SH:176",2,"bx4_by60"
"CUFES:201204:SH:177",2,"bx4_by60"
"CUFES:201204:SH:178",2,"bx4_by60"
"CUFES:201204:SH:179",2,"bx4_by60"
"CUFES:201204:SH:18",4,"bx4_by62"
"CUFES:201204:SH:180",2,"bx4_by60"
"CUFES:201204:SH:181",2,"bx4_by60"
"CUFES:201204:SH:182",2,"bx4_by60"
"CUFES:201204:SH:183",2,"bx3_by60"
"CUFES:201204:SH:184",2,"bx3_by60"
"CUFES:201204:SH:185",2,"bx3_by60"
"CUFES:201204:SH:186",2,"bx2_by60"
"CUFES:201204:SH:187",2,"bx2_by60"
"CUFES:201204:SH:19",4,"bx4_by62"
"CUFES:201204:SH:2",2,"bx7_by60"
"CUFES:201204:SH:20",4,"bx4_by62"
"CUFES:201204:SH:21",4,"bx4_by62"
"CUFES:201204:SH:22",4,"bx4_by62"
"CUFES:201204:SH:23",4,"bx3_by62"
"CUFES:201204:SH:24",4,"bx3_by62"
"CUFES:201204:SH:25",3,"bx3_by61"
"CUFES:201204:SH:26",3,"bx3_by61"
"CUFES:201204:SH:27",3,"bx3_by61"
"CUFES:201204:SH:28",3,"bx3_by61"
"CUFES:201204:SH:29",4,"bx3_by62"
"CUFES:201204:SH:3",2,"bx7_by60"
"CUFES:201204:SH:30",4,"bx3_by62"
"CUFES:201204:SH:31",3,"bx3_by61"
"CUFES:201204:SH:32",3,"bx3_by61"
"CUFES:201204:SH:33",3,"bx3_by61"
"CUFES:201204:SH:35",3,"bx2_by61"
"CUFES:201204:SH:36",3,"bx2_by61"
"CUFES:201204:SH:37",3,"bx2_by61"
"CUFES:201204:SH:38",3,"bx2_by61"
"CUFES:201204:SH:39",3,"bx2_by61"
"CUFES:201204:SH:4",2,"bx6_by60"
"CUFES:201204:SH:40",3,"bx2_by61"
"CUFES:201204:SH:5",2,"bx6_by60"
"CUFES:201204:SH:6",2,"bx6_by60"
"CUFES:201204:SH:64",2,"bx2_by60"
"CUFES:201204:SH:65",2,"bx2_by60"
"CUFES:201204:SH:66",2,"bx2_by60"
"CUFES:201204:SH:67",2,"bx2_by60"
"CUFES:201204:SH:68",2,"bx2_by60"
"CUFES:201204:SH:69",2,"bx2_by60"
"CUFES:201204:SH:7",3,"bx6_by61"
"CUFES:201204:SH:70",2,"bx3_by60"
"CUFES:201204:SH:71",2,"bx3_by60"
"CUFES:201204:SH:72",2,"bx3_by60"
"CUFES:201204:SH:73",2,"bx3_by60"
"CUFES:201204:SH:74",2,"bx3_by60"
"CUFES:201204:SH:75",2,"bx3_by60"
"CUFES:201204:SH:76",3,"bx3_by61"
"CUFES:201204:SH:77",3,"bx3_by61"
"CUFES:201204:SH:78",3,"bx3_by61"
"CUFES:201204:SH:79",3,"bx3_by61"
"CUFES:201204:SH:8",3,"bx6_by61"
"CUFES:201204:SH:80",3,"bx3_by61"
"CUFES:201204:SH:81",3,"bx3_by61"
"CUFES:201204:SH:82",3,"bx4_by61"
"CUFES:201204:SH:83",3,"bx4_by61"
"CUFES:201204:SH:84",3,"bx4_by61"
"CUFES:201204:SH:85",3,"bx4_by61"
"CUFES:201204:SH:86",3,"bx4_by61"
"CUFES:201204:SH:87",3,"bx4_by61"
"CUFES:201204:SH:88",3,"bx5_by61"
"CUFES:201204:SH:89",4,"bx5_by62"
"CUFES:201204:SH:9",3,"bx5_by61"
"CUFES:201204:SH:90",4,"bx5_by62"
"CUFES:201204:SH:91",4,"bx5_by62"
"CUFES:201204:SH:92",4,"bx5_by62"
"CUFES:201204:SH:93",4,"bx5_by62"
"CUFES:201204:SH:94",4,"bx5_by62"
"CUFES:201204:SH:95",4,"bx5_by62"
"CUFES:201204:SH:96",4,"bx5_by62"
"CUFES:201204:SH:97",4,"bx5_by62"
"CUFES:201204:SH:98",4,"bx5_by62"
"CUFES:201204:SH:99",4,"bx5_by62"
"CUFES:201207:OS:1",2,"bx7_by60"
"CUFES:201207:OS:10",2,"bx7_by60"
"CUFES:201207:OS:11",2,"bx7_by60"
"CUFES:201207:OS:117",1,"bx2_by59"
"CUFES:201207:OS:118",1,"bx2_by59"
"CUFES:201207:OS:119",1,"bx2_by59"
"CUFES:201207:OS:12",2,"bx7_by60"
"CUFES:201207:OS:120",1,"bx2_by59"
"CUFES:201207:OS:121",1,"bx2_by59"
"CUFES:201207:OS:122",1,"bx3_by59"
"CUFES:201207:OS:123",1,"bx3_by59"
"CUFES:201207:OS:124",1,"bx3_by59"
"CUFES:201207:OS:125",1,"bx3_by59"
"CUFES:201207:OS:126",1,"bx3_by59"
"CUFES:201207:OS:127",1,"bx3_by59"
"CUFES:201207:OS:128",1,"bx3_by59"
"CUFES:201207:OS:129",1,"bx3_by59"
"CUFES:201207:OS:13",3,"bx7_by61"
"CUFES:201207:OS:130",1,"bx3_by59"
"CUFES:201207:OS:131",2,"bx4_by60"
"CUFES:201207:OS:132",2,"bx4_by60"
"CUFES:201207:OS:133",2,"bx4_by60"
"CUFES:201207:OS:134",2,"bx4_by60"
"CUFES:201207:OS:135",2,"bx5_by60"
"CUFES:201207:OS:136",2,"bx5_by60"
"CUFES:201207:OS:137",2,"bx5_by60"
"CUFES:201207:OS:138",2,"bx5_by60"
"CUFES:201207:OS:139",2,"bx5_by60"
"CUFES:201207:OS:140",3,"bx5_by61"
"CUFES:201207:OS:141",3,"bx5_by61"
"CUFES:201207:OS:142",3,"bx6_by61"
"CUFES:201207:OS:143",3,"bx6_by61"
"CUFES:201207:OS:144",3,"bx6_by61"
"CUFES:201207:OS:145",3,"bx6_by61"
"CUFES:201207:OS:146",3,"bx6_by61"
"CUFES:201207:OS:147",3,"bx6_by61"
"CUFES:201207:OS:148",3,"bx7_by61"
"CUFES:201207:OS:149",3,"bx6_by61"
"CUFES:201207:OS:15",3,"bx7_by61"
"CUFES:201207:OS:150",3,"bx6_by61"
"CUFES:201207:OS:151",4,"bx6_by62"
"CUFES:201207:OS:152",4,"bx6_by62"
"CUFES:201207:OS:153",4,"bx6_by62"
"CUFES:201207:OS:154",4,"bx6_by62"
"CUFES:201207:OS:155",4,"bx6_by62"
"CUFES:201207:OS:156",4,"bx6_by62"
"CUFES:201207:OS:157",4,"bx6_by62"
"CUFES:201207:OS:158",4,"bx6_by62"
"CUFES:201207:OS:159",4,"bx5_by62"
"CUFES:201207:OS:16",3,"bx7_by61"
"CUFES:201207:OS:160",4,"bx5_by62"
"CUFES:201207:OS:161",4,"bx5_by62"
"CUFES:201207:OS:162",4,"bx5_by62"
"CUFES:201207:OS:163",4,"bx5_by62"
"CUFES:201207:OS:164",4,"bx5_by62"
"CUFES:201207:OS:165",4,"bx5_by62"
"CUFES:201207:OS:166",4,"bx5_by62"
"CUFES:201207:OS:167",4,"bx5_by62"
"CUFES:201207:OS:168",4,"bx5_by62"
"CUFES:201207:OS:169",4,"bx5_by62"
"CUFES:201207:OS:17",3,"bx7_by61"
"CUFES:201207:OS:170",3,"bx5_by61"
"CUFES:201207:OS:171",3,"bx4_by61"
"CUFES:201207:OS:172",3,"bx4_by61"
"CUFES:201207:OS:173",3,"bx4_by61"
"CUFES:201207:OS:174",3,"bx4_by61"
"CUFES:201207:OS:175",3,"bx4_by61"
"CUFES:201207:OS:176",3,"bx4_by61"
"CUFES:201207:OS:177",3,"bx4_by61"
"CUFES:201207:OS:178",3,"bx3_by61"
"CUFES:201207:OS:179",3,"bx3_by61"
"CUFES:201207:OS:18",3,"bx7_by61"
"CUFES:201207:OS:180",3,"bx3_by61"
"CUFES:201207:OS:181",3,"bx3_by61"
"CUFES:201207:OS:182",2,"bx3_by60"
"CUFES:201207:OS:183",2,"bx3_by60"
"CUFES:201207:OS:184",2,"bx2_by60"
"CUFES:201207:OS:185",2,"bx2_by60"
"CUFES:201207:OS:186",2,"bx2_by60"
"CUFES:201207:OS:187",2,"bx2_by60"
"CUFES:201207:OS:188",2,"bx2_by60"
"CUFES:201207:OS:189",2,"bx2_by60"
"CUFES:201207:OS:19",2,"bx7_by60"
"CUFES:201207:OS:190",2,"bx2_by60"
"CUFES:201207:OS:191",2,"bx2_by60"
"CUFES:201207:OS:2",2,"bx7_by60"
"CUFES:201207:OS:20",2,"bx7_by60"
"CUFES:201207:OS:21",2,"bx7_by60"
"CUFES:201207:OS:22",2,"bx7_by60"
"CUFES:201207:OS:23",2,"bx7_by60"
"CUFES:201207:OS:24",2,"bx6_by60"
"CUFES:201207:OS:244",3,"bx2_by61"
"CUFES:201207:OS:245",3,"bx2_by62"
"CUFES:201207:OS:246",3,"bx2_by62"
"CUFES:201207:OS:247",3,"bx2_by62"
"CUFES:201207:OS:248",3,"bx2_by62"
"CUFES:201207:OS:249",4,"bx3_by62"
"CUFES:201207:OS:25",2,"bx6_by60"
"CUFES:201207:OS:250",4,"bx3_by62"
"CUFES:201207:OS:251",4,"bx3_by62"
"CUFES:201207:OS:252",4,"bx3_by62"
"CUFES:201207:OS:253",4,"bx3_by62"
"CUFES:201207:OS:254",4,"bx3_by62"
"CUFES:201207:OS:255",4,"bx4_by62"
"CUFES:201207:OS:256",4,"bx4_by62"
"CUFES:201207:OS:257",4,"bx4_by62"
"CUFES:201207:OS:258",4,"bx4_by63"
"CUFES:201207:OS:259",4,"bx4_by63"
"CUFES:201207:OS:26",2,"bx6_by60"
"CUFES:201207:OS:260",4,"bx4_by63"
"CUFES:201207:OS:261",4,"bx4_by63"
"CUFES:201207:OS:262",4,"bx4_by63"
"CUFES:201207:OS:263",4,"bx4_by63"
"CUFES:201207:OS:264",4,"bx3_by63"
"CUFES:201207:OS:265",4,"bx3_by63"
"CUFES:201207:OS:266",4,"bx3_by63"
"CUFES:201207:OS:267",4,"bx3_by63"
"CUFES:201207:OS:268",4,"bx3_by63"
"CUFES:201207:OS:269",4,"bx3_by63"
"CUFES:201207:OS:27",2,"bx6_by60"
"CUFES:201207:OS:270",4,"bx3_by63"
"CUFES:201207:OS:271",4,"bx3_by63"
"CUFES:201207:OS:272",4,"bx3_by63"
"CUFES:201207:OS:273",4,"bx4_by63"
"CUFES:201207:OS:274",4,"bx3_by63"
"CUFES:201207:OS:275",4,"bx3_by63"
"CUFES:201207:OS:276",4,"bx3_by63"
"CUFES:201207:OS:277",4,"bx3_by63"
"CUFES:201207:OS:278",4,"bx3_by63"
"CUFES:201207:OS:279",4,"bx3_by63"
"CUFES:201207:OS:28",1,"bx6_by59"
"CUFES:201207:OS:280",4,"bx3_by63"
"CUFES:201207:OS:281",4,"bx2_by63"
"CUFES:201207:OS:282",4,"bx2_by63"
"CUFES:201207:OS:283",4,"bx2_by63"
"CUFES:201207:OS:284",4,"bx2_by63"
"CUFES:201207:OS:285",4,"bx2_by63"
"CUFES:201207:OS:29",1,"bx6_by59"
"CUFES:201207:OS:30",1,"bx5_by59"
"CUFES:201207:OS:31",1,"bx5_by59"
"CUFES:201207:OS:32",1,"bx5_by59"
"CUFES:201207:OS:33",1,"bx5_by59"
"CUFES:201207:OS:34",1,"bx5_by59"
"CUFES:201207:OS:345",4,"bx2_by64"
"CUFES:201207:OS:346",4,"bx2_by64"
"CUFES:201207:OS:347",4,"bx2_by64"
"CUFES:201207:OS:348",4,"bx2_by64"
"CUFES:201207:OS:349",4,"bx2_by64"
"CUFES:201207:OS:35",1,"bx5_by59"
"CUFES:201207:OS:350",4,"bx2_by63"
"CUFES:201207:OS:351",4,"bx2_by63"
"CUFES:201207:OS:352",4,"bx2_by63"
"CUFES:201207:OS:353",4,"bx2_by63"
"CUFES:201207:OS:355",4,"bx2_by63"
"CUFES:201207:OS:358",4,"bx3_by63"
"CUFES:201207:OS:359",4,"bx3_by63"
"CUFES:201207:OS:36",1,"bx5_by59"
"CUFES:201207:OS:360",4,"bx3_by63"
"CUFES:201207:OS:361",4,"bx3_by63"
"CUFES:201207:OS:362",4,"bx3_by63"
"CUFES:201207:OS:363",4,"bx4_by63"
"CUFES:201207:OS:365",4,"bx4_by62"
"CUFES:201207:OS:367",4,"bx4_by62"
"CUFES:201207:OS:368",4,"bx4_by62"
"CUFES:201207:OS:369",4,"bx5_by62"
"CUFES:201207:OS:37",1,"bx5_by59"
"CUFES:201207:OS:370",4,"bx5_by62"
"CUFES:201207:OS:371",4,"bx5_by62"
"CUFES:201207:OS:372",4,"bx5_by62"
"CUFES:201207:OS:373",4,"bx5_by62"
"CUFES:201207:OS:374",3,"bx6_by61"
"CUFES:201207:OS:375",3,"bx6_by61"
"CUFES:201207:OS:377",3,"bx6_by61"
"CUFES:201207:OS:378",3,"bx6_by61"
"CUFES:201207:OS:379",3,"bx6_by61"
"CUFES:201207:OS:38",1,"bx5_by59"
"CUFES:201207:OS:380",3,"bx6_by61"
"CUFES:201207:OS:381",2,"bx6_by60"
"CUFES:201207:OS:382",2,"bx7_by60"
"CUFES:201207:OS:383",2,"bx7_by60"
"CUFES:201207:OS:384",2,"bx7_by60"
"CUFES:201207:OS:385",2,"bx7_by60"
"CUFES:201207:OS:386",2,"bx7_by60"
"CUFES:201207:OS:39",1,"bx5_by59"
"CUFES:201207:OS:40",1,"bx4_by59"
"CUFES:201207:OS:41",1,"bx4_by59"
"CUFES:201207:OS:42",1,"bx4_by59"
"CUFES:201207:OS:5",2,"bx7_by60"
"CUFES:201207:OS:6",2,"bx7_by60"
"CUFES:201207:OS:7",2,"bx7_by60"
"CUFES:201207:OS:8",2,"bx7_by60"
"CUFES:201207:OS:9",2,"bx7_by60"
"CUFES:201208:OS:1",2,"bx7_by60"
"CUFES:201208:OS:10",1,"bx6_by59"
"CUFES:201208:OS:100",3,"bx4_by61"
"CUFES:201208:OS:101",3,"bx5_by61"
"CUFES:201208:OS:102",3,"bx5_by61"
"CUFES:201208:OS:103",3,"bx5_by61"
"CUFES:201208:OS:104",3,"bx5_by61"
"CUFES:201208:OS:105",3,"bx5_by61"
"CUFES:201208:OS:106",3,"bx6_by61"
"CUFES:201208:OS:107",4,"bx6_by62"
"CUFES:201208:OS:108",4,"bx5_by62"
"CUFES:201208:OS:109",4,"bx5_by62"
"CUFES:201208:OS:11",1,"bx6_by59"
"CUFES:201208:OS:110",4,"bx5_by62"
"CUFES:201208:OS:111",4,"bx5_by62"
"CUFES:201208:OS:112",4,"bx4_by62"
"CUFES:201208:OS:113",4,"bx4_by62"
"CUFES:201208:OS:114",4,"bx4_by62"
"CUFES:201208:OS:115",4,"bx4_by62"
"CUFES:201208:OS:116",4,"bx3_by62"
"CUFES:201208:OS:117",3,"bx3_by61"
"CUFES:201208:OS:120",3,"bx3_by61"
"CUFES:201208:OS:121",3,"bx2_by61"
"CUFES:201208:OS:122",3,"bx2_by61"
"CUFES:201208:OS:123",3,"bx2_by61"
"CUFES:201208:OS:124",2,"bx2_by60"
"CUFES:201208:OS:149",4,"bx4_by63"
"CUFES:201208:OS:150",4,"bx4_by63"
"CUFES:201208:OS:151",4,"bx4_by63"
"CUFES:201208:OS:152",4,"bx4_by63"
"CUFES:201208:OS:154",4,"bx3_by63"
"CUFES:201208:OS:155",4,"bx3_by63"
"CUFES:201208:OS:156",4,"bx3_by63"
"CUFES:201208:OS:158",4,"bx2_by63"
"CUFES:201208:OS:159",4,"bx2_by63"
"CUFES:201208:OS:160",4,"bx2_by63"
"CUFES:201208:OS:161",4,"bx2_by64"
"CUFES:201208:OS:163",4,"bx2_by64"
"CUFES:201208:OS:164",4,"bx2_by63"
"CUFES:201208:OS:3",2,"bx7_by60"
"CUFES:201208:OS:4",2,"bx7_by60"
"CUFES:201208:OS:42",1,"bx5_by59"
"CUFES:201208:OS:43",1,"bx5_by59"
"CUFES:201208:OS:44",1,"bx5_by59"
"CUFES:201208:OS:45",1,"bx5_by59"
"CUFES:201208:OS:46",1,"bx6_by59"
"CUFES:201208:OS:47",1,"bx6_by59"
"CUFES:201208:OS:48",2,"bx7_by60"
"CUFES:201208:OS:49",2,"bx7_by60"
"CUFES:201208:OS:5",2,"bx7_by60"
"CUFES:201208:OS:50",2,"bx7_by60"
"CUFES:201208:OS:51",2,"bx7_by60"
"CUFES:201208:OS:52",2,"bx7_by60"
"CUFES:201208:OS:53",3,"bx7_by61"
"CUFES:201208:OS:54",3,"bx7_by61"
"CUFES:201208:OS:55",3,"bx7_by61"
"CUFES:201208:OS:56",2,"bx7_by60"
"CUFES:201208:OS:57",2,"bx6_by60"
"CUFES:201208:OS:58",2,"bx6_by60"
"CUFES:201208:OS:59",2,"bx6_by60"
"CUFES:201208:OS:6",1,"bx6_by59"
"CUFES:201208:OS:60",2,"bx6_by60"
"CUFES:201208:OS:61",2,"bx5_by60"
"CUFES:201208:OS:62",2,"bx5_by60"
"CUFES:201208:OS:63",2,"bx5_by60"
"CUFES:201208:OS:64",2,"bx5_by60"
"CUFES:201208:OS:65",1,"bx5_by59"
"CUFES:201208:OS:66",1,"bx4_by59"
"CUFES:201208:OS:67",1,"bx4_by59"
"CUFES:201208:OS:68",1,"bx4_by59"
"CUFES:201208:OS:69",1,"bx4_by59"
"CUFES:201208:OS:7",1,"bx6_by59"
"CUFES:201208:OS:70",1,"bx3_by59"
"CUFES:201208:OS:71",1,"bx3_by59"
"CUFES:201208:OS:8",1,"bx6_by59"
"CUFES:201208:OS:89",1,"bx2_by59"
"CUFES:201208:OS:9",1,"bx6_by59"
"CUFES:201208:OS:90",1,"bx2_by59"
"CUFES:201208:OS:91",2,"bx2_by60"
"CUFES:201208:OS:92",2,"bx2_by60"
"CUFES:201208:OS:93",2,"bx3_by60"
"CUFES:201208:OS:94",2,"bx3_by60"
"CUFES:201208:OS:95",2,"bx3_by60"
"CUFES:201208:OS:96",2,"bx3_by60"
"CUFES:201208:OS:97",2,"bx4_by60"
"CUFES:201208:OS:98",2,"bx4_by60"
"CUFES:201208:OS:99",3,"bx4_by61"
"CUFES:201209:OS:1",4,"bx3_by63"
"CUFES:201209:OS:10",4,"bx3_by63"
"CUFES:201209:OS:100",4,"bx3_by63"
"CUFES:201209:OS:101",4,"bx3_by63"
"CUFES:201209:OS:102",4,"bx3_by63"
"CUFES:201209:OS:103",4,"bx3_by62"
"CUFES:201209:OS:104",4,"bx3_by62"
"CUFES:201209:OS:105",4,"bx3_by62"
"CUFES:201209:OS:106",4,"bx3_by63"
"CUFES:201209:OS:107",4,"bx3_by63"
"CUFES:201209:OS:108",4,"bx3_by63"
"CUFES:201209:OS:109",4,"bx3_by63"
"CUFES:201209:OS:11",4,"bx3_by63"
"CUFES:201209:OS:110",4,"bx3_by62"
"CUFES:201209:OS:111",4,"bx3_by62"
"CUFES:201209:OS:112",4,"bx3_by62"
"CUFES:201209:OS:113",4,"bx3_by62"
"CUFES:201209:OS:114",4,"bx3_by62"
"CUFES:201209:OS:115",4,"bx3_by62"
"CUFES:201209:OS:116",4,"bx3_by62"
"CUFES:201209:OS:117",4,"bx3_by62"
"CUFES:201209:OS:118",4,"bx3_by62"
"CUFES:201209:OS:119",4,"bx3_by62"
"CUFES:201209:OS:12",4,"bx3_by63"
"CUFES:201209:OS:120",4,"bx3_by62"
"CUFES:201209:OS:121",4,"bx3_by62"
"CUFES:201209:OS:122",4,"bx3_by62"
"CUFES:201209:OS:123",4,"bx3_by62"
"CUFES:201209:OS:124",4,"bx3_by62"
"CUFES:201209:OS:125",4,"bx3_by62"
"CUFES:201209:OS:126",4,"bx3_by62"
"CUFES:201209:OS:127",4,"bx3_by62"
"CUFES:201209:OS:128",4,"bx3_by62"
"CUFES:201209:OS:129",4,"bx3_by62"
"CUFES:201209:OS:13",4,"bx3_by63"
"CUFES:201209:OS:130",3,"bx2_by62"
"CUFES:201209:OS:14",4,"bx2_by63"
"CUFES:201209:OS:15",4,"bx2_by63"
"CUFES:201209:OS:16",4,"bx2_by63"
"CUFES:201209:OS:17",4,"bx2_by63"
"CUFES:201209:OS:18",4,"bx2_by63"
"CUFES:201209:OS:19",4,"bx2_by63"
"CUFES:201209:OS:2",4,"bx3_by63"
"CUFES:201209:OS:20",4,"bx2_by63"
"CUFES:201209:OS:21",4,"bx2_by63"
"CUFES:201209:OS:22",4,"bx2_by63"
"CUFES:201209:OS:23",3,"bx2_by62"
"CUFES:201209:OS:24",3,"bx2_by62"
"CUFES:201209:OS:25",3,"bx2_by62"
"CUFES:201209:OS:26",3,"bx2_by62"
"CUFES:201209:OS:27",3,"bx2_by62"
"CUFES:201209:OS:28",4,"bx3_by62"
"CUFES:201209:OS:29",4,"bx3_by62"
"CUFES:201209:OS:3",4,"bx3_by63"
"CUFES:201209:OS:30",4,"bx3_by62"
"CUFES:201209:OS:31",4,"bx3_by62"
"CUFES:201209:OS:32",4,"bx3_by62"
"CUFES:201209:OS:34",4,"bx3_by62"
"CUFES:201209:OS:35",4,"bx3_by62"
"CUFES:201209:OS:36",4,"bx3_by62"
"CUFES:201209:OS:37",4,"bx3_by62"
"CUFES:201209:OS:38",4,"bx3_by62"
"CUFES:201209:OS:39",3,"bx3_by61"
"CUFES:201209:OS:4",4,"bx3_by63"
"CUFES:201209:OS:40",3,"bx4_by61"
"CUFES:201209:OS:41",3,"bx4_by61"
"CUFES:201209:OS:42",3,"bx4_by61"
"CUFES:201209:OS:43",4,"bx4_by62"
"CUFES:201209:OS:44",4,"bx4_by62"
"CUFES:201209:OS:45",4,"bx4_by62"
"CUFES:201209:OS:46",3,"bx4_by61"
"CUFES:201209:OS:47",3,"bx4_by61"
"CUFES:201209:OS:48",3,"bx4_by61"
"CUFES:201209:OS:49",3,"bx4_by61"
"CUFES:201209:OS:5",4,"bx3_by63"
"CUFES:201209:OS:50",3,"bx4_by61"
"CUFES:201209:OS:51",3,"bx4_by61"
"CUFES:201209:OS:52",4,"bx4_by62"
"CUFES:201209:OS:53",4,"bx4_by62"
"CUFES:201209:OS:54",4,"bx4_by62"
"CUFES:201209:OS:56",4,"bx4_by62"
"CUFES:201209:OS:57",4,"bx4_by62"
"CUFES:201209:OS:58",3,"bx4_by61"
"CUFES:201209:OS:59",3,"bx4_by61"
"CUFES:201209:OS:6",4,"bx3_by62"
"CUFES:201209:OS:60",3,"bx4_by61"
"CUFES:201209:OS:61",3,"bx4_by61"
"CUFES:201209:OS:62",3,"bx3_by61"
"CUFES:201209:OS:63",4,"bx3_by62"
"CUFES:201209:OS:64",4,"bx3_by62"
"CUFES:201209:OS:65",4,"bx3_by62"
"CUFES:201209:OS:66",4,"bx3_by62"
"CUFES:201209:OS:67",4,"bx3_by62"
"CUFES:201209:OS:68",4,"bx3_by62"
"CUFES:201209:OS:69",3,"bx2_by62"
"CUFES:201209:OS:7",4,"bx3_by62"
"CUFES:201209:OS:70",3,"bx2_by62"
"CUFES:201209:OS:71",3,"bx2_by62"
"CUFES:201209:OS:72",3,"bx2_by62"
"CUFES:201209:OS:73",4,"bx2_by63"
"CUFES:201209:OS:74",4,"bx2_by63"
"CUFES:201209:OS:76",4,"bx2_by63"
"CUFES:201209:OS:77",3,"bx2_by62"
"CUFES:201209:OS:78",3,"bx2_by62"
"CUFES:201209:OS:79",3,"bx2_by62"
"CUFES:201209:OS:8",4,"bx3_by63"
"CUFES:201209:OS:80",3,"bx2_by62"
"CUFES:201209:OS:81",4,"bx2_by63"
"CUFES:201209:OS:82",4,"bx2_by63"
"CUFES:201209:OS:83",4,"bx2_by63"
"CUFES:201209:OS:84",4,"bx2_by63"
"CUFES:201209:OS:85",4,"bx2_by63"
"CUFES:201209:OS:86",4,"bx2_by63"
"CUFES:201209:OS:87",4,"bx3_by62"
"CUFES:201209:OS:88",4,"bx3_by63"
"CUFES:201209:OS:89",4,"bx3_by63"
"CUFES:201209:OS:9",4,"bx3_by63"
"CUFES:201209:OS:90",4,"bx3_by63"
"CUFES:201209:OS:91",4,"bx3_by63"
"CUFES:201209:OS:92",4,"bx3_by63"
"CUFES:201209:OS:93",4,"bx3_by63"
"CUFES:201209:OS:94",4,"bx3_by62"
"CUFES:201209:OS:95",4,"bx3_by63"
"CUFES:201209:OS:97",4,"bx3_by63"
"CUFES:201209:OS:98",4,"bx3_by63"
"CUFES:201209:OS:99",4,"bx3_by63"
"CUFES:201301:SH:1",2,"bx7_by60"
"CUFES:201301:SH:10",2,"bx6_by60"
"CUFES:201301:SH:100",4,"bx6_by62"
"CUFES:201301:SH:101",4,"bx6_by62"
"CUFES:201301:SH:102",4,"bx6_by62"
"CUFES:201301:SH:103",4,"bx5_by62"
"CUFES:201301:SH:104",4,"bx5_by62"
"CUFES:201301:SH:105",4,"bx5_by62"
"CUFES:201301:SH:106",4,"bx5_by62"
"CUFES:201301:SH:107",3,"bx5_by61"
"CUFES:201301:SH:108",3,"bx4_by61"
"CUFES:201301:SH:109",3,"bx4_by61"
"CUFES:201301:SH:11",1,"bx6_by59"
"CUFES:201301:SH:110",3,"bx4_by61"
"CUFES:201301:SH:111",3,"bx4_by61"
"CUFES:201301:SH:112",3,"bx4_by61"
"CUFES:201301:SH:113",3,"bx4_by61"
"CUFES:201301:SH:114",3,"bx4_by61"
"CUFES:201301:SH:115",3,"bx3_by61"
"CUFES:201301:SH:116",3,"bx3_by61"
"CUFES:201301:SH:117",3,"bx3_by61"
"CUFES:201301:SH:118",3,"bx3_by61"
"CUFES:201301:SH:12",1,"bx5_by59"
"CUFES:201301:SH:120",2,"bx2_by60"
"CUFES:201301:SH:121",2,"bx2_by60"
"CUFES:201301:SH:122",2,"bx2_by60"
"CUFES:201301:SH:123",2,"bx2_by60"
"CUFES:201301:SH:124",2,"bx2_by60"
"CUFES:201301:SH:125",2,"bx2_by60"
"CUFES:201301:SH:126",2,"bx2_by60"
"CUFES:201301:SH:13",1,"bx5_by59"
"CUFES:201301:SH:14",1,"bx4_by59"
"CUFES:201301:SH:15",1,"bx4_by59"
"CUFES:201301:SH:172",3,"bx2_by61"
"CUFES:201301:SH:173",3,"bx2_by62"
"CUFES:201301:SH:174",3,"bx2_by62"
"CUFES:201301:SH:175",4,"bx3_by62"
"CUFES:201301:SH:177",4,"bx3_by62"
"CUFES:201301:SH:178",4,"bx3_by62"
"CUFES:201301:SH:179",4,"bx3_by62"
"CUFES:201301:SH:180",4,"bx4_by62"
"CUFES:201301:SH:181",4,"bx4_by62"
"CUFES:201301:SH:182",4,"bx4_by62"
"CUFES:201301:SH:183",4,"bx4_by62"
"CUFES:201301:SH:184",4,"bx4_by62"
"CUFES:201301:SH:185",4,"bx4_by63"
"CUFES:201301:SH:186",4,"bx4_by63"
"CUFES:201301:SH:187",4,"bx4_by63"
"CUFES:201301:SH:188",4,"bx4_by63"
"CUFES:201301:SH:189",4,"bx4_by63"
"CUFES:201301:SH:190",4,"bx4_by63"
"CUFES:201301:SH:191",4,"bx3_by63"
"CUFES:201301:SH:192",4,"bx3_by63"
"CUFES:201301:SH:193",4,"bx3_by63"
"CUFES:201301:SH:194",4,"bx3_by63"
"CUFES:201301:SH:195",4,"bx3_by63"
"CUFES:201301:SH:196",4,"bx3_by63"
"CUFES:201301:SH:197",4,"bx3_by63"
"CUFES:201301:SH:198",4,"bx2_by63"
"CUFES:201301:SH:199",4,"bx2_by63"
"CUFES:201301:SH:2",2,"bx7_by60"
"CUFES:201301:SH:200",4,"bx2_by63"
"CUFES:201301:SH:202",4,"bx2_by63"
"CUFES:201301:SH:3",2,"bx7_by60"
"CUFES:201301:SH:338",3,"bx2_by62"
"CUFES:201301:SH:339",3,"bx2_by62"
"CUFES:201301:SH:340",4,"bx3_by62"
"CUFES:201301:SH:341",4,"bx3_by62"
"CUFES:201301:SH:342",4,"bx3_by62"
"CUFES:201301:SH:343",4,"bx3_by62"
"CUFES:201301:SH:344",4,"bx3_by62"
"CUFES:201301:SH:345",4,"bx4_by62"
"CUFES:201301:SH:346",3,"bx4_by61"
"CUFES:201301:SH:348",3,"bx5_by61"
"CUFES:201301:SH:350",2,"bx6_by60"
"CUFES:201301:SH:352",2,"bx7_by60"
"CUFES:201301:SH:4",2,"bx7_by60"
"CUFES:201301:SH:5",2,"bx7_by60"
"CUFES:201301:SH:6",2,"bx7_by60"
"CUFES:201301:SH:7",2,"bx7_by60"
"CUFES:201301:SH:70",1,"bx2_by59"
"CUFES:201301:SH:71",1,"bx2_by59"
"CUFES:201301:SH:72",1,"bx2_by59"
"CUFES:201301:SH:73",1,"bx3_by59"
"CUFES:201301:SH:74",1,"bx3_by59"
"CUFES:201301:SH:75",1,"bx3_by59"
"CUFES:201301:SH:76",1,"bx3_by59"
"CUFES:201301:SH:77",2,"bx3_by60"
"CUFES:201301:SH:78",2,"bx4_by60"
"CUFES:201301:SH:79",2,"bx4_by60"
"CUFES:201301:SH:8",2,"bx6_by60"
"CUFES:201301:SH:80",2,"bx4_by60"
"CUFES:201301:SH:81",2,"bx4_by60"
"CUFES:201301:SH:82",2,"bx5_by60"
"CUFES:201301:SH:83",2,"bx5_by60"
"CUFES:201301:SH:84",3,"bx5_by61"
"CUFES:201301:SH:85",3,"bx5_by61"
"CUFES:201301:SH:86",3,"bx5_by61"
"CUFES:201301:SH:87",3,"bx5_by61"
"CUFES:201301:SH:88",3,"bx6_by61"
"CUFES:201301:SH:89",3,"bx6_by61"
"CUFES:201301:SH:9",2,"bx6_by60"
"CUFES:201301:SH:90",3,"bx6_by61"
"CUFES:201301:SH:91",3,"bx6_by61"
"CUFES:201301:SH:92",3,"bx6_by61"
"CUFES:201301:SH:93",3,"bx6_by61"
"CUFES:201301:SH:94",3,"bx6_by61"
"CUFES:201301:SH:95",3,"bx7_by61"
"CUFES:201301:SH:96",3,"bx7_by61"
"CUFES:201301:SH:97",3,"bx6_by61"
"CUFES:201301:SH:98",4,"bx6_by62"
"CUFES:201301:SH:99",4,"bx6_by62"
"CUFES:201304:OS:162",4,"bx2_by63"
"CUFES:201304:OS:163",4,"bx2_by64"
"CUFES:201304:OS:164",4,"bx2_by64"
"CUFES:201304:OS:165",4,"bx2_by64"
"CUFES:201304:OS:166",4,"bx2_by63"
"CUFES:201304:OS:167",4,"bx2_by63"
"CUFES:201304:OS:168",4,"bx3_by63"
"CUFES:201304:OS:169",4,"bx3_by63"
"CUFES:201304:OS:170",4,"bx3_by63"
"CUFES:201304:OS:171",4,"bx3_by63"
"CUFES:201304:OS:173",4,"bx3_by63"
"CUFES:201304:OS:174",4,"bx3_by63"
"CUFES:201304:OS:175",4,"bx3_by63"
"CUFES:201304:OS:176",4,"bx3_by63"
"CUFES:201304:OS:177",4,"bx3_by63"
"CUFES:201304:OS:178",4,"bx3_by63"
"CUFES:201304:OS:179",4,"bx3_by63"
"CUFES:201304:OS:180",4,"bx3_by62"
"CUFES:201304:OS:181",3,"bx2_by62"
"CUFES:201304:OS:182",3,"bx2_by62"
"CUFES:201304:OS:183",3,"bx2_by62"
"CUFES:201304:OS:184",3,"bx2_by62"
"CUFES:201304:OS:185",3,"bx2_by62"
"CUFES:201304:OS:186",3,"bx2_by62"
"CUFES:201304:OS:187",3,"bx2_by62"
"CUFES:201304:OS:201",3,"bx2_by61"
"CUFES:201304:OS:202",3,"bx2_by61"
"CUFES:201304:OS:203",3,"bx2_by61"
"CUFES:201304:OS:204",3,"bx2_by61"
"CUFES:201304:OS:205",3,"bx2_by61"
"CUFES:201304:OS:206",3,"bx2_by61"
"CUFES:201304:OS:207",3,"bx2_by61"
"CUFES:201304:OS:208",3,"bx3_by61"
"CUFES:201304:OS:209",3,"bx3_by61"
"CUFES:201304:OS:210",3,"bx3_by61"
"CUFES:201304:OS:211",3,"bx3_by61"
"CUFES:201304:OS:212",4,"bx3_by62"
"CUFES:201304:OS:213",4,"bx3_by62"
"CUFES:201304:OS:214",4,"bx4_by62"
"CUFES:201304:OS:215",4,"bx4_by62"
"CUFES:201304:OS:216",4,"bx4_by62"
"CUFES:201304:OS:217",4,"bx4_by62"
"CUFES:201304:OS:218",4,"bx5_by62"
"CUFES:201304:OS:219",4,"bx3_by62"
"CUFES:201304:OS:220",4,"bx3_by62"
"CUFES:201304:OS:221",3,"bx3_by61"
"CUFES:201304:OS:222",3,"bx3_by61"
"CUFES:201304:OS:223",3,"bx3_by61"
"CUFES:201304:OS:224",3,"bx3_by61"
"CUFES:201304:OS:225",3,"bx3_by61"
"CUFES:201304:OS:226",3,"bx4_by61"
"CUFES:201304:OS:227",4,"bx5_by62"
"CUFES:201304:OS:228",4,"bx5_by62"
"CUFES:201304:OS:229",4,"bx5_by62"
"CUFES:201304:OS:230",4,"bx6_by62"
"CUFES:201304:OS:231",3,"bx6_by61"
"CUFES:201304:OS:232",3,"bx5_by61"
"CUFES:201304:OS:233",3,"bx5_by61"
"CUFES:201304:OS:234",3,"bx5_by61"
"CUFES:201304:OS:235",3,"bx5_by61"
"CUFES:201304:OS:236",3,"bx5_by61"
"CUFES:201304:OS:237",3,"bx5_by61"
"CUFES:201304:OS:238",3,"bx5_by61"
"CUFES:201304:OS:239",3,"bx5_by61"
"CUFES:201304:OS:240",3,"bx5_by61"
"CUFES:201304:OS:241",3,"bx5_by61"
"CUFES:201304:OS:242",3,"bx4_by61"
"CUFES:201304:OS:243",3,"bx4_by61"
"CUFES:201304:OS:244",3,"bx4_by61"
"CUFES:201304:OS:245",3,"bx4_by61"
"CUFES:201304:OS:246",2,"bx4_by60"
"CUFES:201304:OS:247",2,"bx4_by60"
"CUFES:201304:OS:248",2,"bx3_by60"
"CUFES:201304:OS:249",2,"bx3_by60"
"CUFES:201304:OS:250",2,"bx3_by60"
"CUFES:201304:OS:251",2,"bx3_by60"
"CUFES:201304:OS:252",2,"bx3_by60"
"CUFES:201304:OS:253",2,"bx3_by60"
"CUFES:201304:OS:254",2,"bx3_by60"
"CUFES:201304:OS:255",2,"bx3_by60"
"CUFES:201304:OS:256",2,"bx2_by60"
"CUFES:201304:OS:257",2,"bx2_by60"
"CUFES:201304:OS:258",1,"bx3_by59"
"CUFES:201304:OS:259",1,"bx3_by59"
"CUFES:201304:OS:260",1,"bx3_by59"
"CUFES:201304:OS:261",1,"bx3_by59"
"CUFES:201304:OS:262",1,"bx3_by59"
"CUFES:201304:OS:263",1,"bx4_by59"
"CUFES:201304:OS:264",1,"bx4_by59"
"CUFES:201304:OS:265",1,"bx4_by59"
"CUFES:201304:OS:266",1,"bx4_by59"
"CUFES:201304:OS:267",1,"bx5_by59"
"CUFES:201304:OS:268",1,"bx5_by59"
"CUFES:201304:OS:269",1,"bx5_by59"
"CUFES:201304:OS:270",2,"bx5_by60"
"CUFES:201304:OS:271",2,"bx5_by60"
"CUFES:201304:OS:272",2,"bx5_by60"
"CUFES:201304:OS:273",2,"bx5_by60"
"CUFES:201304:OS:274",2,"bx6_by60"
"CUFES:201304:OS:275",2,"bx6_by60"
"CUFES:201304:OS:276",2,"bx6_by60"
"CUFES:201304:OS:277",2,"bx6_by60"
"CUFES:201304:OS:278",2,"bx6_by60"
"CUFES:201304:OS:279",2,"bx6_by60"
"CUFES:201304:OS:280",2,"bx6_by60"
"CUFES:201304:OS:281",3,"bx7_by61"
"CUFES:201304:OS:282",3,"bx7_by61"
"CUFES:201304:OS:283",3,"bx7_by61"
"CUFES:201304:SH:1",2,"bx7_by60"
"CUFES:201304:SH:10",1,"bx5_by59"
"CUFES:201304:SH:11",1,"bx5_by59"
"CUFES:201304:SH:12",1,"bx5_by59"
"CUFES:201304:SH:122",1,"bx2_by59"
"CUFES:201304:SH:123",1,"bx2_by59"
"CUFES:201304:SH:124",1,"bx2_by59"
"CUFES:201304:SH:125",1,"bx3_by59"
"CUFES:201304:SH:126",1,"bx3_by59"
"CUFES:201304:SH:127",1,"bx3_by59"
"CUFES:201304:SH:128",1,"bx3_by59"
"CUFES:201304:SH:129",1,"bx3_by59"
"CUFES:201304:SH:13",1,"bx5_by59"
"CUFES:201304:SH:130",2,"bx3_by60"
"CUFES:201304:SH:131",2,"bx4_by60"
"CUFES:201304:SH:132",2,"bx4_by60"
"CUFES:201304:SH:133",2,"bx4_by60"
"CUFES:201304:SH:134",2,"bx4_by60"
"CUFES:201304:SH:135",2,"bx4_by60"
"CUFES:201304:SH:136",2,"bx4_by60"
"CUFES:201304:SH:137",2,"bx4_by60"
"CUFES:201304:SH:138",2,"bx4_by60"
"CUFES:201304:SH:139",3,"bx4_by61"
"CUFES:201304:SH:14",1,"bx5_by59"
"CUFES:201304:SH:140",3,"bx4_by61"
"CUFES:201304:SH:141",3,"bx4_by61"
"CUFES:201304:SH:142",3,"bx4_by61"
"CUFES:201304:SH:143",3,"bx4_by61"
"CUFES:201304:SH:144",3,"bx4_by61"
"CUFES:201304:SH:145",3,"bx4_by61"
"CUFES:201304:SH:146",3,"bx4_by61"
"CUFES:201304:SH:147",3,"bx4_by61"
"CUFES:201304:SH:148",3,"bx4_by61"
"CUFES:201304:SH:149",3,"bx3_by61"
"CUFES:201304:SH:15",1,"bx5_by59"
"CUFES:201304:SH:150",3,"bx3_by61"
"CUFES:201304:SH:151",3,"bx3_by61"
"CUFES:201304:SH:152",4,"bx3_by62"
"CUFES:201304:SH:153",4,"bx3_by62"
"CUFES:201304:SH:154",4,"bx3_by62"
"CUFES:201304:SH:155",4,"bx3_by62"
"CUFES:201304:SH:156",4,"bx3_by62"
"CUFES:201304:SH:157",4,"bx4_by62"
"CUFES:201304:SH:158",4,"bx4_by62"
"CUFES:201304:SH:159",4,"bx4_by62"
"CUFES:201304:SH:16",1,"bx5_by59"
"CUFES:201304:SH:161",4,"bx4_by63"
"CUFES:201304:SH:162",4,"bx4_by63"
"CUFES:201304:SH:163",4,"bx4_by63"
"CUFES:201304:SH:165",4,"bx4_by63"
"CUFES:201304:SH:166",4,"bx4_by63"
"CUFES:201304:SH:167",4,"bx4_by63"
"CUFES:201304:SH:168",4,"bx4_by63"
"CUFES:201304:SH:169",4,"bx4_by63"
"CUFES:201304:SH:17",2,"bx5_by60"
"CUFES:201304:SH:170",4,"bx4_by63"
"CUFES:201304:SH:171",4,"bx4_by63"
"CUFES:201304:SH:172",4,"bx4_by63"
"CUFES:201304:SH:173",4,"bx3_by63"
"CUFES:201304:SH:174",4,"bx3_by63"
"CUFES:201304:SH:175",4,"bx3_by63"
"CUFES:201304:SH:176",4,"bx3_by63"
"CUFES:201304:SH:177",4,"bx3_by63"
"CUFES:201304:SH:178",4,"bx3_by62"
"CUFES:201304:SH:179",4,"bx3_by62"
"CUFES:201304:SH:18",2,"bx5_by60"
"CUFES:201304:SH:180",4,"bx3_by62"
"CUFES:201304:SH:181",4,"bx3_by62"
"CUFES:201304:SH:182",3,"bx3_by61"
"CUFES:201304:SH:183",3,"bx3_by61"
"CUFES:201304:SH:184",3,"bx3_by61"
"CUFES:201304:SH:185",3,"bx3_by61"
"CUFES:201304:SH:186",3,"bx3_by61"
"CUFES:201304:SH:187",2,"bx3_by60"
"CUFES:201304:SH:188",2,"bx3_by60"
"CUFES:201304:SH:189",2,"bx3_by60"
"CUFES:201304:SH:19",2,"bx5_by60"
"CUFES:201304:SH:190",2,"bx3_by60"
"CUFES:201304:SH:191",2,"bx2_by60"
"CUFES:201304:SH:192",2,"bx2_by60"
"CUFES:201304:SH:193",2,"bx2_by60"
"CUFES:201304:SH:194",2,"bx2_by60"
"CUFES:201304:SH:195",2,"bx2_by60"
"CUFES:201304:SH:2",2,"bx7_by60"
"CUFES:201304:SH:20",2,"bx6_by60"
"CUFES:201304:SH:21",2,"bx6_by60"
"CUFES:201304:SH:22",2,"bx6_by60"
"CUFES:201304:SH:23",2,"bx6_by60"
"CUFES:201304:SH:232",3,"bx2_by61"
"CUFES:201304:SH:233",3,"bx2_by62"
"CUFES:201304:SH:234",3,"bx2_by62"
"CUFES:201304:SH:235",3,"bx2_by62"
"CUFES:201304:SH:236",3,"bx2_by62"
"CUFES:201304:SH:237",3,"bx2_by62"
"CUFES:201304:SH:238",3,"bx2_by62"
"CUFES:201304:SH:239",3,"bx2_by62"
"CUFES:201304:SH:24",3,"bx6_by61"
"CUFES:201304:SH:240",4,"bx2_by63"
"CUFES:201304:SH:241",4,"bx2_by63"
"CUFES:201304:SH:242",4,"bx2_by63"
"CUFES:201304:SH:243",4,"bx2_by63"
"CUFES:201304:SH:244",4,"bx2_by63"
"CUFES:201304:SH:245",4,"bx2_by63"
"CUFES:201304:SH:246",4,"bx2_by63"
"CUFES:201304:SH:25",3,"bx6_by61"
"CUFES:201304:SH:26",3,"bx6_by61"
"CUFES:201304:SH:27",3,"bx6_by61"
"CUFES:201304:SH:28",3,"bx6_by61"
"CUFES:201304:SH:29",3,"bx6_by61"
"CUFES:201304:SH:3",2,"bx7_by60"
"CUFES:201304:SH:30",3,"bx7_by61"
"CUFES:201304:SH:31",3,"bx7_by61"
"CUFES:201304:SH:32",3,"bx6_by61"
"CUFES:201304:SH:33",3,"bx6_by61"
"CUFES:201304:SH:34",4,"bx6_by62"
"CUFES:201304:SH:35",4,"bx6_by62"
"CUFES:201304:SH:36",4,"bx6_by62"
"CUFES:201304:SH:37",4,"bx6_by62"
"CUFES:201304:SH:38",4,"bx6_by62"
"CUFES:201304:SH:39",4,"bx6_by62"
"CUFES:201304:SH:4",2,"bx7_by60"
"CUFES:201304:SH:40",4,"bx6_by62"
"CUFES:201304:SH:41",4,"bx5_by62"
"CUFES:201304:SH:42",4,"bx5_by62"
"CUFES:201304:SH:43",4,"bx5_by62"
"CUFES:201304:SH:44",3,"bx5_by61"
"CUFES:201304:SH:45",3,"bx4_by61"
"CUFES:201304:SH:46",3,"bx4_by61"
"CUFES:201304:SH:47",3,"bx4_by61"
"CUFES:201304:SH:48",3,"bx5_by61"
"CUFES:201304:SH:49",3,"bx5_by61"
"CUFES:201304:SH:5",2,"bx7_by60"
"CUFES:201304:SH:50",3,"bx5_by61"
"CUFES:201304:SH:51",2,"bx5_by60"
"CUFES:201304:SH:52",2,"bx5_by60"
"CUFES:201304:SH:53",2,"bx5_by60"
"CUFES:201304:SH:54",2,"bx5_by60"
"CUFES:201304:SH:55",2,"bx5_by60"
"CUFES:201304:SH:56",2,"bx4_by60"
"CUFES:201304:SH:57",2,"bx4_by60"
"CUFES:201304:SH:58",2,"bx4_by60"
"CUFES:201304:SH:59",2,"bx4_by60"
"CUFES:201304:SH:6",2,"bx6_by60"
"CUFES:201304:SH:60",1,"bx4_by59"
"CUFES:201304:SH:61",1,"bx4_by59"
"CUFES:201304:SH:62",1,"bx4_by59"
"CUFES:201304:SH:63",1,"bx4_by59"
"CUFES:201304:SH:64",1,"bx4_by59"
"CUFES:201304:SH:65",1,"bx4_by59"
"CUFES:201304:SH:7",2,"bx6_by60"
"CUFES:201304:SH:8",1,"bx6_by59"
"CUFES:201304:SH:9",1,"bx5_by59"
"CUFES:201307:NH:1",2,"bx7_by60"
"CUFES:201307:NH:10",2,"bx7_by60"
"CUFES:201307:NH:100",1,"bx3_by59"
"CUFES:201307:NH:101",1,"bx3_by59"
"CUFES:201307:NH:102",1,"bx3_by59"
"CUFES:201307:NH:103",1,"bx3_by59"
"CUFES:201307:NH:104",1,"bx3_by59"
"CUFES:201307:NH:105",1,"bx3_by59"
"CUFES:201307:NH:106",2,"bx3_by60"
"CUFES:201307:NH:107",2,"bx4_by60"
"CUFES:201307:NH:108",2,"bx4_by60"
"CUFES:201307:NH:109",2,"bx4_by60"
"CUFES:201307:NH:11",2,"bx6_by60"
"CUFES:201307:NH:110",2,"bx4_by60"
"CUFES:201307:NH:111",2,"bx4_by60"
"CUFES:201307:NH:112",2,"bx4_by60"
"CUFES:201307:NH:113",2,"bx3_by60"
"CUFES:201307:NH:114",3,"bx3_by61"
"CUFES:201307:NH:115",3,"bx3_by61"
"CUFES:201307:NH:116",3,"bx3_by61"
"CUFES:201307:NH:117",3,"bx3_by61"
"CUFES:201307:NH:118",3,"bx3_by61"
"CUFES:201307:NH:119",2,"bx3_by60"
"CUFES:201307:NH:12",2,"bx6_by60"
"CUFES:201307:NH:120",2,"bx2_by60"
"CUFES:201307:NH:121",2,"bx2_by60"
"CUFES:201307:NH:122",2,"bx2_by60"
"CUFES:201307:NH:123",2,"bx2_by60"
"CUFES:201307:NH:124",2,"bx2_by60"
"CUFES:201307:NH:125",2,"bx2_by60"
"CUFES:201307:NH:126",2,"bx2_by60"
"CUFES:201307:NH:13",2,"bx6_by60"
"CUFES:201307:NH:14",1,"bx6_by59"
"CUFES:201307:NH:15",1,"bx6_by59"
"CUFES:201307:NH:16",1,"bx5_by59"
"CUFES:201307:NH:17",1,"bx5_by59"
"CUFES:201307:NH:176",3,"bx2_by61"
"CUFES:201307:NH:177",3,"bx2_by61"
"CUFES:201307:NH:178",3,"bx2_by61"
"CUFES:201307:NH:179",3,"bx2_by62"
"CUFES:201307:NH:18",1,"bx5_by59"
"CUFES:201307:NH:181",3,"bx2_by62"
"CUFES:201307:NH:182",3,"bx2_by62"
"CUFES:201307:NH:183",4,"bx3_by62"
"CUFES:201307:NH:184",4,"bx3_by62"
"CUFES:201307:NH:185",4,"bx3_by62"
"CUFES:201307:NH:186",4,"bx3_by62"
"CUFES:201307:NH:187",4,"bx4_by62"
"CUFES:201307:NH:188",4,"bx4_by62"
"CUFES:201307:NH:19",1,"bx5_by59"
"CUFES:201307:NH:190",4,"bx4_by63"
"CUFES:201307:NH:191",4,"bx4_by63"
"CUFES:201307:NH:192",4,"bx4_by63"
"CUFES:201307:NH:194",4,"bx4_by63"
"CUFES:201307:NH:195",4,"bx4_by63"
"CUFES:201307:NH:196",4,"bx3_by63"
"CUFES:201307:NH:197",4,"bx3_by63"
"CUFES:201307:NH:198",4,"bx3_by63"
"CUFES:201307:NH:199",4,"bx3_by63"
"CUFES:201307:NH:2",3,"bx7_by61"
"CUFES:201307:NH:20",1,"bx5_by59"
"CUFES:201307:NH:200",4,"bx3_by63"
"CUFES:201307:NH:201",4,"bx3_by63"
"CUFES:201307:NH:203",4,"bx2_by63"
"CUFES:201307:NH:204",4,"bx2_by63"
"CUFES:201307:NH:205",4,"bx2_by63"
"CUFES:201307:NH:21",1,"bx4_by59"
"CUFES:201307:NH:22",1,"bx4_by59"
"CUFES:201307:NH:255",4,"bx2_by64"
"CUFES:201307:NH:256",4,"bx2_by64"
"CUFES:201307:NH:257",4,"bx2_by63"
"CUFES:201307:NH:258",4,"bx2_by63"
"CUFES:201307:NH:259",4,"bx2_by63"
"CUFES:201307:NH:260",4,"bx3_by63"
"CUFES:201307:NH:261",4,"bx3_by63"
"CUFES:201307:NH:262",4,"bx3_by62"
"CUFES:201307:NH:263",4,"bx3_by62"
"CUFES:201307:NH:264",4,"bx3_by62"
"CUFES:201307:NH:265",4,"bx3_by62"
"CUFES:201307:NH:266",3,"bx3_by61"
"CUFES:201307:NH:267",3,"bx3_by61"
"CUFES:201307:NH:268",3,"bx4_by61"
"CUFES:201307:NH:270",3,"bx4_by61"
"CUFES:201307:NH:271",3,"bx4_by61"
"CUFES:201307:NH:272",3,"bx4_by61"
"CUFES:201307:NH:273",3,"bx4_by61"
"CUFES:201307:NH:274",3,"bx4_by61"
"CUFES:201307:NH:275",3,"bx5_by61"
"CUFES:201307:NH:276",4,"bx5_by62"
"CUFES:201307:NH:277",4,"bx5_by62"
"CUFES:201307:NH:278",4,"bx5_by62"
"CUFES:201307:NH:279",4,"bx5_by62"
"CUFES:201307:NH:280",4,"bx5_by62"
"CUFES:201307:NH:281",4,"bx5_by62"
"CUFES:201307:NH:282",4,"bx5_by62"
"CUFES:201307:NH:283",4,"bx5_by62"
"CUFES:201307:NH:284",4,"bx5_by62"
"CUFES:201307:NH:285",4,"bx6_by62"
"CUFES:201307:NH:286",4,"bx6_by62"
"CUFES:201307:NH:287",4,"bx6_by62"
"CUFES:201307:NH:288",4,"bx6_by62"
"CUFES:201307:NH:289",4,"bx6_by62"
"CUFES:201307:NH:290",3,"bx6_by61"
"CUFES:201307:NH:291",3,"bx7_by61"
"CUFES:201307:NH:292",3,"bx7_by61"
"CUFES:201307:NH:293",3,"bx6_by61"
"CUFES:201307:NH:294",3,"bx6_by61"
"CUFES:201307:NH:295",3,"bx6_by61"
"CUFES:201307:NH:296",3,"bx6_by61"
"CUFES:201307:NH:297",3,"bx5_by61"
"CUFES:201307:NH:298",2,"bx5_by60"
"CUFES:201307:NH:299",2,"bx5_by60"
"CUFES:201307:NH:3",3,"bx7_by61"
"CUFES:201307:NH:300",2,"bx5_by60"
"CUFES:201307:NH:301",2,"bx4_by60"
"CUFES:201307:NH:302",2,"bx4_by60"
"CUFES:201307:NH:303",2,"bx4_by60"
"CUFES:201307:NH:304",2,"bx4_by60"
"CUFES:201307:NH:305",2,"bx4_by60"
"CUFES:201307:NH:306",2,"bx5_by60"
"CUFES:201307:NH:307",2,"bx5_by60"
"CUFES:201307:NH:308",2,"bx5_by60"
"CUFES:201307:NH:309",2,"bx5_by60"
"CUFES:201307:NH:310",2,"bx6_by60"
"CUFES:201307:NH:311",2,"bx6_by60"
"CUFES:201307:NH:312",2,"bx6_by60"
"CUFES:201307:NH:313",2,"bx6_by60"
"CUFES:201307:NH:314",2,"bx6_by60"
"CUFES:201307:NH:315",2,"bx7_by60"
"CUFES:201307:NH:4",3,"bx7_by61"
"CUFES:201307:NH:5",3,"bx7_by61"
"CUFES:201307:NH:6",2,"bx7_by60"
"CUFES:201307:NH:7",2,"bx7_by60"
"CUFES:201307:NH:8",2,"bx7_by60"
"CUFES:201307:NH:9",2,"bx7_by60"
"CUFES:201307:NH:94",1,"bx2_by59"
"CUFES:201307:NH:95",1,"bx2_by59"
"CUFES:201307:NH:96",1,"bx2_by59"
"CUFES:201307:NH:97",1,"bx2_by59"
"CUFES:201307:NH:98",1,"bx2_by59"
"CUFES:201307:NH:99",1,"bx2_by59"
"CUFES:201307:SH:100",4,"bx5_by62"
"CUFES:201307:SH:101",4,"bx5_by62"
"CUFES:201307:SH:102",4,"bx5_by62"
"CUFES:201307:SH:103",4,"bx5_by62"
"CUFES:201307:SH:104",4,"bx5_by62"
"CUFES:201307:SH:105",4,"bx4_by62"
"CUFES:201307:SH:106",4,"bx4_by62"
"CUFES:201307:SH:107",4,"bx5_by62"
"CUFES:201307:SH:108",4,"bx4_by62"
"CUFES:201307:SH:109",4,"bx4_by63"
"CUFES:201307:SH:110",4,"bx4_by63"
"CUFES:201307:SH:112",4,"bx4_by62"
"CUFES:201307:SH:113",4,"bx3_by62"
"CUFES:201307:SH:114",4,"bx3_by62"
"CUFES:201307:SH:115",4,"bx3_by63"
"CUFES:201307:SH:116",4,"bx3_by63"
"CUFES:201307:SH:117",4,"bx3_by63"
"CUFES:201307:SH:118",4,"bx3_by63"
"CUFES:201307:SH:119",4,"bx3_by63"
"CUFES:201307:SH:120",4,"bx2_by63"
"CUFES:201307:SH:121",4,"bx2_by63"
"CUFES:201307:SH:122",4,"bx2_by63"
"CUFES:201307:SH:123",4,"bx2_by63"
"CUFES:201307:SH:124",4,"bx2_by63"
"CUFES:201307:SH:125",4,"bx2_by63"
"CUFES:201307:SH:132",4,"bx2_by64"
"CUFES:201307:SH:133",4,"bx2_by64"
"CUFES:201307:SH:60",3,"bx2_by62"
"CUFES:201307:SH:61",3,"bx2_by62"
"CUFES:201307:SH:62",3,"bx2_by62"
"CUFES:201307:SH:63",4,"bx3_by62"
"CUFES:201307:SH:65",3,"bx3_by61"
"CUFES:201307:SH:66",3,"bx3_by61"
"CUFES:201307:SH:67",3,"bx3_by61"
"CUFES:201307:SH:69",3,"bx4_by61"
"CUFES:201307:SH:70",2,"bx4_by60"
"CUFES:201307:SH:71",2,"bx4_by60"
"CUFES:201307:SH:72",2,"bx5_by60"
"CUFES:201307:SH:73",2,"bx5_by60"
"CUFES:201307:SH:74",2,"bx5_by60"
"CUFES:201307:SH:75",2,"bx6_by60"
"CUFES:201307:SH:76",2,"bx6_by60"
"CUFES:201307:SH:77",2,"bx7_by60"
"CUFES:201307:SH:78",2,"bx7_by60"
"CUFES:201307:SH:79",2,"bx7_by60"
"CUFES:201307:SH:81",2,"bx7_by60"
"CUFES:201307:SH:82",2,"bx7_by60"
"CUFES:201307:SH:83",3,"bx7_by61"
"CUFES:201307:SH:84",3,"bx7_by61"
"CUFES:201307:SH:85",3,"bx7_by61"
"CUFES:201307:SH:86",3,"bx7_by61"
"CUFES:201307:SH:87",3,"bx7_by61"
"CUFES:201307:SH:88",3,"bx7_by61"
"CUFES:201307:SH:89",3,"bx7_by61"
"CUFES:201307:SH:90",3,"bx7_by61"
"CUFES:201307:SH:91",3,"bx6_by61"
"CUFES:201307:SH:92",3,"bx6_by61"
"CUFES:201307:SH:93",3,"bx6_by61"
"CUFES:201307:SH:94",3,"bx6_by61"
"CUFES:201307:SH:95",3,"bx6_by61"
"CUFES:201307:SH:96",4,"bx6_by62"
"CUFES:201307:SH:97",4,"bx6_by62"
"CUFES:201307:SH:98",4,"bx6_by62"
"CUFES:201307:SH:99",4,"bx5_by62"
"CUFES:201402:SH:1",2,"bx7_by60"
"CUFES:201402:SH:10",2,"bx7_by60"
"CUFES:201402:SH:100",3,"bx6_by61"
"CUFES:201402:SH:101",3,"bx6_by61"
"CUFES:201402:SH:102",3,"bx6_by61"
"CUFES:201402:SH:103",3,"bx7_by61"
"CUFES:201402:SH:104",3,"bx7_by61"
"CUFES:201402:SH:105",3,"bx6_by61"
"CUFES:201402:SH:106",4,"bx6_by62"
"CUFES:201402:SH:107",4,"bx6_by62"
"CUFES:201402:SH:108",4,"bx6_by62"
"CUFES:201402:SH:109",4,"bx6_by62"
"CUFES:201402:SH:110",4,"bx6_by62"
"CUFES:201402:SH:111",4,"bx6_by62"
"CUFES:201402:SH:112",4,"bx5_by62"
"CUFES:201402:SH:114",4,"bx5_by62"
"CUFES:201402:SH:115",4,"bx5_by62"
"CUFES:201402:SH:116",4,"bx5_by62"
"CUFES:201402:SH:117",4,"bx5_by62"
"CUFES:201402:SH:118",4,"bx5_by62"
"CUFES:201402:SH:119",4,"bx5_by62"
"CUFES:201402:SH:12",2,"bx6_by60"
"CUFES:201402:SH:120",3,"bx4_by61"
"CUFES:201402:SH:121",3,"bx4_by61"
"CUFES:201402:SH:122",3,"bx4_by61"
"CUFES:201402:SH:123",3,"bx4_by61"
"CUFES:201402:SH:124",3,"bx4_by61"
"CUFES:201402:SH:125",3,"bx4_by61"
"CUFES:201402:SH:126",2,"bx5_by60"
"CUFES:201402:SH:128",2,"bx5_by60"
"CUFES:201402:SH:129",2,"bx6_by60"
"CUFES:201402:SH:13",1,"bx6_by59"
"CUFES:201402:SH:130",2,"bx6_by60"
"CUFES:201402:SH:131",2,"bx6_by60"
"CUFES:201402:SH:132",2,"bx6_by60"
"CUFES:201402:SH:133",2,"bx6_by60"
"CUFES:201402:SH:134",2,"bx6_by60"
"CUFES:201402:SH:135",2,"bx6_by60"
"CUFES:201402:SH:14",1,"bx6_by59"
"CUFES:201402:SH:15",1,"bx6_by59"
"CUFES:201402:SH:16",1,"bx5_by59"
"CUFES:201402:SH:17",1,"bx5_by59"
"CUFES:201402:SH:18",1,"bx5_by59"
"CUFES:201402:SH:19",1,"bx5_by59"
"CUFES:201402:SH:2",3,"bx7_by61"
"CUFES:201402:SH:20",1,"bx4_by59"
"CUFES:201402:SH:21",1,"bx4_by59"
"CUFES:201402:SH:3",3,"bx7_by61"
"CUFES:201402:SH:4",3,"bx7_by61"
"CUFES:201402:SH:5",3,"bx7_by61"
"CUFES:201402:SH:6",2,"bx7_by60"
"CUFES:201402:SH:7",2,"bx7_by60"
"CUFES:201402:SH:8",2,"bx7_by60"
"CUFES:201402:SH:80",1,"bx2_by59"
"CUFES:201402:SH:81",1,"bx2_by59"
"CUFES:201402:SH:82",1,"bx2_by59"
"CUFES:201402:SH:83",1,"bx2_by59"
"CUFES:201402:SH:84",1,"bx3_by59"
"CUFES:201402:SH:85",1,"bx3_by59"
"CUFES:201402:SH:86",1,"bx3_by59"
"CUFES:201402:SH:87",1,"bx3_by59"
"CUFES:201402:SH:88",2,"bx4_by60"
"CUFES:201402:SH:89",2,"bx4_by60"
"CUFES:201402:SH:9",2,"bx7_by60"
"CUFES:201402:SH:90",2,"bx4_by60"
"CUFES:201402:SH:91",2,"bx4_by60"
"CUFES:201402:SH:93",2,"bx5_by60"
"CUFES:201402:SH:94",2,"bx5_by60"
"CUFES:201402:SH:95",2,"bx5_by60"
"CUFES:201402:SH:96",2,"bx5_by60"
"CUFES:201402:SH:97",2,"bx5_by60"
"CUFES:201402:SH:98",3,"bx6_by61"
"CUFES:201402:SH:99",3,"bx6_by61"
"CUFES:201404:OS:1",2,"bx7_by60"
"CUFES:201404:OS:10",2,"bx7_by60"
"CUFES:201404:OS:100",1,"bx3_by59"
"CUFES:201404:OS:101",2,"bx3_by60"
"CUFES:201404:OS:102",2,"bx4_by60"
"CUFES:201404:OS:103",2,"bx4_by60"
"CUFES:201404:OS:105",2,"bx4_by60"
"CUFES:201404:OS:106",2,"bx4_by60"
"CUFES:201404:OS:107",2,"bx4_by60"
"CUFES:201404:OS:108",2,"bx5_by60"
"CUFES:201404:OS:109",2,"bx5_by60"
"CUFES:201404:OS:11",2,"bx7_by60"
"CUFES:201404:OS:110",3,"bx5_by61"
"CUFES:201404:OS:112",3,"bx5_by61"
"CUFES:201404:OS:113",3,"bx5_by61"
"CUFES:201404:OS:114",3,"bx6_by61"
"CUFES:201404:OS:115",3,"bx6_by61"
"CUFES:201404:OS:116",3,"bx6_by61"
"CUFES:201404:OS:117",3,"bx6_by61"
"CUFES:201404:OS:118",3,"bx7_by61"
"CUFES:201404:OS:119",3,"bx7_by61"
"CUFES:201404:OS:12",2,"bx7_by60"
"CUFES:201404:OS:120",3,"bx6_by61"
"CUFES:201404:OS:121",4,"bx6_by62"
"CUFES:201404:OS:122",4,"bx6_by62"
"CUFES:201404:OS:123",4,"bx6_by62"
"CUFES:201404:OS:124",4,"bx6_by62"
"CUFES:201404:OS:125",4,"bx6_by62"
"CUFES:201404:OS:126",4,"bx6_by62"
"CUFES:201404:OS:127",4,"bx6_by62"
"CUFES:201404:OS:128",4,"bx6_by62"
"CUFES:201404:OS:129",4,"bx5_by62"
"CUFES:201404:OS:13",2,"bx7_by60"
"CUFES:201404:OS:130",4,"bx5_by62"
"CUFES:201404:OS:131",4,"bx5_by62"
"CUFES:201404:OS:132",4,"bx5_by62"
"CUFES:201404:OS:133",4,"bx5_by62"
"CUFES:201404:OS:134",4,"bx5_by62"
"CUFES:201404:OS:135",3,"bx5_by61"
"CUFES:201404:OS:136",3,"bx5_by61"
"CUFES:201404:OS:137",3,"bx5_by61"
"CUFES:201404:OS:138",3,"bx5_by61"
"CUFES:201404:OS:139",3,"bx4_by61"
"CUFES:201404:OS:14",2,"bx7_by60"
"CUFES:201404:OS:140",3,"bx4_by61"
"CUFES:201404:OS:141",3,"bx4_by61"
"CUFES:201404:OS:142",3,"bx4_by61"
"CUFES:201404:OS:143",3,"bx3_by61"
"CUFES:201404:OS:144",3,"bx3_by61"
"CUFES:201404:OS:145",3,"bx3_by61"
"CUFES:201404:OS:146",3,"bx3_by61"
"CUFES:201404:OS:147",2,"bx3_by60"
"CUFES:201404:OS:148",2,"bx3_by60"
"CUFES:201404:OS:149",2,"bx2_by60"
"CUFES:201404:OS:15",2,"bx7_by60"
"CUFES:201404:OS:150",2,"bx2_by60"
"CUFES:201404:OS:151",2,"bx2_by60"
"CUFES:201404:OS:152",2,"bx2_by60"
"CUFES:201404:OS:153",2,"bx2_by60"
"CUFES:201404:OS:16",2,"bx7_by60"
"CUFES:201404:OS:17",2,"bx7_by60"
"CUFES:201404:OS:18",2,"bx7_by60"
"CUFES:201404:OS:19",2,"bx7_by60"
"CUFES:201404:OS:2",2,"bx7_by60"
"CUFES:201404:OS:20",2,"bx6_by60"
"CUFES:201404:OS:200",3,"bx2_by61"
"CUFES:201404:OS:201",3,"bx2_by62"
"CUFES:201404:OS:202",3,"bx2_by62"
"CUFES:201404:OS:203",4,"bx3_by62"
"CUFES:201404:OS:204",4,"bx3_by62"
"CUFES:201404:OS:205",4,"bx3_by62"
"CUFES:201404:OS:206",4,"bx3_by62"
"CUFES:201404:OS:207",4,"bx4_by62"
"CUFES:201404:OS:208",4,"bx4_by62"
"CUFES:201404:OS:209",4,"bx4_by62"
"CUFES:201404:OS:21",2,"bx6_by60"
"CUFES:201404:OS:210",4,"bx4_by63"
"CUFES:201404:OS:211",4,"bx4_by63"
"CUFES:201404:OS:212",4,"bx4_by63"
"CUFES:201404:OS:213",4,"bx4_by63"
"CUFES:201404:OS:214",4,"bx4_by63"
"CUFES:201404:OS:215",4,"bx4_by63"
"CUFES:201404:OS:216",4,"bx4_by63"
"CUFES:201404:OS:217",4,"bx3_by63"
"CUFES:201404:OS:218",4,"bx3_by63"
"CUFES:201404:OS:219",4,"bx3_by63"
"CUFES:201404:OS:22",2,"bx6_by60"
"CUFES:201404:OS:220",4,"bx3_by63"
"CUFES:201404:OS:221",4,"bx3_by63"
"CUFES:201404:OS:222",4,"bx3_by63"
"CUFES:201404:OS:223",4,"bx2_by63"
"CUFES:201404:OS:224",4,"bx2_by63"
"CUFES:201404:OS:225",4,"bx2_by63"
"CUFES:201404:OS:226",4,"bx2_by63"
"CUFES:201404:OS:228",4,"bx2_by63"
"CUFES:201404:OS:229",4,"bx2_by63"
"CUFES:201404:OS:23",2,"bx6_by60"
"CUFES:201404:OS:24",1,"bx6_by59"
"CUFES:201404:OS:25",1,"bx6_by59"
"CUFES:201404:OS:26",1,"bx6_by59"
"CUFES:201404:OS:27",1,"bx5_by59"
"CUFES:201404:OS:28",1,"bx5_by59"
"CUFES:201404:OS:29",1,"bx5_by59"
"CUFES:201404:OS:294",4,"bx2_by64"
"CUFES:201404:OS:295",4,"bx2_by64"
"CUFES:201404:OS:296",4,"bx2_by63"
"CUFES:201404:OS:297",4,"bx2_by63"
"CUFES:201404:OS:298",4,"bx2_by63"
"CUFES:201404:OS:299",4,"bx2_by63"
"CUFES:201404:OS:3",3,"bx7_by61"
"CUFES:201404:OS:30",1,"bx5_by59"
"CUFES:201404:OS:300",4,"bx2_by63"
"CUFES:201404:OS:301",3,"bx2_by62"
"CUFES:201404:OS:302",3,"bx2_by62"
"CUFES:201404:OS:303",4,"bx3_by62"
"CUFES:201404:OS:304",4,"bx3_by62"
"CUFES:201404:OS:305",4,"bx3_by62"
"CUFES:201404:OS:306",4,"bx3_by62"
"CUFES:201404:OS:307",3,"bx3_by61"
"CUFES:201404:OS:308",3,"bx4_by61"
"CUFES:201404:OS:309",3,"bx4_by61"
"CUFES:201404:OS:31",1,"bx5_by59"
"CUFES:201404:OS:310",3,"bx4_by61"
"CUFES:201404:OS:311",3,"bx4_by61"
"CUFES:201404:OS:312",3,"bx4_by61"
"CUFES:201404:OS:313",3,"bx5_by61"
"CUFES:201404:OS:314",3,"bx5_by61"
"CUFES:201404:OS:315",3,"bx5_by61"
"CUFES:201404:OS:316",3,"bx6_by61"
"CUFES:201404:OS:317",2,"bx6_by60"
"CUFES:201404:OS:318",2,"bx6_by60"
"CUFES:201404:OS:319",2,"bx6_by60"
"CUFES:201404:OS:32",1,"bx5_by59"
"CUFES:201404:OS:320",2,"bx6_by60"
"CUFES:201404:OS:321",2,"bx7_by60"
"CUFES:201404:OS:322",2,"bx7_by60"
"CUFES:201404:OS:323",2,"bx6_by60"
"CUFES:201404:OS:324",2,"bx6_by60"
"CUFES:201404:OS:325",2,"bx6_by60"
"CUFES:201404:OS:326",1,"bx6_by59"
"CUFES:201404:OS:327",1,"bx6_by59"
"CUFES:201404:OS:328",1,"bx5_by59"
"CUFES:201404:OS:329",1,"bx5_by59"
"CUFES:201404:OS:33",1,"bx5_by59"
"CUFES:201404:OS:330",1,"bx5_by59"
"CUFES:201404:OS:331",1,"bx5_by59"
"CUFES:201404:OS:332",1,"bx4_by59"
"CUFES:201404:OS:337",1,"bx4_by59"
"CUFES:201404:OS:338",1,"bx3_by59"
"CUFES:201404:OS:339",1,"bx3_by59"
"CUFES:201404:OS:34",1,"bx4_by59"
"CUFES:201404:OS:340",1,"bx4_by59"
"CUFES:201404:OS:341",2,"bx4_by60"
"CUFES:201404:OS:342",2,"bx4_by60"
"CUFES:201404:OS:343",2,"bx4_by60"
"CUFES:201404:OS:344",2,"bx4_by60"
"CUFES:201404:OS:345",2,"bx4_by60"
"CUFES:201404:OS:346",2,"bx4_by60"
"CUFES:201404:OS:347",2,"bx5_by60"
"CUFES:201404:OS:348",2,"bx5_by60"
"CUFES:201404:OS:349",2,"bx5_by60"
"CUFES:201404:OS:35",1,"bx4_by59"
"CUFES:201404:OS:350",2,"bx5_by60"
"CUFES:201404:OS:351",3,"bx5_by61"
"CUFES:201404:OS:352",3,"bx5_by61"
"CUFES:201404:OS:353",3,"bx6_by61"
"CUFES:201404:OS:354",3,"bx6_by61"
"CUFES:201404:OS:355",3,"bx6_by61"
"CUFES:201404:OS:356",3,"bx6_by61"
"CUFES:201404:OS:357",3,"bx6_by61"
"CUFES:201404:OS:358",3,"bx6_by61"
"CUFES:201404:OS:359",3,"bx7_by61"
"CUFES:201404:OS:360",3,"bx7_by61"
"CUFES:201404:OS:361",3,"bx6_by61"
"CUFES:201404:OS:362",3,"bx6_by61"
"CUFES:201404:OS:363",3,"bx6_by61"
"CUFES:201404:OS:364",3,"bx6_by61"
"CUFES:201404:OS:365",4,"bx6_by62"
"CUFES:201404:OS:366",4,"bx6_by62"
"CUFES:201404:OS:367",4,"bx6_by62"
"CUFES:201404:OS:368",4,"bx6_by62"
"CUFES:201404:OS:369",4,"bx6_by62"
"CUFES:201404:OS:370",4,"bx6_by62"
"CUFES:201404:OS:371",4,"bx5_by62"
"CUFES:201404:OS:372",4,"bx5_by62"
"CUFES:201404:OS:373",4,"bx5_by62"
"CUFES:201404:OS:374",4,"bx5_by62"
"CUFES:201404:OS:375",4,"bx5_by62"
"CUFES:201404:OS:376",3,"bx4_by61"
"CUFES:201404:OS:377",3,"bx4_by61"
"CUFES:201404:OS:378",3,"bx4_by61"
"CUFES:201404:OS:379",3,"bx4_by61"
"CUFES:201404:OS:380",4,"bx4_by62"
"CUFES:201404:OS:381",4,"bx4_by62"
"CUFES:201404:OS:382",4,"bx4_by62"
"CUFES:201404:OS:383",4,"bx4_by62"
"CUFES:201404:OS:384",4,"bx4_by63"
"CUFES:201404:OS:385",4,"bx4_by62"
"CUFES:201404:OS:386",4,"bx4_by62"
"CUFES:201404:OS:387",4,"bx4_by62"
"CUFES:201404:OS:388",4,"bx3_by62"
"CUFES:201404:OS:389",4,"bx3_by62"
"CUFES:201404:OS:390",4,"bx3_by62"
"CUFES:201404:OS:4",3,"bx7_by61"
"CUFES:201404:OS:5",3,"bx7_by61"
"CUFES:201404:OS:6",3,"bx7_by61"
"CUFES:201404:OS:7",3,"bx7_by61"
"CUFES:201404:OS:8",2,"bx7_by60"
"CUFES:201404:OS:9",2,"bx7_by60"
"CUFES:201404:OS:93",1,"bx2_by59"
"CUFES:201404:OS:94",1,"bx2_by59"
"CUFES:201404:OS:95",1,"bx2_by59"
"CUFES:201404:OS:96",1,"bx2_by59"
"CUFES:201404:OS:97",1,"bx2_by59"
"CUFES:201404:OS:98",1,"bx3_by59"
"CUFES:201404:OS:99",1,"bx3_by59"
"CUFES:201404:SH:336",4,"bx2_by64"
"CUFES:201404:SH:337",4,"bx2_by64"
"CUFES:201404:SH:338",4,"bx2_by64"
"CUFES:201404:SH:339",4,"bx2_by63"
"CUFES:201404:SH:340",4,"bx2_by63"
"CUFES:201404:SH:341",4,"bx2_by63"
"CUFES:201404:SH:342",4,"bx2_by63"
"CUFES:201404:SH:362",3,"bx2_by61"
"CUFES:201404:SH:363",3,"bx2_by61"
"CUFES:201404:SH:364",3,"bx3_by61"
"CUFES:201404:SH:365",3,"bx3_by61"
"CUFES:201404:SH:366",3,"bx3_by61"
"CUFES:201404:SH:367",3,"bx4_by61"
"CUFES:201404:SH:368",2,"bx4_by60"
"CUFES:201404:SH:369",2,"bx4_by60"
"CUFES:201404:SH:370",2,"bx4_by60"
"CUFES:201404:SH:371",2,"bx5_by60"
"CUFES:201404:SH:372",2,"bx5_by60"
"CUFES:201404:SH:373",2,"bx5_by60"
"CUFES:201404:SH:374",2,"bx5_by60"
"CUFES:201404:SH:375",2,"bx5_by60"
"CUFES:201404:SH:376",2,"bx5_by60"
"CUFES:201404:SH:377",2,"bx6_by60"
"CUFES:201404:SH:378",2,"bx6_by60"
"CUFES:201404:SH:379",2,"bx6_by60"
"CUFES:201404:SH:381",2,"bx6_by60"
"CUFES:201404:SH:382",2,"bx7_by60"
"CUFES:201404:SH:383",2,"bx7_by60"
"CUFES:201404:SH:384",2,"bx7_by60"
"CUFES:201404:SH:385",2,"bx7_by60"
"CUFES:201404:SH:386",2,"bx7_by60"
"CUFES:201404:SH:387",2,"bx7_by60"
"CUFES:201407:NH:1",2,"bx7_by60"
"CUFES:201407:NH:10",1,"bx6_by59"
"CUFES:201407:NH:100",3,"bx7_by61"
"CUFES:201407:NH:101",3,"bx6_by61"
"CUFES:201407:NH:102",4,"bx6_by62"
"CUFES:201407:NH:103",4,"bx6_by62"
"CUFES:201407:NH:104",4,"bx6_by62"
"CUFES:201407:NH:105",4,"bx6_by62"
"CUFES:201407:NH:106",4,"bx6_by62"
"CUFES:201407:NH:107",4,"bx5_by62"
"CUFES:201407:NH:108",4,"bx5_by62"
"CUFES:201407:NH:109",4,"bx5_by62"
"CUFES:201407:NH:11",1,"bx6_by59"
"CUFES:201407:NH:110",4,"bx5_by62"
"CUFES:201407:NH:111",4,"bx5_by62"
"CUFES:201407:NH:112",3,"bx4_by61"
"CUFES:201407:NH:113",3,"bx4_by61"
"CUFES:201407:NH:114",3,"bx4_by61"
"CUFES:201407:NH:115",3,"bx4_by61"
"CUFES:201407:NH:116",3,"bx4_by61"
"CUFES:201407:NH:117",3,"bx4_by61"
"CUFES:201407:NH:118",3,"bx3_by61"
"CUFES:201407:NH:12",1,"bx5_by59"
"CUFES:201407:NH:120",2,"bx3_by60"
"CUFES:201407:NH:121",2,"bx2_by60"
"CUFES:201407:NH:122",2,"bx2_by60"
"CUFES:201407:NH:123",2,"bx2_by60"
"CUFES:201407:NH:124",2,"bx2_by60"
"CUFES:201407:NH:125",2,"bx2_by60"
"CUFES:201407:NH:126",2,"bx2_by60"
"CUFES:201407:NH:13",1,"bx5_by59"
"CUFES:201407:NH:14",1,"bx5_by59"
"CUFES:201407:NH:15",1,"bx5_by59"
"CUFES:201407:NH:16",1,"bx5_by59"
"CUFES:201407:NH:17",1,"bx5_by59"
"CUFES:201407:NH:18",1,"bx5_by59"
"CUFES:201407:NH:19",1,"bx4_by59"
"CUFES:201407:NH:2",2,"bx7_by60"
"CUFES:201407:NH:204",3,"bx2_by61"
"CUFES:201407:NH:205",3,"bx2_by61"
"CUFES:201407:NH:206",3,"bx2_by62"
"CUFES:201407:NH:207",3,"bx2_by62"
"CUFES:201407:NH:208",4,"bx3_by62"
"CUFES:201407:NH:209",4,"bx3_by62"
"CUFES:201407:NH:210",4,"bx3_by62"
"CUFES:201407:NH:211",4,"bx3_by62"
"CUFES:201407:NH:212",4,"bx3_by62"
"CUFES:201407:NH:213",3,"bx2_by62"
"CUFES:201407:NH:214",4,"bx2_by63"
"CUFES:201407:NH:216",4,"bx2_by63"
"CUFES:201407:NH:227",4,"bx2_by64"
"CUFES:201407:NH:228",4,"bx2_by64"
"CUFES:201407:NH:229",4,"bx2_by63"
"CUFES:201407:NH:230",4,"bx2_by63"
"CUFES:201407:NH:231",4,"bx2_by63"
"CUFES:201407:NH:232",4,"bx2_by63"
"CUFES:201407:NH:233",4,"bx2_by63"
"CUFES:201407:NH:234",4,"bx2_by63"
"CUFES:201407:NH:235",4,"bx2_by63"
"CUFES:201407:NH:236",4,"bx2_by63"
"CUFES:201407:NH:237",4,"bx2_by63"
"CUFES:201407:NH:238",4,"bx3_by63"
"CUFES:201407:NH:239",4,"bx3_by63"
"CUFES:201407:NH:240",4,"bx3_by63"
"CUFES:201407:NH:241",4,"bx3_by63"
"CUFES:201407:NH:242",4,"bx3_by63"
"CUFES:201407:NH:243",4,"bx3_by63"
"CUFES:201407:NH:244",4,"bx4_by63"
"CUFES:201407:NH:245",4,"bx4_by63"
"CUFES:201407:NH:246",4,"bx4_by63"
"CUFES:201407:NH:247",4,"bx4_by63"
"CUFES:201407:NH:248",4,"bx4_by63"
"CUFES:201407:NH:249",4,"bx4_by63"
"CUFES:201407:NH:250",4,"bx4_by63"
"CUFES:201407:NH:251",4,"bx4_by62"
"CUFES:201407:NH:252",4,"bx5_by62"
"CUFES:201407:NH:253",4,"bx5_by62"
"CUFES:201407:NH:254",4,"bx5_by62"
"CUFES:201407:NH:255",4,"bx5_by62"
"CUFES:201407:NH:256",4,"bx5_by62"
"CUFES:201407:NH:257",3,"bx6_by61"
"CUFES:201407:NH:258",3,"bx6_by61"
"CUFES:201407:NH:259",3,"bx6_by61"
"CUFES:201407:NH:260",3,"bx6_by61"
"CUFES:201407:NH:261",3,"bx6_by61"
"CUFES:201407:NH:262",3,"bx6_by61"
"CUFES:201407:NH:263",3,"bx6_by61"
"CUFES:201407:NH:264",3,"bx7_by61"
"CUFES:201407:NH:265",2,"bx7_by60"
"CUFES:201407:NH:266",2,"bx7_by60"
"CUFES:201407:NH:267",2,"bx7_by60"
"CUFES:201407:NH:268",2,"bx7_by60"
"CUFES:201407:NH:269",2,"bx7_by60"
"CUFES:201407:NH:3",2,"bx7_by60"
"CUFES:201407:NH:4",2,"bx7_by60"
"CUFES:201407:NH:5",2,"bx7_by60"
"CUFES:201407:NH:6",2,"bx6_by60"
"CUFES:201407:NH:7",2,"bx6_by60"
"CUFES:201407:NH:77",1,"bx2_by59"
"CUFES:201407:NH:78",1,"bx2_by59"
"CUFES:201407:NH:79",1,"bx2_by59"
"CUFES:201407:NH:8",2,"bx6_by60"
"CUFES:201407:NH:80",1,"bx3_by59"
"CUFES:201407:NH:81",1,"bx3_by59"
"CUFES:201407:NH:82",1,"bx3_by59"
"CUFES:201407:NH:83",1,"bx3_by59"
"CUFES:201407:NH:84",1,"bx3_by59"
"CUFES:201407:NH:85",2,"bx4_by60"
"CUFES:201407:NH:86",2,"bx4_by60"
"CUFES:201407:NH:87",2,"bx4_by60"
"CUFES:201407:NH:88",2,"bx4_by60"
"CUFES:201407:NH:9",1,"bx6_by59"
"CUFES:201407:NH:90",2,"bx5_by60"
"CUFES:201407:NH:91",2,"bx5_by60"
"CUFES:201407:NH:92",2,"bx5_by60"
"CUFES:201407:NH:93",2,"bx5_by60"
"CUFES:201407:NH:94",3,"bx6_by61"
"CUFES:201407:NH:95",3,"bx6_by61"
"CUFES:201407:NH:96",3,"bx6_by61"
"CUFES:201407:NH:97",3,"bx6_by61"
"CUFES:201407:NH:98",3,"bx6_by61"
"CUFES:201407:NH:99",3,"bx7_by61"
"CUFES:201501:NH:1",3,"bx7_by61"
"CUFES:201501:NH:10",1,"bx6_by59"
"CUFES:201501:NH:100",4,"bx5_by62"
"CUFES:201501:NH:101",3,"bx4_by61"
"CUFES:201501:NH:102",3,"bx4_by61"
"CUFES:201501:NH:103",3,"bx4_by61"
"CUFES:201501:NH:104",3,"bx4_by61"
"CUFES:201501:NH:105",3,"bx3_by61"
"CUFES:201501:NH:106",3,"bx3_by61"
"CUFES:201501:NH:107",2,"bx3_by60"
"CUFES:201501:NH:108",2,"bx2_by60"
"CUFES:201501:NH:109",2,"bx2_by60"
"CUFES:201501:NH:11",1,"bx6_by59"
"CUFES:201501:NH:110",2,"bx2_by60"
"CUFES:201501:NH:111",2,"bx2_by60"
"CUFES:201501:NH:12",1,"bx5_by59"
"CUFES:201501:NH:13",1,"bx5_by59"
"CUFES:201501:NH:14",1,"bx5_by59"
"CUFES:201501:NH:15",1,"bx5_by59"
"CUFES:201501:NH:152",3,"bx2_by61"
"CUFES:201501:NH:154",3,"bx2_by62"
"CUFES:201501:NH:155",4,"bx3_by62"
"CUFES:201501:NH:156",4,"bx3_by62"
"CUFES:201501:NH:157",4,"bx3_by62"
"CUFES:201501:NH:158",4,"bx3_by62"
"CUFES:201501:NH:159",4,"bx4_by62"
"CUFES:201501:NH:16",1,"bx4_by59"
"CUFES:201501:NH:160",4,"bx4_by62"
"CUFES:201501:NH:161",4,"bx4_by62"
"CUFES:201501:NH:162",4,"bx4_by63"
"CUFES:201501:NH:163",4,"bx4_by63"
"CUFES:201501:NH:164",4,"bx4_by63"
"CUFES:201501:NH:165",4,"bx4_by63"
"CUFES:201501:NH:166",4,"bx4_by63"
"CUFES:201501:NH:167",4,"bx3_by63"
"CUFES:201501:NH:168",4,"bx3_by63"
"CUFES:201501:NH:169",4,"bx3_by63"
"CUFES:201501:NH:17",1,"bx4_by59"
"CUFES:201501:NH:170",4,"bx3_by63"
"CUFES:201501:NH:171",4,"bx3_by63"
"CUFES:201501:NH:172",4,"bx2_by63"
"CUFES:201501:NH:173",4,"bx2_by63"
"CUFES:201501:NH:174",4,"bx2_by63"
"CUFES:201501:NH:175",4,"bx2_by63"
"CUFES:201501:NH:2",3,"bx7_by61"
"CUFES:201501:NH:3",2,"bx7_by60"
"CUFES:201501:NH:336",4,"bx3_by62"
"CUFES:201501:NH:337",4,"bx3_by62"
"CUFES:201501:NH:338",4,"bx4_by62"
"CUFES:201501:NH:339",4,"bx4_by62"
"CUFES:201501:NH:340",4,"bx4_by62"
"CUFES:201501:NH:341",4,"bx4_by62"
"CUFES:201501:NH:342",3,"bx4_by61"
"CUFES:201501:NH:343",3,"bx5_by61"
"CUFES:201501:NH:344",3,"bx5_by61"
"CUFES:201501:NH:345",3,"bx5_by61"
"CUFES:201501:NH:346",3,"bx6_by61"
"CUFES:201501:NH:347",3,"bx6_by61"
"CUFES:201501:NH:348",2,"bx6_by60"
"CUFES:201501:NH:349",2,"bx6_by60"
"CUFES:201501:NH:4",2,"bx7_by60"
"CUFES:201501:NH:5",2,"bx7_by60"
"CUFES:201501:NH:6",2,"bx7_by60"
"CUFES:201501:NH:7",2,"bx7_by60"
"CUFES:201501:NH:72",1,"bx2_by59"
"CUFES:201501:NH:73",1,"bx2_by59"
"CUFES:201501:NH:74",1,"bx2_by59"
"CUFES:201501:NH:75",1,"bx3_by59"
"CUFES:201501:NH:76",1,"bx3_by59"
"CUFES:201501:NH:77",1,"bx3_by59"
"CUFES:201501:NH:78",2,"bx4_by60"
"CUFES:201501:NH:79",2,"bx4_by60"
"CUFES:201501:NH:8",2,"bx6_by60"
"CUFES:201501:NH:80",2,"bx4_by60"
"CUFES:201501:NH:81",2,"bx4_by60"
"CUFES:201501:NH:82",2,"bx5_by60"
"CUFES:201501:NH:83",2,"bx5_by60"
"CUFES:201501:NH:84",2,"bx5_by60"
"CUFES:201501:NH:85",2,"bx5_by60"
"CUFES:201501:NH:86",3,"bx6_by61"
"CUFES:201501:NH:87",3,"bx6_by61"
"CUFES:201501:NH:88",3,"bx6_by61"
"CUFES:201501:NH:89",3,"bx6_by61"
"CUFES:201501:NH:9",2,"bx6_by60"
"CUFES:201501:NH:90",3,"bx6_by61"
"CUFES:201501:NH:91",3,"bx7_by61"
"CUFES:201501:NH:92",4,"bx6_by62"
"CUFES:201501:NH:93",4,"bx6_by62"
"CUFES:201501:NH:94",4,"bx6_by62"
"CUFES:201501:NH:95",4,"bx6_by62"
"CUFES:201501:NH:96",4,"bx6_by62"
"CUFES:201501:NH:97",4,"bx5_by62"
"CUFES:201501:NH:98",4,"bx5_by62"
"CUFES:201501:NH:99",4,"bx5_by62"
"CUFES:201504:NH:1",2,"bx7_by60"
"CUFES:201504:NH:10",2,"bx7_by60"
"CUFES:201504:NH:11",2,"bx7_by60"
"CUFES:201504:NH:12",2,"bx7_by60"
"CUFES:201504:NH:13",2,"bx6_by60"
"CUFES:201504:NH:132",1,"bx2_by59"
"CUFES:201504:NH:133",1,"bx2_by59"
"CUFES:201504:NH:134",1,"bx2_by59"
"CUFES:201504:NH:135",1,"bx2_by59"
"CUFES:201504:NH:136",1,"bx2_by59"
"CUFES:201504:NH:137",1,"bx3_by59"
"CUFES:201504:NH:138",1,"bx3_by59"
"CUFES:201504:NH:139",1,"bx3_by59"
"CUFES:201504:NH:14",2,"bx6_by60"
"CUFES:201504:NH:140",1,"bx3_by59"
"CUFES:201504:NH:141",1,"bx3_by59"
"CUFES:201504:NH:142",1,"bx3_by59"
"CUFES:201504:NH:143",1,"bx3_by59"
"CUFES:201504:NH:144",1,"bx3_by59"
"CUFES:201504:NH:145",2,"bx4_by60"
"CUFES:201504:NH:146",2,"bx4_by60"
"CUFES:201504:NH:147",2,"bx4_by60"
"CUFES:201504:NH:148",2,"bx4_by60"
"CUFES:201504:NH:149",2,"bx4_by60"
"CUFES:201504:NH:15",2,"bx6_by60"
"CUFES:201504:NH:150",2,"bx4_by60"
"CUFES:201504:NH:151",2,"bx4_by60"
"CUFES:201504:NH:153",2,"bx5_by60"
"CUFES:201504:NH:154",2,"bx5_by60"
"CUFES:201504:NH:155",2,"bx5_by60"
"CUFES:201504:NH:156",2,"bx5_by60"
"CUFES:201504:NH:157",2,"bx5_by60"
"CUFES:201504:NH:158",3,"bx5_by61"
"CUFES:201504:NH:159",3,"bx5_by61"
"CUFES:201504:NH:16",2,"bx6_by60"
"CUFES:201504:NH:160",3,"bx6_by61"
"CUFES:201504:NH:161",3,"bx6_by61"
"CUFES:201504:NH:162",3,"bx6_by61"
"CUFES:201504:NH:163",3,"bx6_by61"
"CUFES:201504:NH:164",3,"bx6_by61"
"CUFES:201504:NH:165",3,"bx6_by61"
"CUFES:201504:NH:166",3,"bx7_by61"
"CUFES:201504:NH:167",3,"bx7_by61"
"CUFES:201504:NH:168",3,"bx7_by61"
"CUFES:201504:NH:169",3,"bx6_by61"
"CUFES:201504:NH:17",1,"bx6_by59"
"CUFES:201504:NH:170",3,"bx6_by61"
"CUFES:201504:NH:171",4,"bx6_by62"
"CUFES:201504:NH:172",4,"bx6_by62"
"CUFES:201504:NH:173",4,"bx6_by62"
"CUFES:201504:NH:174",4,"bx6_by62"
"CUFES:201504:NH:175",4,"bx6_by62"
"CUFES:201504:NH:176",4,"bx6_by62"
"CUFES:201504:NH:177",4,"bx6_by62"
"CUFES:201504:NH:178",4,"bx6_by62"
"CUFES:201504:NH:179",4,"bx6_by62"
"CUFES:201504:NH:18",1,"bx6_by59"
"CUFES:201504:NH:180",4,"bx5_by62"
"CUFES:201504:NH:181",4,"bx5_by62"
"CUFES:201504:NH:182",4,"bx5_by62"
"CUFES:201504:NH:183",4,"bx5_by62"
"CUFES:201504:NH:184",4,"bx5_by62"
"CUFES:201504:NH:185",4,"bx5_by62"
"CUFES:201504:NH:186",4,"bx5_by62"
"CUFES:201504:NH:187",3,"bx4_by61"
"CUFES:201504:NH:188",3,"bx4_by61"
"CUFES:201504:NH:189",3,"bx4_by61"
"CUFES:201504:NH:19",1,"bx6_by59"
"CUFES:201504:NH:190",3,"bx4_by61"
"CUFES:201504:NH:191",3,"bx4_by61"
"CUFES:201504:NH:192",3,"bx4_by61"
"CUFES:201504:NH:193",3,"bx4_by61"
"CUFES:201504:NH:194",3,"bx4_by61"
"CUFES:201504:NH:195",3,"bx3_by61"
"CUFES:201504:NH:196",3,"bx3_by61"
"CUFES:201504:NH:197",3,"bx3_by61"
"CUFES:201504:NH:198",3,"bx3_by61"
"CUFES:201504:NH:199",3,"bx3_by61"
"CUFES:201504:NH:2",2,"bx7_by60"
"CUFES:201504:NH:20",1,"bx6_by59"
"CUFES:201504:NH:200",2,"bx3_by60"
"CUFES:201504:NH:201",2,"bx2_by60"
"CUFES:201504:NH:202",2,"bx2_by60"
"CUFES:201504:NH:203",2,"bx2_by60"
"CUFES:201504:NH:204",2,"bx2_by60"
"CUFES:201504:NH:205",2,"bx2_by60"
"CUFES:201504:NH:206",2,"bx2_by60"
"CUFES:201504:NH:207",2,"bx2_by60"
"CUFES:201504:NH:208",2,"bx2_by60"
"CUFES:201504:NH:21",1,"bx5_by59"
"CUFES:201504:NH:22",1,"bx5_by59"
"CUFES:201504:NH:23",1,"bx5_by59"
"CUFES:201504:NH:24",1,"bx5_by59"
"CUFES:201504:NH:25",1,"bx5_by59"
"CUFES:201504:NH:26",1,"bx5_by59"
"CUFES:201504:NH:263",3,"bx2_by61"
"CUFES:201504:NH:264",3,"bx2_by61"
"CUFES:201504:NH:265",3,"bx2_by61"
"CUFES:201504:NH:266",3,"bx2_by62"
"CUFES:201504:NH:267",3,"bx2_by62"
"CUFES:201504:NH:268",3,"bx2_by62"
"CUFES:201504:NH:269",3,"bx2_by62"
"CUFES:201504:NH:27",1,"bx4_by59"
"CUFES:201504:NH:270",3,"bx2_by62"
"CUFES:201504:NH:271",4,"bx3_by62"
"CUFES:201504:NH:272",4,"bx3_by62"
"CUFES:201504:NH:273",4,"bx3_by62"
"CUFES:201504:NH:274",4,"bx3_by62"
"CUFES:201504:NH:275",4,"bx3_by62"
"CUFES:201504:NH:276",4,"bx3_by62"
"CUFES:201504:NH:277",4,"bx3_by62"
"CUFES:201504:NH:278",4,"bx3_by62"
"CUFES:201504:NH:279",4,"bx4_by62"
"CUFES:201504:NH:28",1,"bx4_by59"
"CUFES:201504:NH:280",4,"bx4_by62"
"CUFES:201504:NH:281",4,"bx4_by62"
"CUFES:201504:NH:282",4,"bx4_by62"
"CUFES:201504:NH:283",4,"bx4_by63"
"CUFES:201504:NH:284",4,"bx4_by63"
"CUFES:201504:NH:285",4,"bx4_by63"
"CUFES:201504:NH:286",4,"bx4_by63"
"CUFES:201504:NH:287",4,"bx4_by62"
"CUFES:201504:NH:288",4,"bx5_by62"
"CUFES:201504:NH:289",4,"bx5_by62"
"CUFES:201504:NH:29",1,"bx4_by59"
"CUFES:201504:NH:290",4,"bx5_by62"
"CUFES:201504:NH:291",4,"bx5_by62"
"CUFES:201504:NH:292",4,"bx5_by62"
"CUFES:201504:NH:293",4,"bx5_by62"
"CUFES:201504:NH:294",4,"bx5_by62"
"CUFES:201504:NH:295",4,"bx5_by62"
"CUFES:201504:NH:296",4,"bx4_by62"
"CUFES:201504:NH:297",4,"bx4_by62"
"CUFES:201504:NH:298",4,"bx4_by62"
"CUFES:201504:NH:299",4,"bx4_by62"
"CUFES:201504:NH:3",3,"bx7_by61"
"CUFES:201504:NH:300",4,"bx4_by63"
"CUFES:201504:NH:301",4,"bx3_by63"
"CUFES:201504:NH:302",4,"bx3_by63"
"CUFES:201504:NH:303",4,"bx3_by63"
"CUFES:201504:NH:304",4,"bx3_by63"
"CUFES:201504:NH:305",4,"bx3_by63"
"CUFES:201504:NH:306",4,"bx3_by63"
"CUFES:201504:NH:307",4,"bx3_by63"
"CUFES:201504:NH:308",4,"bx2_by63"
"CUFES:201504:NH:309",4,"bx2_by63"
"CUFES:201504:NH:310",4,"bx2_by63"
"CUFES:201504:NH:311",4,"bx2_by63"
"CUFES:201504:NH:312",4,"bx2_by63"
"CUFES:201504:NH:313",4,"bx3_by63"
"CUFES:201504:NH:314",4,"bx2_by63"
"CUFES:201504:NH:315",4,"bx2_by63"
"CUFES:201504:NH:316",4,"bx2_by63"
"CUFES:201504:NH:393",4,"bx2_by64"
"CUFES:201504:NH:397",4,"bx2_by64"
"CUFES:201504:NH:398",4,"bx2_by64"
"CUFES:201504:NH:399",4,"bx2_by64"
"CUFES:201504:NH:4",3,"bx7_by61"
"CUFES:201504:NH:400",4,"bx2_by64"
"CUFES:201504:NH:401",4,"bx2_by63"
"CUFES:201504:NH:402",4,"bx2_by63"
"CUFES:201504:NH:403",4,"bx2_by63"
"CUFES:201504:NH:404",4,"bx2_by63"
"CUFES:201504:NH:405",4,"bx3_by63"
"CUFES:201504:NH:406",4,"bx3_by63"
"CUFES:201504:NH:407",4,"bx3_by63"
"CUFES:201504:NH:408",4,"bx3_by62"
"CUFES:201504:NH:409",4,"bx3_by62"
"CUFES:201504:NH:410",4,"bx3_by62"
"CUFES:201504:NH:411",4,"bx3_by62"
"CUFES:201504:NH:412",4,"bx3_by62"
"CUFES:201504:NH:413",4,"bx3_by62"
"CUFES:201504:NH:414",4,"bx3_by62"
"CUFES:201504:NH:415",4,"bx3_by62"
"CUFES:201504:NH:416",4,"bx4_by62"
"CUFES:201504:NH:417",4,"bx4_by62"
"CUFES:201504:NH:418",4,"bx4_by62"
"CUFES:201504:NH:419",3,"bx4_by61"
"CUFES:201504:NH:420",3,"bx4_by61"
"CUFES:201504:NH:421",3,"bx4_by61"
"CUFES:201504:NH:422",3,"bx4_by61"
"CUFES:201504:NH:423",3,"bx5_by61"
"CUFES:201504:NH:424",3,"bx5_by61"
"CUFES:201504:NH:425",3,"bx5_by61"
"CUFES:201504:NH:426",3,"bx5_by61"
"CUFES:201504:NH:427",3,"bx5_by61"
"CUFES:201504:NH:428",3,"bx5_by61"
"CUFES:201504:NH:429",3,"bx5_by61"
"CUFES:201504:NH:430",3,"bx6_by61"
"CUFES:201504:NH:431",3,"bx6_by61"
"CUFES:201504:NH:432",3,"bx6_by61"
"CUFES:201504:NH:433",2,"bx6_by60"
"CUFES:201504:NH:434",2,"bx6_by60"
"CUFES:201504:NH:435",2,"bx6_by60"
"CUFES:201504:NH:436",2,"bx6_by60"
"CUFES:201504:NH:437",2,"bx6_by60"
"CUFES:201504:NH:438",2,"bx7_by60"
"CUFES:201504:NH:439",2,"bx7_by60"
"CUFES:201504:NH:440",2,"bx7_by60"
"CUFES:201504:NH:441",2,"bx7_by60"
"CUFES:201504:NH:442",2,"bx7_by60"
"CUFES:201504:NH:443",2,"bx7_by60"
"CUFES:201504:NH:444",2,"bx7_by60"
"CUFES:201504:NH:445",2,"bx7_by60"
"CUFES:201504:NH:5",3,"bx7_by61"
"CUFES:201504:NH:6",3,"bx7_by61"
"CUFES:201504:NH:7",2,"bx7_by60"
"CUFES:201504:NH:8",2,"bx7_by60"
"CUFES:201504:NH:9",2,"bx7_by60"
"CUFES:201507:SH:1",2,"bx7_by60"
"CUFES:201507:SH:10",2,"bx6_by60"
"CUFES:201507:SH:100",4,"bx2_by63"
"CUFES:201507:SH:101",4,"bx2_by63"
"CUFES:201507:SH:11",2,"bx6_by60"
"CUFES:201507:SH:112",4,"bx2_by64"
"CUFES:201507:SH:113",4,"bx2_by64"
"CUFES:201507:SH:114",4,"bx2_by64"
"CUFES:201507:SH:115",4,"bx2_by64"
"CUFES:201507:SH:116",4,"bx2_by64"
"CUFES:201507:SH:12",3,"bx7_by61"
"CUFES:201507:SH:13",3,"bx7_by61"
"CUFES:201507:SH:14",3,"bx7_by61"
"CUFES:201507:SH:15",3,"bx7_by61"
"CUFES:201507:SH:16",3,"bx7_by61"
"CUFES:201507:SH:17",3,"bx7_by61"
"CUFES:201507:SH:18",3,"bx6_by61"
"CUFES:201507:SH:19",3,"bx6_by61"
"CUFES:201507:SH:2",2,"bx7_by60"
"CUFES:201507:SH:20",3,"bx6_by61"
"CUFES:201507:SH:21",3,"bx6_by61"
"CUFES:201507:SH:22",3,"bx6_by61"
"CUFES:201507:SH:23",3,"bx6_by61"
"CUFES:201507:SH:24",3,"bx6_by61"
"CUFES:201507:SH:25",3,"bx5_by61"
"CUFES:201507:SH:26",3,"bx5_by61"
"CUFES:201507:SH:27",3,"bx5_by61"
"CUFES:201507:SH:28",3,"bx5_by61"
"CUFES:201507:SH:29",3,"bx5_by61"
"CUFES:201507:SH:3",2,"bx7_by60"
"CUFES:201507:SH:30",3,"bx5_by61"
"CUFES:201507:SH:31",3,"bx6_by61"
"CUFES:201507:SH:32",3,"bx6_by61"
"CUFES:201507:SH:33",4,"bx6_by62"
"CUFES:201507:SH:34",4,"bx6_by62"
"CUFES:201507:SH:35",4,"bx6_by62"
"CUFES:201507:SH:36",4,"bx6_by62"
"CUFES:201507:SH:37",4,"bx6_by62"
"CUFES:201507:SH:38",4,"bx6_by62"
"CUFES:201507:SH:39",4,"bx6_by62"
"CUFES:201507:SH:4",2,"bx7_by60"
"CUFES:201507:SH:40",4,"bx5_by62"
"CUFES:201507:SH:41",4,"bx5_by62"
"CUFES:201507:SH:42",4,"bx5_by62"
"CUFES:201507:SH:43",4,"bx5_by62"
"CUFES:201507:SH:44",4,"bx5_by62"
"CUFES:201507:SH:45",4,"bx5_by62"
"CUFES:201507:SH:46",4,"bx5_by62"
"CUFES:201507:SH:47",4,"bx5_by62"
"CUFES:201507:SH:48",4,"bx5_by62"
"CUFES:201507:SH:49",4,"bx4_by62"
"CUFES:201507:SH:5",2,"bx7_by60"
"CUFES:201507:SH:50",4,"bx4_by62"
"CUFES:201507:SH:51",4,"bx4_by62"
"CUFES:201507:SH:52",4,"bx4_by62"
"CUFES:201507:SH:53",4,"bx4_by62"
"CUFES:201507:SH:54",4,"bx4_by62"
"CUFES:201507:SH:55",4,"bx5_by62"
"CUFES:201507:SH:56",4,"bx5_by62"
"CUFES:201507:SH:57",4,"bx5_by62"
"CUFES:201507:SH:58",4,"bx4_by62"
"CUFES:201507:SH:59",4,"bx4_by62"
"CUFES:201507:SH:6",2,"bx7_by60"
"CUFES:201507:SH:60",4,"bx4_by63"
"CUFES:201507:SH:61",4,"bx4_by63"
"CUFES:201507:SH:62",4,"bx4_by63"
"CUFES:201507:SH:63",4,"bx4_by63"
"CUFES:201507:SH:64",4,"bx4_by62"
"CUFES:201507:SH:65",4,"bx4_by62"
"CUFES:201507:SH:66",4,"bx3_by62"
"CUFES:201507:SH:67",4,"bx3_by62"
"CUFES:201507:SH:68",4,"bx3_by62"
"CUFES:201507:SH:69",4,"bx3_by62"
"CUFES:201507:SH:7",2,"bx7_by60"
"CUFES:201507:SH:70",4,"bx3_by62"
"CUFES:201507:SH:71",4,"bx3_by62"
"CUFES:201507:SH:72",4,"bx3_by63"
"CUFES:201507:SH:73",4,"bx3_by63"
"CUFES:201507:SH:74",4,"bx3_by63"
"CUFES:201507:SH:75",4,"bx3_by63"
"CUFES:201507:SH:76",4,"bx3_by63"
"CUFES:201507:SH:77",4,"bx3_by63"
"CUFES:201507:SH:78",4,"bx3_by63"
"CUFES:201507:SH:79",4,"bx3_by63"
"CUFES:201507:SH:8",2,"bx7_by60"
"CUFES:201507:SH:80",4,"bx3_by63"
"CUFES:201507:SH:81",4,"bx3_by63"
"CUFES:201507:SH:82",4,"bx3_by63"
"CUFES:201507:SH:83",4,"bx3_by63"
"CUFES:201507:SH:84",4,"bx2_by63"
"CUFES:201507:SH:85",4,"bx2_by63"
"CUFES:201507:SH:86",4,"bx2_by63"
"CUFES:201507:SH:87",4,"bx2_by63"
"CUFES:201507:SH:88",4,"bx2_by63"
"CUFES:201507:SH:89",4,"bx2_by63"
"CUFES:201507:SH:9",2,"bx6_by60"
"CUFES:201507:SH:90",4,"bx2_by63"
"CUFES:201507:SH:94",4,"bx2_by63"
"CUFES:201507:SH:95",4,"bx2_by63"
"CUFES:201507:SH:96",4,"bx2_by63"
"CUFES:201507:SH:97",4,"bx2_by63"
"CUFES:201507:SH:98",4,"bx2_by63"
"CUFES:201507:SH:99",4,"bx2_by63"
"CUFES:201601:RL:1",2,"bx7_by60"
"CUFES:201601:RL:10",2,"bx7_by60"
"CUFES:201601:RL:11",2,"bx7_by60"
"CUFES:201601:RL:12",2,"bx7_by60"
"CUFES:201601:RL:13",2,"bx7_by60"
"CUFES:201601:RL:131",1,"bx2_by59"
"CUFES:201601:RL:132",1,"bx2_by59"
"CUFES:201601:RL:133",1,"bx2_by59"
"CUFES:201601:RL:134",1,"bx2_by59"
"CUFES:201601:RL:135",1,"bx2_by59"
"CUFES:201601:RL:136",1,"bx3_by59"
"CUFES:201601:RL:137",1,"bx3_by59"
"CUFES:201601:RL:138",1,"bx3_by59"
"CUFES:201601:RL:139",1,"bx3_by59"
"CUFES:201601:RL:14",2,"bx7_by60"
"CUFES:201601:RL:140",1,"bx3_by59"
"CUFES:201601:RL:141",1,"bx3_by59"
"CUFES:201601:RL:142",1,"bx3_by59"
"CUFES:201601:RL:143",1,"bx3_by59"
"CUFES:201601:RL:144",1,"bx3_by59"
"CUFES:201601:RL:145",2,"bx4_by60"
"CUFES:201601:RL:146",2,"bx4_by60"
"CUFES:201601:RL:147",2,"bx4_by60"
"CUFES:201601:RL:149",2,"bx4_by60"
"CUFES:201601:RL:15",2,"bx7_by60"
"CUFES:201601:RL:150",2,"bx4_by60"
"CUFES:201601:RL:151",2,"bx4_by60"
"CUFES:201601:RL:152",2,"bx4_by60"
"CUFES:201601:RL:153",2,"bx5_by60"
"CUFES:201601:RL:154",2,"bx5_by60"
"CUFES:201601:RL:155",2,"bx5_by60"
"CUFES:201601:RL:156",2,"bx5_by60"
"CUFES:201601:RL:157",2,"bx5_by60"
"CUFES:201601:RL:158",2,"bx5_by60"
"CUFES:201601:RL:159",3,"bx5_by61"
"CUFES:201601:RL:16",2,"bx6_by60"
"CUFES:201601:RL:160",3,"bx5_by61"
"CUFES:201601:RL:161",3,"bx6_by61"
"CUFES:201601:RL:162",3,"bx6_by61"
"CUFES:201601:RL:163",3,"bx6_by61"
"CUFES:201601:RL:164",3,"bx6_by61"
"CUFES:201601:RL:165",3,"bx6_by61"
"CUFES:201601:RL:166",3,"bx6_by61"
"CUFES:201601:RL:167",3,"bx6_by61"
"CUFES:201601:RL:168",3,"bx6_by61"
"CUFES:201601:RL:169",3,"bx6_by61"
"CUFES:201601:RL:17",2,"bx6_by60"
"CUFES:201601:RL:170",3,"bx7_by61"
"CUFES:201601:RL:171",3,"bx7_by61"
"CUFES:201601:RL:172",3,"bx6_by61"
"CUFES:201601:RL:173",3,"bx6_by61"
"CUFES:201601:RL:174",3,"bx6_by61"
"CUFES:201601:RL:175",4,"bx6_by62"
"CUFES:201601:RL:176",4,"bx6_by62"
"CUFES:201601:RL:177",4,"bx6_by62"
"CUFES:201601:RL:178",4,"bx6_by62"
"CUFES:201601:RL:179",4,"bx6_by62"
"CUFES:201601:RL:18",2,"bx6_by60"
"CUFES:201601:RL:180",4,"bx6_by62"
"CUFES:201601:RL:181",4,"bx5_by62"
"CUFES:201601:RL:182",4,"bx5_by62"
"CUFES:201601:RL:183",4,"bx5_by62"
"CUFES:201601:RL:184",4,"bx5_by62"
"CUFES:201601:RL:185",4,"bx5_by62"
"CUFES:201601:RL:186",4,"bx5_by62"
"CUFES:201601:RL:187",4,"bx5_by62"
"CUFES:201601:RL:188",3,"bx5_by61"
"CUFES:201601:RL:189",3,"bx4_by61"
"CUFES:201601:RL:19",2,"bx6_by60"
"CUFES:201601:RL:190",3,"bx4_by61"
"CUFES:201601:RL:191",3,"bx4_by61"
"CUFES:201601:RL:192",3,"bx4_by61"
"CUFES:201601:RL:193",3,"bx4_by61"
"CUFES:201601:RL:194",3,"bx4_by61"
"CUFES:201601:RL:195",3,"bx4_by61"
"CUFES:201601:RL:196",3,"bx3_by61"
"CUFES:201601:RL:197",3,"bx3_by61"
"CUFES:201601:RL:198",3,"bx3_by61"
"CUFES:201601:RL:199",3,"bx3_by61"
"CUFES:201601:RL:2",2,"bx7_by60"
"CUFES:201601:RL:20",1,"bx6_by59"
"CUFES:201601:RL:200",3,"bx3_by61"
"CUFES:201601:RL:201",3,"bx3_by61"
"CUFES:201601:RL:202",2,"bx3_by60"
"CUFES:201601:RL:203",2,"bx3_by60"
"CUFES:201601:RL:204",2,"bx2_by60"
"CUFES:201601:RL:205",2,"bx2_by60"
"CUFES:201601:RL:206",2,"bx2_by60"
"CUFES:201601:RL:207",2,"bx2_by60"
"CUFES:201601:RL:208",2,"bx2_by60"
"CUFES:201601:RL:209",2,"bx2_by60"
"CUFES:201601:RL:21",1,"bx6_by59"
"CUFES:201601:RL:210",2,"bx2_by60"
"CUFES:201601:RL:22",1,"bx6_by59"
"CUFES:201601:RL:23",1,"bx6_by59"
"CUFES:201601:RL:24",1,"bx5_by59"
"CUFES:201601:RL:25",1,"bx5_by59"
"CUFES:201601:RL:26",1,"bx5_by59"
"CUFES:201601:RL:27",1,"bx5_by59"
"CUFES:201601:RL:28",1,"bx5_by59"
"CUFES:201601:RL:29",1,"bx5_by59"
"CUFES:201601:RL:290",3,"bx2_by61"
"CUFES:201601:RL:291",3,"bx2_by61"
"CUFES:201601:RL:293",3,"bx2_by62"
"CUFES:201601:RL:294",3,"bx2_by62"
"CUFES:201601:RL:295",3,"bx2_by62"
"CUFES:201601:RL:296",3,"bx2_by62"
"CUFES:201601:RL:297",4,"bx3_by62"
"CUFES:201601:RL:298",4,"bx3_by62"
"CUFES:201601:RL:299",4,"bx3_by62"
"CUFES:201601:RL:3",3,"bx7_by61"
"CUFES:201601:RL:30",1,"bx5_by59"
"CUFES:201601:RL:301",4,"bx3_by62"
"CUFES:201601:RL:302",4,"bx3_by62"
"CUFES:201601:RL:303",4,"bx4_by62"
"CUFES:201601:RL:304",4,"bx4_by62"
"CUFES:201601:RL:305",4,"bx4_by62"
"CUFES:201601:RL:306",4,"bx4_by62"
"CUFES:201601:RL:307",4,"bx4_by62"
"CUFES:201601:RL:308",4,"bx4_by62"
"CUFES:201601:RL:309",4,"bx4_by63"
"CUFES:201601:RL:31",1,"bx4_by59"
"CUFES:201601:RL:310",4,"bx4_by63"
"CUFES:201601:RL:311",4,"bx4_by63"
"CUFES:201601:RL:312",4,"bx4_by63"
"CUFES:201601:RL:313",4,"bx4_by63"
"CUFES:201601:RL:314",4,"bx4_by63"
"CUFES:201601:RL:315",4,"bx4_by63"
"CUFES:201601:RL:316",4,"bx3_by63"
"CUFES:201601:RL:317",4,"bx3_by63"
"CUFES:201601:RL:318",4,"bx3_by63"
"CUFES:201601:RL:319",4,"bx3_by63"
"CUFES:201601:RL:32",1,"bx4_by59"
"CUFES:201601:RL:320",4,"bx3_by63"
"CUFES:201601:RL:321",4,"bx3_by63"
"CUFES:201601:RL:322",4,"bx3_by63"
"CUFES:201601:RL:323",4,"bx3_by63"
"CUFES:201601:RL:324",4,"bx2_by63"
"CUFES:201601:RL:325",4,"bx2_by63"
"CUFES:201601:RL:326",4,"bx2_by63"
"CUFES:201601:RL:327",4,"bx2_by63"
"CUFES:201601:RL:328",4,"bx2_by63"
"CUFES:201601:RL:329",4,"bx2_by63"
"CUFES:201601:RL:33",1,"bx4_by59"
"CUFES:201601:RL:4",3,"bx7_by61"
"CUFES:201601:RL:400",4,"bx2_by64"
"CUFES:201601:RL:5",3,"bx7_by61"
"CUFES:201601:RL:594",4,"bx2_by63"
"CUFES:201601:RL:595",4,"bx3_by63"
"CUFES:201601:RL:596",4,"bx3_by63"
"CUFES:201601:RL:597",4,"bx3_by63"
"CUFES:201601:RL:598",4,"bx3_by63"
"CUFES:201601:RL:599",4,"bx3_by63"
"CUFES:201601:RL:6",3,"bx7_by61"
"CUFES:201601:RL:600",4,"bx4_by62"
"CUFES:201601:RL:7",2,"bx7_by60"
"CUFES:201601:RL:8",2,"bx7_by60"
"CUFES:201601:RL:9",2,"bx7_by60"
"CUFES:201604:RL:1",3,"bx6_by61"
"CUFES:201604:RL:10",4,"bx5_by62"
"CUFES:201604:RL:11",4,"bx5_by62"
"CUFES:201604:RL:12",4,"bx5_by62"
"CUFES:201604:RL:13",4,"bx5_by62"
"CUFES:201604:RL:14",4,"bx5_by62"
"CUFES:201604:RL:15",4,"bx5_by62"
"CUFES:201604:RL:16",4,"bx5_by62"
"CUFES:201604:RL:17",4,"bx4_by62"
"CUFES:201604:RL:18",4,"bx4_by62"
"CUFES:201604:RL:19",4,"bx4_by62"
"CUFES:201604:RL:2",3,"bx6_by61"
"CUFES:201604:RL:20",4,"bx4_by63"
"CUFES:201604:RL:21",4,"bx4_by63"
"CUFES:201604:RL:22",4,"bx4_by63"
"CUFES:201604:RL:23",4,"bx4_by63"
"CUFES:201604:RL:24",4,"bx4_by63"
"CUFES:201604:RL:25",4,"bx3_by63"
"CUFES:201604:RL:26",4,"bx3_by63"
"CUFES:201604:RL:27",4,"bx3_by63"
"CUFES:201604:RL:28",4,"bx3_by63"
"CUFES:201604:RL:29",4,"bx3_by63"
"CUFES:201604:RL:3",3,"bx6_by61"
"CUFES:201604:RL:30",4,"bx3_by63"
"CUFES:201604:RL:31",4,"bx2_by63"
"CUFES:201604:RL:32",4,"bx2_by63"
"CUFES:201604:RL:33",4,"bx2_by63"
"CUFES:201604:RL:34",4,"bx2_by63"
"CUFES:201604:RL:35",4,"bx2_by63"
"CUFES:201604:RL:36",4,"bx2_by63"
"CUFES:201604:RL:37",4,"bx2_by63"
"CUFES:201604:RL:4",3,"bx6_by61"
"CUFES:201604:RL:5",3,"bx6_by61"
"CUFES:201604:RL:6",4,"bx6_by62"
"CUFES:201604:RL:7",4,"bx6_by62"
"CUFES:201604:RL:8",4,"bx5_by62"
"CUFES:201604:RL:9",4,"bx5_by62"
"CUFES:201604:SH:1",2,"bx7_by60"
"CUFES:201604:SH:10",2,"bx7_by60"
"CUFES:201604:SH:11",2,"bx7_by60"
"CUFES:201604:SH:117",1,"bx2_by59"
"CUFES:201604:SH:118",1,"bx2_by59"
"CUFES:201604:SH:119",1,"bx2_by59"
"CUFES:201604:SH:12",2,"bx7_by60"
"CUFES:201604:SH:120",1,"bx2_by59"
"CUFES:201604:SH:121",1,"bx2_by59"
"CUFES:201604:SH:122",1,"bx3_by59"
"CUFES:201604:SH:123",1,"bx3_by59"
"CUFES:201604:SH:124",1,"bx3_by59"
"CUFES:201604:SH:125",1,"bx3_by59"
"CUFES:201604:SH:126",1,"bx3_by59"
"CUFES:201604:SH:127",1,"bx3_by59"
"CUFES:201604:SH:128",1,"bx3_by59"
"CUFES:201604:SH:129",2,"bx3_by60"
"CUFES:201604:SH:13",2,"bx7_by60"
"CUFES:201604:SH:130",2,"bx4_by60"
"CUFES:201604:SH:131",2,"bx4_by60"
"CUFES:201604:SH:132",2,"bx4_by60"
"CUFES:201604:SH:133",2,"bx4_by60"
"CUFES:201604:SH:134",2,"bx4_by60"
"CUFES:201604:SH:135",2,"bx4_by60"
"CUFES:201604:SH:136",2,"bx4_by60"
"CUFES:201604:SH:137",2,"bx5_by60"
"CUFES:201604:SH:138",2,"bx5_by60"
"CUFES:201604:SH:139",2,"bx5_by60"
"CUFES:201604:SH:14",2,"bx6_by60"
"CUFES:201604:SH:140",2,"bx5_by60"
"CUFES:201604:SH:141",2,"bx5_by60"
"CUFES:201604:SH:142",2,"bx5_by60"
"CUFES:201604:SH:143",3,"bx5_by61"
"CUFES:201604:SH:144",3,"bx5_by61"
"CUFES:201604:SH:145",3,"bx6_by61"
"CUFES:201604:SH:146",3,"bx6_by61"
"CUFES:201604:SH:147",3,"bx6_by61"
"CUFES:201604:SH:148",3,"bx6_by61"
"CUFES:201604:SH:149",3,"bx6_by61"
"CUFES:201604:SH:15",2,"bx6_by60"
"CUFES:201604:SH:150",3,"bx6_by61"
"CUFES:201604:SH:151",3,"bx6_by61"
"CUFES:201604:SH:152",3,"bx6_by61"
"CUFES:201604:SH:154",3,"bx7_by61"
"CUFES:201604:SH:155",3,"bx7_by61"
"CUFES:201604:SH:156",3,"bx7_by61"
"CUFES:201604:SH:157",3,"bx6_by61"
"CUFES:201604:SH:158",3,"bx6_by61"
"CUFES:201604:SH:159",4,"bx6_by62"
"CUFES:201604:SH:16",2,"bx6_by60"
"CUFES:201604:SH:160",4,"bx6_by62"
"CUFES:201604:SH:161",4,"bx6_by62"
"CUFES:201604:SH:162",4,"bx6_by62"
"CUFES:201604:SH:163",4,"bx6_by62"
"CUFES:201604:SH:164",4,"bx6_by62"
"CUFES:201604:SH:165",4,"bx6_by62"
"CUFES:201604:SH:166",4,"bx5_by62"
"CUFES:201604:SH:167",4,"bx5_by62"
"CUFES:201604:SH:168",4,"bx5_by62"
"CUFES:201604:SH:169",4,"bx5_by62"
"CUFES:201604:SH:17",1,"bx6_by59"
"CUFES:201604:SH:170",4,"bx5_by62"
"CUFES:201604:SH:171",4,"bx5_by62"
"CUFES:201604:SH:172",4,"bx5_by62"
"CUFES:201604:SH:173",4,"bx4_by62"
"CUFES:201604:SH:174",4,"bx4_by62"
"CUFES:201604:SH:175",4,"bx4_by63"
"CUFES:201604:SH:176",4,"bx4_by63"
"CUFES:201604:SH:177",4,"bx4_by63"
"CUFES:201604:SH:178",4,"bx4_by63"
"CUFES:201604:SH:179",4,"bx4_by62"
"CUFES:201604:SH:18",1,"bx6_by59"
"CUFES:201604:SH:180",4,"bx4_by62"
"CUFES:201604:SH:181",4,"bx4_by62"
"CUFES:201604:SH:182",4,"bx4_by62"
"CUFES:201604:SH:183",4,"bx4_by62"
"CUFES:201604:SH:184",4,"bx5_by62"
"CUFES:201604:SH:185",4,"bx5_by62"
"CUFES:201604:SH:186",4,"bx5_by62"
"CUFES:201604:SH:187",4,"bx5_by62"
"CUFES:201604:SH:188",4,"bx5_by62"
"CUFES:201604:SH:189",3,"bx5_by61"
"CUFES:201604:SH:19",1,"bx6_by59"
"CUFES:201604:SH:190",3,"bx4_by61"
"CUFES:201604:SH:191",3,"bx4_by61"
"CUFES:201604:SH:192",3,"bx4_by61"
"CUFES:201604:SH:193",3,"bx4_by61"
"CUFES:201604:SH:194",3,"bx4_by61"
"CUFES:201604:SH:195",3,"bx4_by61"
"CUFES:201604:SH:196",3,"bx3_by61"
"CUFES:201604:SH:197",3,"bx3_by61"
"CUFES:201604:SH:198",3,"bx3_by61"
"CUFES:201604:SH:199",3,"bx3_by61"
"CUFES:201604:SH:2",2,"bx7_by60"
"CUFES:201604:SH:20",1,"bx5_by59"
"CUFES:201604:SH:200",3,"bx3_by61"
"CUFES:201604:SH:201",2,"bx3_by60"
"CUFES:201604:SH:202",2,"bx3_by60"
"CUFES:201604:SH:203",2,"bx2_by60"
"CUFES:201604:SH:204",2,"bx2_by60"
"CUFES:201604:SH:205",2,"bx2_by60"
"CUFES:201604:SH:206",2,"bx2_by60"
"CUFES:201604:SH:207",2,"bx2_by60"
"CUFES:201604:SH:208",2,"bx2_by60"
"CUFES:201604:SH:209",2,"bx2_by60"
"CUFES:201604:SH:21",1,"bx5_by59"
"CUFES:201604:SH:22",1,"bx5_by59"
"CUFES:201604:SH:23",1,"bx5_by59"
"CUFES:201604:SH:24",1,"bx5_by59"
"CUFES:201604:SH:25",1,"bx5_by59"
"CUFES:201604:SH:26",1,"bx5_by59"
"CUFES:201604:SH:27",1,"bx5_by59"
"CUFES:201604:SH:279",3,"bx2_by61"
"CUFES:201604:SH:28",1,"bx4_by59"
"CUFES:201604:SH:280",3,"bx2_by62"
"CUFES:201604:SH:281",3,"bx2_by62"
"CUFES:201604:SH:282",3,"bx2_by62"
"CUFES:201604:SH:283",3,"bx2_by62"
"CUFES:201604:SH:284",4,"bx3_by62"
"CUFES:201604:SH:285",4,"bx3_by62"
"CUFES:201604:SH:286",4,"bx3_by62"
"CUFES:201604:SH:287",4,"bx3_by62"
"CUFES:201604:SH:288",4,"bx3_by62"
"CUFES:201604:SH:289",4,"bx3_by62"
"CUFES:201604:SH:29",1,"bx4_by59"
"CUFES:201604:SH:290",4,"bx3_by62"
"CUFES:201604:SH:291",4,"bx3_by62"
"CUFES:201604:SH:292",4,"bx3_by62"
"CUFES:201604:SH:293",4,"bx3_by63"
"CUFES:201604:SH:294",4,"bx3_by63"
"CUFES:201604:SH:295",4,"bx3_by63"
"CUFES:201604:SH:296",4,"bx3_by63"
"CUFES:201604:SH:297",4,"bx3_by63"
"CUFES:201604:SH:298",4,"bx3_by63"
"CUFES:201604:SH:299",4,"bx3_by63"
"CUFES:201604:SH:3",3,"bx7_by61"
"CUFES:201604:SH:300",4,"bx3_by63"
"CUFES:201604:SH:301",4,"bx3_by63"
"CUFES:201604:SH:302",4,"bx3_by63"
"CUFES:201604:SH:303",4,"bx3_by63"
"CUFES:201604:SH:304",4,"bx2_by63"
"CUFES:201604:SH:305",4,"bx2_by63"
"CUFES:201604:SH:306",4,"bx2_by63"
"CUFES:201604:SH:307",4,"bx2_by63"
"CUFES:201604:SH:308",4,"bx2_by64"
"CUFES:201604:SH:309",4,"bx2_by64"
"CUFES:201604:SH:310",4,"bx2_by64"
"CUFES:201604:SH:311",4,"bx2_by64"
"CUFES:201604:SH:403",4,"bx2_by63"
"CUFES:201604:SH:404",4,"bx2_by63"
"CUFES:201604:SH:405",4,"bx2_by63"
"CUFES:201604:SH:406",4,"bx2_by63"
"CUFES:201604:SH:407",4,"bx3_by63"
"CUFES:201604:SH:5",3,"bx7_by61"
"CUFES:201604:SH:6",3,"bx7_by61"
"CUFES:201604:SH:7",2,"bx7_by60"
"CUFES:201604:SH:8",2,"bx7_by60"
"CUFES:201604:SH:9",2,"bx7_by60"
"CUFES:201607:OS:1",2,"bx7_by60"
"CUFES:201607:OS:10",2,"bx7_by60"
"CUFES:201607:OS:11",2,"bx7_by60"
"CUFES:201607:OS:12",2,"bx7_by60"
"CUFES:201607:OS:121",1,"bx2_by59"
"CUFES:201607:OS:122",1,"bx2_by59"
"CUFES:201607:OS:123",1,"bx2_by59"
"CUFES:201607:OS:124",1,"bx2_by59"
"CUFES:201607:OS:125",1,"bx3_by59"
"CUFES:201607:OS:126",1,"bx3_by59"
"CUFES:201607:OS:127",1,"bx3_by59"
"CUFES:201607:OS:128",1,"bx3_by59"
"CUFES:201607:OS:129",1,"bx3_by59"
"CUFES:201607:OS:13",2,"bx7_by60"
"CUFES:201607:OS:130",1,"bx3_by59"
"CUFES:201607:OS:131",1,"bx3_by59"
"CUFES:201607:OS:132",1,"bx4_by59"
"CUFES:201607:OS:133",2,"bx4_by60"
"CUFES:201607:OS:134",2,"bx4_by60"
"CUFES:201607:OS:135",2,"bx4_by60"
"CUFES:201607:OS:136",2,"bx4_by60"
"CUFES:201607:OS:137",2,"bx4_by60"
"CUFES:201607:OS:138",2,"bx4_by60"
"CUFES:201607:OS:139",2,"bx4_by60"
"CUFES:201607:OS:14",2,"bx7_by60"
"CUFES:201607:OS:140",2,"bx4_by60"
"CUFES:201607:OS:141",2,"bx5_by60"
"CUFES:201607:OS:142",2,"bx5_by60"
"CUFES:201607:OS:143",2,"bx5_by60"
"CUFES:201607:OS:144",2,"bx5_by60"
"CUFES:201607:OS:145",2,"bx5_by60"
"CUFES:201607:OS:146",2,"bx5_by60"
"CUFES:201607:OS:147",3,"bx5_by61"
"CUFES:201607:OS:148",3,"bx5_by61"
"CUFES:201607:OS:149",3,"bx6_by61"
"CUFES:201607:OS:15",2,"bx7_by60"
"CUFES:201607:OS:150",3,"bx6_by61"
"CUFES:201607:OS:151",3,"bx6_by61"
"CUFES:201607:OS:152",3,"bx6_by61"
"CUFES:201607:OS:153",3,"bx6_by61"
"CUFES:201607:OS:154",3,"bx6_by61"
"CUFES:201607:OS:155",3,"bx6_by61"
"CUFES:201607:OS:156",3,"bx6_by61"
"CUFES:201607:OS:157",3,"bx7_by61"
"CUFES:201607:OS:158",3,"bx7_by61"
"CUFES:201607:OS:159",3,"bx7_by61"
"CUFES:201607:OS:16",2,"bx6_by60"
"CUFES:201607:OS:160",3,"bx7_by61"
"CUFES:201607:OS:161",3,"bx6_by61"
"CUFES:201607:OS:162",3,"bx6_by61"
"CUFES:201607:OS:163",4,"bx6_by62"
"CUFES:201607:OS:164",4,"bx6_by62"
"CUFES:201607:OS:165",4,"bx6_by62"
"CUFES:201607:OS:166",4,"bx6_by62"
"CUFES:201607:OS:167",4,"bx6_by62"
"CUFES:201607:OS:168",4,"bx6_by62"
"CUFES:201607:OS:169",4,"bx6_by62"
"CUFES:201607:OS:17",2,"bx6_by60"
"CUFES:201607:OS:170",4,"bx5_by62"
"CUFES:201607:OS:171",4,"bx5_by62"
"CUFES:201607:OS:172",4,"bx5_by62"
"CUFES:201607:OS:173",4,"bx5_by62"
"CUFES:201607:OS:174",4,"bx5_by62"
"CUFES:201607:OS:175",4,"bx5_by62"
"CUFES:201607:OS:176",4,"bx5_by62"
"CUFES:201607:OS:177",3,"bx4_by61"
"CUFES:201607:OS:178",3,"bx4_by61"
"CUFES:201607:OS:179",3,"bx4_by61"
"CUFES:201607:OS:18",2,"bx6_by60"
"CUFES:201607:OS:180",3,"bx4_by61"
"CUFES:201607:OS:181",3,"bx4_by61"
"CUFES:201607:OS:182",3,"bx4_by61"
"CUFES:201607:OS:183",3,"bx4_by61"
"CUFES:201607:OS:184",3,"bx4_by61"
"CUFES:201607:OS:185",3,"bx4_by61"
"CUFES:201607:OS:186",3,"bx3_by61"
"CUFES:201607:OS:187",3,"bx3_by61"
"CUFES:201607:OS:188",3,"bx3_by61"
"CUFES:201607:OS:189",3,"bx3_by61"
"CUFES:201607:OS:19",2,"bx6_by60"
"CUFES:201607:OS:190",3,"bx3_by61"
"CUFES:201607:OS:191",3,"bx3_by61"
"CUFES:201607:OS:192",2,"bx3_by60"
"CUFES:201607:OS:193",2,"bx3_by60"
"CUFES:201607:OS:194",2,"bx2_by60"
"CUFES:201607:OS:195",2,"bx2_by60"
"CUFES:201607:OS:196",2,"bx2_by60"
"CUFES:201607:OS:197",2,"bx2_by60"
"CUFES:201607:OS:198",2,"bx2_by60"
"CUFES:201607:OS:2",2,"bx7_by60"
"CUFES:201607:OS:20",2,"bx6_by60"
"CUFES:201607:OS:21",1,"bx6_by59"
"CUFES:201607:OS:22",1,"bx6_by59"
"CUFES:201607:OS:23",1,"bx6_by59"
"CUFES:201607:OS:24",1,"bx6_by59"
"CUFES:201607:OS:25",1,"bx5_by59"
"CUFES:201607:OS:26",1,"bx5_by59"
"CUFES:201607:OS:27",1,"bx5_by59"
"CUFES:201607:OS:276",3,"bx2_by61"
"CUFES:201607:OS:277",3,"bx2_by61"
"CUFES:201607:OS:278",3,"bx2_by62"
"CUFES:201607:OS:279",3,"bx2_by62"
"CUFES:201607:OS:28",1,"bx5_by59"
"CUFES:201607:OS:280",3,"bx2_by62"
"CUFES:201607:OS:281",4,"bx3_by62"
"CUFES:201607:OS:282",4,"bx3_by62"
"CUFES:201607:OS:283",4,"bx3_by62"
"CUFES:201607:OS:284",4,"bx3_by62"
"CUFES:201607:OS:285",4,"bx3_by62"
"CUFES:201607:OS:286",4,"bx3_by62"
"CUFES:201607:OS:287",4,"bx3_by62"
"CUFES:201607:OS:288",4,"bx3_by62"
"CUFES:201607:OS:289",4,"bx4_by62"
"CUFES:201607:OS:29",1,"bx5_by59"
"CUFES:201607:OS:290",4,"bx4_by62"
"CUFES:201607:OS:291",4,"bx4_by62"
"CUFES:201607:OS:292",4,"bx4_by62"
"CUFES:201607:OS:293",4,"bx4_by63"
"CUFES:201607:OS:294",4,"bx4_by63"
"CUFES:201607:OS:295",4,"bx4_by63"
"CUFES:201607:OS:296",4,"bx4_by63"
"CUFES:201607:OS:297",4,"bx4_by63"
"CUFES:201607:OS:298",4,"bx4_by63"
"CUFES:201607:OS:299",4,"bx4_by63"
"CUFES:201607:OS:3",3,"bx7_by61"
"CUFES:201607:OS:30",1,"bx5_by59"
"CUFES:201607:OS:300",4,"bx4_by63"
"CUFES:201607:OS:301",4,"bx3_by63"
"CUFES:201607:OS:302",4,"bx3_by63"
"CUFES:201607:OS:303",4,"bx3_by63"
"CUFES:201607:OS:304",4,"bx3_by63"
"CUFES:201607:OS:305",4,"bx3_by63"
"CUFES:201607:OS:306",4,"bx3_by63"
"CUFES:201607:OS:307",4,"bx2_by63"
"CUFES:201607:OS:308",4,"bx2_by63"
"CUFES:201607:OS:309",4,"bx2_by63"
"CUFES:201607:OS:31",1,"bx5_by59"
"CUFES:201607:OS:310",4,"bx2_by63"
"CUFES:201607:OS:311",4,"bx2_by63"
"CUFES:201607:OS:312",4,"bx2_by63"
"CUFES:201607:OS:313",3,"bx2_by62"
"CUFES:201607:OS:314",4,"bx3_by62"
"CUFES:201607:OS:315",4,"bx2_by63"
"CUFES:201607:OS:316",4,"bx2_by63"
"CUFES:201607:OS:32",1,"bx5_by59"
"CUFES:201607:OS:33",1,"bx5_by59"
"CUFES:201607:OS:34",1,"bx4_by59"
"CUFES:201607:OS:35",1,"bx4_by59"
"CUFES:201607:OS:36",1,"bx4_by59"
"CUFES:201607:OS:4",3,"bx7_by61"
"CUFES:201607:OS:5",3,"bx7_by61"
"CUFES:201607:OS:6",3,"bx7_by61"
"CUFES:201607:OS:7",3,"bx7_by61"
"CUFES:201607:OS:8",2,"bx7_by60"
"CUFES:201607:OS:9",2,"bx7_by60"
"CUFES:201607:RL:1000",4,"bx2_by63"
"CUFES:201607:RL:1001",4,"bx2_by63"
"CUFES:201607:RL:1002",3,"bx2_by62"
"CUFES:201607:RL:1003",4,"bx4_by63"
"CUFES:201607:RL:1004",4,"bx3_by63"
"CUFES:201607:RL:1005",4,"bx3_by63"
"CUFES:201607:RL:1006",4,"bx3_by63"
"CUFES:201607:RL:1007",4,"bx3_by63"
"CUFES:201607:RL:1008",4,"bx3_by63"
"CUFES:201607:RL:1009",4,"bx3_by63"
"CUFES:201607:RL:1010",4,"bx3_by63"
"CUFES:201607:RL:1011",4,"bx2_by63"
"CUFES:201607:RL:1012",3,"bx2_by62"
"CUFES:201607:RL:1013",3,"bx2_by62"
"CUFES:201607:RL:1014",3,"bx2_by62"
"CUFES:201607:RL:1015",3,"bx2_by62"
"CUFES:201607:RL:1016",3,"bx2_by62"
"CUFES:201607:RL:1017",3,"bx2_by62"
"CUFES:201607:RL:1018",3,"bx2_by62"
"CUFES:201607:RL:1019",4,"bx3_by62"
"CUFES:201607:RL:1020",4,"bx3_by62"
"CUFES:201607:RL:1021",4,"bx3_by62"
"CUFES:201607:RL:1022",4,"bx3_by62"
"CUFES:201607:RL:1023",4,"bx3_by62"
"CUFES:201607:RL:1024",4,"bx3_by62"
"CUFES:201607:RL:1025",4,"bx3_by62"
"CUFES:201607:RL:1026",4,"bx3_by62"
"CUFES:201607:RL:1027",4,"bx3_by62"
"CUFES:201607:RL:1028",4,"bx3_by62"
"CUFES:201607:RL:1029",4,"bx3_by62"
"CUFES:201607:RL:1030",4,"bx3_by62"
"CUFES:201607:RL:1031",4,"bx3_by63"
"CUFES:201607:RL:1032",4,"bx4_by63"
"CUFES:201607:RL:1033",4,"bx4_by63"
"CUFES:201607:RL:1034",4,"bx4_by63"
"CUFES:201607:RL:1035",4,"bx4_by63"
"CUFES:201607:RL:1036",4,"bx4_by63"
"CUFES:201607:RL:1037",4,"bx4_by63"
"CUFES:201607:RL:1038",4,"bx4_by62"
"CUFES:201607:RL:1039",4,"bx4_by62"
"CUFES:201607:RL:1040",4,"bx4_by62"
"CUFES:201607:RL:1041",4,"bx4_by62"
"CUFES:201607:RL:1042",4,"bx4_by62"
"CUFES:201607:RL:1043",4,"bx4_by62"
"CUFES:201607:RL:1044",4,"bx3_by62"
"CUFES:201607:RL:1045",4,"bx3_by62"
"CUFES:201607:RL:1046",4,"bx3_by62"
"CUFES:201607:RL:1047",4,"bx3_by62"
"CUFES:201607:RL:1048",4,"bx3_by62"
"CUFES:201607:RL:1049",4,"bx3_by62"
"CUFES:201607:RL:1050",4,"bx3_by62"
"CUFES:201607:RL:1051",4,"bx3_by62"
"CUFES:201607:RL:1052",4,"bx3_by62"
"CUFES:201607:RL:1053",4,"bx3_by62"
"CUFES:201607:RL:1054",4,"bx3_by62"
"CUFES:201607:RL:1055",4,"bx3_by62"
"CUFES:201607:RL:1056",4,"bx4_by62"
"CUFES:201607:RL:1057",4,"bx4_by62"
"CUFES:201607:RL:1058",4,"bx4_by62"
"CUFES:201607:RL:1059",4,"bx4_by62"
"CUFES:201607:RL:1060",4,"bx4_by62"
"CUFES:201607:RL:1061",4,"bx4_by62"
"CUFES:201607:RL:1062",4,"bx4_by62"
"CUFES:201607:RL:1063",4,"bx4_by62"
"CUFES:201607:RL:1064",4,"bx4_by62"
"CUFES:201607:RL:1065",4,"bx4_by62"
"CUFES:201607:RL:1066",4,"bx5_by62"
"CUFES:201607:RL:1067",4,"bx5_by62"
"CUFES:201607:RL:1068",4,"bx5_by62"
"CUFES:201607:RL:1069",4,"bx5_by62"
"CUFES:201607:RL:1070",4,"bx5_by62"
"CUFES:201607:RL:1071",4,"bx4_by62"
"CUFES:201607:RL:1072",4,"bx4_by62"
"CUFES:201607:RL:1073",4,"bx4_by62"
"CUFES:201607:RL:1074",4,"bx4_by62"
"CUFES:201607:RL:1075",4,"bx4_by62"
"CUFES:201607:RL:1076",4,"bx4_by62"
"CUFES:201607:RL:1077",4,"bx4_by62"
"CUFES:201607:RL:1078",3,"bx3_by61"
"CUFES:201607:RL:1079",3,"bx3_by61"
"CUFES:201607:RL:1080",3,"bx3_by61"
"CUFES:201607:RL:1081",3,"bx3_by61"
"CUFES:201607:RL:1082",3,"bx3_by61"
"CUFES:201607:RL:1083",3,"bx3_by61"
"CUFES:201607:RL:1084",3,"bx3_by61"
"CUFES:201607:RL:1085",3,"bx3_by61"
"CUFES:201607:RL:1086",3,"bx4_by61"
"CUFES:201607:RL:1087",3,"bx4_by61"
"CUFES:201607:RL:1088",3,"bx4_by61"
"CUFES:201607:RL:1089",3,"bx4_by61"
"CUFES:201607:RL:1090",4,"bx4_by62"
"CUFES:201607:RL:1091",4,"bx4_by62"
"CUFES:201607:RL:1092",4,"bx4_by62"
"CUFES:201607:RL:1093",4,"bx5_by62"
"CUFES:201607:RL:1094",4,"bx5_by62"
"CUFES:201607:RL:1095",4,"bx5_by62"
"CUFES:201607:RL:1096",4,"bx5_by62"
"CUFES:201607:RL:1097",4,"bx5_by62"
"CUFES:201607:RL:1098",4,"bx5_by62"
"CUFES:201607:RL:1099",4,"bx5_by62"
"CUFES:201607:RL:1100",4,"bx5_by62"
"CUFES:201607:RL:1101",4,"bx5_by62"
"CUFES:201607:RL:1102",4,"bx6_by62"
"CUFES:201607:RL:1103",4,"bx6_by62"
"CUFES:201607:RL:1104",4,"bx5_by62"
"CUFES:201607:RL:1105",4,"bx5_by62"
"CUFES:201607:RL:1106",4,"bx5_by62"
"CUFES:201607:RL:1107",4,"bx5_by62"
"CUFES:201607:RL:1108",4,"bx5_by62"
"CUFES:201607:RL:1109",4,"bx5_by62"
"CUFES:201607:RL:1110",3,"bx5_by61"
"CUFES:201607:RL:1111",3,"bx5_by61"
"CUFES:201607:RL:1112",3,"bx4_by61"
"CUFES:201607:RL:1113",3,"bx4_by61"
"CUFES:201607:RL:1114",3,"bx4_by61"
"CUFES:201607:RL:1115",3,"bx4_by61"
"CUFES:201607:RL:1116",3,"bx4_by61"
"CUFES:201607:RL:1117",3,"bx4_by61"
"CUFES:201607:RL:1118",3,"bx4_by61"
"CUFES:201607:RL:1119",3,"bx4_by61"
"CUFES:201607:RL:1120",3,"bx4_by61"
"CUFES:201607:RL:1121",3,"bx4_by61"
"CUFES:201607:RL:1122",3,"bx4_by61"
"CUFES:201607:RL:1123",3,"bx5_by61"
"CUFES:201607:RL:1124",3,"bx5_by61"
"CUFES:201607:RL:1125",3,"bx5_by61"
"CUFES:201607:RL:1126",3,"bx5_by61"
"CUFES:201607:RL:1127",3,"bx5_by61"
"CUFES:201607:RL:1128",3,"bx5_by61"
"CUFES:201607:RL:1129",3,"bx5_by61"
"CUFES:201607:RL:1130",3,"bx6_by61"
"CUFES:201607:RL:1131",4,"bx6_by62"
"CUFES:201607:RL:1132",4,"bx6_by62"
"CUFES:201607:RL:1133",4,"bx6_by62"
"CUFES:201607:RL:1134",3,"bx6_by61"
"CUFES:201607:RL:1135",3,"bx6_by61"
"CUFES:201607:RL:1136",3,"bx6_by61"
"CUFES:201607:RL:1137",3,"bx6_by61"
"CUFES:201607:RL:1138",3,"bx6_by61"
"CUFES:201607:RL:1139",3,"bx6_by61"
"CUFES:201607:RL:1140",3,"bx6_by61"
"CUFES:201607:RL:1141",3,"bx5_by61"
"CUFES:201607:RL:1142",3,"bx5_by61"
"CUFES:201607:RL:1143",3,"bx5_by61"
"CUFES:201607:RL:1144",3,"bx5_by61"
"CUFES:201607:RL:1145",3,"bx5_by61"
"CUFES:201607:RL:1146",3,"bx5_by61"
"CUFES:201607:RL:1147",3,"bx5_by61"
"CUFES:201607:RL:1148",3,"bx5_by61"
"CUFES:201607:RL:1149",3,"bx5_by61"
"CUFES:201607:RL:1150",3,"bx5_by61"
"CUFES:201607:RL:1151",3,"bx5_by61"
"CUFES:201607:RL:1152",3,"bx5_by61"
"CUFES:201607:RL:1153",3,"bx5_by61"
"CUFES:201607:RL:1154",3,"bx5_by61"
"CUFES:201607:RL:1155",3,"bx5_by61"
"CUFES:201607:RL:1156",3,"bx6_by61"
"CUFES:201607:RL:1157",3,"bx6_by61"
"CUFES:201607:RL:1158",3,"bx6_by61"
"CUFES:201607:RL:1159",3,"bx6_by61"
"CUFES:201607:RL:1160",3,"bx6_by61"
"CUFES:201607:RL:1161",3,"bx6_by61"
"CUFES:201607:RL:1162",3,"bx6_by61"
"CUFES:201607:RL:1163",3,"bx7_by61"
"CUFES:201607:RL:1164",3,"bx7_by61"
"CUFES:201607:RL:1165",3,"bx7_by61"
"CUFES:201607:RL:1166",3,"bx7_by61"
"CUFES:201607:RL:1167",3,"bx7_by61"
"CUFES:201607:RL:1168",3,"bx6_by61"
"CUFES:201607:RL:1169",3,"bx6_by61"
"CUFES:201607:RL:1170",3,"bx6_by61"
"CUFES:201607:RL:1171",3,"bx6_by61"
"CUFES:201607:RL:1172",3,"bx6_by61"
"CUFES:201607:RL:1173",3,"bx6_by61"
"CUFES:201607:RL:1174",3,"bx6_by61"
"CUFES:201607:RL:1175",2,"bx6_by60"
"CUFES:201607:RL:1176",2,"bx6_by60"
"CUFES:201607:RL:1177",2,"bx6_by60"
"CUFES:201607:RL:1178",2,"bx6_by60"
"CUFES:201607:RL:1179",2,"bx6_by60"
"CUFES:201607:RL:1180",2,"bx6_by60"
"CUFES:201607:RL:1181",2,"bx6_by60"
"CUFES:201607:RL:1182",2,"bx6_by60"
"CUFES:201607:RL:1183",3,"bx6_by61"
"CUFES:201607:RL:1184",3,"bx7_by61"
"CUFES:201607:RL:1185",3,"bx7_by61"
"CUFES:201607:RL:1186",3,"bx7_by61"
"CUFES:201607:RL:1187",3,"bx7_by61"
"CUFES:201607:RL:1188",3,"bx7_by61"
"CUFES:201607:RL:1189",3,"bx7_by61"
"CUFES:201607:RL:1190",2,"bx7_by60"
"CUFES:201607:RL:1191",2,"bx7_by60"
"CUFES:201607:RL:1192",2,"bx7_by60"
"CUFES:201607:RL:1193",2,"bx7_by60"
"CUFES:201607:RL:1194",2,"bx6_by60"
"CUFES:201607:RL:1195",2,"bx6_by60"
"CUFES:201607:RL:1196",2,"bx6_by60"
"CUFES:201607:RL:1197",2,"bx6_by60"
"CUFES:201607:RL:1198",2,"bx6_by60"
"CUFES:201607:RL:1199",2,"bx6_by60"
"CUFES:201607:RL:1200",2,"bx6_by60"
"CUFES:201607:RL:1201",2,"bx6_by60"
"CUFES:201607:RL:1202",2,"bx6_by60"
"CUFES:201607:RL:1203",2,"bx7_by60"
"CUFES:201607:RL:1204",2,"bx7_by60"
"CUFES:201607:RL:1205",2,"bx7_by60"
"CUFES:201607:RL:1206",2,"bx7_by60"
"CUFES:201607:RL:1207",2,"bx7_by60"
"CUFES:201607:RL:1208",2,"bx7_by60"
"CUFES:201607:RL:1209",2,"bx7_by60"
"CUFES:201607:RL:1210",2,"bx7_by60"
"CUFES:201607:RL:1211",2,"bx7_by60"
"CUFES:201607:RL:1212",2,"bx7_by60"
"CUFES:201607:RL:1213",2,"bx7_by60"
"CUFES:201607:RL:1214",2,"bx7_by60"
"CUFES:201607:RL:1215",2,"bx7_by60"
"CUFES:201607:RL:1216",2,"bx7_by60"
"CUFES:201607:RL:942",4,"bx2_by64"
"CUFES:201607:RL:957",4,"bx2_by64"
"CUFES:201607:RL:958",4,"bx2_by64"
"CUFES:201607:RL:959",4,"bx2_by64"
"CUFES:201607:RL:960",4,"bx2_by64"
"CUFES:201607:RL:961",4,"bx2_by64"
"CUFES:201607:RL:962",4,"bx2_by64"
"CUFES:201607:RL:963",4,"bx2_by63"
"CUFES:201607:RL:964",4,"bx2_by63"
"CUFES:201607:RL:965",4,"bx2_by63"
"CUFES:201607:RL:966",4,"bx2_by63"
"CUFES:201607:RL:967",4,"bx2_by63"
"CUFES:201607:RL:968",4,"bx2_by63"
"CUFES:201607:RL:969",4,"bx2_by63"
"CUFES:201607:RL:970",4,"bx2_by63"
"CUFES:201607:RL:971",4,"bx2_by63"
"CUFES:201607:RL:972",4,"bx2_by63"
"CUFES:201607:RL:982",4,"bx2_by63"
"CUFES:201607:RL:983",4,"bx2_by63"
"CUFES:201607:RL:984",4,"bx2_by63"
"CUFES:201607:RL:985",4,"bx2_by63"
"CUFES:201607:RL:986",4,"bx2_by63"
"CUFES:201607:RL:987",4,"bx2_by63"
"CUFES:201607:RL:988",4,"bx3_by63"
"CUFES:201607:RL:989",4,"bx3_by63"
"CUFES:201607:RL:990",4,"bx3_by63"
"CUFES:201607:RL:991",4,"bx3_by63"
"CUFES:201607:RL:992",4,"bx3_by63"
"CUFES:201607:RL:993",4,"bx3_by63"
"CUFES:201607:RL:994",4,"bx3_by63"
"CUFES:201607:RL:995",4,"bx3_by63"
"CUFES:201607:RL:996",4,"bx3_by63"
"CUFES:201607:RL:997",4,"bx2_by63"
"CUFES:201607:RL:998",4,"bx2_by63"
"CUFES:201607:RL:999",4,"bx2_by63"
"CUFES:201701:RL:1",2,"bx7_by60"
"CUFES:201701:RL:10",2,"bx7_by60"
"CUFES:201701:RL:11",2,"bx7_by60"
"CUFES:201701:RL:117",1,"bx2_by59"
"CUFES:201701:RL:118",1,"bx2_by59"
"CUFES:201701:RL:119",1,"bx2_by59"
"CUFES:201701:RL:12",2,"bx6_by60"
"CUFES:201701:RL:120",1,"bx2_by59"
"CUFES:201701:RL:121",1,"bx3_by59"
"CUFES:201701:RL:122",1,"bx3_by59"
"CUFES:201701:RL:123",1,"bx3_by59"
"CUFES:201701:RL:124",1,"bx3_by59"
"CUFES:201701:RL:125",1,"bx3_by59"
"CUFES:201701:RL:126",1,"bx3_by59"
"CUFES:201701:RL:127",1,"bx3_by59"
"CUFES:201701:RL:128",2,"bx4_by60"
"CUFES:201701:RL:129",2,"bx4_by60"
"CUFES:201701:RL:13",2,"bx6_by60"
"CUFES:201701:RL:130",2,"bx4_by60"
"CUFES:201701:RL:131",2,"bx4_by60"
"CUFES:201701:RL:132",2,"bx4_by60"
"CUFES:201701:RL:133",2,"bx4_by60"
"CUFES:201701:RL:134",2,"bx5_by60"
"CUFES:201701:RL:135",2,"bx5_by60"
"CUFES:201701:RL:136",2,"bx5_by60"
"CUFES:201701:RL:137",2,"bx5_by60"
"CUFES:201701:RL:138",2,"bx5_by60"
"CUFES:201701:RL:139",2,"bx5_by60"
"CUFES:201701:RL:14",2,"bx6_by60"
"CUFES:201701:RL:140",3,"bx5_by61"
"CUFES:201701:RL:141",3,"bx5_by61"
"CUFES:201701:RL:142",3,"bx6_by61"
"CUFES:201701:RL:143",3,"bx6_by61"
"CUFES:201701:RL:144",3,"bx6_by61"
"CUFES:201701:RL:145",3,"bx6_by61"
"CUFES:201701:RL:146",3,"bx6_by61"
"CUFES:201701:RL:147",3,"bx7_by61"
"CUFES:201701:RL:148",3,"bx7_by61"
"CUFES:201701:RL:149",3,"bx7_by61"
"CUFES:201701:RL:15",1,"bx6_by59"
"CUFES:201701:RL:150",3,"bx7_by61"
"CUFES:201701:RL:151",3,"bx6_by61"
"CUFES:201701:RL:152",3,"bx6_by61"
"CUFES:201701:RL:153",4,"bx6_by62"
"CUFES:201701:RL:154",4,"bx6_by62"
"CUFES:201701:RL:155",4,"bx6_by62"
"CUFES:201701:RL:156",4,"bx6_by62"
"CUFES:201701:RL:157",4,"bx6_by62"
"CUFES:201701:RL:158",4,"bx6_by62"
"CUFES:201701:RL:159",4,"bx6_by62"
"CUFES:201701:RL:160",4,"bx6_by62"
"CUFES:201701:RL:161",4,"bx5_by62"
"CUFES:201701:RL:162",4,"bx5_by62"
"CUFES:201701:RL:163",4,"bx5_by62"
"CUFES:201701:RL:164",4,"bx5_by62"
"CUFES:201701:RL:165",4,"bx5_by62"
"CUFES:201701:RL:166",4,"bx5_by62"
"CUFES:201701:RL:167",4,"bx5_by62"
"CUFES:201701:RL:168",4,"bx5_by62"
"CUFES:201701:RL:169",4,"bx5_by62"
"CUFES:201701:RL:17",1,"bx5_by59"
"CUFES:201701:RL:170",4,"bx5_by62"
"CUFES:201701:RL:171",4,"bx5_by62"
"CUFES:201701:RL:172",3,"bx4_by61"
"CUFES:201701:RL:173",3,"bx4_by61"
"CUFES:201701:RL:174",3,"bx4_by61"
"CUFES:201701:RL:175",3,"bx4_by61"
"CUFES:201701:RL:176",3,"bx4_by61"
"CUFES:201701:RL:177",3,"bx4_by61"
"CUFES:201701:RL:178",3,"bx4_by61"
"CUFES:201701:RL:179",3,"bx3_by61"
"CUFES:201701:RL:18",1,"bx5_by59"
"CUFES:201701:RL:180",3,"bx3_by61"
"CUFES:201701:RL:181",3,"bx3_by61"
"CUFES:201701:RL:182",3,"bx3_by61"
"CUFES:201701:RL:183",3,"bx3_by61"
"CUFES:201701:RL:184",3,"bx3_by61"
"CUFES:201701:RL:185",2,"bx3_by60"
"CUFES:201701:RL:186",2,"bx3_by60"
"CUFES:201701:RL:187",2,"bx2_by60"
"CUFES:201701:RL:188",2,"bx2_by60"
"CUFES:201701:RL:189",2,"bx2_by60"
"CUFES:201701:RL:19",1,"bx5_by59"
"CUFES:201701:RL:190",2,"bx2_by60"
"CUFES:201701:RL:191",2,"bx2_by60"
"CUFES:201701:RL:192",2,"bx2_by60"
"CUFES:201701:RL:193",2,"bx2_by60"
"CUFES:201701:RL:2",3,"bx7_by61"
"CUFES:201701:RL:20",1,"bx5_by59"
"CUFES:201701:RL:21",1,"bx5_by59"
"CUFES:201701:RL:22",1,"bx5_by59"
"CUFES:201701:RL:23",1,"bx5_by59"
"CUFES:201701:RL:24",1,"bx4_by59"
"CUFES:201701:RL:25",1,"bx4_by59"
"CUFES:201701:RL:26",1,"bx4_by59"
"CUFES:201701:RL:271",3,"bx2_by61"
"CUFES:201701:RL:272",3,"bx2_by61"
"CUFES:201701:RL:273",3,"bx2_by62"
"CUFES:201701:RL:274",3,"bx2_by62"
"CUFES:201701:RL:275",3,"bx2_by62"
"CUFES:201701:RL:276",3,"bx2_by62"
"CUFES:201701:RL:277",4,"bx3_by62"
"CUFES:201701:RL:278",4,"bx3_by62"
"CUFES:201701:RL:279",4,"bx3_by62"
"CUFES:201701:RL:280",4,"bx3_by62"
"CUFES:201701:RL:281",4,"bx3_by62"
"CUFES:201701:RL:282",4,"bx3_by62"
"CUFES:201701:RL:283",4,"bx3_by62"
"CUFES:201701:RL:284",4,"bx3_by62"
"CUFES:201701:RL:285",4,"bx4_by62"
"CUFES:201701:RL:286",4,"bx4_by62"
"CUFES:201701:RL:287",4,"bx4_by62"
"CUFES:201701:RL:288",4,"bx4_by62"
"CUFES:201701:RL:289",4,"bx4_by62"
"CUFES:201701:RL:290",4,"bx4_by63"
"CUFES:201701:RL:291",4,"bx4_by63"
"CUFES:201701:RL:292",4,"bx4_by63"
"CUFES:201701:RL:293",4,"bx4_by63"
"CUFES:201701:RL:294",4,"bx4_by63"
"CUFES:201701:RL:295",4,"bx4_by63"
"CUFES:201701:RL:296",4,"bx3_by63"
"CUFES:201701:RL:297",4,"bx3_by63"
"CUFES:201701:RL:298",4,"bx3_by63"
"CUFES:201701:RL:299",4,"bx3_by63"
"CUFES:201701:RL:3",3,"bx7_by61"
"CUFES:201701:RL:300",4,"bx3_by63"
"CUFES:201701:RL:301",4,"bx3_by63"
"CUFES:201701:RL:302",4,"bx3_by63"
"CUFES:201701:RL:303",4,"bx2_by63"
"CUFES:201701:RL:304",4,"bx2_by63"
"CUFES:201701:RL:305",4,"bx2_by63"
"CUFES:201701:RL:306",4,"bx2_by63"
"CUFES:201701:RL:307",4,"bx2_by63"
"CUFES:201701:RL:386",4,"bx2_by64"
"CUFES:201701:RL:387",4,"bx2_by63"
"CUFES:201701:RL:388",4,"bx2_by63"
"CUFES:201701:RL:389",4,"bx2_by63"
"CUFES:201701:RL:390",4,"bx3_by63"
"CUFES:201701:RL:391",4,"bx3_by63"
"CUFES:201701:RL:392",4,"bx3_by63"
"CUFES:201701:RL:393",4,"bx3_by63"
"CUFES:201701:RL:394",4,"bx3_by63"
"CUFES:201701:RL:4",3,"bx7_by61"
"CUFES:201701:RL:409",4,"bx6_by62"
"CUFES:201701:RL:410",3,"bx6_by61"
"CUFES:201701:RL:411",3,"bx6_by61"
"CUFES:201701:RL:412",3,"bx6_by61"
"CUFES:201701:RL:413",3,"bx7_by61"
"CUFES:201701:RL:414",3,"bx7_by61"
"CUFES:201701:RL:415",3,"bx7_by61"
"CUFES:201701:RL:416",3,"bx7_by61"
"CUFES:201701:RL:417",3,"bx7_by61"
"CUFES:201701:RL:418",3,"bx7_by61"
"CUFES:201701:RL:419",2,"bx7_by60"
"CUFES:201701:RL:420",2,"bx7_by60"
"CUFES:201701:RL:421",2,"bx7_by60"
"CUFES:201701:RL:422",2,"bx7_by60"
"CUFES:201701:RL:423",2,"bx7_by60"
"CUFES:201701:RL:424",4,"bx2_by63"
"CUFES:201701:RL:425",4,"bx2_by63"
"CUFES:201701:RL:426",4,"bx2_by63"
"CUFES:201701:RL:427",4,"bx2_by64"
"CUFES:201701:RL:428",4,"bx2_by64"
"CUFES:201701:RL:429",4,"bx2_by64"
"CUFES:201701:RL:5",2,"bx7_by60"
"CUFES:201701:RL:511",4,"bx2_by63"
"CUFES:201701:RL:6",2,"bx7_by60"
"CUFES:201701:RL:7",2,"bx7_by60"
"CUFES:201701:RL:8",2,"bx7_by60"
"CUFES:201701:RL:9",2,"bx7_by60"
"CUFES:201704:RL:1",2,"bx7_by60"
"CUFES:201704:RL:10",2,"bx7_by60"
"CUFES:201704:RL:100",3,"bx6_by61"
"CUFES:201704:RL:101",3,"bx6_by61"
"CUFES:201704:RL:102",3,"bx6_by61"
"CUFES:201704:RL:103",3,"bx6_by61"
"CUFES:201704:RL:104",3,"bx6_by61"
"CUFES:201704:RL:105",3,"bx6_by61"
"CUFES:201704:RL:106",3,"bx7_by61"
"CUFES:201704:RL:107",3,"bx7_by61"
"CUFES:201704:RL:108",3,"bx6_by61"
"CUFES:201704:RL:109",3,"bx6_by61"
"CUFES:201704:RL:11",2,"bx7_by60"
"CUFES:201704:RL:110",3,"bx6_by61"
"CUFES:201704:RL:111",3,"bx6_by61"
"CUFES:201704:RL:112",4,"bx6_by62"
"CUFES:201704:RL:113",4,"bx6_by62"
"CUFES:201704:RL:114",4,"bx6_by62"
"CUFES:201704:RL:115",4,"bx6_by62"
"CUFES:201704:RL:116",4,"bx6_by62"
"CUFES:201704:RL:117",4,"bx5_by62"
"CUFES:201704:RL:118",3,"bx5_by61"
"CUFES:201704:RL:119",3,"bx5_by61"
"CUFES:201704:RL:12",2,"bx7_by60"
"CUFES:201704:RL:120",3,"bx5_by61"
"CUFES:201704:RL:121",3,"bx5_by61"
"CUFES:201704:RL:122",3,"bx5_by61"
"CUFES:201704:RL:123",3,"bx5_by61"
"CUFES:201704:RL:124",3,"bx4_by61"
"CUFES:201704:RL:125",3,"bx4_by61"
"CUFES:201704:RL:126",3,"bx4_by61"
"CUFES:201704:RL:127",3,"bx4_by61"
"CUFES:201704:RL:128",3,"bx4_by61"
"CUFES:201704:RL:129",3,"bx4_by61"
"CUFES:201704:RL:13",2,"bx7_by60"
"CUFES:201704:RL:130",3,"bx4_by61"
"CUFES:201704:RL:131",3,"bx4_by61"
"CUFES:201704:RL:132",3,"bx4_by61"
"CUFES:201704:RL:133",2,"bx3_by60"
"CUFES:201704:RL:134",2,"bx3_by60"
"CUFES:201704:RL:135",2,"bx3_by60"
"CUFES:201704:RL:136",2,"bx3_by60"
"CUFES:201704:RL:137",2,"bx3_by60"
"CUFES:201704:RL:138",2,"bx3_by60"
"CUFES:201704:RL:139",2,"bx3_by60"
"CUFES:201704:RL:14",2,"bx7_by60"
"CUFES:201704:RL:140",3,"bx3_by61"
"CUFES:201704:RL:141",3,"bx3_by61"
"CUFES:201704:RL:142",3,"bx3_by61"
"CUFES:201704:RL:143",3,"bx3_by61"
"CUFES:201704:RL:144",3,"bx3_by61"
"CUFES:201704:RL:145",3,"bx3_by61"
"CUFES:201704:RL:146",3,"bx3_by61"
"CUFES:201704:RL:147",3,"bx3_by61"
"CUFES:201704:RL:148",3,"bx4_by61"
"CUFES:201704:RL:149",3,"bx4_by61"
"CUFES:201704:RL:15",2,"bx7_by60"
"CUFES:201704:RL:150",3,"bx4_by61"
"CUFES:201704:RL:151",3,"bx4_by61"
"CUFES:201704:RL:152",4,"bx4_by62"
"CUFES:201704:RL:153",4,"bx4_by62"
"CUFES:201704:RL:154",4,"bx4_by62"
"CUFES:201704:RL:155",4,"bx4_by62"
"CUFES:201704:RL:156",4,"bx4_by62"
"CUFES:201704:RL:157",4,"bx4_by62"
"CUFES:201704:RL:158",4,"bx4_by62"
"CUFES:201704:RL:159",4,"bx4_by62"
"CUFES:201704:RL:16",3,"bx7_by61"
"CUFES:201704:RL:160",4,"bx4_by62"
"CUFES:201704:RL:161",4,"bx4_by62"
"CUFES:201704:RL:162",4,"bx4_by62"
"CUFES:201704:RL:163",4,"bx5_by62"
"CUFES:201704:RL:164",4,"bx5_by62"
"CUFES:201704:RL:165",4,"bx5_by62"
"CUFES:201704:RL:166",4,"bx5_by62"
"CUFES:201704:RL:167",4,"bx5_by62"
"CUFES:201704:RL:168",4,"bx5_by62"
"CUFES:201704:RL:169",4,"bx5_by62"
"CUFES:201704:RL:17",2,"bx7_by60"
"CUFES:201704:RL:170",4,"bx5_by62"
"CUFES:201704:RL:171",4,"bx5_by62"
"CUFES:201704:RL:172",4,"bx5_by62"
"CUFES:201704:RL:173",4,"bx4_by62"
"CUFES:201704:RL:174",4,"bx4_by62"
"CUFES:201704:RL:175",4,"bx4_by62"
"CUFES:201704:RL:176",4,"bx4_by62"
"CUFES:201704:RL:177",4,"bx4_by62"
"CUFES:201704:RL:178",3,"bx2_by61"
"CUFES:201704:RL:179",3,"bx2_by61"
"CUFES:201704:RL:18",2,"bx7_by60"
"CUFES:201704:RL:180",3,"bx3_by61"
"CUFES:201704:RL:181",4,"bx3_by62"
"CUFES:201704:RL:182",4,"bx3_by62"
"CUFES:201704:RL:183",4,"bx3_by62"
"CUFES:201704:RL:184",4,"bx3_by62"
"CUFES:201704:RL:185",4,"bx3_by62"
"CUFES:201704:RL:186",4,"bx3_by62"
"CUFES:201704:RL:187",4,"bx3_by62"
"CUFES:201704:RL:188",4,"bx4_by62"
"CUFES:201704:RL:189",4,"bx4_by62"
"CUFES:201704:RL:19",2,"bx7_by60"
"CUFES:201704:RL:190",4,"bx4_by62"
"CUFES:201704:RL:191",4,"bx4_by62"
"CUFES:201704:RL:192",4,"bx4_by63"
"CUFES:201704:RL:193",4,"bx4_by63"
"CUFES:201704:RL:194",4,"bx4_by63"
"CUFES:201704:RL:195",4,"bx3_by63"
"CUFES:201704:RL:196",4,"bx3_by62"
"CUFES:201704:RL:197",4,"bx3_by62"
"CUFES:201704:RL:198",4,"bx3_by62"
"CUFES:201704:RL:199",4,"bx3_by62"
"CUFES:201704:RL:2",2,"bx7_by60"
"CUFES:201704:RL:20",2,"bx7_by60"
"CUFES:201704:RL:200",4,"bx3_by62"
"CUFES:201704:RL:201",4,"bx3_by63"
"CUFES:201704:RL:202",4,"bx2_by63"
"CUFES:201704:RL:203",3,"bx2_by62"
"CUFES:201704:RL:204",4,"bx3_by62"
"CUFES:201704:RL:205",4,"bx3_by62"
"CUFES:201704:RL:206",4,"bx3_by62"
"CUFES:201704:RL:207",3,"bx2_by62"
"CUFES:201704:RL:208",3,"bx2_by62"
"CUFES:201704:RL:209",3,"bx2_by62"
"CUFES:201704:RL:21",2,"bx7_by60"
"CUFES:201704:RL:210",3,"bx2_by62"
"CUFES:201704:RL:211",3,"bx2_by62"
"CUFES:201704:RL:212",3,"bx2_by62"
"CUFES:201704:RL:22",2,"bx7_by60"
"CUFES:201704:RL:221",3,"bx2_by62"
"CUFES:201704:RL:222",4,"bx2_by63"
"CUFES:201704:RL:223",4,"bx2_by63"
"CUFES:201704:RL:224",4,"bx2_by63"
"CUFES:201704:RL:225",4,"bx2_by63"
"CUFES:201704:RL:226",4,"bx2_by63"
"CUFES:201704:RL:227",4,"bx3_by63"
"CUFES:201704:RL:228",4,"bx3_by63"
"CUFES:201704:RL:229",4,"bx3_by63"
"CUFES:201704:RL:23",2,"bx7_by60"
"CUFES:201704:RL:230",4,"bx3_by63"
"CUFES:201704:RL:231",4,"bx3_by63"
"CUFES:201704:RL:232",4,"bx2_by63"
"CUFES:201704:RL:233",4,"bx2_by63"
"CUFES:201704:RL:234",4,"bx2_by63"
"CUFES:201704:RL:235",4,"bx2_by63"
"CUFES:201704:RL:236",4,"bx2_by63"
"CUFES:201704:RL:237",4,"bx2_by63"
"CUFES:201704:RL:238",4,"bx2_by63"
"CUFES:201704:RL:24",2,"bx7_by60"
"CUFES:201704:RL:25",2,"bx7_by60"
"CUFES:201704:RL:26",2,"bx6_by60"
"CUFES:201704:RL:263",4,"bx2_by64"
"CUFES:201704:RL:264",4,"bx2_by64"
"CUFES:201704:RL:265",4,"bx2_by64"
"CUFES:201704:RL:266",4,"bx2_by64"
"CUFES:201704:RL:27",2,"bx6_by60"
"CUFES:201704:RL:28",2,"bx6_by60"
"CUFES:201704:RL:29",2,"bx6_by60"
"CUFES:201704:RL:3",2,"bx7_by60"
"CUFES:201704:RL:30",2,"bx6_by60"
"CUFES:201704:RL:31",2,"bx6_by60"
"CUFES:201704:RL:32",2,"bx6_by60"
"CUFES:201704:RL:33",2,"bx6_by60"
"CUFES:201704:RL:34",2,"bx6_by60"
"CUFES:201704:RL:35",2,"bx7_by60"
"CUFES:201704:RL:36",2,"bx7_by60"
"CUFES:201704:RL:37",2,"bx7_by60"
"CUFES:201704:RL:38",2,"bx7_by60"
"CUFES:201704:RL:39",3,"bx7_by61"
"CUFES:201704:RL:4",2,"bx7_by60"
"CUFES:201704:RL:40",3,"bx7_by61"
"CUFES:201704:RL:41",3,"bx7_by61"
"CUFES:201704:RL:42",3,"bx7_by61"
"CUFES:201704:RL:43",3,"bx7_by61"
"CUFES:201704:RL:44",3,"bx7_by61"
"CUFES:201704:RL:45",2,"bx6_by60"
"CUFES:201704:RL:46",2,"bx6_by60"
"CUFES:201704:RL:47",2,"bx6_by60"
"CUFES:201704:RL:48",2,"bx6_by60"
"CUFES:201704:RL:49",2,"bx6_by60"
"CUFES:201704:RL:5",2,"bx7_by60"
"CUFES:201704:RL:50",2,"bx6_by60"
"CUFES:201704:RL:51",2,"bx6_by60"
"CUFES:201704:RL:52",2,"bx6_by60"
"CUFES:201704:RL:53",2,"bx5_by60"
"CUFES:201704:RL:54",2,"bx5_by60"
"CUFES:201704:RL:55",2,"bx5_by60"
"CUFES:201704:RL:56",2,"bx5_by60"
"CUFES:201704:RL:58",2,"bx5_by60"
"CUFES:201704:RL:59",2,"bx5_by60"
"CUFES:201704:RL:6",2,"bx7_by60"
"CUFES:201704:RL:60",3,"bx5_by61"
"CUFES:201704:RL:61",2,"bx6_by60"
"CUFES:201704:RL:62",2,"bx6_by60"
"CUFES:201704:RL:63",2,"bx6_by60"
"CUFES:201704:RL:64",3,"bx6_by61"
"CUFES:201704:RL:65",3,"bx6_by61"
"CUFES:201704:RL:66",3,"bx6_by61"
"CUFES:201704:RL:67",3,"bx6_by61"
"CUFES:201704:RL:68",3,"bx7_by61"
"CUFES:201704:RL:69",3,"bx7_by61"
"CUFES:201704:RL:7",2,"bx7_by60"
"CUFES:201704:RL:70",3,"bx7_by61"
"CUFES:201704:RL:71",3,"bx7_by61"
"CUFES:201704:RL:72",3,"bx7_by61"
"CUFES:201704:RL:73",3,"bx6_by61"
"CUFES:201704:RL:74",3,"bx6_by61"
"CUFES:201704:RL:75",3,"bx6_by61"
"CUFES:201704:RL:76",3,"bx6_by61"
"CUFES:201704:RL:77",3,"bx6_by61"
"CUFES:201704:RL:78",3,"bx6_by61"
"CUFES:201704:RL:79",3,"bx6_by61"
"CUFES:201704:RL:8",2,"bx6_by60"
"CUFES:201704:RL:80",3,"bx6_by61"
"CUFES:201704:RL:81",3,"bx6_by61"
"CUFES:201704:RL:82",3,"bx6_by61"
"CUFES:201704:RL:83",3,"bx6_by61"
"CUFES:201704:RL:84",3,"bx5_by61"
"CUFES:201704:RL:85",3,"bx5_by61"
"CUFES:201704:RL:86",3,"bx5_by61"
"CUFES:201704:RL:87",3,"bx5_by61"
"CUFES:201704:RL:88",3,"bx5_by61"
"CUFES:201704:RL:89",3,"bx5_by61"
"CUFES:201704:RL:9",2,"bx7_by60"
"CUFES:201704:RL:90",2,"bx5_by60"
"CUFES:201704:RL:91",2,"bx5_by60"
"CUFES:201704:RL:92",2,"bx5_by60"
"CUFES:201704:RL:93",2,"bx5_by60"
"CUFES:201704:RL:94",2,"bx5_by60"
"CUFES:201704:RL:95",2,"bx5_by60"
"CUFES:201704:RL:96",3,"bx5_by61"
"CUFES:201704:RL:97",3,"bx5_by61"
"CUFES:201704:RL:98",3,"bx6_by61"
"CUFES:201704:RL:99",3,"bx6_by61"
"CUFES:201704:SH:1",2,"bx7_by60"
"CUFES:201704:SH:10",2,"bx7_by60"
"CUFES:201704:SH:11",2,"bx6_by60"
"CUFES:201704:SH:12",2,"bx6_by60"
"CUFES:201704:SH:13",2,"bx6_by60"
"CUFES:201704:SH:130",1,"bx2_by59"
"CUFES:201704:SH:131",1,"bx2_by59"
"CUFES:201704:SH:132",1,"bx2_by59"
"CUFES:201704:SH:133",1,"bx2_by59"
"CUFES:201704:SH:134",1,"bx3_by59"
"CUFES:201704:SH:135",1,"bx3_by59"
"CUFES:201704:SH:136",1,"bx3_by59"
"CUFES:201704:SH:137",1,"bx3_by59"
"CUFES:201704:SH:138",1,"bx3_by59"
"CUFES:201704:SH:139",2,"bx4_by60"
"CUFES:201704:SH:14",1,"bx6_by59"
"CUFES:201704:SH:140",2,"bx4_by60"
"CUFES:201704:SH:141",2,"bx4_by60"
"CUFES:201704:SH:142",2,"bx4_by60"
"CUFES:201704:SH:143",2,"bx4_by60"
"CUFES:201704:SH:146",2,"bx5_by60"
"CUFES:201704:SH:148",2,"bx5_by60"
"CUFES:201704:SH:149",3,"bx5_by61"
"CUFES:201704:SH:15",1,"bx6_by59"
"CUFES:201704:SH:150",3,"bx5_by61"
"CUFES:201704:SH:151",3,"bx5_by61"
"CUFES:201704:SH:152",3,"bx6_by61"
"CUFES:201704:SH:153",3,"bx6_by61"
"CUFES:201704:SH:154",3,"bx6_by61"
"CUFES:201704:SH:155",3,"bx6_by61"
"CUFES:201704:SH:156",3,"bx6_by61"
"CUFES:201704:SH:157",3,"bx6_by61"
"CUFES:201704:SH:158",3,"bx6_by61"
"CUFES:201704:SH:159",3,"bx7_by61"
"CUFES:201704:SH:16",1,"bx5_by59"
"CUFES:201704:SH:160",3,"bx7_by61"
"CUFES:201704:SH:161",3,"bx7_by61"
"CUFES:201704:SH:162",3,"bx6_by61"
"CUFES:201704:SH:163",3,"bx6_by61"
"CUFES:201704:SH:164",4,"bx6_by62"
"CUFES:201704:SH:165",4,"bx6_by62"
"CUFES:201704:SH:166",4,"bx6_by62"
"CUFES:201704:SH:167",4,"bx6_by62"
"CUFES:201704:SH:168",4,"bx5_by62"
"CUFES:201704:SH:169",4,"bx5_by62"
"CUFES:201704:SH:17",1,"bx5_by59"
"CUFES:201704:SH:170",4,"bx5_by62"
"CUFES:201704:SH:171",4,"bx5_by62"
"CUFES:201704:SH:172",4,"bx5_by62"
"CUFES:201704:SH:173",4,"bx5_by62"
"CUFES:201704:SH:174",4,"bx5_by62"
"CUFES:201704:SH:175",4,"bx6_by62"
"CUFES:201704:SH:176",4,"bx5_by62"
"CUFES:201704:SH:177",4,"bx5_by62"
"CUFES:201704:SH:178",4,"bx5_by62"
"CUFES:201704:SH:179",4,"bx5_by62"
"CUFES:201704:SH:18",1,"bx5_by59"
"CUFES:201704:SH:180",4,"bx5_by62"
"CUFES:201704:SH:181",3,"bx4_by61"
"CUFES:201704:SH:182",3,"bx4_by61"
"CUFES:201704:SH:183",3,"bx4_by61"
"CUFES:201704:SH:184",3,"bx4_by61"
"CUFES:201704:SH:185",3,"bx4_by61"
"CUFES:201704:SH:186",3,"bx4_by61"
"CUFES:201704:SH:187",3,"bx3_by61"
"CUFES:201704:SH:188",3,"bx3_by61"
"CUFES:201704:SH:19",1,"bx5_by59"
"CUFES:201704:SH:191",3,"bx3_by61"
"CUFES:201704:SH:192",2,"bx3_by60"
"CUFES:201704:SH:193",2,"bx3_by60"
"CUFES:201704:SH:194",2,"bx2_by60"
"CUFES:201704:SH:195",2,"bx2_by60"
"CUFES:201704:SH:196",2,"bx2_by60"
"CUFES:201704:SH:2",2,"bx7_by60"
"CUFES:201704:SH:20",1,"bx5_by59"
"CUFES:201704:SH:21",1,"bx5_by59"
"CUFES:201704:SH:22",1,"bx4_by59"
"CUFES:201704:SH:23",1,"bx4_by59"
"CUFES:201704:SH:257",3,"bx2_by62"
"CUFES:201704:SH:258",3,"bx2_by62"
"CUFES:201704:SH:259",3,"bx2_by62"
"CUFES:201704:SH:260",3,"bx2_by62"
"CUFES:201704:SH:261",4,"bx3_by62"
"CUFES:201704:SH:262",4,"bx3_by62"
"CUFES:201704:SH:263",4,"bx3_by62"
"CUFES:201704:SH:264",4,"bx3_by62"
"CUFES:201704:SH:265",4,"bx3_by62"
"CUFES:201704:SH:266",4,"bx3_by62"
"CUFES:201704:SH:267",4,"bx3_by62"
"CUFES:201704:SH:268",4,"bx3_by62"
"CUFES:201704:SH:269",4,"bx4_by62"
"CUFES:201704:SH:270",4,"bx4_by62"
"CUFES:201704:SH:271",4,"bx4_by62"
"CUFES:201704:SH:272",4,"bx4_by62"
"CUFES:201704:SH:273",4,"bx4_by63"
"CUFES:201704:SH:274",4,"bx4_by63"
"CUFES:201704:SH:275",4,"bx4_by63"
"CUFES:201704:SH:277",4,"bx4_by63"
"CUFES:201704:SH:278",4,"bx4_by63"
"CUFES:201704:SH:279",4,"bx3_by63"
"CUFES:201704:SH:280",4,"bx3_by63"
"CUFES:201704:SH:281",4,"bx3_by63"
"CUFES:201704:SH:282",4,"bx3_by63"
"CUFES:201704:SH:283",4,"bx3_by63"
"CUFES:201704:SH:284",4,"bx3_by63"
"CUFES:201704:SH:285",4,"bx3_by63"
"CUFES:201704:SH:286",4,"bx3_by63"
"CUFES:201704:SH:287",4,"bx2_by63"
"CUFES:201704:SH:288",4,"bx2_by63"
"CUFES:201704:SH:289",4,"bx2_by63"
"CUFES:201704:SH:290",4,"bx2_by63"
"CUFES:201704:SH:291",4,"bx2_by63"
"CUFES:201704:SH:3",3,"bx7_by61"
"CUFES:201704:SH:4",3,"bx7_by61"
"CUFES:201704:SH:5",3,"bx7_by61"
"CUFES:201704:SH:6",2,"bx7_by60"
"CUFES:201704:SH:7",2,"bx7_by60"
"CUFES:201704:SH:8",2,"bx7_by60"
"CUFES:201704:SH:9",2,"bx7_by60"
"CUFES:201707:RL:1",2,"bx7_by60"
"CUFES:201707:RL:10",2,"bx6_by60"
"CUFES:201707:RL:11",3,"bx6_by61"
"CUFES:201707:RL:12",3,"bx6_by61"
"CUFES:201707:RL:13",3,"bx5_by61"
"CUFES:201707:RL:14",3,"bx5_by61"
"CUFES:201707:RL:15",3,"bx5_by61"
"CUFES:201707:RL:16",3,"bx5_by61"
"CUFES:201707:RL:17",3,"bx5_by61"
"CUFES:201707:RL:18",3,"bx5_by61"
"CUFES:201707:RL:19",3,"bx5_by61"
"CUFES:201707:RL:2",2,"bx7_by60"
"CUFES:201707:RL:20",3,"bx4_by61"
"CUFES:201707:RL:21",3,"bx4_by61"
"CUFES:201707:RL:22",3,"bx4_by61"
"CUFES:201707:RL:23",3,"bx4_by61"
"CUFES:201707:RL:24",4,"bx4_by62"
"CUFES:201707:RL:25",4,"bx4_by62"
"CUFES:201707:RL:26",4,"bx3_by62"
"CUFES:201707:RL:27",4,"bx3_by62"
"CUFES:201707:RL:28",4,"bx3_by62"
"CUFES:201707:RL:29",4,"bx3_by62"
"CUFES:201707:RL:3",2,"bx7_by60"
"CUFES:201707:RL:30",4,"bx3_by62"
"CUFES:201707:RL:31",4,"bx3_by62"
"CUFES:201707:RL:32",4,"bx3_by62"
"CUFES:201707:RL:33",3,"bx2_by62"
"CUFES:201707:RL:34",3,"bx2_by62"
"CUFES:201707:RL:35",4,"bx2_by63"
"CUFES:201707:RL:36",4,"bx2_by63"
"CUFES:201707:RL:37",4,"bx2_by63"
"CUFES:201707:RL:38",4,"bx2_by63"
"CUFES:201707:RL:39",4,"bx2_by63"
"CUFES:201707:RL:4",2,"bx7_by60"
"CUFES:201707:RL:40",4,"bx2_by63"
"CUFES:201707:RL:41",4,"bx2_by63"
"CUFES:201707:RL:42",4,"bx2_by64"
"CUFES:201707:RL:43",4,"bx2_by64"
"CUFES:201707:RL:44",4,"bx2_by64"
"CUFES:201707:RL:5",2,"bx7_by60"
"CUFES:201707:RL:6",2,"bx6_by60"
"CUFES:201707:RL:7",2,"bx6_by60"
"CUFES:201707:RL:8",2,"bx6_by60"
"CUFES:201707:RL:9",2,"bx6_by60"
"CUFES:201708:SR:1",2,"bx7_by60"
"CUFES:201708:SR:10",1,"bx6_by59"
"CUFES:201708:SR:100",2,"bx4_by60"
"CUFES:201708:SR:101",2,"bx4_by60"
"CUFES:201708:SR:102",2,"bx4_by60"
"CUFES:201708:SR:103",2,"bx4_by60"
"CUFES:201708:SR:104",2,"bx4_by60"
"CUFES:201708:SR:105",2,"bx5_by60"
"CUFES:201708:SR:106",2,"bx5_by60"
"CUFES:201708:SR:107",2,"bx5_by60"
"CUFES:201708:SR:108",2,"bx5_by60"
"CUFES:201708:SR:109",3,"bx5_by61"
"CUFES:201708:SR:11",1,"bx5_by59"
"CUFES:201708:SR:110",3,"bx6_by61"
"CUFES:201708:SR:111",3,"bx6_by61"
"CUFES:201708:SR:112",3,"bx6_by61"
"CUFES:201708:SR:113",3,"bx6_by61"
"CUFES:201708:SR:114",3,"bx6_by61"
"CUFES:201708:SR:115",3,"bx7_by61"
"CUFES:201708:SR:116",3,"bx7_by61"
"CUFES:201708:SR:117",3,"bx6_by61"
"CUFES:201708:SR:118",4,"bx6_by62"
"CUFES:201708:SR:119",4,"bx6_by62"
"CUFES:201708:SR:12",1,"bx5_by59"
"CUFES:201708:SR:120",4,"bx6_by62"
"CUFES:201708:SR:121",4,"bx6_by62"
"CUFES:201708:SR:122",4,"bx6_by62"
"CUFES:201708:SR:123",4,"bx6_by62"
"CUFES:201708:SR:124",4,"bx6_by62"
"CUFES:201708:SR:125",4,"bx5_by62"
"CUFES:201708:SR:126",4,"bx5_by62"
"CUFES:201708:SR:127",4,"bx5_by62"
"CUFES:201708:SR:128",4,"bx5_by62"
"CUFES:201708:SR:129",4,"bx5_by62"
"CUFES:201708:SR:13",1,"bx5_by59"
"CUFES:201708:SR:130",3,"bx4_by61"
"CUFES:201708:SR:131",3,"bx4_by61"
"CUFES:201708:SR:132",3,"bx4_by61"
"CUFES:201708:SR:133",3,"bx4_by61"
"CUFES:201708:SR:134",3,"bx4_by61"
"CUFES:201708:SR:135",3,"bx3_by61"
"CUFES:201708:SR:136",3,"bx3_by61"
"CUFES:201708:SR:137",3,"bx3_by61"
"CUFES:201708:SR:138",3,"bx3_by61"
"CUFES:201708:SR:139",3,"bx3_by61"
"CUFES:201708:SR:14",1,"bx5_by59"
"CUFES:201708:SR:140",3,"bx3_by61"
"CUFES:201708:SR:141",2,"bx3_by60"
"CUFES:201708:SR:142",2,"bx3_by60"
"CUFES:201708:SR:143",2,"bx2_by60"
"CUFES:201708:SR:144",2,"bx2_by60"
"CUFES:201708:SR:145",2,"bx2_by60"
"CUFES:201708:SR:146",2,"bx2_by60"
"CUFES:201708:SR:15",1,"bx5_by59"
"CUFES:201708:SR:16",1,"bx4_by59"
"CUFES:201708:SR:17",1,"bx4_by58"
"CUFES:201708:SR:2",2,"bx7_by60"
"CUFES:201708:SR:207",3,"bx2_by61"
"CUFES:201708:SR:208",3,"bx2_by61"
"CUFES:201708:SR:209",3,"bx2_by62"
"CUFES:201708:SR:210",3,"bx2_by62"
"CUFES:201708:SR:211",3,"bx2_by62"
"CUFES:201708:SR:212",3,"bx2_by62"
"CUFES:201708:SR:213",4,"bx3_by62"
"CUFES:201708:SR:214",4,"bx3_by62"
"CUFES:201708:SR:215",4,"bx3_by62"
"CUFES:201708:SR:216",4,"bx3_by62"
"CUFES:201708:SR:217",4,"bx3_by62"
"CUFES:201708:SR:218",4,"bx3_by62"
"CUFES:201708:SR:219",4,"bx3_by62"
"CUFES:201708:SR:220",3,"bx2_by62"
"CUFES:201708:SR:221",3,"bx2_by62"
"CUFES:201708:SR:222",3,"bx2_by62"
"CUFES:201708:SR:223",3,"bx2_by62"
"CUFES:201708:SR:224",3,"bx2_by62"
"CUFES:201708:SR:225",4,"bx2_by63"
"CUFES:201708:SR:297",4,"bx2_by64"
"CUFES:201708:SR:298",4,"bx2_by64"
"CUFES:201708:SR:299",4,"bx2_by64"
"CUFES:201708:SR:3",2,"bx7_by60"
"CUFES:201708:SR:300",4,"bx2_by64"
"CUFES:201708:SR:301",4,"bx2_by63"
"CUFES:201708:SR:302",4,"bx2_by63"
"CUFES:201708:SR:303",4,"bx2_by63"
"CUFES:201708:SR:304",4,"bx2_by63"
"CUFES:201708:SR:305",4,"bx2_by63"
"CUFES:201708:SR:306",4,"bx2_by63"
"CUFES:201708:SR:307",4,"bx2_by63"
"CUFES:201708:SR:308",4,"bx3_by63"
"CUFES:201708:SR:309",4,"bx3_by63"
"CUFES:201708:SR:310",4,"bx3_by63"
"CUFES:201708:SR:311",4,"bx3_by63"
"CUFES:201708:SR:312",4,"bx3_by63"
"CUFES:201708:SR:313",4,"bx3_by63"
"CUFES:201708:SR:314",4,"bx3_by63"
"CUFES:201708:SR:315",4,"bx4_by63"
"CUFES:201708:SR:316",4,"bx4_by63"
"CUFES:201708:SR:317",4,"bx4_by63"
"CUFES:201708:SR:318",4,"bx4_by62"
"CUFES:201708:SR:319",4,"bx5_by62"
"CUFES:201708:SR:320",4,"bx5_by62"
"CUFES:201708:SR:321",4,"bx5_by62"
"CUFES:201708:SR:322",4,"bx5_by62"
"CUFES:201708:SR:323",4,"bx5_by62"
"CUFES:201708:SR:324",4,"bx5_by62"
"CUFES:201708:SR:325",4,"bx5_by62"
"CUFES:201708:SR:326",4,"bx5_by62"
"CUFES:201708:SR:327",4,"bx6_by62"
"CUFES:201708:SR:328",3,"bx6_by61"
"CUFES:201708:SR:329",3,"bx6_by61"
"CUFES:201708:SR:330",3,"bx6_by61"
"CUFES:201708:SR:331",3,"bx6_by61"
"CUFES:201708:SR:332",3,"bx6_by61"
"CUFES:201708:SR:333",3,"bx6_by61"
"CUFES:201708:SR:334",3,"bx7_by61"
"CUFES:201708:SR:335",2,"bx7_by60"
"CUFES:201708:SR:336",2,"bx7_by60"
"CUFES:201708:SR:337",2,"bx7_by60"
"CUFES:201708:SR:338",2,"bx7_by60"
"CUFES:201708:SR:4",2,"bx6_by60"
"CUFES:201708:SR:5",2,"bx6_by60"
"CUFES:201708:SR:6",2,"bx6_by60"
"CUFES:201708:SR:7",1,"bx6_by59"
"CUFES:201708:SR:8",1,"bx6_by59"
"CUFES:201708:SR:9",1,"bx6_by59"
"CUFES:201708:SR:92",1,"bx2_by59"
"CUFES:201708:SR:93",1,"bx3_by59"
"CUFES:201708:SR:94",1,"bx3_by59"
"CUFES:201708:SR:95",1,"bx3_by59"
"CUFES:201708:SR:96",1,"bx3_by59"
"CUFES:201708:SR:97",1,"bx3_by59"
"CUFES:201708:SR:98",2,"bx4_by60"
"CUFES:201708:SR:99",2,"bx4_by60"
"CUFES:201802:SH:1",3,"bx2_by62"
"CUFES:201802:SH:2",3,"bx2_by62"
"CUFES:201802:SH:3",3,"bx2_by61"
"CUFES:201802:SH:4",3,"bx2_by61"
"CUFES:201802:SH:5",3,"bx2_by61"
"CUFES:201802:SH:63",4,"bx2_by63"
"CUFES:201802:SH:64",4,"bx2_by63"
"CUFES:201802:SH:65",4,"bx2_by63"
"CUFES:201802:SH:66",4,"bx2_by63"
"CUFES:201802:SH:67",4,"bx2_by63"
"CUFES:201802:SH:68",4,"bx2_by63"
"CUFES:201802:SH:69",4,"bx2_by63"
"CUFES:201802:SH:70",4,"bx2_by64"
"CUFES:201802:SH:71",4,"bx2_by64"
"CUFES:201802:SH:72",4,"bx2_by64"
"CUFES:201802:SH:73",4,"bx2_by64"
"CUFES:201804:SH:1",2,"bx7_by60"
"CUFES:201804:SH:10",2,"bx7_by60"
"CUFES:201804:SH:104",1,"bx2_by59"
"CUFES:201804:SH:105",1,"bx2_by59"
"CUFES:201804:SH:106",1,"bx2_by59"
"CUFES:201804:SH:107",1,"bx3_by59"
"CUFES:201804:SH:108",1,"bx3_by59"
"CUFES:201804:SH:109",1,"bx3_by59"
"CUFES:201804:SH:11",2,"bx6_by60"
"CUFES:201804:SH:111",1,"bx3_by59"
"CUFES:201804:SH:112",2,"bx4_by60"
"CUFES:201804:SH:113",2,"bx4_by60"
"CUFES:201804:SH:114",2,"bx4_by60"
"CUFES:201804:SH:115",2,"bx4_by60"
"CUFES:201804:SH:116",2,"bx4_by60"
"CUFES:201804:SH:117",2,"bx4_by60"
"CUFES:201804:SH:118",2,"bx4_by60"
"CUFES:201804:SH:119",2,"bx5_by60"
"CUFES:201804:SH:12",2,"bx6_by60"
"CUFES:201804:SH:120",2,"bx5_by60"
"CUFES:201804:SH:121",2,"bx5_by60"
"CUFES:201804:SH:122",2,"bx5_by60"
"CUFES:201804:SH:123",3,"bx5_by61"
"CUFES:201804:SH:124",3,"bx5_by61"
"CUFES:201804:SH:125",3,"bx5_by61"
"CUFES:201804:SH:126",3,"bx5_by61"
"CUFES:201804:SH:127",3,"bx5_by61"
"CUFES:201804:SH:128",3,"bx6_by61"
"CUFES:201804:SH:129",3,"bx6_by61"
"CUFES:201804:SH:13",2,"bx6_by60"
"CUFES:201804:SH:130",3,"bx6_by61"
"CUFES:201804:SH:131",3,"bx6_by61"
"CUFES:201804:SH:132",3,"bx6_by61"
"CUFES:201804:SH:133",3,"bx6_by61"
"CUFES:201804:SH:134",3,"bx6_by61"
"CUFES:201804:SH:135",3,"bx7_by61"
"CUFES:201804:SH:136",3,"bx7_by61"
"CUFES:201804:SH:137",3,"bx7_by61"
"CUFES:201804:SH:138",3,"bx6_by61"
"CUFES:201804:SH:139",3,"bx6_by61"
"CUFES:201804:SH:14",1,"bx6_by59"
"CUFES:201804:SH:140",4,"bx6_by62"
"CUFES:201804:SH:141",4,"bx6_by62"
"CUFES:201804:SH:142",4,"bx6_by62"
"CUFES:201804:SH:143",4,"bx6_by62"
"CUFES:201804:SH:144",4,"bx6_by62"
"CUFES:201804:SH:145",4,"bx6_by62"
"CUFES:201804:SH:146",4,"bx6_by62"
"CUFES:201804:SH:147",4,"bx5_by62"
"CUFES:201804:SH:148",4,"bx5_by62"
"CUFES:201804:SH:149",4,"bx5_by62"
"CUFES:201804:SH:15",1,"bx6_by59"
"CUFES:201804:SH:151",4,"bx5_by62"
"CUFES:201804:SH:152",4,"bx5_by62"
"CUFES:201804:SH:154",4,"bx5_by62"
"CUFES:201804:SH:155",4,"bx5_by62"
"CUFES:201804:SH:156",3,"bx5_by61"
"CUFES:201804:SH:157",3,"bx5_by61"
"CUFES:201804:SH:158",3,"bx4_by61"
"CUFES:201804:SH:159",3,"bx4_by61"
"CUFES:201804:SH:16",1,"bx6_by59"
"CUFES:201804:SH:160",3,"bx4_by61"
"CUFES:201804:SH:161",3,"bx4_by61"
"CUFES:201804:SH:162",3,"bx4_by61"
"CUFES:201804:SH:163",3,"bx4_by61"
"CUFES:201804:SH:164",3,"bx4_by61"
"CUFES:201804:SH:165",3,"bx4_by61"
"CUFES:201804:SH:166",3,"bx4_by61"
"CUFES:201804:SH:167",3,"bx4_by61"
"CUFES:201804:SH:168",3,"bx3_by61"
"CUFES:201804:SH:169",3,"bx3_by61"
"CUFES:201804:SH:17",1,"bx6_by59"
"CUFES:201804:SH:170",3,"bx3_by61"
"CUFES:201804:SH:171",3,"bx3_by61"
"CUFES:201804:SH:172",2,"bx3_by60"
"CUFES:201804:SH:173",2,"bx3_by60"
"CUFES:201804:SH:174",2,"bx2_by60"
"CUFES:201804:SH:175",2,"bx2_by60"
"CUFES:201804:SH:176",2,"bx2_by60"
"CUFES:201804:SH:177",2,"bx2_by60"
"CUFES:201804:SH:18",1,"bx5_by59"
"CUFES:201804:SH:19",1,"bx5_by59"
"CUFES:201804:SH:2",3,"bx7_by61"
"CUFES:201804:SH:20",1,"bx5_by59"
"CUFES:201804:SH:21",1,"bx5_by59"
"CUFES:201804:SH:22",1,"bx5_by59"
"CUFES:201804:SH:23",1,"bx5_by59"
"CUFES:201804:SH:236",3,"bx2_by61"
"CUFES:201804:SH:237",3,"bx2_by62"
"CUFES:201804:SH:238",3,"bx2_by62"
"CUFES:201804:SH:239",3,"bx2_by62"
"CUFES:201804:SH:24",1,"bx5_by59"
"CUFES:201804:SH:240",4,"bx3_by62"
"CUFES:201804:SH:241",4,"bx3_by62"
"CUFES:201804:SH:242",4,"bx3_by62"
"CUFES:201804:SH:243",4,"bx3_by62"
"CUFES:201804:SH:244",4,"bx3_by62"
"CUFES:201804:SH:245",4,"bx3_by62"
"CUFES:201804:SH:246",4,"bx4_by62"
"CUFES:201804:SH:247",4,"bx4_by62"
"CUFES:201804:SH:248",4,"bx4_by62"
"CUFES:201804:SH:249",4,"bx4_by62"
"CUFES:201804:SH:25",1,"bx4_by59"
"CUFES:201804:SH:250",4,"bx4_by62"
"CUFES:201804:SH:251",4,"bx4_by63"
"CUFES:201804:SH:252",4,"bx4_by63"
"CUFES:201804:SH:253",4,"bx4_by63"
"CUFES:201804:SH:254",4,"bx4_by63"
"CUFES:201804:SH:255",4,"bx4_by63"
"CUFES:201804:SH:256",4,"bx4_by63"
"CUFES:201804:SH:257",4,"bx4_by63"
"CUFES:201804:SH:258",4,"bx3_by63"
"CUFES:201804:SH:259",4,"bx3_by63"
"CUFES:201804:SH:26",1,"bx4_by58"
"CUFES:201804:SH:260",4,"bx3_by63"
"CUFES:201804:SH:261",4,"bx3_by63"
"CUFES:201804:SH:262",4,"bx3_by63"
"CUFES:201804:SH:263",4,"bx3_by63"
"CUFES:201804:SH:264",4,"bx3_by63"
"CUFES:201804:SH:265",4,"bx2_by63"
"CUFES:201804:SH:266",4,"bx2_by63"
"CUFES:201804:SH:267",4,"bx2_by63"
"CUFES:201804:SH:268",4,"bx2_by63"
"CUFES:201804:SH:269",4,"bx2_by63"
"CUFES:201804:SH:270",4,"bx2_by63"
"CUFES:201804:SH:3",3,"bx7_by61"
"CUFES:201804:SH:323",4,"bx2_by64"
"CUFES:201804:SH:4",3,"bx7_by61"
"CUFES:201804:SH:5",2,"bx7_by60"
"CUFES:201804:SH:6",2,"bx7_by60"
"CUFES:201804:SH:7",2,"bx7_by60"
"CUFES:201804:SH:8",2,"bx7_by60"
"CUFES:201804:SH:9",2,"bx7_by60"
"CUFES:201807:RL:1483",4,"bx2_by63"
"CUFES:201807:RL:1484",4,"bx2_by63"
"CUFES:201807:RL:1485",4,"bx2_by63"
"CUFES:201807:RL:1486",4,"bx2_by63"
"CUFES:201807:RL:1487",4,"bx2_by63"
"CUFES:201807:RL:1488",4,"bx3_by63"
"CUFES:201807:RL:1489",4,"bx3_by63"
"CUFES:201807:RL:1490",4,"bx4_by62"
"CUFES:201807:RL:1491",4,"bx4_by62"
"CUFES:201807:RL:1492",4,"bx4_by62"
"CUFES:201807:RL:1493",4,"bx5_by62"
"CUFES:201807:RL:1494",4,"bx5_by62"
"CUFES:201807:RL:1495",4,"bx5_by62"
"CUFES:201807:RL:1496",4,"bx6_by62"
"CUFES:201807:RL:1497",3,"bx6_by61"
"CUFES:201807:RL:1498",3,"bx6_by61"
"CUFES:201807:RL:1499",3,"bx6_by61"
"CUFES:201807:RL:1500",2,"bx7_by60"
"CUFES:201807:RL:1501",2,"bx7_by60"
"CUFES:201807:RL:1502",2,"bx7_by60"
"CUFES:201807:RL:1503",2,"bx7_by60"
"CUFES:201807:RL:1504",2,"bx7_by60"
"CUFES:201807:RL:1505",2,"bx7_by60"
"CUFES:201807:RL:1506",2,"bx7_by60"
"CUFES:201807:RL:1507",2,"bx7_by60"
"CUFES:201807:RL:1508",2,"bx7_by60"
"CUFES:201807:RL:1509",2,"bx7_by60"
"CUFES:201807:RL:1510",2,"bx7_by60"
"CUFES:201807:RL:1511",2,"bx7_by60"
"CUFES:201807:RL:1512",2,"bx7_by60"
"CUFES:201807:RL:1513",3,"bx6_by61"
"CUFES:201807:RL:1514",3,"bx6_by61"
"CUFES:201807:RL:1515",3,"bx6_by61"
"CUFES:201807:RL:1516",3,"bx6_by61"
"CUFES:201807:RL:1517",3,"bx6_by61"
"CUFES:201807:RL:1518",3,"bx6_by61"
"CUFES:201807:RL:1519",3,"bx6_by61"
"CUFES:201807:RL:1520",4,"bx5_by62"
"CUFES:201807:RL:1521",4,"bx5_by62"
"CUFES:201807:RL:1522",4,"bx5_by62"
"CUFES:201807:RL:1523",4,"bx5_by62"
"CUFES:201807:RL:1524",4,"bx5_by62"
"CUFES:201807:RL:1525",4,"bx4_by62"
"CUFES:201807:RL:1526",4,"bx4_by63"
"CUFES:201807:RL:1527",4,"bx4_by63"
"CUFES:201807:RL:1528",4,"bx3_by63"
"CUFES:201807:RL:1529",4,"bx3_by63"
"CUFES:201807:RL:1530",4,"bx3_by63"
"CUFES:201807:RL:1531",4,"bx3_by63"
"CUFES:201807:RL:1532",4,"bx2_by63"
"CUFES:201807:RL:1533",4,"bx2_by63"
"CUFES:201807:RL:1534",4,"bx2_by63"
"CUFES:201807:RL:1535",4,"bx2_by63"
"CUFES:201807:RL:1536",4,"bx2_by63"
"CUFES:201807:RL:1537",4,"bx2_by64"
"CUFES:201807:RL:1618",4,"bx2_by64"
"CUFES:201807:RL:1621",4,"bx2_by64"
"CUFES:201807:RL:1622",4,"bx2_by64"
"CUFES:201807:RL:1623",4,"bx2_by64"
"CUFES:201807:RL:1624",4,"bx2_by63"
"CUFES:201807:RL:1633",4,"bx2_by63"
"CUFES:201807:RL:1634",4,"bx2_by63"
"CUFES:201807:RL:1635",4,"bx2_by63"
"CUFES:201807:RL:1636",4,"bx2_by63"
"CUFES:201807:RL:1637",4,"bx2_by63"
"CUFES:201807:RL:1638",4,"bx3_by63"
"CUFES:201807:RL:1639",4,"bx3_by63"
"CUFES:201807:RL:1640",4,"bx3_by63"
"CUFES:201807:RL:1641",4,"bx3_by63"
"CUFES:201807:RL:1642",4,"bx3_by63"
"CUFES:201807:RL:1643",4,"bx3_by63"
"CUFES:201807:RL:1644",4,"bx3_by63"
"CUFES:201807:RL:1645",3,"bx2_by62"
"CUFES:201807:RL:1646",3,"bx2_by62"
"CUFES:201807:RL:1647",3,"bx2_by62"
"CUFES:201807:RL:1648",3,"bx2_by62"
"CUFES:201807:RL:1649",3,"bx2_by62"
"CUFES:201807:RL:1650",3,"bx2_by62"
"CUFES:201807:RL:1651",3,"bx2_by62"
"CUFES:201807:RL:1652",3,"bx2_by62"
"CUFES:201807:RL:1653",3,"bx2_by62"
"CUFES:201807:RL:1654",3,"bx2_by62"
"CUFES:201807:RL:1655",3,"bx2_by62"
"CUFES:201807:RL:1656",4,"bx3_by62"
"CUFES:201807:RL:1657",4,"bx3_by62"
"CUFES:201807:RL:1658",4,"bx3_by62"
"CUFES:201807:RL:1659",4,"bx3_by62"
"CUFES:201807:RL:1660",4,"bx3_by62"
"CUFES:201807:RL:1661",4,"bx3_by63"
"CUFES:201807:RL:1662",4,"bx3_by63"
"CUFES:201807:RL:1663",4,"bx3_by63"
"CUFES:201807:RL:1664",4,"bx4_by63"
"CUFES:201807:RL:1665",4,"bx4_by63"
"CUFES:201807:RL:1666",4,"bx4_by63"
"CUFES:201807:RL:1667",4,"bx4_by63"
"CUFES:201807:RL:1668",4,"bx4_by63"
"CUFES:201807:RL:1669",4,"bx4_by63"
"CUFES:201807:RL:1670",4,"bx4_by63"
"CUFES:201807:RL:1671",4,"bx4_by63"
"CUFES:201807:RL:1672",4,"bx4_by63"
"CUFES:201807:RL:1673",4,"bx4_by62"
"CUFES:201807:RL:1674",4,"bx4_by62"
"CUFES:201807:RL:1675",4,"bx3_by62"
"CUFES:201807:RL:1676",4,"bx3_by62"
"CUFES:201807:RL:1677",4,"bx3_by62"
"CUFES:201807:RL:1678",4,"bx3_by62"
"CUFES:201807:RL:1679",4,"bx3_by62"
"CUFES:201807:RL:1680",4,"bx3_by62"
"CUFES:201807:RL:1681",4,"bx3_by62"
"CUFES:201807:RL:1682",4,"bx3_by62"
"CUFES:201807:RL:1683",4,"bx3_by62"
"CUFES:201807:RL:1684",4,"bx3_by62"
"CUFES:201807:RL:1685",4,"bx3_by62"
"CUFES:201807:RL:1686",4,"bx4_by62"
"CUFES:201807:RL:1687",4,"bx4_by62"
"CUFES:201807:RL:1688",4,"bx4_by62"
"CUFES:201807:RL:1689",4,"bx4_by62"
"CUFES:201807:RL:1690",4,"bx4_by62"
"CUFES:201807:RL:1691",4,"bx4_by62"
"CUFES:201807:RL:1692",4,"bx5_by62"
"CUFES:201807:RL:1693",4,"bx5_by62"
"CUFES:201807:RL:1694",4,"bx5_by62"
"CUFES:201807:RL:1695",4,"bx5_by62"
"CUFES:201807:RL:1696",4,"bx4_by62"
"CUFES:201807:RL:1697",4,"bx4_by62"
"CUFES:201807:RL:1698",4,"bx4_by62"
"CUFES:201807:RL:1699",4,"bx4_by62"
"CUFES:201807:RL:1700",4,"bx4_by62"
"CUFES:201807:RL:1701",4,"bx4_by62"
"CUFES:201807:RL:1702",4,"bx4_by62"
"CUFES:201807:RL:1703",4,"bx4_by62"
"CUFES:201807:RL:1704",4,"bx3_by62"
"CUFES:201807:RL:1705",4,"bx3_by62"
"CUFES:201807:RL:1706",3,"bx3_by61"
"CUFES:201807:RL:1707",3,"bx3_by61"
"CUFES:201807:RL:1708",3,"bx4_by61"
"CUFES:201807:RL:1709",3,"bx4_by61"
"CUFES:201807:RL:1710",3,"bx4_by61"
"CUFES:201807:RL:1711",4,"bx4_by62"
"CUFES:201807:RL:1712",4,"bx4_by62"
"CUFES:201807:RL:1713",4,"bx4_by62"
"CUFES:201807:RL:1714",4,"bx4_by62"
"CUFES:201807:RL:1715",4,"bx5_by62"
"CUFES:201807:RL:1716",4,"bx5_by62"
"CUFES:201807:RL:1717",4,"bx5_by62"
"CUFES:201807:RL:1718",4,"bx5_by62"
"CUFES:201807:RL:1719",4,"bx5_by62"
"CUFES:201807:RL:1720",4,"bx5_by62"
"CUFES:201807:RL:1721",4,"bx5_by62"
"CUFES:201807:RL:1722",4,"bx5_by62"
"CUFES:201807:RL:1723",4,"bx6_by62"
"CUFES:201807:RL:1724",4,"bx5_by62"
"CUFES:201807:RL:1725",4,"bx5_by62"
"CUFES:201807:RL:1726",4,"bx5_by62"
"CUFES:201807:RL:1727",4,"bx5_by62"
"CUFES:201807:RL:1728",4,"bx5_by62"
"CUFES:201807:RL:1729",4,"bx5_by62"
"CUFES:201807:RL:1730",4,"bx5_by62"
"CUFES:201807:RL:1731",3,"bx4_by61"
"CUFES:201807:RL:1732",3,"bx4_by61"
"CUFES:201807:RL:1733",3,"bx4_by61"
"CUFES:201807:RL:1734",3,"bx4_by61"
"CUFES:201807:RL:1735",3,"bx4_by61"
"CUFES:201807:RL:1736",3,"bx4_by61"
"CUFES:201807:RL:1737",3,"bx5_by61"
"CUFES:201807:RL:1738",3,"bx5_by61"
"CUFES:201807:RL:1739",3,"bx5_by61"
"CUFES:201807:RL:1740",3,"bx5_by61"
"CUFES:201807:RL:1741",3,"bx5_by61"
"CUFES:201807:RL:1742",4,"bx5_by62"
"CUFES:201807:RL:1743",4,"bx5_by62"
"CUFES:201807:RL:1744",4,"bx6_by62"
"CUFES:201807:RL:1745",4,"bx6_by62"
"CUFES:201807:RL:1746",4,"bx6_by62"
"CUFES:201807:RL:1747",4,"bx6_by62"
"CUFES:201807:RL:1748",4,"bx6_by62"
"CUFES:201807:RL:1749",3,"bx6_by61"
"CUFES:201807:RL:1750",3,"bx6_by61"
"CUFES:201807:RL:1751",3,"bx5_by61"
"CUFES:201807:RL:1752",3,"bx5_by61"
"CUFES:201807:RL:1753",3,"bx5_by61"
"CUFES:201807:RL:1754",3,"bx5_by61"
"CUFES:201807:RL:1755",3,"bx5_by61"
"CUFES:201807:RL:1756",3,"bx5_by61"
"CUFES:201807:RL:1757",3,"bx5_by61"
"CUFES:201807:RL:1758",3,"bx5_by61"
"CUFES:201807:RL:1759",3,"bx4_by61"
"CUFES:201807:RL:1760",3,"bx4_by61"
"CUFES:201807:RL:1761",3,"bx5_by61"
"CUFES:201807:RL:1762",3,"bx5_by61"
"CUFES:201807:RL:1763",3,"bx5_by61"
"CUFES:201807:RL:1764",3,"bx5_by61"
"CUFES:201807:RL:1765",3,"bx5_by61"
"CUFES:201807:RL:1766",3,"bx5_by61"
"CUFES:201807:RL:1767",3,"bx5_by61"
"CUFES:201807:RL:1768",3,"bx6_by61"
"CUFES:201807:RL:1769",3,"bx6_by61"
"CUFES:201807:RL:1770",3,"bx6_by61"
"CUFES:201807:RL:1771",3,"bx6_by61"
"CUFES:201807:RL:1772",3,"bx6_by61"
"CUFES:201807:RL:1773",3,"bx6_by61"
"CUFES:201807:RL:1774",3,"bx6_by61"
"CUFES:201807:RL:1775",3,"bx6_by61"
"CUFES:201807:RL:1776",3,"bx7_by61"
"CUFES:201807:RL:1777",3,"bx7_by61"
"CUFES:201807:RL:1778",3,"bx7_by61"
"CUFES:201807:RL:1779",3,"bx6_by61"
"CUFES:201807:RL:1780",3,"bx6_by61"
"CUFES:201807:RL:1781",3,"bx6_by61"
"CUFES:201807:RL:1782",3,"bx6_by61"
"CUFES:201807:RL:1783",3,"bx6_by61"
"CUFES:201807:RL:1784",3,"bx6_by61"
"CUFES:201807:RL:1785",3,"bx6_by61"
"CUFES:201807:RL:1786",3,"bx6_by61"
"CUFES:201807:RL:1787",3,"bx6_by61"
"CUFES:201807:RL:1788",3,"bx6_by61"
"CUFES:201807:RL:1789",3,"bx5_by61"
"CUFES:201807:RL:1790",2,"bx5_by60"
"CUFES:201807:RL:1791",2,"bx6_by60"
"CUFES:201807:RL:1792",2,"bx6_by60"
"CUFES:201807:RL:1793",2,"bx6_by60"
"CUFES:201807:RL:1794",3,"bx6_by61"
"CUFES:201807:RL:1795",3,"bx6_by61"
"CUFES:201807:RL:1797",3,"bx6_by61"
"CUFES:201807:RL:1798",3,"bx7_by61"
"CUFES:201807:RL:1799",3,"bx7_by61"
"CUFES:201807:RL:1800",3,"bx7_by61"
"CUFES:201807:RL:1801",3,"bx7_by61"
"CUFES:201807:RL:1802",3,"bx7_by61"
"CUFES:201807:RL:1803",3,"bx7_by61"
"CUFES:201807:RL:1804",3,"bx7_by61"
"CUFES:201807:RL:1805",2,"bx6_by60"
"CUFES:201807:RL:1806",2,"bx6_by60"
"CUFES:201807:RL:1807",2,"bx6_by60"
"CUFES:201807:RL:1808",2,"bx6_by60"
"CUFES:201807:RL:1809",2,"bx6_by60"
"CUFES:201807:RL:1810",2,"bx6_by60"
"CUFES:201807:RL:1811",2,"bx6_by60"
"CUFES:201807:RL:1812",2,"bx6_by60"
"CUFES:201807:RL:1813",2,"bx6_by60"
"CUFES:201807:RL:1814",2,"bx6_by60"
"CUFES:201807:RL:1815",2,"bx6_by60"
"CUFES:201807:RL:1817",2,"bx6_by60"
"CUFES:201807:RL:1818",2,"bx6_by60"
"CUFES:201807:RL:1819",2,"bx6_by60"
"CUFES:201807:RL:1820",2,"bx6_by60"
"CUFES:201807:RL:1821",2,"bx7_by60"
"CUFES:201807:RL:1822",2,"bx7_by60"
"CUFES:201807:RL:1823",2,"bx7_by60"
"CUFES:201807:RL:1824",2,"bx7_by60"
"CUFES:201807:RL:1825",3,"bx7_by61"
"CUFES:201807:RL:1826",3,"bx7_by61"
"CUFES:201807:RL:1827",2,"bx7_by60"
"CUFES:201807:RL:1828",2,"bx7_by60"
"CUFES:201807:RL:1829",2,"bx7_by60"
"CUFES:201807:RL:1830",2,"bx7_by60"
"CUFES:201807:RL:1832",2,"bx7_by60"
"CUFES:201807:RL:1833",2,"bx7_by60"
"CUFES:201807:RL:1834",2,"bx7_by60"
"CUFES:201807:RL:1835",2,"bx6_by60"
"CUFES:201807:RL:1836",2,"bx6_by60"
"CUFES:201807:RL:1837",2,"bx6_by60"
"CUFES:201807:RL:1838",1,"bx6_by59"
"CUFES:201807:RL:1839",1,"bx6_by59"
"CUFES:201807:RL:1840",1,"bx6_by59"
"CUFES:201807:RL:1841",1,"bx6_by59"
"CUFES:201807:RL:1842",1,"bx6_by59"
"CUFES:201807:RL:1843",1,"bx6_by59"
"CUFES:201807:RL:1844",1,"bx6_by59"
"CUFES:201807:RL:1845",2,"bx6_by60"
"CUFES:201807:RL:1846",2,"bx7_by60"
"CUFES:201807:RL:1847",2,"bx7_by60"
"CUFES:201807:RL:1848",2,"bx7_by60"
"CUFES:201807:RL:1849",2,"bx7_by60"
"CUFES:201807:RL:1850",2,"bx7_by60"
"CUFES:201807:RL:1851",2,"bx7_by60"
"CUFES:201807:RL:1852",2,"bx7_by60"
"CUFES:201807:RL:1853",2,"bx7_by60"
"CUFES:201807:RL:1854",2,"bx7_by60"
"CUFES:201902:RL:1",3,"bx7_by61"
"CUFES:201902:RL:10",3,"bx6_by61"
"CUFES:201902:RL:104",4,"bx2_by63"
"CUFES:201902:RL:105",4,"bx2_by63"
"CUFES:201902:RL:106",4,"bx2_by63"
"CUFES:201902:RL:107",4,"bx2_by63"
"CUFES:201902:RL:108",4,"bx2_by63"
"CUFES:201902:RL:109",4,"bx2_by63"
"CUFES:201902:RL:11",3,"bx6_by61"
"CUFES:201902:RL:110",4,"bx2_by63"
"CUFES:201902:RL:111",4,"bx3_by63"
"CUFES:201902:RL:112",4,"bx3_by63"
"CUFES:201902:RL:113",4,"bx3_by63"
"CUFES:201902:RL:114",4,"bx3_by63"
"CUFES:201902:RL:115",4,"bx3_by63"
"CUFES:201902:RL:116",4,"bx3_by63"
"CUFES:201902:RL:117",4,"bx3_by63"
"CUFES:201902:RL:118",4,"bx3_by63"
"CUFES:201902:RL:119",4,"bx4_by63"
"CUFES:201902:RL:12",3,"bx5_by61"
"CUFES:201902:RL:120",4,"bx4_by63"
"CUFES:201902:RL:121",4,"bx4_by63"
"CUFES:201902:RL:122",4,"bx4_by63"
"CUFES:201902:RL:123",4,"bx4_by63"
"CUFES:201902:RL:124",4,"bx4_by63"
"CUFES:201902:RL:125",4,"bx4_by62"
"CUFES:201902:RL:126",4,"bx4_by62"
"CUFES:201902:RL:127",4,"bx4_by62"
"CUFES:201902:RL:128",4,"bx4_by62"
"CUFES:201902:RL:129",4,"bx4_by62"
"CUFES:201902:RL:13",3,"bx5_by61"
"CUFES:201902:RL:130",4,"bx3_by62"
"CUFES:201902:RL:131",4,"bx3_by62"
"CUFES:201902:RL:132",4,"bx3_by62"
"CUFES:201902:RL:133",4,"bx3_by62"
"CUFES:201902:RL:134",4,"bx3_by62"
"CUFES:201902:RL:135",4,"bx3_by62"
"CUFES:201902:RL:136",4,"bx3_by62"
"CUFES:201902:RL:137",4,"bx3_by62"
"CUFES:201902:RL:138",3,"bx3_by61"
"CUFES:201902:RL:139",3,"bx3_by61"
"CUFES:201902:RL:14",2,"bx5_by60"
"CUFES:201902:RL:140",3,"bx3_by61"
"CUFES:201902:RL:141",3,"bx3_by61"
"CUFES:201902:RL:142",3,"bx3_by61"
"CUFES:201902:RL:143",3,"bx3_by61"
"CUFES:201902:RL:144",3,"bx3_by61"
"CUFES:201902:RL:145",3,"bx3_by61"
"CUFES:201902:RL:146",3,"bx3_by61"
"CUFES:201902:RL:147",3,"bx4_by61"
"CUFES:201902:RL:148",3,"bx4_by61"
"CUFES:201902:RL:149",3,"bx4_by61"
"CUFES:201902:RL:15",2,"bx5_by60"
"CUFES:201902:RL:150",3,"bx4_by61"
"CUFES:201902:RL:151",3,"bx4_by61"
"CUFES:201902:RL:152",3,"bx4_by61"
"CUFES:201902:RL:153",3,"bx4_by61"
"CUFES:201902:RL:154",3,"bx5_by61"
"CUFES:201902:RL:155",4,"bx5_by62"
"CUFES:201902:RL:156",4,"bx5_by62"
"CUFES:201902:RL:157",4,"bx5_by62"
"CUFES:201902:RL:158",4,"bx5_by62"
"CUFES:201902:RL:159",4,"bx5_by62"
"CUFES:201902:RL:16",2,"bx5_by60"
"CUFES:201902:RL:160",4,"bx5_by62"
"CUFES:201902:RL:161",4,"bx5_by62"
"CUFES:201902:RL:162",4,"bx5_by62"
"CUFES:201902:RL:163",4,"bx6_by62"
"CUFES:201902:RL:164",4,"bx6_by62"
"CUFES:201902:RL:165",4,"bx6_by62"
"CUFES:201902:RL:166",4,"bx6_by62"
"CUFES:201902:RL:167",4,"bx6_by62"
"CUFES:201902:RL:168",3,"bx6_by61"
"CUFES:201902:RL:169",3,"bx6_by61"
"CUFES:201902:RL:17",2,"bx5_by60"
"CUFES:201902:RL:170",3,"bx6_by61"
"CUFES:201902:RL:171",3,"bx6_by61"
"CUFES:201902:RL:172",3,"bx6_by61"
"CUFES:201902:RL:173",3,"bx6_by61"
"CUFES:201902:RL:174",3,"bx6_by61"
"CUFES:201902:RL:175",3,"bx6_by61"
"CUFES:201902:RL:176",3,"bx7_by61"
"CUFES:201902:RL:177",2,"bx7_by60"
"CUFES:201902:RL:178",2,"bx7_by60"
"CUFES:201902:RL:179",2,"bx7_by60"
"CUFES:201902:RL:18",2,"bx5_by60"
"CUFES:201902:RL:180",2,"bx7_by60"
"CUFES:201902:RL:181",2,"bx7_by60"
"CUFES:201902:RL:182",2,"bx7_by60"
"CUFES:201902:RL:183",2,"bx7_by60"
"CUFES:201902:RL:184",2,"bx7_by60"
"CUFES:201902:RL:185",2,"bx7_by60"
"CUFES:201902:RL:186",2,"bx7_by60"
"CUFES:201902:RL:187",2,"bx7_by60"
"CUFES:201902:RL:19",2,"bx5_by60"
"CUFES:201902:RL:2",3,"bx7_by61"
"CUFES:201902:RL:20",2,"bx4_by60"
"CUFES:201902:RL:21",2,"bx4_by60"
"CUFES:201902:RL:22",2,"bx4_by60"
"CUFES:201902:RL:23",2,"bx4_by60"
"CUFES:201902:RL:24",2,"bx4_by60"
"CUFES:201902:RL:25",2,"bx4_by60"
"CUFES:201902:RL:26",2,"bx4_by60"
"CUFES:201902:RL:27",1,"bx3_by59"
"CUFES:201902:RL:28",1,"bx3_by59"
"CUFES:201902:RL:29",1,"bx3_by59"
"CUFES:201902:RL:3",3,"bx7_by61"
"CUFES:201902:RL:30",1,"bx3_by59"
"CUFES:201902:RL:31",1,"bx3_by59"
"CUFES:201902:RL:32",1,"bx3_by59"
"CUFES:201902:RL:33",1,"bx3_by59"
"CUFES:201902:RL:34",1,"bx2_by59"
"CUFES:201902:RL:35",1,"bx2_by59"
"CUFES:201902:RL:36",1,"bx2_by59"
"CUFES:201902:RL:37",1,"bx2_by59"
"CUFES:201902:RL:38",1,"bx2_by59"
"CUFES:201902:RL:4",3,"bx7_by61"
"CUFES:201902:RL:5",3,"bx7_by61"
"CUFES:201902:RL:6",3,"bx6_by61"
"CUFES:201902:RL:7",3,"bx6_by61"
"CUFES:201902:RL:8",3,"bx6_by61"
"CUFES:201902:RL:9",3,"bx6_by61"
"CUFES:201904:RL:1",2,"bx7_by60"
"CUFES:201904:RL:10",1,"bx6_by59"
"CUFES:201904:RL:106",1,"bx2_by59"
"CUFES:201904:RL:107",1,"bx2_by59"
"CUFES:201904:RL:108",1,"bx2_by59"
"CUFES:201904:RL:109",1,"bx3_by59"
"CUFES:201904:RL:11",1,"bx6_by59"
"CUFES:201904:RL:110",1,"bx3_by59"
"CUFES:201904:RL:111",1,"bx3_by59"
"CUFES:201904:RL:112",1,"bx3_by59"
"CUFES:201904:RL:113",1,"bx3_by59"
"CUFES:201904:RL:114",1,"bx3_by59"
"CUFES:201904:RL:115",1,"bx3_by59"
"CUFES:201904:RL:116",2,"bx4_by60"
"CUFES:201904:RL:117",2,"bx4_by60"
"CUFES:201904:RL:118",2,"bx4_by60"
"CUFES:201904:RL:119",2,"bx4_by60"
"CUFES:201904:RL:12",1,"bx6_by59"
"CUFES:201904:RL:120",2,"bx4_by60"
"CUFES:201904:RL:121",2,"bx4_by60"
"CUFES:201904:RL:122",2,"bx4_by60"
"CUFES:201904:RL:123",2,"bx4_by60"
"CUFES:201904:RL:124",2,"bx5_by60"
"CUFES:201904:RL:125",2,"bx5_by60"
"CUFES:201904:RL:126",2,"bx5_by60"
"CUFES:201904:RL:127",2,"bx5_by60"
"CUFES:201904:RL:128",2,"bx5_by60"
"CUFES:201904:RL:129",3,"bx5_by61"
"CUFES:201904:RL:13",1,"bx5_by59"
"CUFES:201904:RL:130",3,"bx5_by61"
"CUFES:201904:RL:131",3,"bx6_by61"
"CUFES:201904:RL:132",3,"bx6_by61"
"CUFES:201904:RL:133",3,"bx6_by61"
"CUFES:201904:RL:134",3,"bx6_by61"
"CUFES:201904:RL:135",3,"bx6_by61"
"CUFES:201904:RL:136",3,"bx7_by61"
"CUFES:201904:RL:137",3,"bx7_by61"
"CUFES:201904:RL:138",3,"bx6_by61"
"CUFES:201904:RL:139",3,"bx6_by61"
"CUFES:201904:RL:14",1,"bx5_by59"
"CUFES:201904:RL:140",3,"bx6_by61"
"CUFES:201904:RL:141",3,"bx6_by61"
"CUFES:201904:RL:142",3,"bx6_by61"
"CUFES:201904:RL:143",3,"bx5_by61"
"CUFES:201904:RL:144",3,"bx5_by61"
"CUFES:201904:RL:145",3,"bx5_by61"
"CUFES:201904:RL:146",3,"bx5_by61"
"CUFES:201904:RL:147",3,"bx5_by61"
"CUFES:201904:RL:148",3,"bx5_by61"
"CUFES:201904:RL:149",3,"bx5_by61"
"CUFES:201904:RL:15",1,"bx5_by59"
"CUFES:201904:RL:150",3,"bx4_by61"
"CUFES:201904:RL:151",3,"bx4_by61"
"CUFES:201904:RL:152",3,"bx4_by61"
"CUFES:201904:RL:153",3,"bx4_by61"
"CUFES:201904:RL:154",3,"bx4_by61"
"CUFES:201904:RL:155",3,"bx4_by61"
"CUFES:201904:RL:156",3,"bx4_by61"
"CUFES:201904:RL:157",3,"bx3_by61"
"CUFES:201904:RL:158",3,"bx3_by61"
"CUFES:201904:RL:159",3,"bx3_by61"
"CUFES:201904:RL:16",1,"bx5_by59"
"CUFES:201904:RL:160",3,"bx3_by61"
"CUFES:201904:RL:161",3,"bx3_by61"
"CUFES:201904:RL:162",3,"bx3_by61"
"CUFES:201904:RL:163",3,"bx3_by61"
"CUFES:201904:RL:164",3,"bx3_by61"
"CUFES:201904:RL:165",3,"bx3_by61"
"CUFES:201904:RL:166",3,"bx3_by61"
"CUFES:201904:RL:167",4,"bx3_by62"
"CUFES:201904:RL:168",4,"bx3_by62"
"CUFES:201904:RL:169",4,"bx3_by62"
"CUFES:201904:RL:17",1,"bx5_by59"
"CUFES:201904:RL:170",4,"bx3_by62"
"CUFES:201904:RL:171",4,"bx3_by62"
"CUFES:201904:RL:172",4,"bx3_by62"
"CUFES:201904:RL:173",4,"bx3_by62"
"CUFES:201904:RL:174",4,"bx3_by62"
"CUFES:201904:RL:175",4,"bx3_by62"
"CUFES:201904:RL:176",4,"bx3_by62"
"CUFES:201904:RL:177",4,"bx3_by62"
"CUFES:201904:RL:178",4,"bx3_by62"
"CUFES:201904:RL:179",4,"bx3_by62"
"CUFES:201904:RL:18",1,"bx5_by59"
"CUFES:201904:RL:180",4,"bx3_by62"
"CUFES:201904:RL:181",4,"bx3_by62"
"CUFES:201904:RL:182",4,"bx3_by62"
"CUFES:201904:RL:183",4,"bx3_by63"
"CUFES:201904:RL:184",4,"bx3_by63"
"CUFES:201904:RL:185",4,"bx3_by63"
"CUFES:201904:RL:186",4,"bx3_by63"
"CUFES:201904:RL:187",4,"bx3_by63"
"CUFES:201904:RL:188",4,"bx3_by63"
"CUFES:201904:RL:189",4,"bx4_by63"
"CUFES:201904:RL:19",1,"bx4_by59"
"CUFES:201904:RL:190",4,"bx4_by63"
"CUFES:201904:RL:191",4,"bx4_by63"
"CUFES:201904:RL:192",4,"bx4_by63"
"CUFES:201904:RL:193",4,"bx4_by63"
"CUFES:201904:RL:195",4,"bx4_by63"
"CUFES:201904:RL:196",4,"bx4_by62"
"CUFES:201904:RL:197",4,"bx4_by62"
"CUFES:201904:RL:198",4,"bx4_by62"
"CUFES:201904:RL:199",4,"bx5_by62"
"CUFES:201904:RL:2",2,"bx7_by60"
"CUFES:201904:RL:20",1,"bx4_by59"
"CUFES:201904:RL:200",4,"bx5_by62"
"CUFES:201904:RL:201",4,"bx5_by62"
"CUFES:201904:RL:202",4,"bx5_by62"
"CUFES:201904:RL:203",4,"bx5_by62"
"CUFES:201904:RL:204",4,"bx5_by62"
"CUFES:201904:RL:205",4,"bx5_by62"
"CUFES:201904:RL:206",4,"bx5_by62"
"CUFES:201904:RL:207",4,"bx5_by62"
"CUFES:201904:RL:208",4,"bx5_by62"
"CUFES:201904:RL:209",4,"bx6_by62"
"CUFES:201904:RL:210",4,"bx5_by62"
"CUFES:201904:RL:211",4,"bx5_by62"
"CUFES:201904:RL:212",4,"bx5_by62"
"CUFES:201904:RL:213",4,"bx5_by62"
"CUFES:201904:RL:214",4,"bx5_by62"
"CUFES:201904:RL:215",4,"bx5_by62"
"CUFES:201904:RL:216",4,"bx5_by62"
"CUFES:201904:RL:217",4,"bx5_by62"
"CUFES:201904:RL:218",4,"bx5_by62"
"CUFES:201904:RL:219",4,"bx6_by62"
"CUFES:201904:RL:220",3,"bx6_by61"
"CUFES:201904:RL:221",4,"bx6_by62"
"CUFES:201904:RL:222",4,"bx6_by62"
"CUFES:201904:RL:223",3,"bx3_by61"
"CUFES:201904:RL:224",3,"bx3_by61"
"CUFES:201904:RL:225",2,"bx3_by60"
"CUFES:201904:RL:226",2,"bx3_by60"
"CUFES:201904:RL:227",2,"bx2_by60"
"CUFES:201904:RL:228",2,"bx2_by60"
"CUFES:201904:RL:229",2,"bx2_by60"
"CUFES:201904:RL:230",2,"bx2_by60"
"CUFES:201904:RL:231",2,"bx2_by60"
"CUFES:201904:RL:232",2,"bx2_by60"
"CUFES:201904:RL:271",3,"bx2_by62"
"CUFES:201904:RL:272",3,"bx2_by62"
"CUFES:201904:RL:273",3,"bx2_by62"
"CUFES:201904:RL:274",3,"bx2_by62"
"CUFES:201904:RL:275",3,"bx2_by62"
"CUFES:201904:RL:276",3,"bx2_by62"
"CUFES:201904:RL:277",3,"bx2_by62"
"CUFES:201904:RL:278",3,"bx2_by62"
"CUFES:201904:RL:279",3,"bx2_by62"
"CUFES:201904:RL:280",4,"bx2_by63"
"CUFES:201904:RL:281",4,"bx2_by63"
"CUFES:201904:RL:282",4,"bx2_by63"
"CUFES:201904:RL:283",4,"bx2_by63"
"CUFES:201904:RL:284",4,"bx2_by63"
"CUFES:201904:RL:3",2,"bx7_by60"
"CUFES:201904:RL:335",4,"bx2_by64"
"CUFES:201904:RL:336",4,"bx2_by64"
"CUFES:201904:RL:337",4,"bx2_by64"
"CUFES:201904:RL:338",4,"bx2_by64"
"CUFES:201904:RL:339",4,"bx2_by63"
"CUFES:201904:RL:340",4,"bx2_by63"
"CUFES:201904:RL:341",4,"bx3_by63"
"CUFES:201904:RL:342",4,"bx3_by63"
"CUFES:201904:RL:343",4,"bx3_by63"
"CUFES:201904:RL:344",4,"bx3_by63"
"CUFES:201904:RL:345",3,"bx7_by61"
"CUFES:201904:RL:346",3,"bx6_by61"
"CUFES:201904:RL:347",3,"bx6_by61"
"CUFES:201904:RL:348",3,"bx6_by61"
"CUFES:201904:RL:349",3,"bx6_by61"
"CUFES:201904:RL:350",3,"bx6_by61"
"CUFES:201904:RL:351",3,"bx6_by61"
"CUFES:201904:RL:352",3,"bx5_by61"
"CUFES:201904:RL:353",3,"bx5_by61"
"CUFES:201904:RL:354",2,"bx5_by60"
"CUFES:201904:RL:355",2,"bx5_by60"
"CUFES:201904:RL:356",2,"bx5_by60"
"CUFES:201904:RL:357",2,"bx5_by60"
"CUFES:201904:RL:358",2,"bx5_by60"
"CUFES:201904:RL:359",2,"bx5_by60"
"CUFES:201904:RL:360",2,"bx4_by60"
"CUFES:201904:RL:361",2,"bx4_by60"
"CUFES:201904:RL:362",2,"bx4_by60"
"CUFES:201904:RL:363",2,"bx4_by60"
"CUFES:201904:RL:364",2,"bx4_by60"
"CUFES:201904:RL:365",2,"bx4_by60"
"CUFES:201904:RL:366",3,"bx4_by61"
"CUFES:201904:RL:367",3,"bx4_by61"
"CUFES:201904:RL:368",3,"bx4_by61"
"CUFES:201904:RL:369",3,"bx4_by61"
"CUFES:201904:RL:370",3,"bx5_by61"
"CUFES:201904:RL:371",3,"bx5_by61"
"CUFES:201904:RL:372",3,"bx5_by61"
"CUFES:201904:RL:373",3,"bx5_by61"
"CUFES:201904:RL:374",3,"bx5_by61"
"CUFES:201904:RL:375",3,"bx5_by61"
"CUFES:201904:RL:376",3,"bx5_by61"
"CUFES:201904:RL:377",3,"bx5_by61"
"CUFES:201904:RL:378",3,"bx5_by61"
"CUFES:201904:RL:379",3,"bx5_by61"
"CUFES:201904:RL:380",4,"bx5_by62"
"CUFES:201904:RL:381",4,"bx5_by62"
"CUFES:201904:RL:382",3,"bx5_by61"
"CUFES:201904:RL:383",3,"bx4_by61"
"CUFES:201904:RL:384",3,"bx4_by61"
"CUFES:201904:RL:385",3,"bx4_by61"
"CUFES:201904:RL:386",3,"bx4_by61"
"CUFES:201904:RL:387",3,"bx4_by61"
"CUFES:201904:RL:388",3,"bx4_by61"
"CUFES:201904:RL:389",3,"bx3_by61"
"CUFES:201904:RL:390",3,"bx3_by61"
"CUFES:201904:RL:391",3,"bx3_by61"
"CUFES:201904:RL:392",3,"bx3_by61"
"CUFES:201904:RL:393",3,"bx3_by61"
"CUFES:201904:RL:394",3,"bx4_by61"
"CUFES:201904:RL:395",3,"bx4_by61"
"CUFES:201904:RL:396",3,"bx4_by61"
"CUFES:201904:RL:397",3,"bx4_by61"
"CUFES:201904:RL:398",3,"bx4_by61"
"CUFES:201904:RL:399",3,"bx4_by61"
"CUFES:201904:RL:4",2,"bx7_by60"
"CUFES:201904:RL:400",4,"bx4_by62"
"CUFES:201904:RL:401",4,"bx4_by62"
"CUFES:201904:RL:402",4,"bx4_by62"
"CUFES:201904:RL:403",4,"bx4_by62"
"CUFES:201904:RL:404",4,"bx4_by62"
"CUFES:201904:RL:405",4,"bx4_by62"
"CUFES:201904:RL:406",4,"bx4_by62"
"CUFES:201904:RL:407",4,"bx4_by62"
"CUFES:201904:RL:408",4,"bx3_by62"
"CUFES:201904:RL:409",4,"bx3_by62"
"CUFES:201904:RL:410",4,"bx3_by62"
"CUFES:201904:RL:411",3,"bx2_by62"
"CUFES:201904:RL:412",3,"bx2_by62"
"CUFES:201904:RL:413",3,"bx2_by62"
"CUFES:201904:RL:414",3,"bx2_by62"
"CUFES:201904:RL:415",3,"bx2_by62"
"CUFES:201904:RL:416",3,"bx2_by62"
"CUFES:201904:RL:417",3,"bx2_by62"
"CUFES:201904:RL:418",3,"bx2_by62"
"CUFES:201904:RL:419",3,"bx2_by62"
"CUFES:201904:RL:420",3,"bx2_by62"
"CUFES:201904:RL:421",3,"bx2_by62"
"CUFES:201904:RL:422",3,"bx2_by62"
"CUFES:201904:RL:423",3,"bx2_by62"
"CUFES:201904:RL:424",3,"bx2_by62"
"CUFES:201904:RL:425",3,"bx2_by62"
"CUFES:201904:RL:426",4,"bx3_by63"
"CUFES:201904:RL:427",4,"bx3_by63"
"CUFES:201904:RL:428",4,"bx3_by63"
"CUFES:201904:RL:429",4,"bx3_by63"
"CUFES:201904:RL:430",4,"bx3_by63"
"CUFES:201904:RL:431",4,"bx3_by63"
"CUFES:201904:RL:432",4,"bx3_by63"
"CUFES:201904:RL:433",4,"bx3_by63"
"CUFES:201904:RL:434",4,"bx3_by63"
"CUFES:201904:RL:435",3,"bx6_by61"
"CUFES:201904:RL:5",2,"bx7_by60"
"CUFES:201904:RL:6",2,"bx6_by60"
"CUFES:201904:RL:7",2,"bx6_by60"
"CUFES:201904:RL:8",2,"bx6_by60"
"CUFES:201904:RL:9",2,"bx6_by60"
"CUFES:202001:RL:1",2,"bx7_by60"
"CUFES:202001:RL:10",2,"bx7_by60"
"CUFES:202001:RL:11",2,"bx7_by60"
"CUFES:202001:RL:118",1,"bx2_by59"
"CUFES:202001:RL:119",1,"bx2_by59"
"CUFES:202001:RL:12",2,"bx6_by60"
"CUFES:202001:RL:120",1,"bx2_by59"
"CUFES:202001:RL:121",1,"bx3_by59"
"CUFES:202001:RL:122",1,"bx3_by59"
"CUFES:202001:RL:123",1,"bx3_by59"
"CUFES:202001:RL:124",1,"bx3_by59"
"CUFES:202001:RL:125",1,"bx3_by59"
"CUFES:202001:RL:126",1,"bx3_by59"
"CUFES:202001:RL:127",2,"bx4_by60"
"CUFES:202001:RL:128",2,"bx4_by60"
"CUFES:202001:RL:129",2,"bx4_by60"
"CUFES:202001:RL:13",2,"bx6_by60"
"CUFES:202001:RL:130",2,"bx4_by60"
"CUFES:202001:RL:131",2,"bx4_by60"
"CUFES:202001:RL:132",2,"bx4_by60"
"CUFES:202001:RL:133",2,"bx4_by60"
"CUFES:202001:RL:134",2,"bx5_by60"
"CUFES:202001:RL:135",2,"bx5_by60"
"CUFES:202001:RL:136",2,"bx5_by60"
"CUFES:202001:RL:137",2,"bx5_by60"
"CUFES:202001:RL:138",2,"bx5_by60"
"CUFES:202001:RL:139",3,"bx5_by61"
"CUFES:202001:RL:14",2,"bx6_by60"
"CUFES:202001:RL:140",3,"bx5_by61"
"CUFES:202001:RL:141",3,"bx6_by61"
"CUFES:202001:RL:142",3,"bx6_by61"
"CUFES:202001:RL:143",3,"bx6_by61"
"CUFES:202001:RL:144",3,"bx6_by61"
"CUFES:202001:RL:145",3,"bx6_by61"
"CUFES:202001:RL:146",3,"bx6_by61"
"CUFES:202001:RL:147",3,"bx6_by61"
"CUFES:202001:RL:148",3,"bx6_by61"
"CUFES:202001:RL:149",3,"bx7_by61"
"CUFES:202001:RL:15",1,"bx6_by59"
"CUFES:202001:RL:150",3,"bx7_by61"
"CUFES:202001:RL:151",3,"bx6_by61"
"CUFES:202001:RL:152",3,"bx6_by61"
"CUFES:202001:RL:153",4,"bx6_by62"
"CUFES:202001:RL:154",4,"bx6_by62"
"CUFES:202001:RL:155",4,"bx6_by62"
"CUFES:202001:RL:156",4,"bx6_by62"
"CUFES:202001:RL:157",4,"bx6_by62"
"CUFES:202001:RL:158",4,"bx6_by62"
"CUFES:202001:RL:159",4,"bx6_by62"
"CUFES:202001:RL:16",1,"bx6_by59"
"CUFES:202001:RL:160",4,"bx5_by62"
"CUFES:202001:RL:161",4,"bx5_by62"
"CUFES:202001:RL:162",4,"bx5_by62"
"CUFES:202001:RL:163",4,"bx5_by62"
"CUFES:202001:RL:164",4,"bx5_by62"
"CUFES:202001:RL:165",4,"bx5_by62"
"CUFES:202001:RL:166",4,"bx5_by62"
"CUFES:202001:RL:167",4,"bx5_by62"
"CUFES:202001:RL:168",4,"bx5_by62"
"CUFES:202001:RL:169",4,"bx5_by62"
"CUFES:202001:RL:17",1,"bx6_by59"
"CUFES:202001:RL:170",4,"bx5_by62"
"CUFES:202001:RL:171",4,"bx5_by62"
"CUFES:202001:RL:172",4,"bx5_by62"
"CUFES:202001:RL:173",3,"bx4_by61"
"CUFES:202001:RL:174",3,"bx4_by61"
"CUFES:202001:RL:175",3,"bx4_by61"
"CUFES:202001:RL:176",3,"bx4_by61"
"CUFES:202001:RL:177",3,"bx3_by61"
"CUFES:202001:RL:178",2,"bx3_by60"
"CUFES:202001:RL:179",2,"bx2_by60"
"CUFES:202001:RL:18",1,"bx5_by59"
"CUFES:202001:RL:180",2,"bx2_by60"
"CUFES:202001:RL:181",2,"bx2_by60"
"CUFES:202001:RL:182",2,"bx2_by60"
"CUFES:202001:RL:183",2,"bx2_by60"
"CUFES:202001:RL:184",2,"bx2_by60"
"CUFES:202001:RL:19",1,"bx5_by59"
"CUFES:202001:RL:2",3,"bx7_by61"
"CUFES:202001:RL:20",1,"bx5_by59"
"CUFES:202001:RL:21",1,"bx5_by59"
"CUFES:202001:RL:22",1,"bx5_by59"
"CUFES:202001:RL:23",1,"bx5_by59"
"CUFES:202001:RL:24",1,"bx5_by59"
"CUFES:202001:RL:247",3,"bx2_by61"
"CUFES:202001:RL:248",3,"bx2_by61"
"CUFES:202001:RL:249",3,"bx2_by62"
"CUFES:202001:RL:25",1,"bx5_by59"
"CUFES:202001:RL:250",3,"bx2_by62"
"CUFES:202001:RL:251",3,"bx2_by62"
"CUFES:202001:RL:252",4,"bx3_by62"
"CUFES:202001:RL:253",4,"bx3_by62"
"CUFES:202001:RL:254",4,"bx3_by62"
"CUFES:202001:RL:255",4,"bx3_by62"
"CUFES:202001:RL:256",4,"bx4_by62"
"CUFES:202001:RL:257",4,"bx4_by62"
"CUFES:202001:RL:258",4,"bx4_by62"
"CUFES:202001:RL:259",4,"bx4_by62"
"CUFES:202001:RL:26",1,"bx4_by59"
"CUFES:202001:RL:260",4,"bx4_by63"
"CUFES:202001:RL:261",4,"bx4_by63"
"CUFES:202001:RL:262",4,"bx4_by63"
"CUFES:202001:RL:263",4,"bx4_by63"
"CUFES:202001:RL:264",4,"bx4_by63"
"CUFES:202001:RL:265",4,"bx4_by63"
"CUFES:202001:RL:266",4,"bx4_by63"
"CUFES:202001:RL:267",4,"bx3_by63"
"CUFES:202001:RL:268",4,"bx3_by63"
"CUFES:202001:RL:269",4,"bx3_by63"
"CUFES:202001:RL:27",1,"bx4_by59"
"CUFES:202001:RL:270",4,"bx3_by63"
"CUFES:202001:RL:271",4,"bx4_by63"
"CUFES:202001:RL:272",4,"bx4_by63"
"CUFES:202001:RL:273",4,"bx3_by63"
"CUFES:202001:RL:274",4,"bx3_by63"
"CUFES:202001:RL:275",4,"bx3_by63"
"CUFES:202001:RL:276",4,"bx3_by63"
"CUFES:202001:RL:277",4,"bx3_by63"
"CUFES:202001:RL:278",4,"bx2_by63"
"CUFES:202001:RL:279",4,"bx2_by63"
"CUFES:202001:RL:280",4,"bx2_by63"
"CUFES:202001:RL:281",4,"bx2_by63"
"CUFES:202001:RL:282",4,"bx2_by63"
"CUFES:202001:RL:3",3,"bx7_by61"
"CUFES:202001:RL:4",3,"bx7_by61"
"CUFES:202001:RL:5",2,"bx7_by60"
"CUFES:202001:RL:6",2,"bx7_by60"
"CUFES:202001:RL:7",2,"bx7_by60"
"CUFES:202001:RL:8",2,"bx7_by60"
"CUFES:202001:RL:9",2,"bx7_by60"
"CUFES:202101:RL:1",2,"bx7_by60"
"CUFES:202101:RL:10",1,"bx5_by59"
"CUFES:202101:RL:104",1,"bx2_by59"
"CUFES:202101:RL:105",1,"bx2_by59"
"CUFES:202101:RL:107",1,"bx2_by59"
"CUFES:202101:RL:109",1,"bx2_by59"
"CUFES:202101:RL:11",1,"bx5_by59"
"CUFES:202101:RL:110",1,"bx3_by59"
"CUFES:202101:RL:111",1,"bx3_by59"
"CUFES:202101:RL:112",1,"bx3_by59"
"CUFES:202101:RL:113",1,"bx3_by59"
"CUFES:202101:RL:114",1,"bx3_by59"
"CUFES:202101:RL:115",1,"bx3_by59"
"CUFES:202101:RL:116",1,"bx3_by59"
"CUFES:202101:RL:117",1,"bx3_by59"
"CUFES:202101:RL:118",2,"bx3_by60"
"CUFES:202101:RL:119",2,"bx4_by60"
"CUFES:202101:RL:12",1,"bx5_by59"
"CUFES:202101:RL:120",2,"bx4_by60"
"CUFES:202101:RL:121",2,"bx4_by60"
"CUFES:202101:RL:122",2,"bx4_by60"
"CUFES:202101:RL:123",2,"bx4_by60"
"CUFES:202101:RL:124",2,"bx4_by60"
"CUFES:202101:RL:125",2,"bx4_by60"
"CUFES:202101:RL:126",2,"bx5_by60"
"CUFES:202101:RL:129",3,"bx6_by61"
"CUFES:202101:RL:13",1,"bx5_by59"
"CUFES:202101:RL:130",3,"bx6_by61"
"CUFES:202101:RL:131",3,"bx6_by61"
"CUFES:202101:RL:132",3,"bx6_by61"
"CUFES:202101:RL:133",3,"bx6_by61"
"CUFES:202101:RL:134",3,"bx6_by61"
"CUFES:202101:RL:135",3,"bx7_by61"
"CUFES:202101:RL:136",3,"bx7_by61"
"CUFES:202101:RL:137",3,"bx7_by61"
"CUFES:202101:RL:138",3,"bx6_by61"
"CUFES:202101:RL:139",3,"bx6_by61"
"CUFES:202101:RL:14",1,"bx5_by59"
"CUFES:202101:RL:140",4,"bx6_by62"
"CUFES:202101:RL:141",4,"bx6_by62"
"CUFES:202101:RL:142",4,"bx6_by62"
"CUFES:202101:RL:143",4,"bx6_by62"
"CUFES:202101:RL:144",4,"bx6_by62"
"CUFES:202101:RL:145",4,"bx6_by62"
"CUFES:202101:RL:146",4,"bx6_by62"
"CUFES:202101:RL:147",4,"bx6_by62"
"CUFES:202101:RL:148",4,"bx6_by62"
"CUFES:202101:RL:149",4,"bx5_by62"
"CUFES:202101:RL:15",1,"bx5_by59"
"CUFES:202101:RL:150",4,"bx5_by62"
"CUFES:202101:RL:151",4,"bx5_by62"
"CUFES:202101:RL:152",4,"bx5_by62"
"CUFES:202101:RL:153",4,"bx5_by62"
"CUFES:202101:RL:154",4,"bx5_by62"
"CUFES:202101:RL:155",4,"bx5_by62"
"CUFES:202101:RL:156",3,"bx5_by61"
"CUFES:202101:RL:157",3,"bx4_by61"
"CUFES:202101:RL:158",3,"bx4_by61"
"CUFES:202101:RL:159",3,"bx4_by61"
"CUFES:202101:RL:16",1,"bx4_by59"
"CUFES:202101:RL:160",3,"bx4_by61"
"CUFES:202101:RL:161",3,"bx4_by61"
"CUFES:202101:RL:163",3,"bx4_by61"
"CUFES:202101:RL:164",3,"bx3_by61"
"CUFES:202101:RL:166",2,"bx3_by60"
"CUFES:202101:RL:167",3,"bx3_by61"
"CUFES:202101:RL:168",3,"bx3_by61"
"CUFES:202101:RL:169",3,"bx3_by61"
"CUFES:202101:RL:17",1,"bx4_by58"
"CUFES:202101:RL:170",3,"bx3_by61"
"CUFES:202101:RL:171",3,"bx3_by61"
"CUFES:202101:RL:172",3,"bx3_by61"
"CUFES:202101:RL:173",3,"bx3_by61"
"CUFES:202101:RL:174",3,"bx3_by61"
"CUFES:202101:RL:175",4,"bx3_by62"
"CUFES:202101:RL:176",4,"bx3_by62"
"CUFES:202101:RL:177",4,"bx3_by62"
"CUFES:202101:RL:178",4,"bx3_by62"
"CUFES:202101:RL:179",4,"bx3_by62"
"CUFES:202101:RL:180",4,"bx3_by62"
"CUFES:202101:RL:181",4,"bx3_by62"
"CUFES:202101:RL:182",4,"bx3_by62"
"CUFES:202101:RL:183",4,"bx3_by62"
"CUFES:202101:RL:184",4,"bx3_by62"
"CUFES:202101:RL:185",4,"bx3_by62"
"CUFES:202101:RL:186",4,"bx3_by62"
"CUFES:202101:RL:187",4,"bx3_by63"
"CUFES:202101:RL:188",4,"bx3_by63"
"CUFES:202101:RL:189",4,"bx3_by63"
"CUFES:202101:RL:190",4,"bx3_by63"
"CUFES:202101:RL:191",4,"bx3_by63"
"CUFES:202101:RL:192",4,"bx4_by63"
"CUFES:202101:RL:193",4,"bx4_by63"
"CUFES:202101:RL:194",4,"bx4_by63"
"CUFES:202101:RL:195",4,"bx4_by63"
"CUFES:202101:RL:196",4,"bx4_by63"
"CUFES:202101:RL:197",4,"bx4_by63"
"CUFES:202101:RL:198",4,"bx4_by63"
"CUFES:202101:RL:199",4,"bx4_by62"
"CUFES:202101:RL:2",2,"bx7_by60"
"CUFES:202101:RL:200",4,"bx4_by62"
"CUFES:202101:RL:201",4,"bx4_by62"
"CUFES:202101:RL:202",4,"bx4_by62"
"CUFES:202101:RL:203",4,"bx4_by62"
"CUFES:202101:RL:204",4,"bx5_by62"
"CUFES:202101:RL:205",4,"bx5_by62"
"CUFES:202101:RL:206",4,"bx5_by62"
"CUFES:202101:RL:207",4,"bx5_by62"
"CUFES:202101:RL:208",4,"bx5_by62"
"CUFES:202101:RL:209",4,"bx5_by62"
"CUFES:202101:RL:210",4,"bx5_by62"
"CUFES:202101:RL:211",4,"bx5_by62"
"CUFES:202101:RL:212",3,"bx2_by61"
"CUFES:202101:RL:213",2,"bx2_by60"
"CUFES:202101:RL:214",2,"bx2_by60"
"CUFES:202101:RL:215",2,"bx2_by60"
"CUFES:202101:RL:216",2,"bx2_by60"
"CUFES:202101:RL:217",2,"bx2_by60"
"CUFES:202101:RL:218",2,"bx2_by60"
"CUFES:202101:RL:219",2,"bx2_by60"
"CUFES:202101:RL:220",2,"bx2_by60"
"CUFES:202101:RL:221",2,"bx2_by60"
"CUFES:202101:RL:222",2,"bx2_by60"
"CUFES:202101:RL:275",3,"bx2_by61"
"CUFES:202101:RL:277",3,"bx2_by62"
"CUFES:202101:RL:278",3,"bx2_by62"
"CUFES:202101:RL:279",3,"bx2_by62"
"CUFES:202101:RL:280",3,"bx2_by62"
"CUFES:202101:RL:281",3,"bx2_by62"
"CUFES:202101:RL:282",3,"bx2_by62"
"CUFES:202101:RL:283",3,"bx2_by62"
"CUFES:202101:RL:284",4,"bx2_by63"
"CUFES:202101:RL:285",4,"bx2_by63"
"CUFES:202101:RL:286",4,"bx2_by63"
"CUFES:202101:RL:287",4,"bx2_by63"
"CUFES:202101:RL:288",4,"bx2_by63"
"CUFES:202101:RL:289",4,"bx2_by63"
"CUFES:202101:RL:290",4,"bx2_by63"
"CUFES:202101:RL:291",4,"bx2_by63"
"CUFES:202101:RL:292",4,"bx2_by63"
"CUFES:202101:RL:293",4,"bx2_by63"
"CUFES:202101:RL:3",2,"bx7_by60"
"CUFES:202101:RL:4",2,"bx6_by60"
"CUFES:202101:RL:5",2,"bx6_by60"
"CUFES:202101:RL:6",2,"bx6_by60"
"CUFES:202101:RL:8",1,"bx6_by59"
"CUFES:202101:RL:9",1,"bx6_by59"
"CUFES:202105:SH:1",2,"bx7_by60"
"CUFES:202105:SH:100",3,"bx7_by61"
"CUFES:202105:SH:101",3,"bx7_by61"
"CUFES:202105:SH:102",3,"bx6_by61"
"CUFES:202105:SH:103",3,"bx6_by61"
"CUFES:202105:SH:104",3,"bx6_by61"
"CUFES:202105:SH:105",3,"bx6_by61"
"CUFES:202105:SH:106",3,"bx6_by61"
"CUFES:202105:SH:107",3,"bx6_by61"
"CUFES:202105:SH:108",4,"bx5_by62"
"CUFES:202105:SH:109",4,"bx5_by62"
"CUFES:202105:SH:110",4,"bx5_by62"
"CUFES:202105:SH:111",4,"bx5_by62"
"CUFES:202105:SH:112",4,"bx5_by62"
"CUFES:202105:SH:113",4,"bx5_by62"
"CUFES:202105:SH:114",4,"bx5_by62"
"CUFES:202105:SH:115",4,"bx5_by62"
"CUFES:202105:SH:116",4,"bx5_by62"
"CUFES:202105:SH:117",4,"bx5_by62"
"CUFES:202105:SH:118",4,"bx5_by62"
"CUFES:202105:SH:119",3,"bx5_by61"
"CUFES:202105:SH:120",3,"bx4_by61"
"CUFES:202105:SH:121",3,"bx4_by61"
"CUFES:202105:SH:122",3,"bx4_by61"
"CUFES:202105:SH:123",3,"bx4_by61"
"CUFES:202105:SH:124",3,"bx4_by61"
"CUFES:202105:SH:125",3,"bx4_by61"
"CUFES:202105:SH:126",3,"bx3_by61"
"CUFES:202105:SH:127",3,"bx3_by61"
"CUFES:202105:SH:128",3,"bx3_by61"
"CUFES:202105:SH:129",3,"bx3_by61"
"CUFES:202105:SH:130",3,"bx3_by61"
"CUFES:202105:SH:131",2,"bx3_by60"
"CUFES:202105:SH:132",2,"bx3_by60"
"CUFES:202105:SH:133",2,"bx2_by60"
"CUFES:202105:SH:134",2,"bx2_by60"
"CUFES:202105:SH:135",2,"bx2_by60"
"CUFES:202105:SH:136",2,"bx2_by60"
"CUFES:202105:SH:137",2,"bx2_by60"
"CUFES:202105:SH:138",2,"bx2_by60"
"CUFES:202105:SH:187",4,"bx2_by63"
"CUFES:202105:SH:188",4,"bx2_by63"
"CUFES:202105:SH:189",4,"bx2_by63"
"CUFES:202105:SH:190",4,"bx2_by63"
"CUFES:202105:SH:191",4,"bx3_by63"
"CUFES:202105:SH:192",4,"bx3_by63"
"CUFES:202105:SH:193",4,"bx3_by63"
"CUFES:202105:SH:194",4,"bx3_by63"
"CUFES:202105:SH:195",4,"bx3_by63"
"CUFES:202105:SH:196",4,"bx4_by63"
"CUFES:202105:SH:197",4,"bx4_by63"
"CUFES:202105:SH:198",4,"bx4_by63"
"CUFES:202105:SH:2",2,"bx7_by60"
"CUFES:202105:SH:200",4,"bx4_by62"
"CUFES:202105:SH:202",4,"bx4_by62"
"CUFES:202105:SH:203",4,"bx4_by62"
"CUFES:202105:SH:204",4,"bx3_by62"
"CUFES:202105:SH:205",4,"bx3_by62"
"CUFES:202105:SH:206",4,"bx3_by62"
"CUFES:202105:SH:207",4,"bx3_by62"
"CUFES:202105:SH:3",2,"bx7_by60"
"CUFES:202105:SH:4",2,"bx7_by60"
"CUFES:202105:SH:5",2,"bx6_by60"
"CUFES:202105:SH:6",2,"bx6_by60"
"CUFES:202105:SH:64",1,"bx2_by59"
"CUFES:202105:SH:65",1,"bx2_by59"
"CUFES:202105:SH:66",1,"bx2_by59"
"CUFES:202105:SH:67",1,"bx2_by59"
"CUFES:202105:SH:68",1,"bx3_by59"
"CUFES:202105:SH:69",1,"bx3_by59"
"CUFES:202105:SH:7",1,"bx5_by59"
"CUFES:202105:SH:70",1,"bx3_by59"
"CUFES:202105:SH:71",1,"bx3_by59"
"CUFES:202105:SH:72",1,"bx3_by59"
"CUFES:202105:SH:73",1,"bx3_by59"
"CUFES:202105:SH:74",1,"bx3_by59"
"CUFES:202105:SH:75",1,"bx3_by59"
"CUFES:202105:SH:76",1,"bx3_by59"
"CUFES:202105:SH:77",2,"bx3_by60"
"CUFES:202105:SH:78",2,"bx4_by60"
"CUFES:202105:SH:79",2,"bx4_by60"
"CUFES:202105:SH:8",1,"bx4_by59"
"CUFES:202105:SH:80",2,"bx4_by60"
"CUFES:202105:SH:81",2,"bx4_by60"
"CUFES:202105:SH:82",2,"bx4_by60"
"CUFES:202105:SH:83",2,"bx4_by60"
"CUFES:202105:SH:84",2,"bx4_by60"
"CUFES:202105:SH:85",2,"bx4_by60"
"CUFES:202105:SH:86",2,"bx4_by60"
"CUFES:202105:SH:87",2,"bx5_by60"
"CUFES:202105:SH:88",2,"bx5_by60"
"CUFES:202105:SH:89",2,"bx5_by60"
"CUFES:202105:SH:9",1,"bx4_by58"
"CUFES:202105:SH:90",3,"bx5_by61"
"CUFES:202105:SH:91",3,"bx5_by61"
"CUFES:202105:SH:92",3,"bx6_by61"
"CUFES:202105:SH:93",3,"bx6_by61"
"CUFES:202105:SH:94",3,"bx6_by61"
"CUFES:202105:SH:95",3,"bx6_by61"
"CUFES:202105:SH:96",3,"bx6_by61"
"CUFES:202105:SH:97",3,"bx6_by61"
"CUFES:202105:SH:98",3,"bx6_by61"
"CUFES:202105:SH:99",3,"bx7_by61"
"CUFES:202204:SH:1",2,"bx7_by60"
"CUFES:202204:SH:10",2,"bx7_by60"
"CUFES:202204:SH:104",1,"bx2_by59"
"CUFES:202204:SH:105",1,"bx2_by59"
"CUFES:202204:SH:106",1,"bx2_by59"
"CUFES:202204:SH:107",1,"bx2_by59"
"CUFES:202204:SH:108",1,"bx2_by59"
"CUFES:202204:SH:109",1,"bx2_by59"
"CUFES:202204:SH:11",2,"bx7_by60"
"CUFES:202204:SH:110",1,"bx2_by59"
"CUFES:202204:SH:111",1,"bx2_by59"
"CUFES:202204:SH:112",1,"bx3_by59"
"CUFES:202204:SH:113",1,"bx3_by59"
"CUFES:202204:SH:114",1,"bx3_by59"
"CUFES:202204:SH:115",1,"bx3_by59"
"CUFES:202204:SH:116",1,"bx3_by59"
"CUFES:202204:SH:117",1,"bx3_by59"
"CUFES:202204:SH:118",2,"bx4_by60"
"CUFES:202204:SH:119",2,"bx4_by60"
"CUFES:202204:SH:12",2,"bx7_by60"
"CUFES:202204:SH:120",2,"bx4_by60"
"CUFES:202204:SH:121",2,"bx4_by60"
"CUFES:202204:SH:122",2,"bx4_by60"
"CUFES:202204:SH:123",2,"bx4_by60"
"CUFES:202204:SH:124",2,"bx4_by60"
"CUFES:202204:SH:125",2,"bx4_by60"
"CUFES:202204:SH:126",2,"bx5_by60"
"CUFES:202204:SH:127",2,"bx5_by60"
"CUFES:202204:SH:128",2,"bx5_by60"
"CUFES:202204:SH:129",2,"bx5_by60"
"CUFES:202204:SH:13",2,"bx6_by60"
"CUFES:202204:SH:130",2,"bx5_by60"
"CUFES:202204:SH:131",2,"bx5_by60"
"CUFES:202204:SH:132",2,"bx5_by60"
"CUFES:202204:SH:133",2,"bx5_by60"
"CUFES:202204:SH:134",2,"bx6_by60"
"CUFES:202204:SH:135",2,"bx6_by60"
"CUFES:202204:SH:136",2,"bx6_by60"
"CUFES:202204:SH:137",2,"bx6_by60"
"CUFES:202204:SH:138",2,"bx6_by60"
"CUFES:202204:SH:139",2,"bx6_by60"
"CUFES:202204:SH:14",2,"bx6_by60"
"CUFES:202204:SH:140",2,"bx6_by60"
"CUFES:202204:SH:141",3,"bx6_by61"
"CUFES:202204:SH:142",3,"bx6_by61"
"CUFES:202204:SH:143",3,"bx6_by61"
"CUFES:202204:SH:144",3,"bx6_by61"
"CUFES:202204:SH:145",3,"bx6_by61"
"CUFES:202204:SH:146",3,"bx6_by61"
"CUFES:202204:SH:147",3,"bx6_by61"
"CUFES:202204:SH:148",3,"bx6_by61"
"CUFES:202204:SH:149",3,"bx7_by61"
"CUFES:202204:SH:15",2,"bx6_by60"
"CUFES:202204:SH:150",3,"bx7_by61"
"CUFES:202204:SH:151",3,"bx7_by61"
"CUFES:202204:SH:152",3,"bx6_by61"
"CUFES:202204:SH:153",3,"bx6_by61"
"CUFES:202204:SH:154",4,"bx6_by62"
"CUFES:202204:SH:155",3,"bx6_by61"
"CUFES:202204:SH:156",3,"bx6_by61"
"CUFES:202204:SH:157",3,"bx6_by61"
"CUFES:202204:SH:158",3,"bx6_by61"
"CUFES:202204:SH:159",4,"bx6_by62"
"CUFES:202204:SH:16",1,"bx6_by59"
"CUFES:202204:SH:160",4,"bx6_by62"
"CUFES:202204:SH:161",4,"bx6_by62"
"CUFES:202204:SH:162",4,"bx5_by62"
"CUFES:202204:SH:163",4,"bx5_by62"
"CUFES:202204:SH:164",4,"bx5_by62"
"CUFES:202204:SH:165",4,"bx5_by62"
"CUFES:202204:SH:166",4,"bx5_by62"
"CUFES:202204:SH:167",4,"bx5_by62"
"CUFES:202204:SH:168",4,"bx5_by62"
"CUFES:202204:SH:169",4,"bx5_by62"
"CUFES:202204:SH:17",1,"bx6_by59"
"CUFES:202204:SH:170",3,"bx4_by61"
"CUFES:202204:SH:171",3,"bx4_by61"
"CUFES:202204:SH:172",3,"bx4_by61"
"CUFES:202204:SH:173",3,"bx4_by61"
"CUFES:202204:SH:174",3,"bx4_by61"
"CUFES:202204:SH:175",3,"bx4_by61"
"CUFES:202204:SH:176",3,"bx4_by61"
"CUFES:202204:SH:177",3,"bx3_by61"
"CUFES:202204:SH:178",3,"bx3_by61"
"CUFES:202204:SH:179",3,"bx3_by61"
"CUFES:202204:SH:18",1,"bx6_by59"
"CUFES:202204:SH:180",3,"bx3_by61"
"CUFES:202204:SH:181",2,"bx3_by60"
"CUFES:202204:SH:182",2,"bx2_by60"
"CUFES:202204:SH:183",2,"bx2_by60"
"CUFES:202204:SH:184",2,"bx2_by60"
"CUFES:202204:SH:185",2,"bx2_by60"
"CUFES:202204:SH:186",2,"bx2_by60"
"CUFES:202204:SH:19",1,"bx5_by59"
"CUFES:202204:SH:2",2,"bx7_by60"
"CUFES:202204:SH:20",1,"bx5_by59"
"CUFES:202204:SH:21",1,"bx5_by59"
"CUFES:202204:SH:22",1,"bx5_by59"
"CUFES:202204:SH:23",1,"bx5_by59"
"CUFES:202204:SH:24",1,"bx5_by59"
"CUFES:202204:SH:243",3,"bx2_by61"
"CUFES:202204:SH:244",3,"bx2_by61"
"CUFES:202204:SH:245",3,"bx2_by62"
"CUFES:202204:SH:246",3,"bx2_by62"
"CUFES:202204:SH:247",3,"bx2_by62"
"CUFES:202204:SH:248",4,"bx3_by62"
"CUFES:202204:SH:249",4,"bx3_by62"
"CUFES:202204:SH:25",1,"bx4_by59"
"CUFES:202204:SH:250",4,"bx3_by62"
"CUFES:202204:SH:251",4,"bx3_by62"
"CUFES:202204:SH:252",4,"bx3_by62"
"CUFES:202204:SH:253",4,"bx4_by62"
"CUFES:202204:SH:254",4,"bx4_by62"
"CUFES:202204:SH:255",4,"bx4_by62"
"CUFES:202204:SH:256",4,"bx4_by62"
"CUFES:202204:SH:258",4,"bx4_by62"
"CUFES:202204:SH:26",1,"bx4_by59"
"CUFES:202204:SH:260",4,"bx4_by62"
"CUFES:202204:SH:261",4,"bx4_by62"
"CUFES:202204:SH:262",4,"bx4_by63"
"CUFES:202204:SH:263",4,"bx4_by63"
"CUFES:202204:SH:264",4,"bx4_by63"
"CUFES:202204:SH:265",4,"bx4_by63"
"CUFES:202204:SH:266",4,"bx4_by63"
"CUFES:202204:SH:267",4,"bx4_by63"
"CUFES:202204:SH:268",4,"bx4_by63"
"CUFES:202204:SH:269",4,"bx4_by63"
"CUFES:202204:SH:27",1,"bx4_by59"
"CUFES:202204:SH:270",4,"bx3_by63"
"CUFES:202204:SH:271",4,"bx3_by63"
"CUFES:202204:SH:272",4,"bx3_by63"
"CUFES:202204:SH:273",4,"bx3_by63"
"CUFES:202204:SH:274",4,"bx3_by63"
"CUFES:202204:SH:275",4,"bx2_by63"
"CUFES:202204:SH:278",4,"bx2_by63"
"CUFES:202204:SH:279",4,"bx2_by63"
"CUFES:202204:SH:280",4,"bx2_by63"
"CUFES:202204:SH:281",4,"bx2_by63"
"CUFES:202204:SH:3",3,"bx7_by61"
"CUFES:202204:SH:4",3,"bx7_by61"
"CUFES:202204:SH:5",3,"bx7_by61"
"CUFES:202204:SH:6",3,"bx7_by61"
"CUFES:202204:SH:7",3,"bx7_by61"
"CUFES:202204:SH:8",2,"bx7_by60"
"CUFES:202204:SH:9",2,"bx7_by60"
