event_id,year,depth_m,visibility_m,habitat_cd,stratum,subregion_nr,detected_cha_capi
0528f879e4ab4a3f,2018,4.3,6.5,ISOL_LR,INPR,8,0
73295bae0772c49a,2018,5.5,6.5,ISOL_LR,INPR,8,0
bf0c939cede388b1,2018,2.1,6.0,ISOL_LR,INPR,8,0
684aaa0e9094582b,2018,2.1,6.0,ISOL_LR,INPR,8,0
a9f69e0b623d7189,2018,5.2,7.5,ISOL_LR,INPR,8,0
90753f1416c98ead,2018,4.9,7.5,ISOL_LR,INPR,8,0
e7228d36209d213b,2018,2.4,6.0,ISOL_LR,INPR,8,0
21fc38b021236c1c,2018,2.4,6.0,ISOL_LR,INPR,8,0
8282f0b3d8cf1851,2018,4.8,7.0,ISOL_LR,INPR,8,0
fd2fec399e2fa2da,2018,5.4,6.0,ISOL_LR,INPR,8,1
ca7212cc61c3ef7c,2018,2.4,8.0,ISOL_HR,INPR,8,0
c07273f989c4e7de,2018,2.7,7.5,ISOL_HR,INPR,8,0
37c16f614a21c27e,2018,2.6,8.5,ISOL_MR,INPR,8,0
e191526648621903,2018,2.4,8.5,ISOL_MR,INPR,8,1
90b3d8c40fc3ddf3,2018,3.9,4.5,ISOL_LR,INPR,8,0
3d820632cb9569ff,2018,4.9,5.0,ISOL_LR,INPR,8,1
30f6c9dda9af02df,2018,4.0,4.0,ISOL_LR,INPR,8,1
b2cc8f8696b82382,2018,3.7,4.5,ISOL_LR,INPR,8,0
1fcbced8be61a198,2018,3.5,6.0,ISOL_LR,INPR,9,0
8dacc55311f4eb31,2018,6.1,5.0,ISOL_LR,INPR,9,0
a0da20293d471bbb,2018,3.1,9.5,ISOL_LR,INPR,9,0
4416e668b28145da,2018,2.3,8.5,ISOL_LR,INPR,9,0
c57cf497fdb41f44,2018,4.0,8.0,ISOL_LR,INPR,10,0
7dcaa36976e98be0,2018,3.7,7.5,ISOL_LR,INPR,10,0
a95b134aa99ca213,2018,4.0,10.0,ISOL_LR,INPR,10,0
ab00a19e23654a32,2018,3.7,8.5,ISOL_LR,INPR,10,0
90fbdc041cc92532,2018,3.8,9.7,ISOL_LR,INPR,10,0
796bf516c35ec63b,2018,4.9,9.0,ISOL_MR,INPR,11,0
d9f7faa0ee7c79d4,2018,4.6,8.0,ISOL_MR,INPR,11,1
7a90caff9fad00f4,2018,2.1,6.5,ISOL_LR,INPR,12,0
1399b79abf15ff2d,2018,2.3,10.0,ISOL_LR,INPR,12,0
a84981b474142cc9,2018,6.4,7.0,ISOL_LR,INPR,12,0
8f56d3644a073732,2018,6.1,7.5,ISOL_LR,INPR,12,0
a9be8818d9218517,2018,2.7,6.5,ISOL_LR,INPR,12,1
3a21efb0df862019,2018,3.0,9.0,ISOL_LR,INPR,12,0
a2aaa1e9a6e59cf9,2018,8.4,6.0,ISOL_MR,MCPR,8,1
b981858c2feac638,2018,6.6,7.0,ISOL_MR,MCPR,8,1
2043260f84b9707c,2018,9.5,7.5,ISOL_MR,MCPR,8,1
e7364e4e574fb6a7,2018,5.5,7.0,ISOL_MR,MCPR,8,1
49038aa2727d8018,2018,11.2,4.5,ISOL_HR,MCPR,8,1
d7fdee60ee8f32f0,2018,11.3,4.0,ISOL_HR,MCPR,8,1
e6386d564383628d,2018,6.9,4.0,ISOL_LR,MCPR,8,0
aca2181d7cacdfb9,2018,6.7,3.5,ISOL_LR,MCPR,8,0
76f37a76877350d5,2018,6.1,4.0,ISOL_LR,MCPR,8,0
1cab5d29bea80b82,2018,6.3,4.0,ISOL_LR,MCPR,8,0
266d74d686bb3d46,2018,10.1,5.0,ISOL_MR,MCPR,8,1
a9fab5b1ea2f45bb,2018,10.0,7.0,ISOL_MR,MCPR,8,1
eadc926a0bbc639e,2018,8.8,7.0,ISOL_MR,MCPR,8,1
da1b3467ace4789f,2018,7.0,4.5,ISOL_MR,MCPR,8,1
f2665f9c9f55b304,2018,4.2,4.0,ISOL_MR,MCPR,8,1
12a1922fcc26078a,2018,6.9,4.0,ISOL_MR,MCPR,8,0
3dd903b6f5e8fd80,2018,11.0,3.5,ISOL_HR,MCPR,8,0
cef0a1e5c200970a,2018,10.9,6.0,ISOL_LR,MCPR,8,0
6750e61c7fa2097e,2018,9.3,4.0,ISOL_MR,MCPR,8,1
05ed3ce0f5a9f396,2018,9.8,6.0,ISOL_MR,MCPR,8,1
933e44f34eb60560,2018,8.5,7.5,ISOL_MR,MCPR,8,1
51f95426d47c1bdc,2018,8.7,6.0,ISOL_MR,MCPR,8,1
cf8b80b410ba36a3,2018,7.2,7.0,ISOL_MR,MCPR,8,1
552ed590ecf53127,2018,8.4,6.5,ISOL_MR,MCPR,8,1
ee7458058f871922,2018,5.7,8.0,ISOL_MR,MCPR,8,1
fc9efb6f656d158a,2018,7.0,5.5,ISOL_MR,MCPR,8,1
6415bdde65c9ae7b,2018,6.6,7.0,ISOL_MR,MCPR,8,1
83d2590795726073,2018,7.6,8.0,ISOL_MR,MCPR,8,1
1e9bb0a058126ae3,2018,9.1,3.5,ISOL_LR,MCPR,8,1
52b7cfbf2e9e56e0,2018,7.2,5.5,ISOL_HR,MCPR,8,1
f0fb418249ac3d01,2018,12.8,3.5,ISOL_LR,MCPR,8,0
ef6547776d347e97,2018,12.2,4.5,ISOL_MR,MCPR,8,1
5ef6ac60116274c9,2018,10.1,4.0,ISOL_HR,MCPR,8,1
f63e789ac01cfb0e,2018,11.3,4.0,ISOL_HR,MCPR,8,1
640909f7f8891dfb,2018,7.9,4.0,ISOL_MR,MCPR,8,1
df02a5a374259879,2018,8.2,5.5,ISOL_MR,MCPR,8,1
4abd929e7573c8b3,2018,8.4,5.5,ISOL_MR,MCPR,8,1
b845496fcf446c43,2018,8.4,4.5,ISOL_MR,MCPR,8,1
edb527a2b79014e2,2018,7.9,3.5,ISOL_MR,MCPR,8,0
845df94541c25224,2018,7.6,4.5,ISOL_MR,MCPR,8,0
20bdd1fe00335354,2018,8.3,4.0,ISOL_MR,MCPR,8,1
ce00b003270f0f90,2018,9.0,5.0,ISOL_MR,MCPR,8,0
5ac4076db973d3c2,2018,8.4,4.0,ISOL_MR,MCPR,8,1
01d60ed495bfcc8a,2018,6.3,7.0,ISOL_MR,MCPR,9,1
052209f0251b14d3,2018,6.7,8.0,ISOL_MR,MCPR,9,1
02cb80ada7de0d90,2018,7.2,8.0,ISOL_HR,MCPR,9,0
84d035312d3de558,2018,7.2,11.0,ISOL_HR,MCPR,9,1
bc164912b7b09eba,2018,6.4,4.5,ISOL_MR,MCPR,9,0
69d8b1ba45515a33,2018,6.4,4.5,ISOL_MR,MCPR,9,0
b38d2af45af76c52,2018,6.6,5.0,ISOL_MR,MCPR,9,1
3f527039c63545c4,2018,7.0,5.0,ISOL_MR,MCPR,9,1
e4499313401e1afe,2018,6.1,9.0,ISOL_HR,MCPR,10,0
1ac271bdbcd3b65c,2018,4.3,9.5,ISOL_HR,MCPR,10,0
01bb4ee8f156690c,2018,4.3,6.5,ISOL_LR,MCPR,10,0
14ee7adeee483675,2018,4.3,7.0,ISOL_LR,MCPR,10,0
0d45025e797a2e48,2018,4.0,7.5,ISOL_MR,MCPR,10,1
0747c2a65f2d31a0,2018,4.6,6.5,ISOL_LR,MCPR,10,0
f7cfa2224ad87252,2018,3.4,9.5,ISOL_MR,MCPR,10,1
7af6498d07f39294,2018,3.6,9.0,ISOL_MR,MCPR,10,0
f4a66a46c94c588a,2018,3.7,10.0,ISOL_MR,MCPR,11,1
3941043c9f40341b,2018,4.3,12.0,ISOL_MR,MCPR,11,1
33c28591176df6f1,2018,3.2,12.0,ISOL_MR,MCPR,11,1
c3462dff9a740330,2018,3.0,10.0,ISOL_MR,MCPR,11,0
259165e0d6624007,2018,2.9,8.5,ISOL_MR,MCPR,11,0
03dcef7c07ed9314,2018,2.7,9.0,ISOL_MR,MCPR,11,1
ca7061da30b02c47,2018,2.4,4.5,ISOL_LR,MCPR,11,0
98de86dbd5d2fd72,2018,2.6,5.0,ISOL_LR,MCPR,11,1
3caa7aad7b93a6af,2018,1.5,13.0,ISOL_MR,MCPR,11,0
94b406f480cf1b6b,2018,2.0,11.0,ISOL_MR,MCPR,11,1
82c437612aeeb725,2018,3.9,8.0,ISOL_MR,MCPR,11,0
bb9f457d6318d762,2018,4.3,8.0,ISOL_MR,MCPR,11,0
9e2d3c5a43337f1c,2018,4.2,7.5,ISOL_MR,MCPR,11,1
bca008c6ac0f1da5,2018,4.5,7.0,ISOL_MR,MCPR,11,0
999574d9f8304459,2018,2.4,9.0,ISOL_MR,MCPR,11,0
221a263af0edf853,2018,2.0,11.0,ISOL_MR,MCPR,11,0
21c2add163f385b2,2018,7.3,11.5,ISOL_MR,MCPR,12,0
f08a3ee35eb051c4,2018,7.6,15.0,ISOL_MR,MCPR,12,0
da429f8c172679ab,2018,4.6,7.0,ISOL_HR,MCPR,12,0
9f2d581af9a97893,2018,3.1,7.5,ISOL_HR,MCPR,12,1
a561fa623b2c63da,2018,5.7,9.5,ISOL_MR,MCPR,12,0
2032148b895cda61,2018,7.8,10.0,ISOL_MR,MCPR,12,0
207bcebd7a11a71f,2018,6.9,6.0,ISOL_HR,MCPR,12,0
401db7a841ba5c3d,2018,7.5,4.0,ISOL_HR,MCPR,12,0
c167bf35cba92e7f,2018,8.2,10.5,ISOL_MR,MCPR,12,1
01ad0946658889c0,2018,7.8,9.0,ISOL_MR,MCPR,12,1
d526d3e5c99ca9b8,2018,8.2,17.0,ISOL_MR,MCPR,12,0
84e61b3647180e66,2018,7.2,13.0,ISOL_MR,MCPR,12,0
5e14e1df1f0d000e,2018,7.8,9.0,ISOL_HR,MCPR,12,0
daf24c3bc278f571,2018,7.2,11.5,ISOL_HR,MCPR,12,0
7fc1272b764989e1,2018,8.5,12.5,ISOL_LR,MCPR,12,0
eaf0ae3e062dcfb6,2018,8.4,7.5,ISOL_LR,MCPR,12,0
4a2e93ac66b5c19b,2018,4.5,8.5,ISOL_MR,MCPR,12,0
a237c4ee0c5f40a4,2018,4.8,12.0,ISOL_MR,MCPR,12,0
6a5baaed3c97bbe6,2018,4.3,6.5,ISOL_MR,MCPR,12,0
0128fa59c8e30bfd,2018,3.8,5.5,ISOL_MR,MCPR,12,0
3ca3e4389b47e287,2018,8.2,5.0,ISOL_HR,MCPR,12,0
dce4fc40fdab920b,2018,7.6,5.0,ISOL_HR,MCPR,12,0
605c2153a86026a7,2018,5.5,9.0,ISOL_MR,MCPR,12,0
1f0703c7f7737022,2018,5.7,8.0,ISOL_MR,MCPR,12,0
d03094eff2c0f0bb,2018,2.4,12.5,ISOL_MR,MCPR,12,0
974ff87e9d29de9b,2018,2.3,8.0,ISOL_MR,MCPR,12,0
5920c5692030e4ad,2018,4.6,4.5,ISOL_MR,MCPR,12,0
752260a02008ff61,2018,5.1,6.0,ISOL_MR,MCPR,12,0
3e405ee34643c0e6,2018,4.3,6.5,ISOL_MR,MCPR,12,0
9dc86a2d72fac4ba,2018,5.1,8.0,ISOL_MR,MCPR,12,1
3a3bdc2244f9e1ea,2018,1.5,10.0,ISOL_LR,MCPR,12,0
c7476690f0f564f4,2018,1.7,10.0,ISOL_LR,MCPR,12,0
ec1795370fb2d1be,2018,8.8,9.5,ISOL_MR,MCPR,12,0
57f6ebb8d4fcfa43,2018,6.7,15.0,ISOL_MR,MCPR,12,0
92947b05ed3a404b,2018,4.0,8.5,ISOL_MR,MCPR,12,0
ff4387317d9baaec,2018,3.9,7.0,ISOL_MR,MCPR,12,0
77d042c3e23b1016,2018,2.9,7.0,ISOL_MR,MCPR,12,0
82e73f3039f2beee,2018,5.2,8.5,ISOL_MR,MCPR,12,0
ddd9b4516844f4c1,2018,2.9,7.0,ISOL_MR,MCPR,12,0
c2f8fcf9fd40146c,2018,4.9,7.5,ISOL_MR,MCPR,12,0
5748944913970ee5,2018,2.9,16.0,ISOL_MR,MCPR,12,0
f27d578253d59b62,2018,3.7,10.0,ISOL_MR,MCPR,12,0
4f459adc6c08de9c,2018,6.7,11.0,ISOL_MR,MCPR,12,0
967d4266e1a692ed,2018,6.6,11.5,ISOL_MR,MCPR,12,0
c056479e8c4fd1e7,2018,2.9,8.5,ISOL_MR,MCPR,12,0
f84308539988a9ea,2018,2.7,8.0,ISOL_MR,MCPR,12,1
29fc051569215110,2018,7.5,9.0,ISOL_LR,OFPR,8,0
7d422c291a823618,2018,7.2,9.0,ISOL_LR,OFPR,8,0
3e00ea097c1b9f4a,2018,7.6,4.0,ISOL_LR,OFPR,8,0
1a8feac18555a5d8,2018,7.3,4.5,ISOL_LR,OFPR,8,0
ffa250b72aefef12,2018,11.5,4.0,ISOL_MR,FMLR,8,1
bd510008a25effc2,2018,9.8,3.5,ISOL_MR,FMLR,8,1
24aa2d3d4338b843,2018,6.3,10.0,ISOL_MR,OFPR,8,1
6ab3e28b129af383,2018,6.9,10.0,ISOL_MR,OFPR,8,1
0d0adf28c6b48b00,2018,7.5,11.5,ISOL_MR,OFPR,8,1
0f1ce1557cf52aa9,2018,6.4,10.0,ISOL_MR,OFPR,8,1
fbd36591efb84157,2018,8.4,8.0,ISOL_LR,OFPR,8,0
59665745b1d75a8f,2018,8.4,10.0,ISOL_LR,OFPR,8,0
942fcb182b0fbc55,2018,8.8,6.5,ISOL_HR,OFPR,8,1
98ebe17acc615652,2018,11.5,4.0,ISOL_LR,OFPR,8,0
ab0d0f5b5a5b17cc,2018,10.1,9.0,ISOL_MR,OFPR,8,1
75e2ab8191997450,2018,9.9,7.0,ISOL_MR,OFPR,8,1
445f3199cb190b23,2018,5.6,9.3,ISOL_LR,FSLR,10,0
36be082acf61fb91,2018,8.7,7.5,CONT_MR,FMLR,11,1
ee7967e03a0cdc55,2018,6.0,9.0,CONT_MR,FMLR,11,0
d844b4794b597523,2018,10.7,16.0,ISOL_HR,OFPR,11,1
4773abd3dbf3def7,2018,9.6,13.5,ISOL_HR,OFPR,11,1
e8552836c3bf1108,2018,11.0,17.0,ISOL_MR,OFPR,11,1
0c8bedd5667d37de,2018,10.7,15.5,ISOL_MR,OFPR,11,1
de48826b3dbaf7eb,2018,2.9,16.0,ISOL_LR,OFPR,11,0
88dcce7515d7c0bc,2018,3.5,12.0,ISOL_LR,OFPR,11,0
6382750b7af1120e,2018,4.2,14.0,ISOL_HR,OFPR,11,0
6dd48abad8714133,2018,3.9,12.0,ISOL_HR,OFPR,11,0
ea7aadf12d1b50a1,2018,4.0,14.0,ISOL_MR,OFPR,11,0
361efd0a9361aa26,2018,4.8,15.0,ISOL_MR,OFPR,11,0
791f1f9ab5c8d682,2018,3.0,10.0,ISOL_LR,OFPR,11,0
260fff91aec5c61d,2018,3.4,8.5,ISOL_LR,OFPR,11,0
0d7cc3374fc55abd,2018,2.6,13.5,ISOL_LR,OFPR,11,0
4fc6dbee05293ebd,2018,2.4,10.5,ISOL_LR,OFPR,11,0
8a457cbad729ce07,2018,9.0,14.5,ISOL_MR,OFPR,11,1
ed6f7d0a209c3575,2018,7.3,16.0,ISOL_MR,OFPR,11,0
1e03bce3629f0fba,2018,3.2,11.0,ISOL_MR,OFPR,11,0
f89045c6b940ed53,2018,2.9,17.5,ISOL_MR,OFPR,11,0
eef3258c71bfab15,2018,5.2,8.0,ISOL_HR,OFPR,11,0
44f8f54923b8d133,2018,5.4,7.5,ISOL_HR,OFPR,11,1
695d99664bff70bf,2018,7.8,10.0,CONT_MR,FMLR,11,0
5e7efc41028837f0,2018,7.2,11.0,CONT_MR,FMLR,11,0
877446ba0b2cad6b,2018,5.7,15.5,ISOL_MR,OFPR,11,1
7634ee9ce964f65e,2018,6.1,16.0,ISOL_MR,OFPR,11,1
ab16ab258ee019b1,2018,6.9,20.0,ISOL_MR,OFPR,12,1
042d53f2a321b53a,2018,6.7,14.0,ISOL_MR,OFPR,12,1
232a80b3b4f0763a,2018,3.0,10.0,ISOL_MR,OFPR,12,0
769b5e076936b2d3,2018,4.0,10.5,ISOL_MR,OFPR,12,0
0368a90ccc4714ef,2018,8.8,12.5,SPGR_HR,HRRF,11,1
a0b2b268c3a65bb7,2018,7.6,17.0,SPGR_HR,HRRF,11,1
476af1fbabbdc9c7,2018,2.1,12.5,SPGR_HR,HRRF,11,0
aec2c5dc66476627,2018,2.0,12.0,SPGR_HR,HRRF,11,0
927d5f6796d4ab4e,2018,3.7,16.0,CONT_MR,OFPR,11,0
449417c7490ec435,2018,4.3,16.0,CONT_MR,OFPR,11,0
f395a1998d636dcf,2018,2.9,16.0,CONT_MR,OFPR,11,1
cf673630382b0d5d,2018,4.8,15.0,CONT_MR,OFPR,11,1
257358996484bcd1,2018,4.0,14.0,SPGR_HR,HRRF,11,0
9bc120b66997a988,2018,5.8,11.0,SPGR_HR,HRRF,11,1
8a3083e6d717c635,2018,9.0,15.5,ISOL_MR,OFPR,11,1
be8995b398eccd03,2018,8.7,12.5,ISOL_MR,OFPR,11,0
a96b8e1cb34f4015,2018,5.1,11.5,SPGR_HR,HRRF,11,0
724ab2041bd441ec,2018,3.2,10.0,SPGR_HR,HRRF,11,0
2e48e165403a767a,2018,2.1,13.5,SPGR_HR,HRRF,11,1
be8fe510c58be89b,2018,1.8,12.0,SPGR_HR,HRRF,11,1
179e89a44895e1cf,2018,6.9,6.5,SPGR_HR,HRRF,11,1
41891c2afacdeeb5,2018,6.1,6.5,SPGR_HR,HRRF,11,1
2fb29250bcebb95f,2018,2.4,12.0,SPGR_HR,HRRF,11,0
5f9caccc0e543ab3,2018,3.5,12.5,SPGR_HR,HRRF,11,0
801e55b4e412047c,2018,2.9,14.5,SPGR_HR,HRRF,11,0
4bc7b943d68bb3a5,2018,1.5,15.0,SPGR_HR,HRRF,11,0
a9554c2eba34720a,2018,5.8,13.0,SPGR_HR,HRRF,11,0
9e91ed43f1a71c06,2018,3.1,17.5,SPGR_HR,HRRF,11,1
7c2933ca6886b0c7,2018,4.6,17.5,SPGR_HR,HRRF,11,1
f13b108611d955ff,2018,4.2,13.0,SPGR_HR,HRRF,11,0
b006c09c070abea0,2018,5.8,10.0,CONT_MR,FMLR,8,0
90f65b5c68527ad2,2018,6.6,9.5,CONT_MR,FMLR,8,1
4334fb7283ff925b,2018,5.1,14.0,CONT_LR,FSLR,9,0
db102cfef44c938b,2018,5.1,12.0,CONT_LR,FSLR,9,0
21b051c7f9f6719a,2018,7.8,10.0,CONT_MR,FMLR,10,1
09d74734fb8c8d20,2018,5.8,9.0,CONT_MR,FMLR,10,1
750050013d249437,2018,3.4,10.0,RUBB_LR,FSLR,10,1
b2742874d8548fa0,2018,2.9,12.5,RUBB_LR,FSLR,10,1
a118a96ef0d3638c,2018,5.1,9.5,CONT_LR,FSLR,9,0
4e317ce901bd2384,2018,5.2,10.0,CONT_LR,FSLR,9,0
aac35aed61a9f7a6,2018,5.2,9.5,CONT_LR,FSLR,9,1
078f7d76bc68fee6,2018,5.4,9.0,CONT_LR,FSLR,9,0
299da073bb47d659,2018,6.6,5.5,ISOL_LR,FMLR,10,1
27c30c347a9bd001,2018,6.6,5.5,ISOL_LR,FMLR,10,0
bd8818c2c90c8178,2018,6.9,10.0,ISOL_LR,FMLR,10,0
3a7c3bd1e327b321,2018,6.3,11.0,ISOL_LR,FMLR,10,0
0d9ed1b3f9c824fe,2018,3.0,9.0,CONT_MR,FSLR,11,1
f08d4cd1fc3455e3,2018,3.4,7.5,CONT_MR,FSLR,11,0
b9cb6dd3a2555c4d,2018,3.1,12.5,CONT_LR,FSLR,11,0
55d8988134a154d6,2018,3.9,16.0,CONT_LR,FSLR,11,0
c324ca255da3e398,2018,3.2,13.5,CONT_MR,OFPR,11,0
d64a2e554c718a02,2018,3.7,14.5,CONT_MR,OFPR,11,0
8eb73ccc04757e5b,2018,2.3,19.0,RUBB_LR,FSLR,11,0
a7ba6b394930d7b4,2018,2.4,12.0,RUBB_LR,FSLR,11,0
115daf07d7870c78,2018,3.1,6.0,ISOL_HR,FSLR,11,1
25e3f4bc6e4adc87,2018,3.2,7.0,ISOL_HR,FSLR,11,1
11abea1e7a2d89f8,2018,3.6,12.0,SPGR_LR,FSLR,11,0
9a30fd800b85fd5c,2018,3.4,15.0,SPGR_LR,FSLR,11,1
c4c09a4b247ff1a9,2018,4.9,12.5,RUBB_LR,FSLR,11,0
7c26da117585a73a,2018,5.1,13.0,RUBB_LR,FSLR,11,0
ba0d214c02a28866,2018,2.0,17.5,CONT_LR,FSLR,11,0
b9d848e3b329b10d,2018,2.8,13.0,CONT_LR,FSLR,11,0
03f425638653abac,2018,3.1,8.5,RUBB_LR,FSLR,12,0
7e75a20c656d5164,2018,3.1,8.5,RUBB_LR,FSLR,12,0
8c886c4c206d0599,2018,1.5,10.0,RUBB_LR,FSLR,12,0
298536dbf540b13c,2018,1.8,10.0,RUBB_LR,FSLR,12,0
19370aef3e56f931,2018,7.8,5.0,RUBB_LR,FMLR,8,0
c5a6fbc6ac0e6b7d,2018,7.5,6.0,RUBB_LR,FMLR,8,0
2a41e3f960f2e810,2018,10.0,8.5,CONT_MR,FMLR,8,1
4b93532a96ead1df,2018,9.5,7.0,CONT_MR,FMLR,8,1
57afac877d20c174,2018,7.8,6.0,ISOL_MR,FMLR,8,1
dbc6061bb06af007,2018,8.2,4.5,ISOL_MR,FMLR,8,1
bd1fd828dcf62ae7,2018,14.3,4.0,CONT_MR,FMLR,8,1
b4ff100062d6e4cb,2018,11.2,4.0,CONT_MR,FMLR,8,0
4b2975442bba2b80,2018,8.4,12.0,CONT_MR,FMLR,8,1
7177feacf2171c86,2018,8.4,10.0,CONT_MR,FMLR,8,1
916438379fb603b6,2018,9.0,11.0,CONT_MR,FMLR,8,1
e206a5072b8f0887,2018,8.1,8.5,CONT_MR,FMLR,8,1
7c1ad0c621e44740,2018,9.1,7.5,CONT_LR,FMLR,8,1
6e05acee3ea182f6,2018,8.2,8.0,CONT_LR,FMLR,8,1
3ad6fadca96e4cc4,2018,10.1,5.0,ISOL_MR,FMLR,8,1
426fed4ccde7f694,2018,10.6,4.5,ISOL_MR,FMLR,8,0
2fe63f30feacce31,2018,7.9,7.5,CONT_MR,FMLR,8,1
7671318cb6f7df56,2018,7.6,6.5,CONT_MR,FMLR,8,1
2a3798b74b6b6ef0,2018,7.6,10.0,CONT_MR,FMLR,8,1
cfe0f64bfe7d21de,2018,8.5,10.5,CONT_MR,FMLR,8,0
cf134af41d5f6972,2018,6.6,11.0,CONT_MR,FSLR,8,1
ec1d337b51741612,2018,4.3,7.5,CONT_MR,FSLR,8,1
b4bdbb4fe3e74490,2018,6.3,4.0,ISOL_LR,FMLR,8,0
ebafd24a39aee396,2018,6.9,4.5,ISOL_LR,FMLR,8,0
648aefbe485e43f3,2018,5.2,13.0,ISOL_LR,FSLR,8,1
1c8e7546b9e228f0,2018,5.4,12.0,ISOL_LR,FSLR,8,0
d226fcb6b311fcf5,2018,3.1,9.0,RUBB_LR,FSLR,8,0
6255452c99b0bcd4,2018,3.5,8.5,RUBB_LR,FSLR,8,0
539984399bd437c5,2018,7.6,8.5,CONT_MR,FMLR,8,1
c9d222c98bea07b0,2018,6.9,6.5,CONT_MR,FMLR,8,1
14e10d903c176a06,2018,7.0,7.0,CONT_LR,FMLR,9,1
d4bdfe01fac19621,2018,7.3,9.0,CONT_LR,FMLR,9,0
4866966ac3b2ebe7,2018,16.2,6.0,CONT_LR,FMLR,9,1
ea170562b243e797,2018,14.6,6.5,CONT_LR,FMLR,9,1
c67632836ea2abe0,2018,7.6,16.5,CONT_LR,FMLR,9,1
92d578e67410bda4,2018,7.3,14.0,CONT_LR,FMLR,9,1
a1d3fb79d4359b18,2018,4.6,14.5,CONT_LR,FSLR,9,0
f5b357fd0f2b626a,2018,5.4,13.0,CONT_LR,FSLR,9,0
a203ed544b9df1f4,2018,8.4,11.0,CONT_LR,FMLR,9,0
13ed12871fd60c08,2018,8.8,9.5,CONT_LR,FMLR,9,0
494af2c11268a304,2018,6.6,14.5,CONT_LR,FMLR,9,1
8135aaaf43bf2e39,2018,6.3,10.5,CONT_LR,FMLR,9,0
abc6d2ef833b4703,2018,14.5,11.0,SPGR_LR,FMLR,10,1
c70e204762b930bc,2018,6.9,9.7,CONT_MR,FMLR,10,0
d9375c43b352730d,2018,6.7,12.5,CONT_LR,FMLR,10,1
b2560e11a4843558,2018,8.1,11.0,CONT_LR,FMLR,10,0
f117540ef2d41ebf,2018,6.9,8.5,CONT_LR,FMLR,10,1
7ca112c9c3b6db7e,2018,6.6,11.0,CONT_LR,FMLR,10,1
56b9fa8589476c82,2018,5.2,12.0,CONT_LR,FSLR,9,0
0c3dea2d2b486581,2018,6.1,7.5,CONT_LR,FSLR,9,0
338b22852d275524,2018,5.2,10.0,CONT_LR,FSLR,9,1
ab0dcfdc3fb6c2d6,2018,5.2,9.0,CONT_LR,FSLR,9,0
b0b45623afce0ccb,2018,10.9,9.0,CONT_LR,FMLR,10,0
71ab255c36ae34ef,2018,9.6,8.0,CONT_LR,FMLR,10,0
7beae3d5211db2af,2018,8.1,8.5,CONT_LR,FMLR,10,0
03a722d446758108,2018,7.8,10.0,CONT_LR,FMLR,10,0
9da6b5013d6d4582,2018,6.4,8.5,CONT_LR,FMLR,10,0
e48473941273276e,2018,6.4,8.5,CONT_LR,FMLR,10,0
97bb1eff06eebd92,2018,7.6,7.5,ISOL_LR,FMLR,10,0
4ed024aef9d3bde9,2018,7.9,8.0,ISOL_LR,FMLR,10,0
7dd9095287088efa,2018,7.8,9.7,ISOL_LR,FMLR,10,0
8ca08fb59db823fb,2018,6.1,9.5,CONT_MR,FMLR,11,0
2d32ec702e056d9c,2018,6.7,7.0,CONT_MR,FMLR,11,0
a9a21627d12603ca,2018,4.6,12.5,CONT_LR,FSLR,11,0
1ae7198760375e8f,2018,5.8,17.0,CONT_LR,FSLR,11,0
0265aa3fcc20fc6e,2018,10.5,6.5,CONT_MR,FMLR,11,1
c14c51e2cbb3ef6c,2018,7.8,8.0,CONT_MR,FMLR,11,1
de803262f1b0b1fa,2018,8.4,7.5,ISOL_MR,OFPR,11,0
097fa0754cfdc286,2018,9.5,8.0,ISOL_MR,OFPR,11,0
a52cfb6fea009467,2018,4.9,8.0,ISOL_MR,FSLR,11,0
1cc1c0754ee38a69,2018,3.7,9.0,ISOL_MR,FSLR,11,1
de97f86edc2fc196,2018,7.5,16.5,CONT_MR,FMLR,11,1
e9e85760494263c2,2018,6.6,14.0,CONT_MR,FMLR,11,0
d49ef0ab84ef5442,2018,14.6,13.5,CONT_LR,FMLR,11,0
26f030ac1300c8e0,2018,14.6,12.5,CONT_LR,FMLR,11,0
5e960b2b8b783f68,2018,8.5,10.5,CONT_LR,FMLR,11,0
b0dc3b222172c00c,2018,7.9,12.5,CONT_LR,FMLR,11,0
4def5f735f058a68,2018,8.5,10.5,SPGR_LR,FMLR,11,0
de9fe252b66d9940,2018,8.4,14.0,SPGR_LR,FMLR,11,0
f861655e4cdd23af,2018,4.2,8.5,ISOL_MR,OFPR,11,1
f534218770a47e4c,2018,4.2,9.0,ISOL_MR,OFPR,11,1
039adaac51ba5c2f,2018,9.0,15.5,CONT_MR,FMLR,11,1
a5f47b4e13e8bf20,2018,9.4,13.5,CONT_MR,FMLR,11,1
affa645e39e98d05,2018,8.2,11.5,ISOL_LR,FMLR,12,0
e1ebdae54c6b6e97,2018,8.8,10.0,ISOL_LR,FMLR,12,0
cb00e3c465565b5e,2018,5.1,5.5,ISOL_MR,FSLR,12,0
f6f83c1ee80da4c9,2018,5.4,6.5,ISOL_MR,FSLR,12,0
11be5403f66eeaeb,2018,5.8,12.0,SPGR_LR,FMLR,12,1
281a99a1e3d74dd4,2018,6.6,18.0,SPGR_LR,FMLR,12,1
4cd5ad4d0e27e6f8,2018,6.1,9.0,CONT_MR,FMLR,12,1
d207a0ad0ef542ee,2018,6.4,9.5,CONT_MR,FMLR,12,1
d89d0b1808592e46,2018,5.1,5.5,ISOL_LR,FSLR,12,0
2108cb04a1b84d1b,2018,4.5,5.0,ISOL_LR,FSLR,12,0
5c5fe25baa6995ad,2018,9.8,12.5,CONT_LR,FMLR,12,1
47a07eb480bb0123,2018,10.1,10.5,CONT_LR,FMLR,12,1
3c7455942afc239a,2018,4.6,6.0,CONT_LR,FSLR,12,0
f137b1505790a7cb,2018,4.6,8.0,CONT_LR,FSLR,12,0
4f69b456e4b41e76,2018,13.9,6.5,CONT_MR,FMLR,12,1
b1e24dfaff01b40d,2018,7.2,10.0,CONT_MR,FMLR,12,0
f17af79d4126ac40,2018,5.5,9.5,SPGR_LR,FSLR,8,1
f5d72201dc8fd001,2018,5.8,10.0,SPGR_LR,FSLR,8,1
6ff02e9eda771754,2018,2.4,8.5,RUBB_LR,FSLR,8,0
f72e6d7e2f88ec37,2018,2.6,12.0,RUBB_LR,FSLR,8,0
6565f31e3930602c,2018,3.4,9.0,RUBB_LR,FSLR,8,0
a8a171328810245f,2018,2.9,8.5,RUBB_LR,FSLR,8,0
e8ad5adc63871918,2018,4.6,8.5,SPGR_LR,FSLR,8,1
26550a18893cb294,2018,4.6,9.0,SPGR_LR,FSLR,8,1
6d3365996afc900a,2018,6.7,6.5,CONT_MR,FMLR,8,1
2814257850539e7c,2018,6.6,7.0,CONT_MR,FMLR,8,1
b324f2fb02d45ad7,2018,11.5,7.5,ISOL_LR,FMLR,9,0
31fe0c49509c461e,2018,11.8,8.5,ISOL_LR,FMLR,9,0
58264016b6420942,2018,7.6,9.0,ISOL_HR,FMLR,9,1
9f528ea2278c03ab,2018,7.6,7.0,ISOL_HR,FMLR,9,1
2f17908cf0c85a51,2018,5.7,12.0,CONT_MR,FSLR,9,0
d158e6e314f55bc6,2018,5.4,10.0,CONT_MR,FSLR,9,0
5ff2ff8ed2f21d28,2018,7.2,9.0,ISOL_LR,FMLR,10,0
0ad37a8223d33a65,2018,7.6,9.5,ISOL_LR,FMLR,10,0
85ead1f544b0ff59,2018,12.7,9.5,ISOL_MR,FMLR,11,0
b550dbe82b3f9cc8,2018,12.4,6.5,ISOL_MR,FMLR,11,0
045395f67aa26ffc,2018,11.9,6.5,SPGR_LR,FMLR,11,0
3e535e642cc013b1,2018,10.9,9.0,SPGR_LR,FMLR,11,0
d88cc3793800d5b6,2018,19.5,9.7,SPGR_HR,HRRF,10,1
4a0e5f621a653cf3,2018,14.2,12.5,CONT_MR,FMLR,11,1
302506229ff9f768,2018,13.9,15.0,CONT_MR,FMLR,11,1
34e91de3ba999e96,2018,3.4,15.0,RUBB_LR,FSLR,8,0
57dfe0bba6081d89,2018,3.2,9.5,RUBB_LR,FSLR,8,0
3a9f237617e58951,2018,2.9,8.0,RUBB_LR,FSLR,10,1
7ed322962046c7a5,2018,3.0,9.0,RUBB_LR,FSLR,10,1
c50cd1c87fe8fd23,2018,3.6,8.5,RUBB_LR,FSLR,9,0
e0b5b5fe421a2d8a,2018,3.4,9.0,RUBB_LR,FSLR,9,0
117423ebbc2d6791,2018,2.7,12.7,CONT_LR,FSLR,10,1
b27f9106b8d80c30,2018,2.7,11.0,RUBB_LR,FSLR,11,0
edc7d6fe31b6ff78,2018,2.3,11.0,RUBB_LR,FSLR,11,0
bfcdd7f47425245c,2018,2.6,12.0,RUBB_LR,FSLR,11,0
690be019dc29e1f4,2018,2.3,12.5,RUBB_LR,FSLR,11,0
c84a1e97e9ab9245,2018,1.4,13.5,RUBB_LR,FSLR,11,0
0f33600bb818fb94,2018,1.2,19.0,RUBB_LR,FSLR,11,0
fa601fcda0d206f6,2018,2.6,17.5,RUBB_LR,FSLR,11,0
407be984c35f1f4e,2018,2.4,15.0,RUBB_LR,FSLR,11,0
7b0e2e759e8e3ac3,2018,8.2,6.0,RUBB_LR,FMLR,8,0
337bd6f5f733fa4f,2018,8.1,8.0,RUBB_LR,FMLR,8,0
292c77fc1669c8e5,2018,3.2,9.0,SPGR_HR,HRRF,8,1
1daea4071cc12588,2018,3.4,8.5,SPGR_HR,HRRF,8,1
e2eccddfb619f7c2,2018,3.7,8.0,SPGR_HR,HRRF,8,1
94d32db1553e8c88,2018,3.7,7.5,SPGR_HR,HRRF,8,1
89c7bcf8e381f549,2018,8.4,7.5,CONT_LR,FMLR,9,1
d276592f31213f1e,2018,9.3,5.5,CONT_LR,FMLR,9,0
22b84d217ba08858,2018,3.7,14.0,RUBB_LR,FSLR,11,0
494e819b4f0eb55c,2018,4.6,13.5,RUBB_LR,FSLR,11,0
b7bab2abc5bdcfbd,2018,12.4,10.0,SPGR_HR,HRRF,8,1
e04703f93ec585b6,2018,10.9,8.0,SPGR_HR,HRRF,8,1
c49be011f3fcc30a,2018,11.8,9.5,SPGR_HR,HRRF,8,1
d020431e066e242e,2018,11.0,12.5,SPGR_HR,HRRF,8,1
7bc64934e644f973,2018,2.1,15.0,CONT_LR,FSLR,8,1
1357c2cc1db719c4,2018,2.9,12.5,CONT_LR,FSLR,8,1
cf5ff8a758917dbc,2018,5.1,14.5,SPGR_HR,HRRF,8,1
713ebea6e1317b3b,2018,7.3,10.0,SPGR_HR,HRRF,8,1
222269cd508ad17e,2018,18.8,5.5,SPGR_HR,HRRF,8,1
4405bc8e09675b93,2018,18.3,5.0,SPGR_HR,HRRF,8,1
e496de141f96410b,2018,11.3,11.5,SPGR_HR,HRRF,8,1
39f9a366b7e7e416,2018,12.7,9.5,SPGR_HR,HRRF,8,1
0302fe9b6efd62bf,2018,6.7,15.0,CONT_LR,FMLR,8,1
3fc714d534197a4c,2018,8.7,12.5,CONT_LR,FMLR,8,1
c316578b40d7cafb,2018,7.9,11.0,CONT_LR,FMLR,8,1
69befd96df4292e1,2018,8.7,9.5,CONT_LR,FMLR,8,1
aca2a7e86fc3a7e3,2018,9.6,8.5,SPGR_LR,FMLR,8,1
127288cf941981a1,2018,8.7,10.0,SPGR_LR,FMLR,8,1
6b6ba19a9199883f,2018,9.2,8.0,SPGR_HR,HRRF,8,1
6036553057d30cdc,2018,9.8,6.5,SPGR_HR,HRRF,8,1
d76e705ae2b12e1e,2018,7.5,9.0,SPGR_HR,HRRF,8,1
ce76ed941e3762c9,2018,5.8,6.0,SPGR_HR,HRRF,8,1
138a3597b17d0586,2018,4.8,8.0,SPGR_HR,HRRF,8,1
a27b065c9a3f9b4b,2018,5.1,9.5,SPGR_HR,HRRF,8,1
7ca98f9c391b7387,2018,9.3,8.0,SPGR_HR,HRRF,8,1
ec3d67cdefa042ab,2018,8.7,11.5,SPGR_HR,HRRF,8,1
ff87e6c2b4e76198,2018,3.5,6.0,SPGR_LR,FSLR,8,1
f9c4316daa7447ff,2018,5.1,8.0,SPGR_LR,FSLR,8,1
2811bd6144a047ef,2018,6.4,6.0,SPGR_LR,FMLR,8,0
b9ac48197e3c25ec,2018,6.1,7.5,SPGR_LR,FMLR,8,1
8f55c43a8d473581,2018,21.3,4.0,SPGR_HR,HRRF,8,1
4a8a7e6d575216b2,2018,17.0,6.0,SPGR_HR,HRRF,8,1
a0b3c2fbb8d60ab8,2018,3.8,9.0,SPGR_HR,HRRF,8,1
0b3b4a7ef48564c8,2018,4.3,9.5,SPGR_HR,HRRF,8,1
11c0edcbaa8674ab,2018,3.1,7.0,SPGR_HR,HRRF,8,1
22313733e12fefc1,2018,2.0,9.0,SPGR_HR,HRRF,8,1
7420b0ddc9110681,2018,8.8,8.5,SPGR_HR,HRRF,8,1
4ddba9899adcd92c,2018,6.9,7.0,SPGR_HR,HRRF,8,1
358df7d966a0aa56,2018,6.9,7.5,CONT_LR,FMLR,9,0
781d2a2399aff5ec,2018,6.7,10.0,CONT_LR,FMLR,9,0
96a1c1035b80bf19,2018,6.1,12.5,SPGR_HR,HRRF,10,1
e121b091df321a48,2018,7.2,14.0,SPGR_HR,HRRF,10,1
0b082ba526f84608,2018,6.0,10.0,SPGR_LR,FSLR,10,1
5460816829aac166,2018,4.0,10.0,SPGR_LR,FSLR,10,1
d696791631fd03ee,2018,6.9,8.5,SPGR_HR,HRRF,9,1
cd57cb32bfa94a05,2018,5.7,46.0,SPGR_HR,HRRF,9,1
6a1d823739909ae8,2018,4.3,8.5,SPGR_HR,HRRF,9,0
065c0cb05d35eb40,2018,3.4,8.5,SPGR_HR,HRRF,9,1
e3bda351e976b45a,2018,14.5,9.0,SPGR_HR,HRRF,10,1
66b8ebdad7d06039,2018,14.0,8.5,SPGR_HR,HRRF,10,1
7356dffbf936aed8,2018,23.7,18.0,SPGR_HR,HRRF,11,0
8be89725dd7fb984,2018,20.7,11.0,SPGR_HR,HRRF,11,1
99cc9478f21bf050,2018,8.8,13.5,SPGR_HR,HRRF,11,1
10d025d52c27a0a2,2018,9.1,13.5,SPGR_HR,HRRF,11,1
d06811b068e8c926,2018,8.7,11.0,SPGR_HR,HRRF,11,0
5b4725a9e38b65d0,2018,7.2,19.0,SPGR_HR,HRRF,11,0
8b9a00c23ec2a791,2018,14.6,13.5,SPGR_LR,FMLR,11,1
51e06dd6e4280216,2018,14.0,17.0,SPGR_LR,FMLR,11,1
4ccbef0471c66fa0,2018,20.1,15.0,SPGR_HR,HRRF,11,1
615dea98590b9ab1,2018,19.5,20.0,SPGR_HR,HRRF,11,1
461df4f2b1dc81cb,2018,6.0,15.0,ISOL_HR,OFPR,11,0
6146e47a9c9d924c,2018,14.7,7.5,SPGR_HR,HRRF,11,1
d44bc04838fe0c49,2018,10.7,9.0,SPGR_HR,HRRF,11,1
1492711ccbf0590a,2018,6.7,12.0,CONT_MR,FMLR,11,0
9982bf7e048cfb97,2018,6.6,12.0,CONT_MR,FMLR,11,0
0e4e7eeae35929bd,2018,9.3,12.0,SPGR_LR,FMLR,11,1
c48b2cbf3d881af2,2018,9.5,12.5,SPGR_LR,FMLR,11,1
467033f25ef5cb94,2018,7.5,13.5,SPGR_LR,FMLR,11,1
37fd83372d101978,2018,10.1,11.0,SPGR_LR,FMLR,11,1
f8a4f1a5117f8811,2018,2.3,12.0,SPGR_LR,FSLR,11,1
7ce5759f942dc25c,2018,2.9,14.0,SPGR_LR,FSLR,11,1
cf2ac6b995170346,2018,5.1,11.0,SPGR_LR,FSLR,11,1
f3f6086642a283f6,2018,4.6,12.0,SPGR_LR,FSLR,11,1
a0258fc084bc1302,2018,17.7,12.5,SPGR_LR,FDLR,11,1
74dbde12ffdb0e0d,2018,23.5,18.0,SPGR_LR,FDLR,11,1
206c1b4e5e0b0c5a,2018,4.0,21.0,SPGR_HR,HRRF,11,1
58bdd22ca1c9ddc8,2018,5.4,16.5,SPGR_HR,HRRF,11,1
46b59bc66ecb4cd3,2018,6.9,10.0,SPGR_HR,HRRF,12,1
70295a6015726692,2018,7.8,8.5,SPGR_HR,HRRF,12,1
9d98b7db310f3228,2018,20.7,11.0,SPGR_LR,FDLR,12,1
c1bae42749da30fb,2018,23.1,13.5,SPGR_LR,FDLR,12,1
c6985b6065d02dee,2018,12.2,11.0,SPGR_LR,FMLR,12,0
fd614cbf54dcf3a4,2018,13.1,10.5,SPGR_LR,FMLR,12,1
b5c22d51d2e84a5a,2018,16.0,9.0,SPGR_LR,FMLR,12,1
8f1aac4634826510,2018,15.3,11.0,SPGR_LR,FMLR,12,0
71b20c1b55507135,2018,2.6,20.0,CONT_LR,FSLR,12,1
3561e1b3471dac84,2018,3.1,12.5,CONT_LR,FSLR,12,1
414b9c739e1f37d1,2018,5.1,6.5,SPGR_LR,FSLR,8,1
a89bea058f1e1df3,2018,6.0,5.5,SPGR_LR,FSLR,8,0
12e3b28e039f01a5,2018,10.4,7.0,SPGR_LR,FMLR,8,1
0e49a406394451b8,2018,10.6,7.5,SPGR_LR,FMLR,8,1
0d64ed85c3c689cb,2018,10.6,7.0,SPGR_LR,FMLR,8,1
ab4f102b83151c41,2018,10.9,5.5,SPGR_LR,FMLR,8,1
2f59fb8d3f348c51,2018,11.6,11.5,CONT_MR,FMLR,8,1
470b5a039bda6a50,2018,14.5,9.5,CONT_MR,FMLR,8,1
7cc6cd6df0d5c14f,2018,14.8,5.5,SPGR_LR,FMLR,8,1
cff6158e4f4dd875,2018,17.3,5.0,SPGR_LR,FMLR,8,1
af0abf3e75349177,2018,11.9,6.5,SPGR_HR,HRRF,8,1
1ab8658702ac393d,2018,10.4,7.5,SPGR_HR,HRRF,8,1
f5f8302993c50d2d,2018,19.2,7.5,SPGR_LR,FDLR,8,1
9ccb4787c359b99c,2018,17.7,7.5,SPGR_LR,FDLR,8,1
899e79241f5a2f55,2018,19.2,6.0,SPGR_LR,FDLR,8,0
0c919f2b13cfc497,2018,16.8,8.0,SPGR_LR,FDLR,8,1
aadd0f414729e0f7,2018,16.2,6.5,SPGR_HR,HRRF,8,1
f456f807496d4aed,2018,17.1,6.0,SPGR_HR,HRRF,8,1
89180776354d3d2b,2018,5.1,9.0,SPGR_LR,FSLR,8,1
33f0b4de397db975,2018,5.7,6.5,SPGR_LR,FSLR,8,1
883c99e701541ef6,2018,20.6,4.0,SPGR_HR,HRRF,8,1
f5b4816e9f0e2b1a,2018,18.9,4.0,SPGR_HR,HRRF,8,1
83ceadf28b1b574b,2018,4.9,9.0,SPGR_HR,HRRF,8,1
d1321a6eae92016f,2018,6.3,8.5,SPGR_HR,HRRF,8,1
5ae6bfdf08530597,2018,3.4,9.0,SPGR_HR,HRRF,8,1
6d5f28ac8d54673c,2018,5.7,6.5,SPGR_HR,HRRF,8,1
4055343bf838a2e4,2018,7.8,5.5,ISOL_LR,FMLR,8,0
0a70b2717bfac534,2018,7.2,5.5,ISOL_LR,FMLR,8,0
a1f17198967c355c,2018,20.4,5.0,SPGR_HR,HRRF,8,1
531e437dad1ca2aa,2018,20.3,5.5,SPGR_HR,HRRF,8,1
6f4fef69805b5299,2018,10.3,7.0,SPGR_LR,FMLR,9,0
f9f8c61464aad69a,2018,8.7,5.5,SPGR_LR,FMLR,9,0
4f8f174360e94e8a,2018,8.5,11.5,SPGR_LR,FMLR,9,0
f64a70fb3c7c9cb3,2018,8.5,7.5,SPGR_LR,FMLR,9,1
12a0223a3781b6ed,2018,12.2,9.5,SPGR_LR,FMLR,9,0
254497790fc348ad,2018,12.2,12.0,SPGR_LR,FMLR,9,1
101c45002aab3880,2018,8.2,8.0,CONT_MR,FMLR,9,1
f540dfcef71154bd,2018,8.5,7.0,CONT_MR,FMLR,9,0
f80d991e5af5bcc3,2018,14.2,10.0,SPGR_LR,FMLR,9,1
201f5a781bbd31f9,2018,13.3,8.0,SPGR_LR,FMLR,9,1
a9304ec6697a84f5,2018,9.0,13.5,CONT_LR,FMLR,9,0
d35dc9c8b428c4b9,2018,9.1,9.5,CONT_LR,FMLR,9,0
d7750626021790af,2018,12.2,10.0,SPGR_LR,FMLR,9,1
48a5a9ef997838bb,2018,11.6,8.0,SPGR_LR,FMLR,9,0
46f27a0e19a9e295,2018,14.3,12.0,SPGR_LR,FMLR,9,1
3353a2ef22f40e98,2018,13.3,7.0,SPGR_LR,FMLR,9,1
5817fb811da0de48,2018,8.1,10.0,ISOL_LR,FMLR,9,0
94efd4b8e6e793d6,2018,8.5,13.5,ISOL_LR,FMLR,9,0
12e7bf96afa5a6aa,2018,6.7,12.5,SPGR_HR,HRRF,10,0
30e8b95cd86d5173,2018,7.3,11.0,SPGR_HR,HRRF,10,1
9acc5546d516cdf3,2018,13.1,13.0,SPGR_LR,FMLR,10,0
97c8a09b4f806769,2018,11.9,12.0,SPGR_LR,FMLR,10,0
a8348bf458fc1c4f,2018,26.1,12.5,SPGR_HR,HRRF,10,1
fae4d602c3501d34,2018,24.7,15.0,SPGR_HR,HRRF,10,1
d82ba5addf20719d,2018,23.5,12.5,SPGR_HR,HRRF,10,1
40746198af5fc9f1,2018,26.2,13.0,SPGR_HR,HRRF,10,1
bcb8a8edc8f47dde,2018,9.3,12.5,SPGR_LR,FMLR,10,0
6dd40fc193a10cef,2018,9.0,16.5,SPGR_LR,FMLR,10,0
d74d135134b565b2,2018,11.5,10.7,SPGR_LR,FMLR,10,0
fabbd072a74209dd,2018,18.2,11.5,SPGR_LR,FMLR,10,1
1a2e3169c6647b2c,2018,19.5,11.5,SPGR_LR,FMLR,10,1
a64fdcbe9930d6e6,2018,14.9,9.5,SPGR_LR,FMLR,10,1
e2ec257fa5aa812d,2018,13.9,10.0,SPGR_LR,FMLR,10,0
640dd1d3503a2d88,2018,6.7,11.5,CONT_LR,FMLR,9,0
58481a3f82826983,2018,6.9,12.5,CONT_LR,FMLR,9,0
88a24e8859107836,2018,9.1,7.5,CONT_MR,FMLR,9,0
e186adad395f408a,2018,9.2,11.0,CONT_MR,FMLR,9,1
7ee6f2febb0181dc,2018,8.5,6.0,SPGR_LR,FMLR,9,1
79c0484f3f9a5cca,2018,7.5,6.0,SPGR_LR,FMLR,9,1
119ac5c499f3bcb1,2018,13.1,6.0,SPGR_LR,FMLR,9,1
69216e3ffac57b19,2018,13.4,8.0,SPGR_LR,FMLR,9,1
463eb9b84ad3e9d7,2018,11.3,12.5,SPGR_HR,HRRF,10,1
7923332c13ed4525,2018,11.8,11.0,SPGR_HR,HRRF,10,1
65e415e0c8ccf102,2018,12.1,11.0,SPGR_LR,FMLR,10,1
65f339aef240d13a,2018,11.9,11.0,SPGR_LR,FMLR,10,1
450b18778ba11b88,2018,7.8,11.5,SPGR_LR,FMLR,10,0
a399ccf0c2227bb6,2018,7.5,11.5,SPGR_LR,FMLR,10,0
701f7b5891f5e5b7,2018,7.8,15.0,SPGR_LR,FMLR,11,1
c51c3936f0bf02e3,2018,7.0,18.5,SPGR_LR,FMLR,11,1
99ee0a0f8030b6dc,2018,13.3,7.0,SPGR_LR,FMLR,11,1
71884add0f9bd943,2018,12.8,8.0,SPGR_LR,FMLR,11,1
51e8627cbfd35d1d,2018,14.8,11.5,SPGR_LR,FMLR,11,0
d1c204f4be34ec16,2018,15.7,12.5,SPGR_LR,FMLR,11,0
f09a323032a68e67,2018,21.5,7.5,SPGR_LR,FMLR,11,1
e85334286b16df9b,2018,21.2,7.5,SPGR_LR,FMLR,11,0
bc6f4ab649b212d5,2018,6.3,13.5,SPGR_HR,HRRF,11,1
3e38e388d74db03e,2018,6.3,12.5,SPGR_HR,HRRF,11,1
ddeae1044ec9d239,2018,14.3,14.5,SPGR_HR,HRRF,11,1
40795a2aa92a7d50,2018,13.3,18.0,SPGR_HR,HRRF,11,1
9c0bf923a74606df,2018,22.3,12.5,SPGR_HR,HRRF,11,1
e125db3846e35e99,2018,21.7,14.0,SPGR_HR,HRRF,11,1
4dfad30f5fc472b1,2018,12.2,8.5,SPGR_LR,FMLR,12,1
95c3dd401c4dcdbc,2018,13.6,7.0,SPGR_LR,FMLR,12,0
5cf5fb9a008d3853,2018,7.5,8.0,CONT_MR,FMLR,12,1
bbedadc9cb1682ae,2018,6.4,7.0,CONT_MR,FMLR,12,1
e4b7b0ae38a7f49b,2018,9.2,9.0,CONT_LR,FMLR,12,1
a438bee9bf841f87,2018,8.4,9.0,CONT_LR,FMLR,12,1
4c4b99176e15b084,2018,12.8,15.0,SPGR_LR,FMLR,12,0
f542b48a9691e519,2018,13.4,11.0,SPGR_LR,FMLR,12,1
ba693214e2d59a2a,2018,7.2,6.5,CONT_MR,FMLR,12,0
caa62d3164027599,2018,6.1,10.0,CONT_MR,FMLR,12,1
ca3fe2ba07a0ef57,2018,19.8,10.0,SPGR_LR,FDLR,12,1
033ff6fa1ee84fe3,2018,19.5,10.0,SPGR_LR,FDLR,12,1
99602e8c6e51ccff,2018,4.9,11.0,SPGR_LR,FSLR,12,0
744ec9db4b38a824,2018,5.4,10.0,SPGR_LR,FSLR,12,0
c2c2d7e01c281e73,2018,16.7,5.0,SPGR_LR,FMLR,8,1
9c4f7f2f69765a3f,2018,15.9,6.0,SPGR_LR,FMLR,8,1
51014d6a3f9638e7,2018,19.4,9.0,CONT_MR,FDLR,8,1
d1b412e4e5399ee6,2018,20.8,7.5,CONT_MR,FDLR,8,1
011fdf6ac199877a,2018,18.8,6.5,SPGR_LR,FDLR,8,1
79d448a08068a61a,2018,19.2,7.0,SPGR_LR,FDLR,8,1
fee7c7054a7c513d,2018,26.2,6.0,CONT_MR,FDLR,8,1
923c58ed7102c257,2018,25.9,6.0,CONT_MR,FDLR,8,1
bdd9677333dc8e4c,2018,20.9,7.5,SPGR_LR,FDLR,8,1
696c24a023280c86,2018,20.6,6.0,SPGR_LR,FDLR,8,1
bc608429920148c9,2018,18.9,10.0,CONT_MR,FDLR,8,1
fc28c40520742c69,2018,22.9,7.0,CONT_MR,FDLR,8,0
54a7cf942254d658,2018,20.3,7.5,CONT_HR,FDLR,8,0
051eef8e0014948b,2018,23.8,7.0,CONT_HR,FDLR,8,1
535de1af034a77f5,2018,15.7,4.0,CONT_MR,FMLR,8,1
b658c2275220453f,2018,15.8,4.0,CONT_MR,FMLR,8,1
e7e95e1afd9090d9,2018,23.2,7.0,CONT_LR,FDLR,8,0
e52d5af5459b30b8,2018,25.2,7.5,CONT_LR,FDLR,8,0
9f6204e1d800d74b,2018,7.0,7.5,SPGR_LR,FMLR,8,1
1a9831d4f8a8cf2a,2018,6.9,7.0,SPGR_LR,FMLR,8,1
6ae519ad667cebd9,2018,18.6,4.0,CONT_LR,FDLR,8,0
577e1ec790d1ca68,2018,17.9,4.0,CONT_LR,FDLR,8,0
4bee20191ed1e6ea,2018,18.5,5.5,SPGR_HR,HRRF,8,1
9683bb68fd8252b8,2018,21.2,5.0,SPGR_HR,HRRF,8,1
20aa10583c77567a,2018,25.3,6.5,SPGR_HR,HRRF,9,1
4006f0f7a1f8ee90,2018,27.0,6.5,SPGR_HR,HRRF,9,1
8f589f84963bfe73,2018,18.0,9.0,SPGR_LR,FMLR,9,0
6c0620027ba40faf,2018,17.6,6.0,SPGR_LR,FMLR,9,1
acbf71ea85da2b0a,2018,29.5,5.5,SPGR_HR,HRRF,9,1
fc7bbff1fb2b76b9,2018,30.8,5.5,SPGR_HR,HRRF,9,1
c8ff2af82ca66316,2018,24.0,5.0,SPGR_HR,HRRF,9,1
e0ff8c72852838ca,2018,24.7,6.0,SPGR_HR,HRRF,9,1
14ab55f3aaa9ab9a,2018,19.2,13.0,SPGR_HR,HRRF,10,1
d660ca31134e975c,2018,19.2,15.0,SPGR_HR,HRRF,10,1
ddb1bf05af5bd257,2018,20.9,10.0,SPGR_HR,HRRF,10,1
f6f79001e11e69f1,2018,18.6,8.5,SPGR_HR,HRRF,10,1
3376ac60c31840bc,2018,20.3,15.0,SPGR_HR,HRRF,10,1
235c8d15592822de,2018,22.3,12.5,SPGR_HR,HRRF,10,1
78279bba4396bdaa,2018,22.3,7.5,SPGR_LR,FDLR,11,1
208bf6f93992985c,2018,22.6,8.5,SPGR_LR,FDLR,11,0
b4dd3fc6421ca6ca,2018,24.6,12.5,SPGR_HR,HRRF,11,1
3bba7b94be2fe949,2018,27.1,13.5,SPGR_HR,HRRF,11,1
57d93eaedbaeb0b8,2018,18.2,18.0,SPGR_HR,HRRF,11,1
242be8c3c46b9a3e,2018,18.6,15.0,SPGR_HR,HRRF,11,1
38228696861a8321,2018,25.9,20.0,SPGR_HR,HRRF,11,1
363aa7dccc2beb99,2018,25.8,12.5,SPGR_HR,HRRF,11,1
c07b712e135414b2,2018,26.8,12.0,CONT_MR,FDLR,11,0
5151c4ce7c39716d,2018,26.8,16.5,CONT_MR,FDLR,11,1
0f388d5136c2f3f7,2018,22.1,18.0,SPGR_LR,FDLR,11,1
c90fda37497eedc4,2018,20.0,10.0,SPGR_LR,FDLR,11,1
f1ac5903c9003c90,2018,16.7,13.0,SPGR_HR,HRRF,12,1
0e3ec0db45cde8e8,2018,17.6,22.5,SPGR_HR,HRRF,12,1
8f51b58caa3ea9a2,2018,17.4,12.5,ISOL_MR,FMLR,12,1
c28d4f3905904e32,2018,14.0,25.0,ISOL_MR,FMLR,12,1
1bf10eff5c84b56a,2018,19.7,10.5,SPGR_LR,FDLR,12,1
ee605a648ab82beb,2018,20.0,11.0,SPGR_LR,FDLR,12,1
e44994cff5c3d556,2018,23.4,7.0,CONT_MR,FDLR,12,1
1302f19516431781,2018,28.8,6.0,CONT_MR,FDLR,12,0
e174710943c0bde5,2018,4.4,10.3,ISOL_LR,INPR,10,1
69ebd4906e2494d3,2018,3.2,5.5,ISOL_MR,INPR,12,0
2c18edca19f51ab9,2018,3.1,7.0,ISOL_MR,INPR,12,0
13ce38dae817d0ed,2018,8.5,5.0,ISOL_MR,MCPR,8,1
6072a74f7bd24281,2018,8.5,5.5,ISOL_MR,MCPR,8,1
3a90b1370fdb3298,2018,7.0,8.0,ISOL_MR,MCPR,8,1
8af6bfab644041dd,2018,6.4,7.0,ISOL_MR,MCPR,8,1
9e7743be9028fbb5,2018,3.1,4.5,ISOL_MR,MCPR,8,0
36e433b2fd1065f7,2018,3.4,4.5,ISOL_MR,MCPR,8,0
a8d4c29eccc72dce,2018,8.7,4.5,ISOL_LR,MCPR,8,1
0f5bae07b6539d7a,2018,9.1,5.0,ISOL_LR,MCPR,8,0
5d8fe3f5594531ca,2018,4.9,5.5,ISOL_LR,MCPR,8,1
c0d2efd03f38b871,2018,5.7,7.0,ISOL_LR,MCPR,8,1
85207f2510545abd,2018,10.0,5.0,ISOL_MR,MCPR,8,1
72a7e0cd579c9222,2018,9.6,6.0,ISOL_MR,MCPR,8,0
e846dbf373517d76,2018,8.4,5.5,ISOL_LR,MCPR,9,1
a21f5989bee9bd0d,2018,9.3,5.5,ISOL_LR,MCPR,9,0
c621dda27b0f78d9,2018,8.4,6.0,ISOL_LR,MCPR,9,0
00f9864a3b55575e,2018,9.1,5.0,ISOL_LR,MCPR,9,1
caa3b0f597b65203,2018,6.0,10.0,ISOL_MR,MCPR,9,1
55d7883e20800ef6,2018,5.1,8.0,ISOL_MR,MCPR,9,1
4d5455774f54aa15,2018,5.4,7.5,ISOL_LR,MCPR,10,0
219e53bf21eeff7c,2018,5.7,9.5,ISOL_MR,MCPR,10,0
68b991fd6759fb13,2018,2.6,10.0,ISOL_MR,MCPR,11,1
683bb7d397b3f9f3,2018,1.8,9.0,ISOL_MR,MCPR,11,0
48bf0a67bba439b8,2018,2.1,10.0,ISOL_LR,MCPR,11,0
5bbd657b50b704cf,2018,2.4,9.0,ISOL_LR,MCPR,11,0
0e48f76c1904ba77,2018,5.4,8.5,ISOL_MR,MCPR,12,0
30fe2a193ae78362,2018,5.4,9.0,ISOL_MR,MCPR,12,0
957c0291316c6d15,2018,7.5,9.0,ISOL_HR,MCPR,12,0
fa28d5c42bacb8cb,2018,5.7,10.0,ISOL_HR,MCPR,12,0
a8654ab4327ba4ed,2018,4.9,10.0,ISOL_LR,MCPR,12,0
74fcf6be24615935,2018,4.3,7.5,ISOL_LR,MCPR,12,0
87b8e7f12a7cd7e9,2018,2.3,8.5,ISOL_MR,MCPR,12,0
4cd035921ece3e79,2018,2.3,6.5,ISOL_MR,MCPR,12,1
8667cbc530694133,2018,4.5,9.0,ISOL_MR,MCPR,12,0
27e93826855bada0,2018,4.8,8.0,ISOL_MR,MCPR,12,0
429f6531379447cd,2018,8.1,7.5,ISOL_MR,MCPR,12,0
f7c572077d026a81,2018,8.2,8.5,ISOL_MR,MCPR,12,0
2101df535a63c781,2018,5.1,6.5,ISOL_MR,MCPR,12,0
27f45c86096cb18b,2018,4.9,7.0,ISOL_MR,MCPR,12,0
4733d97bf253673f,2018,3.5,7.5,ISOL_MR,MCPR,12,0
82f42ae12a7c85df,2018,4.0,5.5,ISOL_MR,MCPR,12,0
c771cf5494c7b307,2018,5.7,7.0,ISOL_MR,MCPR,12,1
020a64e71400a8b1,2018,6.1,6.5,ISOL_MR,MCPR,12,0
7ae04256f659fd81,2018,4.3,5.5,ISOL_MR,MCPR,12,0
8ca4e68bb1393131,2018,4.0,6.0,ISOL_MR,MCPR,12,0
720b67c80382c02c,2018,5.5,14.0,ISOL_LR,MCPR,12,0
3b0b4c2c09b4c481,2018,5.1,8.5,ISOL_LR,MCPR,12,0
8bcc6334f0c628ae,2018,5.1,5.5,ISOL_MR,MCPR,12,0
2c24d33f673a6c9c,2018,3.7,6.0,ISOL_MR,MCPR,12,1
c27b489aa0bd1136,2018,5.2,3.0,ISOL_MR,MCPR,12,0
c1cefa821cbc16c6,2018,2.9,5.0,ISOL_MR,MCPR,12,0
aedf16d2df13647d,2018,2.1,8.5,ISOL_LR,MCPR,12,0
bff2b3299747cd73,2018,1.8,7.5,ISOL_LR,MCPR,12,0
3fe28a17715eb6a6,2018,5.8,9.0,ISOL_MR,MCPR,12,0
db7bbec2d1314ba9,2018,7.0,10.0,ISOL_MR,MCPR,12,1
f7848a3d4dbe0853,2018,2.0,10.5,ISOL_MR,MCPR,12,0
3aa5d27d0f8c6406,2018,3.7,8.0,ISOL_MR,MCPR,12,0
8eaf677f29a35ea1,2018,4.1,14.5,ISOL_MR,MCPR,12,0
b87e383a90efe8d7,2018,4.5,9.0,ISOL_MR,MCPR,12,0
411d2e21c6b479ce,2018,7.3,7.5,ISOL_MR,MCPR,12,0
1805cec5f5c53c40,2018,7.6,10.0,ISOL_MR,MCPR,12,0
3e385401c1b44e40,2018,4.1,7.0,ISOL_MR,MCPR,12,1
52d4918041096f43,2018,3.5,5.0,ISOL_MR,MCPR,12,0
2e40379fe8298ddf,2018,3.7,9.5,ISOL_MR,MCPR,12,0
fff1752269c707e2,2018,4.9,8.0,ISOL_MR,MCPR,12,1
662027770ff44ce0,2018,4.2,8.5,ISOL_MR,MCPR,12,0
b982b33b59c089ad,2018,5.5,9.0,ISOL_MR,MCPR,12,0
14a196a4f4651e4c,2018,7.2,3.5,ISOL_HR,OFPR,8,1
3303698b66e67e99,2018,7.2,5.0,ISOL_HR,OFPR,8,1
627b5786efc60c0c,2018,8.2,4.0,ISOL_MR,OFPR,8,1
9818ca267ffa903d,2018,7.5,4.0,ISOL_MR,OFPR,8,1
51c42ff77d53bf98,2018,2.4,8.0,ISOL_LR,OFPR,11,0
3feba2e72ad140c1,2018,3.4,8.5,ISOL_LR,OFPR,11,0
37af26b8f7dac640,2018,5.5,11.5,ISOL_MR,OFPR,11,1
cbef6793310e8ef9,2018,5.5,10.5,ISOL_MR,OFPR,11,1
8a76a4453ac51680,2018,8.1,7.0,ISOL_LR,OFPR,12,0
421bd6e3294c3c44,2018,8.4,6.5,ISOL_LR,OFPR,12,0
32f0e9f7152ca4aa,2018,4.5,10.0,CONT_HR,OFPR,12,0
54b7d40a1a79a501,2018,4.2,10.0,CONT_HR,OFPR,12,1
a177a04c74976c99,2018,4.6,16.5,SPGR_HR,HRRF,11,0
cefcd67d556b9522,2018,3.7,14.0,SPGR_HR,HRRF,11,0
0dead7b05301f5b4,2018,4.6,14.5,SPGR_HR,HRRF,11,0
9e96e5b4cc602018,2018,4.0,15.0,SPGR_HR,HRRF,11,0
04bee5e324c44fb5,2018,8.1,14.0,SPGR_HR,HRRF,11,0
cc17b777c605919e,2018,9.1,17.5,SPGR_HR,HRRF,11,0
4493cc8f3caaf337,2018,3.4,8.0,ISOL_MR,FSLR,11,1
f7539ad51fce1349,2018,2.8,7.0,ISOL_MR,FSLR,11,1
bdfc257b8892ae8e,2018,4.0,11.0,CONT_MR,FSLR,12,1
60ae954364541f15,2018,4.0,14.0,CONT_MR,FSLR,12,1
02b7cd6282feec41,2018,2.6,10.0,CONT_LR,FSLR,12,0
de5fc49b57ed2675,2018,3.2,10.0,CONT_LR,FSLR,12,0
769ac5cc3a7f445c,2018,8.2,8.0,CONT_LR,FMLR,8,1
83c55f6561dee0ce,2018,8.2,6.5,CONT_LR,FMLR,8,1
9b3630bf60ca1966,2018,6.9,7.5,CONT_LR,FMLR,8,1
7b6583ad29c628c3,2018,6.6,9.0,CONT_LR,FMLR,8,0
059d6c1cefc3452a,2018,9.4,9.5,CONT_MR,FMLR,9,1
909dbd7515f46c85,2018,7.6,8.0,CONT_MR,FMLR,9,1
022bca31eea8d8c7,2018,9.0,5.5,CONT_LR,FMLR,9,1
f0aa5ef0b0b5e4f8,2018,9.1,4.0,CONT_LR,FMLR,9,1
274c8e193ae61e9e,2018,8.8,9.0,CONT_MR,FMLR,9,0
5e8f55f3f608d48e,2018,8.7,7.5,CONT_MR,FMLR,9,1
4e1cf41cc0f1e8a6,2018,7.9,11.5,CONT_LR,FMLR,9,0
33852875c8a27e80,2018,6.9,10.0,CONT_LR,FMLR,9,0
94f21f4960170f7a,2018,4.3,9.5,ISOL_HR,FSLR,9,0
29836566974cd071,2018,5.5,9.0,ISOL_HR,FSLR,9,1
b326adb8505c8747,2018,7.5,11.0,CONT_LR,FMLR,10,0
6d7a1b7ddde5a422,2018,7.9,10.0,CONT_LR,FMLR,10,0
4dcbf29db97789f1,2018,7.3,10.0,CONT_LR,FMLR,10,0
c143ca214ff883e3,2018,7.5,9.5,CONT_LR,FMLR,10,0
9080d5818fae24f0,2018,6.6,15.0,CONT_MR,FMLR,11,0
8b3c8a2f371faa75,2018,5.7,20.5,CONT_MR,FMLR,11,0
718a1ba486812d20,2018,7.2,13.0,ISOL_LR,FMLR,12,0
4ca4a838d5ee3751,2018,6.4,12.5,ISOL_HR,FMLR,12,0
8b6d08016263358c,2018,5.2,7.5,ISOL_MR,FSLR,12,1
d498c208a4408358,2018,5.7,7.5,ISOL_MR,FSLR,12,1
bd36d95a87937b47,2018,11.5,12.5,CONT_MR,FMLR,12,0
3145c1ebeda1725e,2018,11.3,11.0,CONT_MR,FMLR,12,0
8d9c158b606d3a6f,2018,8.5,12.0,CONT_MR,FMLR,12,0
335f4ffd4eece7cd,2018,6.0,15.0,CONT_MR,FMLR,12,0
52ec8c575a79db16,2018,8.8,11.5,CONT_LR,FMLR,9,0
ab15fa017277452f,2018,8.5,15.0,CONT_LR,FMLR,9,0
a8e4513656a6f138,2018,6.6,14.5,CONT_LR,FMLR,9,0
54ce15356c606d97,2018,8.1,7.5,CONT_LR,FMLR,9,0
05266b7ab701a212,2018,8.1,12.5,ISOL_LR,FMLR,11,1
3ded4f8bb7dd3f67,2018,8.8,15.0,ISOL_LR,FMLR,11,0
1b2301e88ca8a6ea,2018,2.4,7.0,RUBB_LR,FSLR,8,0
222ec3efda885d9b,2018,2.6,7.5,RUBB_LR,FSLR,8,0
693111df4bb1ec76,2018,8.5,8.0,SPGR_LR,FMLR,8,0
9905b339005de73a,2018,7.8,10.5,SPGR_LR,FMLR,8,0
ff3706cb82246b13,2018,6.7,10.5,SPGR_LR,FMLR,10,1
33f63a02796e1820,2018,5.4,13.0,SPGR_LR,FMLR,10,1
07fb430c46dc44e9,2018,7.0,10.0,SPGR_LR,FMLR,10,1
0db3123cdd615562,2018,8.8,10.0,SPGR_LR,FMLR,10,0
2492eefb77f92277,2018,5.5,9.5,CONT_MR,FSLR,12,1
508e5ece9fb1eea2,2018,4.3,8.5,CONT_MR,FSLR,12,1
e36b204475c8d506,2018,4.3,11.0,CONT_MR,FSLR,12,0
045176fb0cb55873,2018,4.9,10.5,CONT_MR,FSLR,12,0
35c78a805d32abf0,2018,2.6,12.0,RUBB_LR,FSLR,12,0
8e7038e7842cd4ff,2018,2.3,8.5,RUBB_LR,FSLR,12,0
87959adf6ee3d4a9,2018,12.8,5.5,SPGR_HR,HRRF,12,0
131d0af6dd76ea98,2018,12.8,5.5,SPGR_HR,HRRF,12,1
1971eab48ed06ede,2018,6.1,11.5,SPGR_LR,FMLR,12,1
e21b831902e98a91,2018,8.7,13.5,SPGR_LR,FMLR,12,1
117a23c178ddf91c,2018,11.3,4.0,SPGR_LR,FMLR,8,0
32cb05ef20b152cb,2018,11.5,4.0,SPGR_LR,FMLR,8,1
bed827317eb9d674,2018,6.4,10.0,SPGR_HR,HRRF,8,1
2688b2790dcec3e6,2018,4.2,17.5,SPGR_HR,HRRF,8,1
2f9c994b3839a23c,2018,13.0,5.5,SPGR_LR,FMLR,9,1
97206a204296ac28,2018,14.0,5.5,SPGR_LR,FMLR,9,1
d6a7e16557891240,2018,8.3,12.5,CONT_MR,FMLR,9,0
455740fca82e71c0,2018,9.1,10.5,CONT_MR,FMLR,9,0
190ccabbd5037574,2018,11.5,10.0,SPGR_LR,FMLR,12,1
08c634ea8270c6ce,2018,10.3,9.0,SPGR_LR,FMLR,12,1
9815915f8ab0ba1b,2018,9.5,9.5,CONT_HR,FMLR,12,1
73349f234e18e3cf,2018,8.1,8.0,CONT_HR,FMLR,12,1
ec6bcb15f6305513,2018,8.9,6.5,SPGR_LR,FMLR,12,1
7a0a7c1712b1f526,2018,8.7,7.0,SPGR_LR,FMLR,12,1
b67737d0c4127811,2018,8.1,6.0,ISOL_LR,FMLR,12,0
48cf8c32238bfb64,2018,8.2,6.5,ISOL_LR,FMLR,12,0
e7de47d88ec6e900,2018,6.1,10.0,SPGR_LR,FMLR,12,1
7279471eebc92c66,2018,6.4,10.0,SPGR_LR,FMLR,12,1
029b8f8c7b90fec5,2018,9.3,15.0,SPGR_LR,FMLR,12,0
476b775e2d1dd7bf,2018,9.5,10.5,SPGR_LR,FMLR,12,1
5a6db20bcc1256e3,2018,15.5,4.5,CONT_MR,FMLR,8,1
6791a35335bde141,2018,18.2,4.5,CONT_MR,FMLR,8,1
6f61108615a3e283,2018,14.8,6.0,SPGR_HR,HRRF,9,1
13c5fed10d5609c0,2018,15.1,6.0,SPGR_HR,HRRF,9,1
29c4b39e03b81d4e,2018,20.7,5.0,SPGR_HR,HRRF,9,1
fbcfe926b3dbbd91,2018,20.1,5.5,SPGR_HR,HRRF,9,1
c68d21af36e82a5f,2018,18.3,13.0,SPGR_HR,HRRF,11,1
8e4cebb5623ad88e,2018,18.5,19.0,SPGR_HR,HRRF,11,1
65b9d7286bfebe46,2018,19.8,7.0,SPGR_LR,FDLR,12,1
214bdee6f683a531,2018,17.0,6.5,SPGR_LR,FDLR,12,1
f442ef878d93b52a,2018,17.3,25.0,SPGR_HR,HRRF,12,1
f10cc218fbe21e94,2018,16.7,14.0,SPGR_HR,HRRF,12,1
2ed9052326041ed6,2018,15.4,14.0,SPGR_LR,FMLR,12,1
7d943040f3703ad4,2018,14.3,14.5,SPGR_LR,FMLR,12,1
8181aba9211466f9,2022,5.0292,7.5,ISOL_LR,S01,8,0
afb920f44522a592,2022,4.4196,8.0,CONT_LR,S01,9,0
773b9e293cd3f4ca,2022,1.8288,13.5,ISOL_LR,S01,9,0
861a1d912a91f651,2022,3.5052,5.0,ISOL_LR,S01,10,0
14195ef983375e86,2022,8.382,10.0,ISOL_LR,S01,12,0
077dc24079d6439e,2022,8.5344,9.5,CONT_MR,S01,12,0
ff161d82b1e2cd5b,2022,7.0104,7.0,ISOL_MR,S02,9,0
c94eaf3c19e8b787,2022,5.6388,6.5,ISOL_HR,S03,10,0
b5184680879783cc,2022,2.7432,5.0,ISOL_MR,S02,11,0
8ce7f15ccf81e2d7,2022,2.4384,7.0,ISOL_HR,S03,11,0
8dadab3e8e126e3e,2022,3.048,6.0,ISOL_MR,S03,11,0
b9ebad6f8d4eb654,2022,3.5052,6.5,ISOL_MR,S02,11,0
d10878c04b2d207f,2022,4.7244,13.5,ISOL_MR,S05,12,0
20ac1f3a4c710c0c,2022,8.8392,6.5,ISOL_LR,S02,12,0
94c3667c370fb2ed,2022,1.6764,8.0,ISOL_MR,S03,12,0
79396680e5fbc6ce,2022,4.572,5.5,ISOL_HR,S03,12,0
b2b99fa94396aa2f,2022,7.62,17.5,ISOL_MR,S03,12,0
c98ab4216095a5e2,2022,3.9624,12.0,ISOL_MR,S03,12,0
2cd39c2a12bd5f98,2022,6.4008,5.5,ISOL_HR,S03,12,0
587a41847dc2c07b,2022,3.81,5.5,ISOL_MR,S03,12,0
e0888569421514dd,2022,3.5052,18.0,ISOL_MR,S03,12,0
eed893c66cb66363,2022,7.3152,11.5,ISOL_HR,S03,12,0
4732642332a4d131,2022,8.382,5.0,ISOL_HR,S06,8,1
43e7be9f4e022ecb,2022,6.5532,6.0,ISOL_HR,S03,8,1
cd689749130e88e6,2022,4.7244,6.0,CONT_MR,S03,9,0
42c2123dab527e1c,2022,3.5052,8.0,ISOL_MR,S02,9,0
a6578fc68b9674e5,2022,2.286,5.0,ISOL_HR,S03,11,1
c16df53fd4920073,2022,3.2004,5.5,ISOL_HR,S03,11,0
e8912ca9f1b8fe68,2022,5.1816,8.5,ISOL_HR,S03,12,0
64f0ea1b6b175fb7,2022,6.4008,8.5,ISOL_HR,S03,12,0
8637f5d8ee2f8342,2022,7.4676,5.5,CONT_HR,S03,8,1
67169b748cdb9554,2022,7.3152,7.5,ISOL_MR,S05,8,1
f4dc06ec222ee599,2022,8.5344,5.0,ISOL_MR,S03,8,1
7ac235397a956269,2022,8.6868,7.5,ISOL_HR,S03,8,0
5ac170275de31329,2022,6.2484,6.0,ISOL_HR,S03,8,0
8d7f58795d2a7099,2022,5.4864,5.5,ISOL_HR,S03,8,1
93e470c9c41aa58b,2022,5.4864,5.0,ISOL_HR,S03,8,1
75ec1cfdcaf2bfbf,2022,7.9248,5.0,ISOL_HR,S03,8,0
47d8c210cae2c38f,2022,9.906,5.0,ISOL_HR,S03,8,1
fb6e30a85574bf52,2022,6.858,5.0,CONT_HR,S03,8,1
9482180391c28d43,2022,6.2484,6.5,CONT_HR,S03,8,1
0414bc5cc77848d1,2022,5.7912,5.5,CONT_MR,S03,8,1
572348d903565f7d,2022,6.5532,5.0,ISOL_HR,S03,8,1
5a4c4ddc1a903aa7,2022,5.9436,6.0,ISOL_HR,S03,8,0
8c72df13d24873be,2022,7.7724,5.0,ISOL_MR,S02,9,0
bae1c206d9c267de,2022,7.9248,8.5,ISOL_MR,S03,9,0
ff3fea183c5911ec,2022,6.5532,5.0,ISOL_HR,S03,9,0
a7ea33763c94639d,2022,5.334,5.5,ISOL_LR,S02,10,0
87a9529b7fda2b3e,2022,2.8956,5.0,ISOL_MR,S03,11,0
ce468d05e02fb619,2022,2.286,5.0,ISOL_HR,S03,11,0
587f6aa134323c97,2022,5.4864,8.0,ISOL_HR,S03,12,0
0e45efbbd1caa087,2022,8.2296,7.0,ISOL_LR,S05,8,0
937868ce4d8be56a,2022,8.6868,5.5,CONT_MR,S05,8,0
cc8e5580aee2f42c,2022,5.7912,5.0,CONT_MR,S05,8,1
6c198e0426c7d5c2,2022,6.2484,5.0,RUBB_MR,S05,8,0
16556d26dead1c13,2022,9.7536,5.0,CONT_MR,S06,8,1
38e58a5743b8db78,2022,5.0292,5.5,CONT_HR,S06,8,1
3464cd477669e666,2022,7.1628,7.0,CONT_MR,S05,8,0
5003300a6e5773c2,2022,6.5532,5.0,CONT_MR,S06,8,1
f24d69f1cda351fa,2022,10.9728,6.0,CONT_HR,S09,8,0
ab9b8d4c0b927e72,2022,9.2964,7.5,CONT_MR,S05,9,0
348280d44ce3269c,2022,7.1628,12.0,ISOL_MR,S06,9,0
8c73cab7f39a12e2,2022,7.9248,7.0,CONT_LR,S05,9,0
8b8ca8632ec4ac6d,2022,9.906,7.5,CONT_HR,S06,9,0
fca32f845f55b682,2022,7.62,8.5,CONT_MR,S06,9,1
7aed07ae19d6e8ec,2022,7.1628,6.5,CONT_MR,S05,9,0
cc3d9a4603fded0e,2022,8.382,10.0,CONT_LR,S05,9,0
6c67eb93d2011369,2022,9.2964,8.0,CONT_MR,S05,9,0
420bf04e752ef49b,2022,5.9436,6.5,ISOL_MR,S06,10,0
f12366046b6bcf67,2022,8.9916,11.5,ISOL_MR,S05,10,0
08a25840180f9f13,2022,6.5532,13.5,RUBB_LR,S05,10,0
86276eeb7688a327,2022,5.9436,7.5,ISOL_HR,S06,10,0
085e11680c86dad1,2022,5.9436,14.0,CONT_MR,S06,10,0
75e9169cf35aff93,2022,5.1816,11.0,ISOL_MR,S05,10,0
5ed8253f76e5e38d,2022,10.3632,11.5,CONT_LR,S05,10,0
43912a61aa175d99,2022,6.096,12.5,CONT_MR,S05,10,0
8d0c25003fff8be7,2022,6.7056,6.5,RUBB_LR,S05,10,0
183cf3005540559a,2022,9.144,16.0,CONT_LR,S05,10,0
d9977beb8b5f91ed,2022,6.858,17.5,ISOL_MR,S05,11,0
e3ed5928597e1f00,2022,7.0104,9.0,CONT_MR,S06,11,1
4485bf3bb26af89d,2022,6.096,7.0,ISOL_HR,S06,11,0
6211c4e1a01be6a9,2022,3.3528,12.5,ISOL_HR,S06,11,0
70a764103b92e632,2022,2.7432,5.5,ISOL_MR,S06,11,0
6f58fe46d3d8d98f,2022,3.9624,7.5,ISOL_MR,S06,11,0
d2b0c6b33432a3bc,2022,8.2296,13.0,CONT_MR,S05,11,1
4def4bb7d6746aed,2022,2.4384,8.5,ISOL_LR,S05,11,0
8ad8f7813cb147c9,2022,7.0104,17.5,CONT_MR,S05,11,0
90cfc9d204126790,2022,8.382,8.5,CONT_MR,S06,11,0
4e0bc785ca45c4f4,2022,8.5344,8.0,CONT_LR,S05,11,0
b641eda7ce22eaf2,2022,3.048,6.5,CONT_HR,S06,11,0
611eab50f29c1681,2022,4.8768,15.0,CONT_MR,S05,11,0
08311dda5169b9e3,2022,4.8768,11.5,ISOL_LR,S05,11,0
2648f07c6db8e521,2022,8.9916,10.0,CONT_LR,S05,11,0
7ad3803e574bc93d,2022,9.2964,12.5,CONT_HR,S06,11,1
d44332665240830c,2022,8.8392,13.5,CONT_MR,S05,11,1
dba304b498f738b7,2022,4.7244,7.0,ISOL_MR,S05,11,0
d5eb7e78c6f8ad92,2022,6.5532,16.5,RUBB_LR,S05,11,0
025f2fce309dda69,2022,3.81,8.5,ISOL_HR,S06,11,0
4f9f9f69093e1197,2022,10.8204,6.5,ISOL_MR,S06,11,0
c55897dc30149e84,2022,9.6012,7.5,CONT_MR,S05,11,0
5fd90fab728c1e25,2022,8.5344,7.0,ISOL_HR,S06,11,0
bbed02f68fe01b44,2022,4.4196,11.0,ISOL_HR,S06,11,1
9df35bcc95142d9d,2022,9.4488,14.0,ISOL_HR,S06,12,0
ad1d99fa9765127e,2022,9.4488,19.0,CONT_MR,S05,12,0
a73a295960f98ce2,2022,11.43,20.0,CONT_MR,S05,12,0
273fb039addfd1ea,2022,3.81,12.5,CONT_HR,S06,12,0
826285eb7400be5c,2022,4.1148,12.5,CONT_HR,S06,12,1
c05164e4c1a473f6,2022,8.2296,13.5,RUBB_LR,S05,12,1
4d0aa2303f186048,2022,9.144,18.0,CONT_MR,S05,12,1
5b6d1eb24eaac871,2022,10.3632,5.0,CONT_MR,S05,8,0
e0de61659365b2e8,2022,6.7056,7.5,CONT_MR,S05,8,0
ae476986bb6c5c26,2022,5.6388,5.0,CONT_LR,S05,8,0
39072de9f8433705,2022,8.382,5.5,SPGR_MR,S06,8,1
1eac4a6cd974ff5f,2022,6.5532,7.5,CONT_MR,S05,8,1
0793e879fb2f3632,2022,5.334,7.5,ISOL_HR,S06,9,0
28f86c0283466d4e,2022,8.0772,6.5,CONT_MR,S06,9,0
c1e3cef6e90aa3cc,2022,6.2484,13.0,CONT_MR,S06,10,1
1c2a7999c17b98e6,2022,16.1544,17.5,SPGR_HR,S09,10,1
bc95f531bc6643b4,2022,3.5052,9.0,ISOL_HR,S06,11,0
593f84e74eecda78,2022,3.048,11.0,ISOL_MR,S05,11,0
bd987f8fc405c24a,2022,4.2672,7.0,CONT_MR,S05,11,0
a02c82a5f6fa4d28,2022,8.2296,14.5,CONT_MR,S05,11,0
fdef7489a129fa69,2022,8.5344,7.5,CONT_MR,S05,11,1
ee5f409d73d5b2c9,2022,9.6012,9.0,SPGR_MR,S05,11,1
5eb573cd7a397c98,2022,10.0584,7.0,SPGR_HR,S06,11,1
3214775222bfccff,2022,5.6388,8.0,CONT_HR,S06,12,1
e64f8f9b659c2405,2022,5.0292,7.5,CONT_HR,S06,12,0
a93308f0375e7906,2022,6.2484,14.0,CONT_HR,S06,12,0
f173115f4146cebb,2022,7.4676,15.5,CONT_HR,S06,12,0
c0aa3d2cf4fc79e7,2022,10.9728,12.5,CONT_MR,S06,12,0
af515b6fff8413ee,2022,8.8392,6.0,SPGR_HR,S06,12,0
0f2e3111b8d1771d,2022,7.7724,14.0,CONT_HR,S06,12,1
b5e535f16b2dedb4,2022,10.9728,15.5,SPGR_HR,S06,12,1
6b59ef0d73ea0d1e,2022,8.5344,7.5,CONT_LR,S05,8,1
9812758a5654e56a,2022,9.4488,7.0,CONT_MR,S06,8,1
cb14d73d23e39b87,2022,10.5156,5.5,ISOL_MR,S06,8,1
f4e96685cece88fe,2022,9.906,5.0,ISOL_MR,S06,8,1
03957ff4716a2f7c,2022,7.4676,5.5,ISOL_LR,S05,8,0
92c20c5723fadf63,2022,7.9248,6.0,ISOL_MR,S05,9,0
d605a5aa9006531f,2022,6.2484,15.0,CONT_HR,S06,10,0
dc4cfd554271cc76,2022,10.8204,9.0,CONT_MR,S05,11,1
fdc295147fd1e78b,2022,7.3152,7.0,ISOL_HR,S06,11,1
d3f49d4f512bb268,2022,10.668,17.5,SPGR_MR,S06,12,1
c88ddcf0ae8e4787,2022,10.9728,6.0,ISOL_HR,S09,8,1
afdd561564bb1c37,2022,12.8016,24.5,CONT_LR,S08,8,0
02acf5f61f0589c8,2022,16.3068,7.0,CONT_HR,S09,8,1
83c8436b9ab5b62e,2022,15.3924,6.0,CONT_MR,S08,8,1
d9e413f21f5aa6a1,2022,17.0688,15.0,CONT_MR,S09,8,1
8c6a5aa79a4e09be,2022,9.7536,6.5,ISOL_HR,S06,8,1
672f0e9601dcbe8f,2022,11.2776,9.5,ISOL_LR,S08,8,0
c483040fd7185aa8,2022,11.1252,7.5,SPGR_HR,S09,9,0
15d061a6ca327427,2022,11.43,6.5,CONT_LR,S08,9,1
8bdc9b7b07c25e41,2022,11.5824,12.0,ISOL_MR,S08,9,1
078d9303edc7a749,2022,12.6492,14.0,SPGR_HR,S09,10,1
8ce48218691ffab8,2022,11.8872,9.0,SPGR_HR,S09,10,1
6f487539d665c601,2022,12.4968,10.0,CONT_MR,S09,11,0
e2563cee760befd5,2022,12.0396,15.0,ISOL_MR,S08,11,1
b2bff2cf9f6303a7,2022,12.954,6.5,CONT_MR,S09,11,0
8e21248258cfa86b,2022,14.1732,11.5,CONT_MR,S08,12,0
a2f1e90e00132801,2022,15.0876,6.5,CONT_MR,S09,12,0
4c4d7d2e901ffc43,2022,14.0208,7.5,CONT_LR,S08,12,0
fe25cd675241111e,2022,12.6492,19.0,CONT_MR,S08,12,0
bbe7620554bee7b6,2022,12.0396,8.5,ISOL_HR,S09,12,0
9644540452d9e6c3,2022,11.43,7.0,SPGR_HR,S09,8,1
1d64a473a3fefe03,2022,10.8204,13.0,SPGR_MR,S06,8,1
121b3d6eb438556d,2022,14.478,11.5,SPGR_HR,S09,8,1
0e7faecf807207e6,2022,11.1252,6.5,CONT_LR,S08,8,0
e898dc51916eb77c,2022,11.5824,6.0,CONT_MR,S09,9,1
9f2fdaf20e148a5d,2022,14.1732,12.0,CONT_MR,S09,9,0
449afbf901452ae1,2022,13.4112,14.5,SPGR_HR,S09,10,1
3dc9f8b545405842,2022,12.6492,13.0,SPGR_HR,S09,10,1
bc86e19e92b1aaaa,2022,11.7348,7.0,ISOL_HR,S09,11,0
c9f6e89283d704dc,2022,13.4112,15.5,SPGR_HR,S09,11,0
9d7f132c6d8a3ad2,2022,7.0104,15.0,CONT_HR,S06,12,1
0a2a5db28d5368d0,2022,11.1252,13.5,SPGR_HR,S09,12,0
f31d827d43b12e57,2022,12.6492,6.5,CONT_MR,S09,12,1
06e0f6649189248b,2022,15.3924,7.5,SPGR_MR,S09,8,0
a3a6515cf1105949,2022,10.668,5.0,ISOL_HR,S09,8,1
a955ab6d0ca392da,2022,16.9164,9.0,CONT_HR,S09,8,1
19cbb4ddf089e1a5,2022,8.382,5.0,ISOL_HR,S06,8,0
661d51ebd0a4eb6f,2022,11.1252,5.0,SPGR_HR,S09,8,1
e4db1a0d8aaec332,2022,15.3924,8.5,CONT_MR,S09,8,1
93b6e2612688b236,2022,21.1836,11.0,SPGR_HR,S09,8,0
b24cfcf0ae58a9f2,2022,22.4028,5.0,SPGR_HR,S09,8,1
7594f8c8f92c13c0,2022,13.716,5.0,CONT_MR,S08,8,1
1b9df6f9a51fd8c0,2022,10.0584,12.5,CONT_MR,S05,8,0
f0e1f258837a5867,2022,21.9456,5.0,CONT_HR,S09,8,1
2ce26579ede96e9f,2022,21.6408,6.0,CONT_HR,S09,8,0
9b8ca4dd37510a33,2022,18.5928,7.5,CONT_MR,S08,8,0
f177c4ea7c90af03,2022,16.3068,9.5,SPGR_HR,S09,8,1
0cd1a827de81fb9b,2022,13.1064,5.0,CONT_MR,S08,8,0
5c8397696adb6eec,2022,20.4216,9.0,CONT_HR,S09,8,0
4ee11d34cb5a7c56,2022,8.9916,8.0,CONT_LR,S05,8,0
8cd6f6d2f820d32d,2022,13.1064,5.0,CONT_MR,S08,8,1
0d012605cb0c38cd,2022,16.764,7.5,SPGR_HR,S09,9,1
ed5ce45bda51b331,2022,15.0876,4.5,SPGR_MR,S09,9,0
c95e865534a36254,2022,10.9728,10.5,SPGR_HR,S06,9,0
e68218f3fd782ccb,2022,10.9728,8.5,ISOL_LR,S08,9,0
860f97a7be24e35a,2022,13.1064,5.0,SPGR_MR,S09,9,0
21e4f7aa725a1045,2022,15.6972,8.0,CONT_HR,S09,9,0
7ec6a64fa61e17c7,2022,12.3444,9.0,SPGR_MR,S08,9,1
7c63e95d3994e6ad,2022,9.6012,6.0,CONT_HR,S06,9,0
ab2d94ed66e7d0be,2022,10.0584,11.0,SPGR_MR,S05,9,0
6b75d876d3f6a339,2022,15.24,8.0,CONT_HR,S09,9,0
689251ba216fe6f2,2022,17.9832,6.0,CONT_HR,S09,9,1
e062300407c2c28a,2022,16.6116,7.5,SPGR_MR,S09,9,1
0aedd8d4f1694dc8,2022,20.1168,6.5,CONT_HR,S09,9,0
48a9450057379b09,2022,13.1064,7.0,SPGR_HR,S09,9,1
121d50da00a8490f,2022,18.7452,11.0,SPGR_HR,S09,10,1
af53c1121fc7ab0d,2022,21.6408,9.0,SPGR_HR,S09,10,1
4dbf36b5be9444b9,2022,21.4884,15.0,SPGR_HR,S09,10,1
f899f3c1ac29ff1f,2022,18.288,12.5,SPGR_HR,S09,10,0
1c38c44fdab4321e,2022,16.4592,13.5,SPGR_HR,S09,10,0
e81dec5bb43f1d15,2022,15.24,14.0,CONT_LR,S08,11,0
0bf4dad7f5c30928,2022,12.192,14.0,CONT_MR,S09,11,0
f89b43d96df75c29,2022,16.1544,17.5,SPGR_HR,S09,11,0
2ccdee2a1d8b42a4,2022,18.4404,15.0,SPGR_HR,S09,11,0
b28b6d65d970d23b,2022,13.5636,9.0,ISOL_HR,S09,11,1
5378a61d2d0e681c,2022,14.0208,17.5,SPGR_HR,S09,11,1
35e9a53bca0de71d,2022,14.3256,16.0,CONT_MR,S09,11,0
5287c2939f4ab614,2022,12.8016,7.5,CONT_MR,S08,11,1
0ab346e0744dac1c,2022,19.6596,12.0,ISOL_HR,S09,11,1
63f4cb118b2e3cb1,2022,13.5636,7.0,SPGR_MR,S08,11,1
6863e738edb0e46a,2022,21.336,13.0,SPGR_HR,S11,11,0
4a74a8470fec276c,2022,14.6304,15.0,CONT_MR,S08,11,1
2500d341fa52e0fa,2022,26.3652,11.5,ISOL_HR,S11,11,1
d62fdf28da5a7dda,2022,12.192,7.5,ISOL_HR,S09,11,0
482c0026b1c025e3,2022,19.2024,7.0,SPGR_MR,S09,11,0
ccdd881c3afd065a,2022,17.2212,15.5,CONT_MR,S09,12,1
84d71def82391886,2022,16.9164,12.0,SPGR_HR,S09,12,0
9cfbc9fc9466596b,2022,26.2128,12.5,ISOL_HR,S11,12,0
68963f83c45f837e,2022,14.3256,8.5,CONT_HR,S09,12,0
2cdf381339aa8a75,2022,14.3256,11.0,SPGR_HR,S09,12,0
2d25995e1a9a12fe,2022,17.3736,9.0,CONT_HR,S09,12,1
37d13aaad7390bc3,2022,19.6596,15.0,ISOL_MR,S08,12,0
abd943e4f4ab2f73,2022,13.5636,6.0,SPGR_HR,S09,12,1
9120814876caaf2d,2022,21.6408,7.0,CONT_HR,S11,8,0
468773f28d0c1a1a,2022,21.7932,7.0,CONT_MR,S11,8,1
82ac7ec7400a5513,2022,23.0124,7.0,SPGR_HR,S11,8,1
68433bffa48a354c,2022,20.574,7.0,CONT_HR,S09,8,1
e801785660347409,2022,25.7556,8.5,CONT_HR,S11,8,1
803e55fee7afc591,2022,27.5844,9.0,CONT_HR,S11,8,1
bf3b0bf812cce62e,2022,16.4592,5.0,CONT_HR,S09,8,1
34565c03b00a40d2,2022,17.6784,8.0,CONT_HR,S09,8,1
480f59d75322ff94,2022,21.0312,10.0,CONT_HR,S11,8,1
be514c9441192180,2022,29.4132,8.0,CONT_HR,S11,9,0
6e3b9f0f11534337,2022,21.7932,5.0,CONT_HR,S11,9,1
311fce4a6f30d09e,2022,29.718,8.0,CONT_HR,S11,9,1
52e1c0ef4f79e878,2022,24.8412,14.5,CONT_HR,S11,9,1
ca3a0e76a2e672d2,2022,22.5552,6.5,SPGR_HR,S11,9,0
0fcc92b7e6b38566,2022,21.6408,9.5,SPGR_HR,S11,9,0
0f0e7be70105286e,2022,26.8224,10.0,SPGR_HR,S11,10,1
97eb6bcd175e719f,2022,22.4028,11.0,SPGR_HR,S11,10,1
e65596a3ed44dc04,2022,18.288,12.5,SPGR_HR,S09,10,1
fa412146e38c821b,2022,22.5552,18.5,SPGR_HR,S11,10,1
ffb34dd37c209419,2022,21.336,9.0,CONT_HR,S09,10,1
07c7ca8d29a8262e,2022,22.098,8.0,SPGR_HR,S11,11,0
102669b78a776c20,2022,24.2316,15.5,SPGR_HR,S11,11,1
544716d272a5ca7d,2022,27.5844,9.5,ISOL_HR,S11,11,0
827bc7090d05e35b,2022,29.8704,11.0,ISOL_HR,S11,11,0
0c37bf8fa31f7d43,2022,23.7744,16.5,SPGR_HR,S11,11,0
e3c0cf8259526e45,2022,25.908,15.0,SPGR_HR,S11,11,1
b95a7ab3f85cf34e,2022,29.4132,17.5,ISOL_HR,S11,11,1
cb50bb746cba33cc,2022,27.432,17.5,CONT_HR,S11,11,0
43f4af5b63462172,2022,21.4884,17.5,SPGR_HR,S11,11,1
555ecb858939add1,2022,28.194,9.0,SPGR_HR,S11,11,1
b37213eb31a9fcd7,2022,25.7556,12.0,ISOL_LR,S11,12,0
76ea398a4590ee9e,2022,26.67,15.0,ISOL_MR,S11,12,0
fa698b5648915b9d,2022,20.2692,10.0,ISOL_MR,S11,12,1
dcefda9e66955cf0,2022,24.384,11.5,CONT_LR,S11,12,0
119ffc8b137501fc,2022,19.812,11.0,SPGR_HR,S01,12,1
c6eb45dacbe1f9b8,2022,5.0292,7.5,ISOL_LR,S01,8,0
a53a3a702860efdb,2022,4.1148,7.5,ISOL_LR,S01,8,0
4ed987a17bfe2dd1,2022,3.6576,12.5,ISOL_HR,S01,8,0
20634fd82585a8cb,2022,5.0292,5.0,ISOL_HR,S03,10,0
bb4adb50ffb201ce,2022,6.7056,4.5,ISOL_LR,S02,10,0
db25c59660847350,2022,4.572,6.5,CONT_LR,S02,8,0
0a26d724b6991f71,2022,7.4676,5.0,CONT_MR,S02,8,1
7addaaa659e8c97d,2022,5.0292,6.5,ISOL_HR,S03,10,1
3ec465ca5b67429a,2022,5.334,5.5,ISOL_HR,S03,10,0
2872eeb2842ab229,2022,3.048,6.0,ISOL_HR,S03,10,1
a123f7c0079b0347,2022,4.7244,6.5,ISOL_HR,S03,10,0
067efad53e9570ea,2022,7.9248,5.0,ISOL_HR,S03,8,0
48f9e5401d93e511,2022,7.3152,6.0,CONT_HR,S03,8,1
d51364eca1ceb7a8,2022,6.4008,12.0,CONT_HR,S06,11,1
cb384b5264182f65,2022,5.7912,8.5,CONT_MR,S05,11,0
baae204b17207a15,2022,8.9916,13.5,RUBB_LR,S05,11,0
f88e37a562e39a16,2022,7.3152,6.5,RUBB_MR,S05,11,0
6849e2c026f6ee83,2022,6.4008,7.0,SPGR_HR,S06,11,0
b32f44a8bde7fbc6,2022,6.5532,7.0,ISOL_HR,S06,11,0
83f15c74b5751a07,2022,6.2484,6.0,SPGR_HR,S06,11,0
59088335c2fa61de,2022,4.4196,7.5,ISOL_MR,S06,11,0
f7d28cae714a99f2,2022,2.5908,7.5,RUBB_LR,S05,11,0
366fbce33847e30e,2022,4.1148,14.0,ISOL_HR,S06,11,1
379bda73449166c9,2022,1.9812,7.5,RUBB_LR,S05,11,0
63dd3d2a6d814fc0,2022,4.7244,10.0,RUBB_LR,S05,11,0
c92cf3f0a078ce37,2022,10.3632,17.5,CONT_MR,S06,10,1
820853df6404c1c0,2022,10.8204,12.5,CONT_MR,S05,10,0
39487f2818b5bdba,2022,7.62,13.5,CONT_HR,S06,10,1
8aff08c7f8e15a48,2022,10.8204,10.0,SPGR_MR,S05,10,1
86d59f24b19a3e70,2022,2.7432,11.5,RUBB_LR,S05,10,0
f7ffddbc2a40391a,2022,3.3528,19.5,RUBB_MR,S05,10,1
95c4e01c3ea91828,2022,6.7056,7.0,CONT_MR,S05,9,0
a2a6d06426b760da,2022,7.1628,7.0,CONT_MR,S06,9,0
218e852e085df5bf,2022,3.5052,5.5,CONT_HR,S06,9,0
d299a47d69993962,2022,3.9624,6.0,CONT_MR,S05,9,0
927a4a1426ce32a6,2022,4.8768,11.0,SPGR_HR,S06,9,0
b6e8bb454d839574,2022,6.7056,9.0,RUBB_LR,S05,9,0
0828c67d736b4f6e,2022,1.9812,7.5,RUBB_LR,S05,8,0
39977b60ab640b7e,2022,1.9812,6.5,RUBB_LR,S05,8,0
f7f78e02d989696d,2022,7.3152,7.5,ISOL_MR,S06,8,0
234dafaa4d976c02,2022,7.3152,6.5,ISOL_HR,S06,8,0
fa43a6e4b988e747,2022,2.286,8.5,RUBB_LR,S05,8,0
ae856156b0f7a70d,2022,6.096,8.0,RUBB_LR,S05,8,0
d1517d6265dbf489,2022,9.6012,5.0,ISOL_HR,S06,8,0
190a15b95e461fa7,2022,5.6388,10.0,ISOL_HR,S06,11,0
35a0b5006308b813,2022,7.3152,9.0,SPGR_HR,S06,11,0
7de3605d99aac32c,2022,6.2484,17.5,SPGR_HR,S06,11,1
d619e760b14e883b,2022,8.0772,15.0,CONT_HR,S06,11,1
9fba6686f3a369fd,2022,3.81,8.0,ISOL_HR,S06,11,0
a16ae19d9096e539,2022,4.4196,7.5,ISOL_HR,S06,11,0
ba99f39d08438cf1,2022,6.4008,7.0,ISOL_HR,S06,11,0
a6f8182b456465cf,2022,7.7724,7.0,CONT_HR,S06,11,0
4de29d5b9625bae8,2022,9.2964,6.0,SPGR_HR,S06,11,1
a9c95a0aeafee5c6,2022,8.2296,7.5,SPGR_HR,S06,11,1
15239d04911a82fe,2022,7.1628,10.0,CONT_HR,S06,11,0
198a528240c451b7,2022,6.858,10.5,SPGR_HR,S06,11,1
cded197ae6a4db1e,2022,6.096,15.5,CONT_MR,S06,10,0
28048ae6e33b5f8f,2022,9.7536,11.5,CONT_MR,S05,10,1
eba8020b8da04c34,2022,11.5824,17.0,SPGR_MR,S05,10,0
3b8dfbbfd75e4f9f,2022,5.334,15.0,CONT_MR,S06,10,0
82c6a3a973b06ed0,2022,7.7724,13.5,SPGR_MR,S05,10,1
f6e10544a8b2feb1,2022,6.7056,12.5,SPGR_MR,S05,10,0
29e27c77c33be27f,2022,5.6388,9.5,CONT_HR,S06,9,1
2b41d6acd585b8f2,2022,7.3152,10.0,CONT_MR,S05,9,0
cdc7bd7b922eb4e2,2022,5.0292,11.0,SPGR_HR,S06,9,1
ae9b3d74c500cf1c,2022,8.382,10.5,SPGR_HR,S06,8,0
e0ceb982efc2a70f,2022,4.1148,6.0,RUBB_LR,S05,8,0
7a7424e0e92fde58,2022,6.5532,5.5,ISOL_HR,S06,8,1
cf6ddc5dd87b797c,2022,5.9436,7.0,CONT_HR,S06,8,0
9a6f68a3271a1bdf,2022,9.144,8.5,SPGR_MR,S06,8,1
79d91643dad6c27f,2022,8.0772,5.0,CONT_MR,S06,8,0
a6efc4c51934a7a1,2022,8.0772,5.0,ISOL_HR,S06,8,1
a34836e64fe01904,2022,3.81,9.0,ISOL_HR,S06,11,0
e3151d1fd07b2a61,2022,12.6492,10.5,ISOL_HR,S09,11,0
c1f1faad8e049d24,2022,11.2776,6.0,SPGR_HR,S06,8,1
445e3390963daff6,2022,7.4676,9.5,CONT_MR,S06,8,0
94ed491b453b3616,2022,1.6764,11.5,CONT_LR,S05,8,0
1258980fb1d42b2b,2022,4.572,9.0,CONT_LR,S05,8,0
aae7ee93591dece3,2022,7.0104,6.0,ISOL_MR,S06,8,0
6138d03e8387215f,2022,9.4488,10.0,CONT_MR,S05,11,0
447bde8f59e973cd,2022,11.43,15.0,CONT_MR,S08,10,1
bf602e1d1ac590b7,2022,12.4968,16.0,SPGR_MR,S09,10,0
5bcb851c6f86562d,2022,13.8684,9.0,SPGR_MR,S09,10,1
657ca678b414c290,2022,14.478,10.5,SPGR_HR,S09,8,1
e66e5f3d4c6406ea,2022,7.7724,8.0,SPGR_HR,S06,8,1
107eb04f1a6394bf,2022,8.382,5.0,ISOL_HR,S06,8,1
b23083c9eee79724,2022,8.382,7.0,CONT_HR,S06,8,1
1af8ff4aef2b7633,2022,13.716,7.5,SPGR_HR,S09,11,1
0b4d6b9832139920,2022,10.3632,7.5,SPGR_HR,S06,11,1
6d7f955352767cff,2022,11.2776,9.0,CONT_MR,S05,11,0
4a13574f30b0918e,2022,18.4404,12.0,SPGR_HR,S09,11,1
8407912ceeadb5cb,2022,16.3068,14.0,SPGR_MR,S09,10,0
f338d60f8b828bef,2022,16.1544,10.0,SPGR_HR,S09,10,1
5cdb46a30f068eff,2022,12.954,7.0,SPGR_HR,S09,8,1
bf7abf409345bf19,2022,12.192,7.0,SPGR_HR,S09,8,0
603755884bc7c31c,2022,14.3256,8.0,CONT_HR,S09,11,0
413f89f403e0fb27,2022,12.954,9.5,SPGR_MR,S09,11,0
5f7aece74091c9f6,2022,19.812,7.5,SPGR_HR,S09,11,0
3fc0691eb7326fd8,2022,15.24,10.5,SPGR_HR,S09,11,1
97bd3d98210a9fe3,2022,17.526,10.5,SPGR_HR,S09,11,0
6af8f54902dc8e9d,2022,15.24,12.5,SPGR_MR,S09,10,1
d95d94709001148d,2022,19.3548,14.5,CONT_HR,S09,10,1
812f48beaa155bfa,2022,15.6972,7.5,SPGR_HR,S09,9,1
03e184538f668032,2022,12.0396,7.5,SPGR_HR,S09,9,0
87717039bb4b799b,2022,14.1732,9.5,CONT_HR,S09,8,1
95830468b5591250,2022,22.4028,5.0,ISOL_HR,S09,8,0
ae1909a764fcea68,2022,4.4196,10.0,ISOL_HR,S01,12,0
ada27303efe2a9ea,2022,3.9624,9.0,ISOL_LR,S01,12,0
67dd707ee16e2957,2022,8.0772,6.0,ISOL_HR,S06,8,0
763af4d77e0e552e,2022,5.6388,6.0,ISOL_LR,S02,10,0
4144ac7106da7a59,2022,3.81,13.0,ISOL_MR,S03,12,0
8a6416faea86f9dc,2022,3.3528,5.5,ISOL_HR,S03,12,0
1aac3ff588d5d404,2022,2.8956,12.5,ISOL_HR,S03,12,0
2537fbd3ecf786b3,2022,5.0292,10.0,ISOL_HR,S03,12,0
2a8b97823fd03cb6,2022,5.4864,7.0,ISOL_HR,S03,12,0
528278d1af994f67,2022,5.4864,5.0,ISOL_MR,S03,12,0
d6a6dd12ba89ff80,2022,4.1148,15.5,ISOL_HR,S03,12,0
0a5a165b43902ab0,2022,8.2296,12.0,ISOL_HR,S03,12,0
bacbcb0066a76605,2022,6.2484,6.0,ISOL_LR,S02,12,0
33582c7d743b29ac,2022,5.7912,7.0,ISOL_MR,S03,12,0
0d33a1ee109aa69c,2022,5.0292,4.5,ISOL_HR,S03,10,0
23b58061d8849f32,2022,3.3528,6.5,ISOL_HR,S03,10,0
8502cc28c1fc77cf,2022,2.7432,5.0,ISOL_MR,S03,11,0
3175167364a3f546,2022,3.6576,7.5,ISOL_HR,S03,12,0
37f900c1291e1268,2022,5.0292,12.0,ISOL_HR,S03,12,0
fa7f1ccedbf6dfbe,2022,6.5532,6.5,ISOL_HR,S03,8,1
76fd7c32dd3058ae,2022,8.5344,5.0,ISOL_HR,S03,8,0
81bd12f254ac45f3,2022,7.0104,5.0,ISOL_HR,S03,8,1
bf08239cb42d0eb1,2022,7.4676,6.0,ISOL_HR,S03,8,1
3d772a32f238c5b2,2022,5.0292,5.5,ISOL_LR,S02,10,0
b7fe0d9f4f933bd9,2022,2.5908,5.5,ISOL_HR,S03,11,0
5d77bae605a4beee,2022,3.81,5.0,ISOL_MR,S03,11,0
e7c432e0c1f34064,2022,3.9624,5.5,ISOL_HR,S03,12,0
1e5c0741c575fe6a,2022,7.4676,8.0,CONT_MR,S05,8,1
2fb4d5bc9c1812d5,2022,8.9916,7.5,SPGR_MR,S05,8,1
7e0fc3a76daf8de8,2022,8.2296,8.0,CONT_MR,S06,8,1
ed98741a812536a7,2022,7.1628,7.5,CONT_LR,S05,9,0
75d6eec5586f5b42,2022,7.1628,8.0,RUBB_MR,S05,9,0
b563c02942818191,2022,4.572,11.0,RUBB_LR,S05,10,0
6309c42f4be4f014,2022,2.8956,10.0,ISOL_MR,S05,11,0
093707d532f8d09e,2022,8.2296,6.5,CONT_LR,S05,11,0
c146076c9da769c9,2022,2.7432,6.0,ISOL_MR,S05,11,0
dc4f55d1b4791961,2022,6.096,12.5,CONT_MR,S05,12,0
c709e794970db661,2022,8.0772,7.5,CONT_MR,S05,12,0
013b25ece5f78379,2022,5.9436,11.5,CONT_LR,S05,12,0
81aad91e03b00eac,2022,10.3632,15.0,ISOL_HR,S09,12,0
158d8d6dcd07c370,2022,7.62,6.0,CONT_MR,S06,12,0
b1c5870e2ab7ed96,2022,8.2296,7.0,ISOL_MR,S06,12,0
fd931b82ed4a62e0,2022,2.8956,8.5,RUBB_LR,S05,12,0
a84fc1996693da9a,2022,7.3152,11.5,CONT_MR,S05,12,1
6deffcb70f16fe08,2022,6.5532,7.5,ISOL_MR,S06,12,0
8872a81389311415,2022,9.144,6.5,SPGR_HR,S06,8,0
390c058dde0d3d64,2022,9.144,7.0,ISOL_HR,S06,11,1
ff4510281bb5a37c,2022,8.5344,15.0,SPGR_HR,S06,12,1
175f5e5c8f9a4eaa,2022,2.7432,12.5,CONT_LR,S05,12,0
cab1848e1a828518,2022,8.6868,17.5,CONT_HR,S06,12,1
46c9a003e8b04468,2022,4.7244,8.5,CONT_HR,S06,12,1
19b37d408243f140,2022,8.6868,11.0,CONT_HR,S06,12,0
2d9cefaca2202855,2022,6.858,11.0,SPGR_HR,S06,12,0
0ddf2dfd7835ecd8,2022,7.1628,6.5,SPGR_HR,S06,12,1
666d26fbdb460b13,2022,9.6012,7.5,CONT_MR,S06,8,1
c55608d37c2c762c,2022,9.6012,9.0,SPGR_MR,S06,9,0
b5e1820a3be391fb,2022,6.5532,17.0,ISOL_HR,S06,10,1
063f885dab61265a,2022,12.0396,10.0,SPGR_HR,S09,11,0
52aa55a2d8347516,2022,12.8016,9.5,CONT_HR,S09,12,1
6f54217aac960fac,2022,11.2776,8.0,ISOL_LR,S08,12,0
743e6b347bbcb26e,2022,13.2588,10.5,CONT_HR,S09,12,1
a86e59aeb172a3c7,2022,23.3172,10.5,CONT_MR,S11,12,0
e9b10ed58908faea,2022,11.8872,16.5,SPGR_MR,S09,12,1
fd798705d0ed34d4,2022,8.9916,5.0,ISOL_HR,S06,8,1
c2ac18df5da15b6f,2022,18.1356,6.0,SPGR_HR,S09,9,1
fbc3c6b0ed737cd9,2022,13.5636,7.5,SPGR_MR,S09,9,1
108a08cf71ccf656,2022,19.2024,8.5,SPGR_HR,S09,10,1
3dd4139348e929c9,2022,17.2212,14.5,CONT_HR,S09,12,1
243ea47b81b30a95,2022,12.954,15.0,CONT_MR,S09,12,1
6f4b690623bca793,2022,11.7348,6.0,CONT_HR,S09,12,1
ba7acb47c80fb8df,2022,15.0876,17.5,SPGR_HR,S09,12,1
4d8a043006f91369,2022,21.336,5.0,CONT_HR,S11,8,1
cfcc80d2f14dee6e,2022,13.1064,8.0,ISOL_MR,S08,8,0
2d43e4f71cc9b1a4,2022,18.7452,6.5,CONT_HR,S09,8,1
59a7b983a1b64e64,2022,27.2796,10.0,SPGR_HR,S11,8,1
7b74464bf25591af,2022,22.098,6.5,CONT_MR,S11,8,1
72bb07583f57b49c,2022,21.7932,12.5,ISOL_HR,S11,10,0
26bbf3654d3d85ce,2022,24.6888,14.0,CONT_HR,S11,10,1
bf9a429a774c8a05,2022,25.6032,7.0,SPGR_HR,S11,11,1
7e5df1621e683fec,2022,26.67,8.0,CONT_MR,S11,12,0
ea7eab4161bd87f8,2022,20.574,13.5,SPGR_HR,S09,12,0
3d805cf6c44fa023,2022,26.67,14.0,CONT_HR,S11,12,0
4b1ccd3bedb57174,2022,30.1752,8.0,CONT_LR,S11,12,0
93cf3dd31f244272,2022,2.1336,11.0,ISOL_LR,S01,8,0
962f284ecd1ef027,2022,10.0584,5.0,ISOL_LR,S02,8,0
b79697e685221df5,2022,7.0104,5.0,CONT_HR,S03,8,1
36eef06af79b9b1c,2022,10.9728,5.0,ISOL_HR,S09,8,1
6fe097f5a1a2edc4,2022,5.0292,5.5,CONT_MR,S05,9,0
9f75cd97a6ed9ab7,2022,4.8768,9.0,CONT_MR,S06,8,0
14c6923fb4032ef9,2022,22.86,6.5,ISOL_HR,S09,8,0
db375e2c769f6ca7,2022,11.1252,6.0,SPGR_HR,S06,8,1
e3d084d9302b4ea6,2022,13.716,6.0,SPGR_MR,S09,8,1
d07a318088858e52,2022,2.286,8.0,ISOL_LR,S02,12,0
fd031a486ca6749e,2022,3.6576,8.0,ISOL_LR,S01,12,0
f3065101a7ecd209,2022,7.62,7.0,ISOL_HR,S03,12,1
a51973e224d6d6a3,2022,6.5532,6.5,CONT_MR,S03,12,0
325d4afbec9f14ef,2022,3.2004,6.0,ISOL_MR,S02,12,0
4eaacdca981a895e,2022,7.3152,11.5,ISOL_HR,S06,12,0
86efb73182495557,2022,3.048,8.5,ISOL_MR,S02,12,0
c82446b5e650aa93,2022,7.4676,8.5,ISOL_HR,S03,12,0
a56a03fb28123ad8,2022,4.7244,6.0,ISOL_MR,S02,12,0
c32a34227a65e18e,2022,3.048,12.5,ISOL_MR,S03,12,0
e98fb3fc8a3e0ae9,2022,3.3528,8.0,CONT_MR,S02,12,0
16e21ad57d6ae071,2022,6.4008,14.0,ISOL_MR,S03,12,1
53c678b357fc0f07,2022,3.2004,11.0,ISOL_MR,S02,12,0
2c9e90735aba700d,2022,8.2296,8.5,ISOL_HR,S03,12,0
2341a90af49676d1,2022,4.1148,7.5,ISOL_HR,S03,12,0
acb1d07168ce56c7,2022,2.7432,7.0,ISOL_MR,S03,12,0
fe522231dfe1f2fb,2022,3.9624,12.5,ISOL_MR,S02,12,0
87b2c637bb7892d2,2022,2.5908,14.5,ISOL_MR,S03,12,0
321e9e7c1692a71a,2022,2.8956,6.0,ISOL_MR,S03,12,0
cc4fe0bd40e4efb8,2022,2.4384,12.0,ISOL_MR,S03,12,0
303dec411013f433,2022,3.3528,12.5,ISOL_HR,S03,12,0
7faa821cce3103db,2022,3.9624,9.5,ISOL_HR,S03,12,0
f5ea8cf76cc70451,2022,8.382,7.5,ISOL_HR,S03,12,0
13a6207ac9229798,2022,5.0292,16.0,ISOL_MR,S03,12,0
d6aeec70f6f20f18,2022,4.4196,5.5,ISOL_HR,S03,12,0
fe3d65757716af2c,2022,5.7912,8.5,ISOL_HR,S03,12,0
c1a0788fea9277e7,2022,3.9624,11.0,ISOL_MR,S03,12,0
2a1bd2fec134d4a8,2022,7.3152,12.0,ISOL_MR,S06,12,0
821724007b7c3d69,2022,9.6012,7.0,CONT_MR,S05,12,0
0e23b9272457dfd8,2022,2.8956,14.0,CONT_LR,S05,12,0
5ae2bb9dd28d39ea,2022,5.334,7.5,ISOL_MR,S05,12,1
9f68e97db16c48ff,2022,10.2108,9.0,CONT_MR,S05,12,0
a95957e454273881,2022,8.5344,17.5,CONT_MR,S06,12,0
931b300429ae0381,2022,7.1628,6.5,CONT_LR,S05,12,0
f304b0a6d065ff08,2022,7.1628,9.0,ISOL_MR,S05,12,0
d9708493088faf24,2022,9.6012,8.0,ISOL_MR,S05,12,0
05ebadbfc373c851,2022,7.3152,13.5,ISOL_LR,S05,12,0
a0eff40163a28c5c,2022,2.7432,10.0,RUBB_LR,S05,12,0
a78ec6a84c6651b4,2022,7.62,10.0,ISOL_MR,S05,12,0
d92946dd5e538039,2022,4.4196,9.0,RUBB_LR,S05,12,0
d504e0a2e2f1c866,2022,3.5052,15.0,CONT_MR,S05,12,0
6a71ad0daf73b1a2,2022,6.4008,8.0,ISOL_MR,S06,12,0
9ab138c190b937a0,2022,5.9436,8.5,CONT_HR,S06,12,1
069cca00a806320f,2022,7.9248,7.5,CONT_MR,S06,12,0
9dcf5224a2985639,2022,5.9436,8.0,CONT_MR,S06,12,1
bda573a862e5a097,2022,8.9916,9.5,SPGR_MR,S06,12,0
dc053d614ca24432,2022,9.2964,12.5,CONT_MR,S05,12,0
0df4ac7f5966955d,2022,9.906,15.0,CONT_MR,S06,12,1
97419f33995a7154,2022,4.2672,7.0,CONT_HR,S06,12,0
befa8fc55116bba0,2022,7.3152,9.0,SPGR_HR,S06,12,0
453ad4fec5d7f176,2022,5.7912,17.5,CONT_HR,S06,12,1
4c6ee563fed2d9b4,2022,6.5532,15.0,CONT_HR,S06,12,0
865d37fb3298818f,2022,4.2672,13.5,CONT_MR,S05,12,0
59ae411e3b4fb8b2,2022,6.096,11.5,CONT_HR,S06,12,0
f3f28c5285d16abc,2022,6.096,8.5,CONT_MR,S05,12,1
2759101c1796380a,2022,11.7348,8.0,CONT_MR,S08,12,0
ab6b0006fef1c355,2022,13.4112,15.0,CONT_LR,S08,12,0
1e164263d53d13c7,2022,11.5824,12.5,CONT_MR,S08,12,1
d732b2fa5bce50fd,2022,12.3444,13.5,CONT_MR,S08,12,1
10cd1542d74fb8ab,2022,11.43,15.5,ISOL_MR,S08,12,0
65c0436fa5b71e8f,2022,12.6492,15.0,CONT_MR,S08,12,0
5d1c738f2acdb189,2022,10.9728,12.5,CONT_LR,S08,12,1
8d14a2921e6f146c,2022,12.0396,8.0,SPGR_MR,S08,12,1
ba9368de0f9c46db,2022,13.716,10.0,SPGR_HR,S09,12,1
e2b584dcbc2950ca,2022,10.668,11.5,CONT_HR,S06,12,0
446251614b184199,2022,12.0396,9.0,SPGR_MR,S08,12,0
6cc7ef8d367ba6b0,2022,11.5824,15.0,SPGR_MR,S09,12,1
45d90fb7bd4682b1,2022,12.192,16.5,CONT_MR,S09,12,1
3783a2c12d3f86e9,2022,11.7348,8.5,SPGR_HR,S09,12,0
4c2ef53542098bba,2022,14.7828,11.5,SPGR_MR,S09,12,0
2c5d76c145bd0056,2022,13.5636,7.0,CONT_HR,S09,12,0
a317cf18016a5367,2022,15.8496,10.5,SPGR_HR,S09,12,1
6a6ca6e0e593cedf,2022,15.3924,8.5,SPGR_HR,S09,12,1
87c435f04cdc2b03,2022,12.0396,5.5,SPGR_MR,S09,12,0
14577722f1c4c79c,2022,15.8496,19.0,ISOL_MR,S08,12,0
f4ea645ddcfea485,2022,15.24,7.5,SPGR_MR,S08,12,1
59e30cbd9cd0eae9,2022,14.1732,8.0,SPGR_HR,S09,12,1
9c24ca9215511af9,2022,13.5636,14.5,SPGR_HR,S09,12,1
b5303f7dbbb15aee,2022,13.1064,10.5,SPGR_HR,S09,12,0
0d3743aefadf0243,2022,13.1064,10.0,SPGR_MR,S09,12,1
6a595b82c2f6c878,2022,12.954,16.5,SPGR_MR,S09,12,1
e443087d331cad0c,2022,18.5928,15.0,SPGR_HR,S09,12,0
725845c57034ae66,2022,18.8976,9.5,SPGR_HR,S09,12,1
2f615e09371c19c1,2022,21.9456,19.5,SPGR_HR,S11,12,0
8f862b5349b32690,2022,24.0792,10.0,SPGR_HR,S11,12,0
e63db061b7a3d7d3,2022,20.8788,16.0,CONT_HR,S11,12,1
d958a63a6b274a18,2022,19.9644,11.0,SPGR_HR,S09,12,0
ee6726bc52fde7ed,2022,19.5072,12.5,SPGR_HR,S11,12,0
ab1168caa909a60c,2022,24.0792,15.0,ISOL_HR,S11,12,0
53ee403f7fb83b1d,2022,18.8976,9.5,SPGR_HR,S09,12,1
d3018409a62e4e4e,2022,18.8976,8.0,SPGR_HR,S09,12,1
dbc0ff6db0f56d2b,2022,19.6596,10.5,SPGR_HR,S11,12,1
6047b6ac1d23d25c,2022,20.1168,15.0,ISOL_MR,S11,12,1
055a23300711c8c9,2022,19.5072,14.5,CONT_HR,S11,12,1
e7fec07ff6d6536c,2022,8.6868,17.0,ISOL_MR,S06,10,0
35a36c34f728608e,2022,3.3528,6.5,CONT_HR,S06,11,0
a6fb0296ddd22176,2022,24.384,9.5,ISOL_HR,S11,12,1
338823f8cc593ee7,2022,2.4384,6.5,ISOL_LR,S01,10,0
e50b543193eb8392,2022,6.4008,7.5,ISOL_LR,S01,12,0
631bbe840246b0db,2022,22.4028,10.5,ISOL_HR,S09,12,1
8dbb4644204b5bc8,2022,1.0668,5.0,ISOL_MR,S01,8,0
ccec14081ced80c6,2022,4.4196,13.5,ISOL_HR,S03,10,1
f8198cc480180be1,2022,4.7244,8.5,ISOL_HR,S03,10,0
e8c07c0f274e1be0,2022,5.0292,8.5,ISOL_HR,S03,10,0
7e631d5dc2ebbffa,2022,1.8288,12.5,CONT_HR,S06,11,1
5418eed9233bba93,2022,1.3716,13.5,CONT_HR,S06,11,0
b2096fcac4a3339f,2022,1.2192,13.5,CONT_HR,S06,11,1
dc0e665c485bff84,2022,5.334,8.0,CONT_HR,S06,11,0
eb9da02fa2a333a9,2022,3.5052,8.5,CONT_HR,S06,11,0
0f4551479716c31c,2022,2.286,17.5,CONT_MR,S06,9,1
5ccebe00d74a116c,2022,1.9812,12.5,SPGR_HR,S06,11,1
ee965fad6224dcdc,2022,2.5908,10.0,ISOL_HR,S06,11,0
235ca84d9ef35a9a,2022,1.0668,11.0,CONT_HR,S06,11,0
95d99995aad2440f,2022,1.3716,9.5,CONT_HR,S06,11,0
122c25846a0c7bd0,2022,0.9144,12.5,CONT_HR,S06,11,0
0858183589f0fefa,2022,3.81,9.0,CONT_HR,S06,11,0
348a1da94a03324f,2022,3.5052,10.0,SPGR_HR,S06,11,1
37346605960e82a0,2022,3.9624,11.0,SPGR_HR,S06,11,1
65f866b94a5ed98a,2022,1.9812,8.5,CONT_HR,S06,11,0
69983ac9946185f3,2022,3.5052,5.0,SPGR_HR,S06,8,1
4c012d026d6cfb80,2022,3.048,10.0,SPGR_HR,S06,8,1
d73d2a0a1b7055e7,2022,3.9624,10.0,SPGR_HR,S06,8,1
3e2c2aecf43f0273,2022,2.4384,6.5,SPGR_HR,S06,8,0
7f0161ade3916a69,2022,2.1336,8.5,SPGR_HR,S06,8,1
c67831bc731e49fa,2022,2.7432,6.5,SPGR_HR,S06,8,0
e10cc60ba4c76323,2022,2.286,8.0,SPGR_HR,S06,8,0
8f68b4da7d1af8b6,2022,6.5532,5.0,CONT_MR,S05,11,0
a17c37ebf021ae92,2022,8.9916,10.0,SPGR_MR,S05,8,0
064d7f4fe2a7be33,2022,7.62,10.0,CONT_LR,S05,9,0
e6ef39d8f7fa22eb,2022,5.334,12.5,SPGR_HR,S06,9,0
9b71bc1b45eaa468,2022,3.9624,12.5,SPGR_HR,S06,11,0
b3397710674ae122,2022,5.7912,8.5,SPGR_HR,S06,11,0
c6e54e2cf387704c,2022,5.1816,5.0,SPGR_HR,S06,11,1
17c76097e6e43947,2022,5.1816,12.5,SPGR_HR,S06,11,0
8541700f79109acd,2022,5.334,5.0,SPGR_HR,S06,11,0
cf41b94c5800543f,2022,5.1816,5.0,CONT_HR,S06,11,1
3b0ff89fbf2485f1,2022,6.096,8.0,CONT_HR,S06,11,0
3cb6192da834c86f,2022,6.2484,5.0,CONT_HR,S06,11,0
9f36a7ed7d005eb2,2022,5.334,5.5,CONT_HR,S06,11,0
741b44fb9e7b2aaf,2022,5.9436,5.0,CONT_HR,S06,11,1
4c0e1713a550f491,2022,6.7056,6.0,CONT_HR,S06,11,0
ab4a2156782ac21b,2022,8.8392,7.5,CONT_HR,S06,11,0
77626b06382529d8,2022,4.572,8.0,SPGR_HR,S06,8,0
a25497058640a23a,2022,7.7724,9.0,SPGR_HR,S06,8,0
ca14b941d92d4bae,2022,7.3152,9.5,SPGR_HR,S06,8,1
0e598a7763840d90,2022,6.7056,10.0,SPGR_HR,S06,8,1
fcc4fbe6c11e82f1,2022,9.144,9.0,SPGR_HR,S06,8,0
10cef8fb9df1f549,2022,6.4008,9.5,SPGR_HR,S06,8,1
7e7ce3398ede45c5,2022,7.9248,7.0,SPGR_HR,S06,8,0
d92d65ac7da12069,2022,7.0104,12.5,SPGR_HR,S06,8,0
e81b5d125f4f4674,2022,6.5532,5.0,SPGR_MR,S06,8,0
d5e0262f2852dd13,2022,6.858,7.5,CONT_HR,S06,8,0
59e4a1acb8fde387,2022,5.0292,8.5,ISOL_HR,S03,10,0
52983e859bc6a009,2022,4.8768,8.5,ISOL_HR,S03,10,0
7e17f0b59281b72f,2022,4.4196,13.5,ISOL_HR,S03,10,0
db77029c0da5bae4,2022,2.286,13.0,CONT_HR,S06,11,0
d5088abcc84e42a6,2022,2.1336,12.5,SPGR_HR,S06,11,1
b5991116f20c3ad3,2022,3.6576,9.0,CONT_HR,S06,11,0
fa0ceb6c53fa8a06,2022,2.7432,11.0,SPGR_HR,S06,11,0
aa33d2c759b8c4f7,2022,1.6764,7.5,CONT_HR,S06,11,0
520c61f3aa6d0889,2022,1.8288,17.5,SPGR_HR,S06,9,0
322af3721ff1ee84,2022,9.6012,6.0,CONT_HR,S06,11,1
6a2faf30bdc12ded,2022,8.9916,5.5,ISOL_MR,S06,8,0
b851ec76f3ac4b0e,2022,7.62,10.0,SPGR_HR,S06,8,0
ece55c64a1318ba4,2022,5.334,5.0,CONT_HR,S06,11,0
013b4cd46ff8fb42,2022,5.6388,5.0,CONT_HR,S06,11,0
0f13a3a7a88b0312,2022,6.858,9.0,SPGR_MR,S05,9,0
ac0dcd5eadfa1119,2022,5.6388,10.0,CONT_HR,S06,11,0
42e15463845c49b4,2022,8.0772,5.0,CONT_HR,S06,11,0
08a620af208195d5,2022,6.096,7.5,SPGR_HR,S06,8,1
b2f67437f5824a5f,2022,4.8768,9.0,ISOL_HR,S03,10,0
36b1da1c7e103f6a,2022,5.4864,10.0,ISOL_HR,S03,10,0
7b8746d9ddf5a4b6,2022,5.0292,8.5,ISOL_HR,S03,10,0
9be129b099e37f97,2022,3.5052,10.0,ISOL_HR,S06,11,0
a2f74cb7247b641b,2022,0.762,7.5,CONT_MR,S06,8,0
50d437062354c7d6,2022,4.8768,6.0,CONT_MR,S05,8,1
a1d46071305e0053,2022,4.4196,6.5,CONT_HR,S06,11,0
74b7ff7e22632394,2022,5.9436,5.5,CONT_HR,S06,11,0
c03ab90e27210f84,2022,5.6388,7.5,CONT_MR,S06,8,0
26ce3fbe2c79cfbc,2024,3.5052,6.5,ISOL_LR,FK01,8,0
303b2ef50416ce8f,2024,5.9436,6.5,ISOL_HR,FK02,12,1
c847d7f2e37117d3,2024,3.6576,4.0,ISOL_LR,FK01,8,0
36457a5b36cb0179,2024,4.1148,7.5,ISOL_HR,FK01,8,1
ae375d407f39da8a,2024,4.7244,5.5,ISOL_LR,FK01,9,0
3df9b8b1730ba755,2024,3.2004,4.0,ISOL_LR,FK01,10,0
92685a2fb02086d6,2024,2.5908,4.0,ISOL_LR,FK01,10,0
80076e4227317fb5,2024,2.7432,4.5,ISOL_LR,FK01,11,0
fd4312c0a4a81459,2024,3.81,5.0,ISOL_LR,FK01,12,0
cc967d42f20e42a5,2024,7.0104,10.0,ISOL_LR,FK01,12,0
ce4d740525e71e49,2024,5.7912,7.0,ISOL_MR,FK02,8,1
89db6640818459b6,2024,8.9916,6.5,ISOL_HR,FK02,8,1
9a80c0f117ea1dc2,2024,8.6868,4.5,ISOL_HR,FK02,8,1
63011a475614d6cb,2024,12.6492,5.5,ISOL_HR,FK02,8,1
bb6e44c4367e6adc,2024,9.2964,4.0,ISOL_HR,FK02,8,1
f1da68f5f9077206,2024,7.62,7.5,ISOL_MR,FK02,8,1
df5cf904aabd51ac,2024,7.4676,7.0,ISOL_MR,FK02,8,1
a54b1222c7178897,2024,5.6388,4.5,ISOL_HR,FK02,8,1
9fd435f2ed626915,2024,7.3152,5.5,ISOL_HR,FK02,8,1
efe72709c9ef41d0,2024,12.192,8.5,ISOL_HR,FK02,8,1
31a4a51ffa526380,2024,12.0396,7.5,ISOL_HR,FK02,8,1
8dd7a26cc768b894,2024,5.334,6.0,ISOL_MR,FK02,8,1
c321fe15f12a22a5,2024,9.144,5.0,ISOL_HR,FK02,8,0
e2c5d5875435d87d,2024,8.8392,4.0,ISOL_HR,FK02,8,0
ac6d9626a1373f9e,2024,8.382,5.0,ISOL_HR,FK02,8,1
30782e7a8d8c4f33,2024,11.2776,6.5,ISOL_MR,FK02,9,0
669f1234d25b19f4,2024,11.43,6.5,ISOL_HR,FK02,9,0
d38259c2b25a4b0f,2024,7.1628,6.0,ISOL_HR,FK02,9,0
4b62a11f318c9ed3,2024,7.9248,4.5,ISOL_MR,FK02,9,0
f7b4c173354a45a5,2024,5.4864,9.0,ISOL_LR,FK02,10,0
3f1d771077157fd1,2024,4.1148,9.0,ISOL_HR,FK02,10,1
42f5de2c8ae6d62d,2024,2.8956,4.5,ISOL_MR,FK02,11,0
e61226bd8fe5a685,2024,2.5908,10.0,ISOL_LR,FK02,11,0
fa49fa4e4692f2fb,2024,3.6576,5.0,ISOL_HR,FK02,11,1
b2b688ed8de76a93,2024,3.048,5.5,ISOL_MR,FK02,11,0
a498811122ea33c1,2024,4.7244,4.5,ISOL_MR,FK02,11,0
251c005dc518b592,2024,7.1628,5.5,ISOL_HR,FK02,12,0
4fa36f33b6833a6b,2024,4.7244,5.0,ISOL_HR,FK02,12,0
fa4dca88f6bdb815,2024,5.1816,10.5,ISOL_MR,FK02,12,0
0f57ccb9b68fd14f,2024,3.81,8.0,ISOL_HR,FK02,12,0
2860a18c778629a1,2024,4.2672,4.0,ISOL_HR,FK02,12,0
0df99bb1ed2415e4,2024,3.81,9.0,ISOL_MR,FK02,12,0
e75f35846d9743b9,2024,2.8956,8.5,RUBB_MR,FK02,12,0
0a74c40ab126eded,2024,5.0292,5.0,ISOL_HR,FK02,12,0
db97580ff239bd90,2024,6.2484,12.5,ISOL_MR,FK02,12,0
9fe9e4b38b316e46,2024,5.0292,7.0,ISOL_HR,FK01,12,0
214f495ef5aba9a4,2024,6.5532,8.0,ISOL_HR,FK02,12,0
96e46851f561dfb9,2024,7.3152,5.5,ISOL_HR,FK02,12,0
a1c127a49d765dd2,2024,2.7432,7.5,ISOL_HR,FK02,12,0
5a8d3f59098b4055,2024,8.2296,10.0,ISOL_HR,FK02,12,0
5be0aa85bb6d5bc1,2024,5.4864,9.0,ISOL_MR,FK02,12,0
22f667b8614bed55,2024,2.4384,8.0,ISOL_HR,FK02,12,0
3e08789e1a0bf3d8,2024,7.1628,15.5,ISOL_HR,FK02,12,0
c4b44fa108a26424,2024,5.1816,5.0,ISOL_HR,FK02,12,0
84891e45dd342fee,2024,2.5908,5.0,ISOL_HR,FK02,12,0
fa68dd327e8fab79,2024,5.4864,7.0,ISOL_HR,FK02,12,0
f79267b00822c795,2024,6.858,14.5,ISOL_HR,FK02,12,0
748f724d7a93f9c8,2024,6.4008,4.5,ISOL_HR,FK02,12,0
2330e0bbe184733a,2024,4.1148,6.0,ISOL_HR,FK02,12,0
3bbf90123e2b4c5b,2024,10.3632,5.0,CONT_MR,FK03,8,1
4a088cfd81cf8a29,2024,9.906,7.5,ISOL_HR,FK05,8,1
21c4cd6b2c51de81,2024,9.6012,5.0,ISOL_HR,FK03,8,1
cb6ffc3ed5a87cd6,2024,6.096,7.5,ISOL_MR,FK03,9,1
b9c44eca8fd6bf2a,2024,8.382,5.0,CONT_HR,FK03,9,1
5994629cdc5fd124,2024,3.81,10.5,ISOL_MR,FK03,10,0
2959649bd5a6c613,2024,4.2672,9.5,ISOL_MR,FK03,10,0
9bf540862e2e4d53,2024,6.5532,15.5,ISOL_HR,FK03,11,0
d7488fe5cc6b3a1e,2024,3.6576,9.0,RUBB_LR,FK03,11,0
99c5ca330b0d9bed,2024,6.858,8.0,ISOL_HR,FK03,11,1
bf2d7aa05097768b,2024,13.5636,17.0,ISOL_HR,FK03,11,1
c584ee248e052189,2024,4.572,17.5,CONT_HR,FK03,11,0
674e19fa7c15b2fa,2024,13.716,18.0,ISOL_HR,FK03,11,0
31c411458d79e473,2024,5.6388,11.0,ISOL_HR,FK03,11,0
1fbaaeab48dbf8e2,2024,9.4488,19.0,ISOL_HR,FK03,11,0
894a62caf3dc9c17,2024,6.858,11.0,ISOL_LR,FK03,11,0
ac4fcc5c858897e6,2024,8.6868,14.5,ISOL_MR,FK03,11,1
4daefa33020ada4d,2024,3.6576,16.5,ISOL_MR,FK03,11,1
e6af5f16d93deafd,2024,13.2588,30.0,ISOL_HR,FK03,11,1
8ea40d7382170e8e,2024,10.5156,10.0,ISOL_HR,FK03,12,1
ed78105ac841d7b5,2024,7.62,17.5,ISOL_HR,FK03,12,0
04827b53cb52e976,2024,7.62,11.0,ISOL_MR,FK03,12,0
4037298818fa6cee,2024,9.2964,7.0,CONT_MR,FK04,8,1
7bcf4fd44a8ce9c2,2024,7.62,6.5,ISOL_MR,FK04,8,1
e73d07bbc0c557a3,2024,7.9248,8.0,CONT_LR,FK04,8,0
bcdcf27d6a9006fc,2024,8.5344,6.5,ISOL_LR,FK04,8,0
27cec42191764a01,2024,9.6012,4.0,CONT_MR,FK04,8,1
25ceddd4a94abafb,2024,10.3632,7.0,ISOL_HR,FK05,8,1
40cd3fb7c0e82a03,2024,8.0772,10.0,CONT_MR,FK04,8,1
377d2f73783ab097,2024,8.6868,8.0,CONT_HR,FK05,8,1
8c629f82244e251b,2024,7.9248,7.0,SPGR_MR,FK04,8,0
4ea5a5f1a9986bd0,2024,8.2296,8.0,CONT_LR,FK04,8,0
cebba5c7286e9ac3,2024,7.7724,10.0,ISOL_LR,FK04,8,0
faecb70135746229,2024,11.1252,7.0,CONT_HR,FK05,8,1
d5f47f8ce21a993c,2024,7.3152,5.0,RUBB_LR,FK04,8,0
038d0cd5ebfb8430,2024,6.5532,8.0,CONT_HR,FK05,8,1
c24724bd77c0b3a9,2024,10.3632,7.5,ISOL_MR,FK04,8,1
84081c15c863f358,2024,6.5532,12.0,ISOL_MR,FK04,9,0
0d71418c0abb8f0c,2024,6.858,5.0,CONT_HR,FK05,9,1
2c79401a11913e9c,2024,10.8204,4.0,SPGR_MR,FK04,9,1
32c0089a3f71609f,2024,9.6012,4.5,CONT_HR,FK05,9,1
6a236c0180eaf9aa,2024,8.6868,5.5,SPGR_MR,FK04,9,1
b9034790940669af,2024,8.8392,5.5,CONT_HR,FK05,9,1
a62bea6e1513e3c9,2024,7.0104,5.5,CONT_MR,FK04,9,0
0e9d3ecfe91eea5c,2024,8.382,5.0,CONT_MR,FK04,9,0
2c0f12e2c0a8d987,2024,9.906,11.0,CONT_LR,FK04,9,1
802471924fd17a0e,2024,8.8392,4.0,CONT_MR,FK04,9,0
bc5d9073906fa761,2024,8.8392,12.5,CONT_MR,FK04,9,1
1c25e691af5401f9,2024,10.2108,5.0,CONT_MR,FK04,9,1
916cabb7c117c742,2024,8.382,12.0,CONT_LR,FK04,9,0
98d0955e48bc252e,2024,8.8392,5.0,CONT_MR,FK04,9,0
f96b28be931fd426,2024,8.5344,15.0,CONT_MR,FK04,10,0
fba296442be82f72,2024,10.9728,20.0,CONT_LR,FK04,10,0
ce9db734342debab,2024,6.096,12.5,CONT_MR,FK04,10,0
2da047602035c2ad,2024,7.3152,14.0,CONT_LR,FK04,10,1
9bc69c9fe74768d7,2024,7.4676,10.5,CONT_MR,FK05,10,1
fd4bba7fdaa112e3,2024,7.3152,15.5,CONT_MR,FK04,10,0
434d65bb8cd781ca,2024,8.8392,12.0,CONT_LR,FK04,10,0
a19add60a63495b8,2024,8.5344,12.5,CONT_LR,FK04,10,0
2aef660c749626db,2024,3.5052,15.0,CONT_LR,FK04,11,0
bdb18b6096a375cb,2024,7.7724,17.5,CONT_MR,FK04,11,0
87d0f76e258493a9,2024,3.3528,15.0,RUBB_LR,FK04,11,1
0355a4c4663cc075,2024,4.1148,11.0,ISOL_HR,FK05,11,0
dcb61de5811587c3,2024,10.9728,22.5,CONT_HR,FK05,11,1
b9bb0dfceb21c109,2024,7.3152,12.5,CONT_MR,FK04,11,0
f1ec7128f973723e,2024,7.4676,17.5,CONT_MR,FK04,11,0
a12404786c906b0d,2024,2.8956,13.5,CONT_LR,FK04,11,0
892f4cdcccc13c4d,2024,9.144,17.5,CONT_MR,FK04,11,1
b0c298c4ebecd64f,2024,4.2672,15.5,CONT_HR,FK05,11,0
8033a5a79ec51997,2024,9.2964,9.0,CONT_MR,FK05,11,1
b3038b410c8388e9,2024,5.4864,14.0,CONT_HR,FK05,11,0
24842479c55e6563,2024,2.5908,11.5,RUBB_LR,FK04,12,0
b582541d860a0eab,2024,8.2296,9.0,CONT_MR,FK04,12,0
b9d647bdf4b84da5,2024,6.5532,11.5,CONT_HR,FK05,12,0
258c59ece14ed5e0,2024,3.048,14.5,CONT_MR,FK04,12,0
ba2e0b6273132c74,2024,7.4676,11.0,CONT_LR,FK04,12,0
6947aa9e9987ab5a,2024,11.2776,10.5,SPGR_LR,FK04,12,1
e00763146efad139,2024,10.668,13.0,CONT_MR,FK04,12,0
02b233aa0c1f413c,2024,4.7244,12.0,ISOL_HR,FK05,12,0
7760863545b8af87,2024,6.096,13.0,SPGR_HR,FK05,8,1
c33dfb2c64128667,2024,10.3632,8.5,SPGR_HR,FK05,8,1
b5880a63873779a9,2024,10.0584,9.5,CONT_HR,FK05,8,1
7c0a2eaa720ee1fc,2024,8.8392,6.5,SPGR_HR,FK05,8,1
0581c490367136d8,2024,11.43,7.0,SPGR_HR,FK05,8,1
ef54306374b34b72,2024,8.382,6.5,ISOL_HR,FK02,8,1
c658be0586969270,2024,5.7912,6.0,SPGR_HR,FK05,8,1
41b739f9fbd39a2e,2024,5.7912,5.0,CONT_MR,FK04,9,0
b7c00e5ad0edaada,2024,6.5532,6.0,SPGR_HR,FK05,9,1
e4412bf46e568222,2024,10.8204,15.0,SPGR_HR,FK07,10,1
81a5033db5894268,2024,9.6012,15.0,CONT_HR,FK05,10,0
d7f5586a41207d84,2024,3.6576,18.5,CONT_LR,FK04,11,0
b357fc84952e5fe1,2024,8.0772,10.0,CONT_MR,FK05,11,1
2a215b93b1c5a15d,2024,5.7912,15.0,CONT_MR,FK04,11,1
d2a170de0293433c,2024,10.668,12.0,SPGR_HR,FK05,11,1
58789701d69d48ec,2024,6.4008,15.0,CONT_MR,FK04,11,1
7cc02eeada946923,2024,7.9248,15.5,SPGR_MR,FK04,11,0
0df5c938b4214a0f,2024,9.4488,16.0,SPGR_HR,FK05,11,1
8e448a6044fdf548,2024,8.2296,15.0,CONT_HR,FK05,12,1
48a01aa7af572c5f,2024,10.5156,12.5,SPGR_MR,FK04,12,1
d5b6ade7fb341f0c,2024,10.2108,14.5,SPGR_HR,FK05,12,1
04d4eadf7f17bd0e,2024,6.4008,10.0,CONT_HR,FK05,12,1
13f888e67a1fe490,2024,4.572,15.0,SPGR_MR,FK04,12,1
f0933e67734513f4,2024,7.3152,9.5,SPGR_HR,FK05,12,1
926abd2141ecb71f,2024,6.2484,11.0,SPGR_MR,FK04,12,0
001d0ab51a810c61,2024,6.5532,10.0,CONT_HR,FK05,12,1
684e33fa3a5611c3,2024,3.81,11.5,CONT_HR,FK05,12,1
d7f0b493600fe3fb,2024,8.8392,20.0,CONT_HR,FK05,12,1
e36dea1745e3d9b6,2024,13.1064,7.0,ISOL_LR,FK06,8,0
b833e53b47e16a91,2024,11.43,6.5,SPGR_MR,FK06,8,0
aeb376ff7c537673,2024,15.5448,4.0,CONT_HR,FK07,8,1
3f58699333390c4b,2024,17.6784,10.5,CONT_HR,FK07,9,1
da46ecf5de2b6fdc,2024,18.7452,4.5,CONT_HR,FK07,9,1
842acc4fbf79ff5c,2024,16.002,10.0,SPGR_HR,FK07,9,1
7f2ef6b1948eab8c,2024,16.002,4.0,SPGR_HR,FK07,9,1
72bba46af6eefc6b,2024,11.43,4.5,SPGR_HR,FK05,9,1
ca875f99d7451520,2024,16.9164,9.0,SPGR_HR,FK07,10,1
56ccc4a3ef418b7a,2024,20.4216,21.0,SPGR_HR,FK07,10,1
128ee204f04db3e9,2024,14.1732,17.0,CONT_LR,FK06,11,0
036e8f3e19635166,2024,12.6492,14.5,SPGR_HR,FK07,11,1
1e0ffd4a9ca1eeaa,2024,8.8392,14.0,SPGR_MR,FK04,11,0
5e4c8bcd752f33b1,2024,13.716,9.5,SPGR_MR,FK06,12,0
ee3b4d3c29aed0b3,2024,9.6012,13.5,SPGR_MR,FK04,12,1
a8397468d535bd15,2024,11.7348,7.0,SPGR_HR,FK07,8,1
4813153f2e0209bf,2024,15.8496,8.5,SPGR_HR,FK07,8,1
4d018634d5cf3dcc,2024,18.5928,7.0,SPGR_HR,FK07,8,1
ef99068d689ead8c,2024,13.716,8.0,SPGR_HR,FK07,8,1
8207f6ae3b2d8c88,2024,12.0396,5.5,SPGR_HR,FK07,8,1
f6277737c302b69a,2024,12.192,4.5,SPGR_MR,FK06,9,0
599189a3050aa002,2024,15.5448,7.0,SPGR_MR,FK06,9,0
3e99c282de3f5c35,2024,12.6492,14.5,SPGR_HR,FK07,9,0
16c08e7f82eced6b,2024,12.0396,4.0,SPGR_HR,FK07,9,1
2e068fab9efb08c6,2024,12.0396,6.0,SPGR_HR,FK07,9,1
ab80117016652c68,2024,15.3924,4.5,SPGR_HR,FK07,9,1
dbddc5d1b66f5871,2024,13.8684,4.0,SPGR_MR,FK06,9,1
e9a327354b2243df,2024,11.5824,14.0,SPGR_HR,FK07,10,1
453763441fb846b3,2024,14.3256,15.0,SPGR_HR,FK07,10,1
5d4df8b0c2c2126f,2024,12.6492,15.0,SPGR_HR,FK07,10,1
574175a33e4f83d7,2024,14.478,16.0,SPGR_HR,FK07,11,1
61638e4c46bd09d5,2024,9.4488,18.0,SPGR_HR,FK07,11,1
063293fd1b3ad353,2024,10.5156,20.0,CONT_MR,FK06,11,1
773c2bdb380031a7,2024,12.4968,10.5,SPGR_HR,FK07,11,1
3b01d239bab7d0f9,2024,13.2588,16.5,SPGR_HR,FK07,11,1
494620060ce528ce,2024,16.1544,13.5,SPGR_HR,FK07,11,1
5fb4b9b6b50ccb12,2024,14.0208,30.0,CONT_HR,FK07,11,1
a27425e08381b0ca,2024,16.1544,15.0,SPGR_HR,FK07,12,1
f44afe0971f226e5,2024,17.9832,12.0,SPGR_HR,FK07,12,1
e5a2c9b8a701970e,2024,14.7828,19.0,SPGR_HR,FK07,12,1
72549318377057c7,2024,11.7348,11.0,SPGR_HR,FK07,12,1
115e454908580889,2024,11.7348,12.5,CONT_HR,FK07,12,1
5906b580835574b5,2024,11.1252,9.0,CONT_MR,FK04,12,0
4b9177ae18ee9ddb,2024,15.24,13.5,SPGR_MR,FK06,12,0
dddfd5ce9943a3a5,2024,7.62,7.0,CONT_HR,FK05,12,0
c74fa6b26c5c2f6a,2024,12.192,17.0,ISOL_HR,FK07,12,1
3d883212e19a01f8,2024,19.812,11.5,SPGR_HR,FK07,8,1
598ba12265ae5527,2024,16.1544,20.0,SPGR_HR,FK07,8,1
196c8baf4d229eb3,2024,17.9832,6.0,SPGR_HR,FK07,8,1
1b877a0389081f38,2024,14.1732,6.5,SPGR_HR,FK07,8,1
3c7e9fc1aa1030c3,2024,13.8684,14.0,SPGR_HR,FK07,9,1
4a97cdbb3e03ffee,2024,16.002,6.0,SPGR_HR,FK07,9,1
eb985bc62a748620,2024,7.0104,23.0,SPGR_MR,FK04,10,1
0047229b71b4768d,2024,19.2024,11.5,SPGR_HR,FK07,11,1
22b30e947159d0d7,2024,16.3068,17.5,SPGR_HR,FK07,11,1
54984b3e9fa928e5,2024,16.9164,8.5,CONT_MR,FK06,12,0
e7abd611a007d9e6,2024,16.1544,9.0,CONT_HR,FK07,12,1
5381478eef172876,2024,26.5176,4.5,SPGR_HR,FK09,8,1
f7934df2c30b7643,2024,21.6408,9.5,SPGR_HR,FK09,8,1
e6a0b6fb2d5774aa,2024,23.7744,5.0,SPGR_HR,FK09,8,1
0ddcab73643a524d,2024,23.622,5.0,CONT_HR,FK09,8,1
4131b2341eeba571,2024,29.2608,6.0,SPGR_HR,FK09,8,1
cfcd1b57457ea305,2024,29.8704,7.0,SPGR_HR,FK09,8,1
53175d1819bd2562,2024,23.622,6.5,SPGR_HR,FK09,8,1
462eb6b023357250,2024,21.4884,9.5,CONT_HR,FK09,8,1
99da0e55be5efb10,2024,27.432,8.5,SPGR_HR,FK09,8,1
ac4b6a33bbc92525,2024,24.5364,7.5,CONT_HR,FK09,8,1
56d2bc6f0d2a66a7,2024,29.5656,9.5,CONT_HR,FK09,8,0
ce97f208bc599788,2024,26.67,6.5,CONT_HR,FK09,8,1
4dc2991969480af2,2024,28.194,6.5,ISOL_HR,FK09,8,1
6ec8b1a250dc87bc,2024,22.7076,13.5,SPGR_HR,FK07,9,1
6d7692f3fd1dd3d6,2024,20.1168,5.0,SPGR_HR,FK09,9,1
79e000b59c71a00d,2024,26.8224,10.0,CONT_HR,FK09,9,1
d3b859234adb0796,2024,22.7076,15.0,SPGR_HR,FK09,9,1
8baac4ee7cc78832,2024,21.1836,4.5,SPGR_HR,FK09,9,1
7a9201de86955187,2024,25.7556,19.0,ISOL_LR,FK09,10,0
1fbca3dede8259b5,2024,24.2316,7.0,SPGR_HR,FK09,10,1
994c29b934e7f0ce,2024,22.5552,9.0,SPGR_HR,FK09,10,1
023816c6107b2e6a,2024,20.2692,15.0,SPGR_HR,FK09,10,1
9d9229aa424c1f4a,2024,25.6032,14.5,SPGR_HR,FK09,10,1
26ead53c0834a144,2024,27.7368,9.5,ISOL_MR,FK09,11,0
e6f263bf42254ab9,2024,22.4028,17.5,SPGR_HR,FK07,11,1
a99ffd58d8fcd4be,2024,28.3464,15.5,SPGR_HR,FK09,11,0
9a7d73376007a3e6,2024,27.7368,13.5,SPGR_HR,FK09,11,1
a4cf4c5ef5d74a8b,2024,26.3652,14.5,SPGR_HR,FK09,11,1
d0a8b4f2edd0ad5c,2024,26.9748,17.5,ISOL_HR,FK09,11,1
aa90e753541f7e1e,2024,23.4696,17.5,CONT_MR,FK09,11,1
739613c00ceaf8ce,2024,21.9456,7.5,SPGR_HR,FK07,11,1
e4719ad9090bbfe5,2024,19.5072,30.0,SPGR_HR,FK07,11,1
7355028a572ebd56,2024,29.1084,14.0,SPGR_HR,FK09,11,1
7c8bd8e7ceddc55a,2024,18.4404,11.0,CONT_HR,FK07,12,1
9efd2afd12e90c2b,2024,19.05,15.0,SPGR_HR,FK07,12,1
2683b3107877a926,2024,26.9748,11.5,SPGR_HR,FK09,12,1
a9d9b767c215422b,2024,16.6116,10.0,SPGR_HR,FK07,12,1
18cdeb2e8b3b8f2e,2024,22.86,10.0,CONT_HR,FK09,12,1
7f907e871961a512,2024,26.0604,18.5,SPGR_LR,FK09,12,0
3db8202af475b443,2024,3.9624,6.0,ISOL_HR,FK01,8,0
22e353f02963f3e8,2024,2.5908,6.5,ISOL_LR,FK01,8,0
989ebdcc28da4d2d,2024,2.8956,4.0,ISOL_LR,FK01,8,0
b72ce208dd821226,2024,3.6576,4.0,ISOL_LR,FK01,8,1
68a67790165920d3,2024,6.4008,9.0,ISOL_LR,FK02,10,0
6aca9ef111c5afb0,2024,5.334,10.5,ISOL_HR,FK02,10,1
d0a89806ce77114c,2024,3.048,11.0,ISOL_HR,FK02,10,0
a958f602c8cb571f,2024,7.62,10.0,ISOL_HR,FK03,8,1
bf42ddbf1cddb29f,2024,7.62,6.5,ISOL_HR,FK03,8,1
d6c9167d19727d29,2024,9.2964,4.5,ISOL_LR,FK03,8,0
72b81a2096ee488c,2024,8.5344,5.0,ISOL_LR,FK03,8,0
6ac0ce8658508638,2024,2.8956,18.5,SPGR_HR,FK05,11,1
18aefa958bad446e,2024,5.4864,16.0,SPGR_HR,FK03,11,0
fdc0deca281d4651,2024,3.6576,17.5,SPGR_HR,FK03,11,0
3f5c383d702ef340,2024,8.5344,17.5,SPGR_HR,FK03,11,0
d0f100fa987ea1f3,2024,2.4384,14.0,SPGR_HR,FK03,11,0
a6bd968a0aa92edc,2024,4.2672,15.0,SPGR_HR,FK03,11,0
7b3c3849d93427df,2024,5.7912,10.5,CONT_MR,FK04,8,0
689a7fd1b0d71278,2024,2.7432,13.5,RUBB_LR,FK04,8,0
5e06404b47565cd2,2024,1.524,8.0,CONT_LR,FK04,8,0
60f93c1a771ddd0c,2024,4.7244,7.5,CONT_MR,FK04,8,1
404a0c42f29521d3,2024,7.4676,6.5,SPGR_HR,FK05,8,1
89fd4a3df8350e49,2024,1.8288,7.0,CONT_MR,FK04,8,0
8006edef71fd7461,2024,8.5344,5.5,SPGR_MR,FK04,8,1
21f216953c9b0d0e,2024,6.5532,6.5,ISOL_MR,FK04,8,1
7c574b839a4f7618,2024,6.5532,7.0,ISOL_LR,FK04,8,0
f7e88492c9f17c8e,2024,8.5344,12.5,CONT_LR,FK04,9,0
77c86d8e708c6df1,2024,5.334,20.0,SPGR_LR,FK04,9,0
1ee2b8695610d08e,2024,3.81,9.0,CONT_HR,FK05,9,1
a81c996955eac301,2024,5.0292,11.5,CONT_MR,FK04,9,0
99ff5fe43863ab7f,2024,9.144,5.0,SPGR_MR,FK04,9,1
498e902762f9b7a9,2024,8.5344,5.0,SPGR_MR,FK04,9,0
f9439227c9b1b84b,2024,10.3632,14.0,CONT_HR,FK05,10,1
882adedc3a48c748,2024,5.6388,10.5,CONT_LR,FK04,10,0
c629abd6eb2e4ede,2024,3.2004,18.0,CONT_MR,FK04,10,1
a58c7bd901422132,2024,4.4196,17.5,CONT_MR,FK04,10,0
7a2ad91cd1531181,2024,3.9624,16.0,CONT_MR,FK04,10,0
35a32d29bcfa951f,2024,10.3632,13.5,CONT_MR,FK05,11,1
f29a6062369cbb35,2024,5.4864,16.0,CONT_HR,FK05,11,0
eee047e60a0e64ef,2024,2.5908,17.5,RUBB_LR,FK04,11,0
560a7fb9128b1963,2024,4.572,17.5,CONT_MR,FK05,11,1
f9e1bd12300c5604,2024,2.286,12.0,CONT_LR,FK04,11,0
c2c9ca34e4802ac3,2024,4.7244,17.0,CONT_MR,FK05,11,0
0dccf6b89b56164e,2024,4.4196,12.0,RUBB_LR,FK04,11,0
c3df07d1504f20e7,2024,3.048,19.5,RUBB_LR,FK04,11,0
c69a2da188553377,2024,3.81,12.0,CONT_LR,FK04,8,0
e392287a269bca44,2024,7.9248,8.5,SPGR_HR,FK05,8,1
808e2dd8f1370c32,2024,3.6576,8.5,SPGR_HR,FK05,8,1
c228c8fec2383a5e,2024,6.4008,7.0,SPGR_HR,FK05,8,1
0879fb9096241d23,2024,8.8392,7.0,SPGR_HR,FK05,8,1
a838f3793261e111,2024,4.7244,6.5,CONT_HR,FK05,8,1
25dd3d81da60c7e8,2024,6.5532,5.5,SPGR_HR,FK05,8,1
4c2775ea3ca37317,2024,8.2296,5.0,SPGR_HR,FK05,8,1
dd501852f0b65076,2024,4.4196,6.0,CONT_MR,FK04,8,1
c635aede02322f53,2024,3.3528,6.5,CONT_HR,FK05,8,1
04441709485033de,2024,3.81,8.5,SPGR_HR,FK05,8,1
29b65151609ab103,2024,5.4864,9.5,CONT_HR,FK05,9,1
cf453fa08b9fe067,2024,4.4196,6.5,SPGR_HR,FK05,9,1
e4282185001e53fd,2024,6.096,5.5,SPGR_HR,FK05,9,1
84a5bbcad683e4ac,2024,8.8392,16.5,SPGR_HR,FK05,10,0
83e5a277d587ad6e,2024,7.7724,14.5,SPGR_HR,FK05,10,0
5021d47cdc7e1866,2024,5.0292,14.5,CONT_HR,FK05,10,1
f1bcb38f853f5caa,2024,10.668,17.5,SPGR_MR,FK04,10,0
c489c896f3ab2aa0,2024,6.096,15.5,SPGR_HR,FK05,10,1
d7935cd18d0fa479,2024,4.1148,19.0,CONT_MR,FK05,10,1
f8dacf4560154224,2024,8.6868,12.0,SPGR_HR,FK05,11,1
9be655b8b9a5c48d,2024,2.286,15.0,SPGR_HR,FK05,11,1
69bae416d094cbab,2024,7.9248,17.5,SPGR_HR,FK05,11,1
52d93f805907520d,2024,9.4488,16.5,SPGR_HR,FK05,11,1
9f7a50aa3a2993d3,2024,8.0772,14.0,CONT_HR,FK05,11,1
1175664f86ddec80,2024,6.5532,14.5,SPGR_HR,FK05,11,0
d9dfb88fde953ca9,2024,9.6012,12.5,SPGR_HR,FK05,11,1
bb173608517a4877,2024,7.9248,13.5,SPGR_HR,FK05,11,1
c0ef2e6d4257a90d,2024,7.9248,16.5,SPGR_HR,FK05,11,0
04c9a7d839207afd,2024,12.4968,12.5,CONT_HR,FK07,10,1
4b0cf705246bfb8d,2024,13.8684,16.0,SPGR_MR,FK06,10,0
d7fa6134e6bd77b2,2024,11.7348,11.0,SPGR_HR,FK07,10,1
77f366fccfa39068,2024,14.6304,10.0,CONT_HR,FK07,11,1
3dd1d7992e686a52,2024,10.5156,15.0,RUBB_LR,FK06,11,0
e94e5c8b7c03c717,2024,10.0584,17.5,SPGR_MR,FK04,11,1
7a8677b3b09cfb88,2024,15.0876,7.5,SPGR_HR,FK07,8,1
47bc3ebb4fcca823,2024,16.1544,7.0,ISOL_LR,FK06,8,0
2d02eec0a411d02d,2024,11.7348,6.0,SPGR_HR,FK07,8,1
68850e2d7bf79eca,2024,10.8204,7.5,SPGR_HR,FK07,8,1
cb5d1556d0b2aaea,2024,18.8976,6.0,SPGR_HR,FK07,8,1
22d4354c5aab2fb4,2024,16.1544,7.0,SPGR_HR,FK07,8,1
5133bdfcd6d63f7b,2024,11.8872,5.0,SPGR_HR,FK07,9,1
8d30e362a4b6a0a2,2024,16.4592,4.0,SPGR_HR,FK07,9,1
1f23bd24dff86bc1,2024,15.5448,19.0,SPGR_HR,FK07,10,1
fa5a950e79c2876b,2024,13.2588,16.5,SPGR_HR,FK07,10,1
771d34368a8347f2,2024,11.8872,18.0,SPGR_HR,FK07,10,0
3f9ec76a62380cd2,2024,16.764,7.0,SPGR_HR,FK07,10,1
25c361dfba685a44,2024,12.6492,14.0,SPGR_HR,FK07,11,1
bb98a47dd06fc932,2024,13.716,12.0,SPGR_HR,FK07,11,1
dd556f6c461fc9ef,2024,14.478,12.0,SPGR_HR,FK07,11,1
5e0a7a8d6c1bd93d,2024,14.9352,15.5,SPGR_HR,FK07,11,1
7ea6a96e658e552f,2024,14.3256,13.0,SPGR_HR,FK07,11,1
d3e1e10626d03b7e,2024,10.2108,13.5,SPGR_LR,FK04,11,0
5b3491bd2c2afa98,2024,20.2692,6.5,CONT_HR,FK07,8,0
9add67a82ee138b2,2024,14.478,7.0,SPGR_HR,FK07,8,1
2062dc003cf2f25d,2024,17.0688,10.5,SPGR_MR,FK07,11,1
8c9a53ad419f54ea,2024,13.5636,15.0,CONT_HR,FK05,11,1
93e692e9e50ccf6b,2024,3.5052,9.0,ISOL_LR,FK01,8,0
3cd47a2169ccdeac,2024,7.3152,5.0,ISOL_HR,FK02,8,1
15b87c072f018df6,2024,7.9248,7.5,ISOL_HR,FK02,8,1
ac480fb61ad3faa7,2024,4.572,10.0,ISOL_HR,FK02,12,0
06c953c713de3bef,2024,3.5052,5.5,ISOL_HR,FK02,12,0
41d69c1cfb37b566,2024,3.9624,6.0,ISOL_HR,FK02,12,0
a590a6ce4004ded0,2024,5.9436,4.5,ISOL_HR,FK02,12,0
d78cd53a1f1b9a0a,2024,7.1628,10.0,ISOL_HR,FK02,12,0
cfbe0a41cde532fb,2024,4.1148,6.0,ISOL_MR,FK02,12,0
4cf72c88a2c8cc05,2024,9.7536,10.0,CONT_HR,FK03,8,1
936b9b7db1316b83,2024,9.906,8.0,SPGR_LR,FK04,8,1
354e4c16ca2b1a1d,2024,10.0584,16.5,SPGR_LR,FK04,10,0
06f74cde6f2cb9bc,2024,6.7056,12.5,ISOL_MR,FK04,12,0
9cfb334984126d2a,2024,6.7056,7.5,CONT_HR,FK05,8,1
911d685077d5a24e,2024,11.7348,8.5,SPGR_HR,FK05,8,1
a5ac3ee1597cdd45,2024,8.2296,5.0,SPGR_HR,FK05,9,1
984e32280f2cded1,2024,11.7348,4.0,SPGR_HR,FK05,9,0
65406ca7d74dd81f,2024,2.7432,15.0,CONT_HR,FK05,11,1
8b2921f7cd44d125,2024,5.334,15.0,SPGR_HR,FK05,12,0
5bad73f3bd5feccf,2024,13.5636,6.0,SPGR_HR,FK07,9,1
97616f0e5c148604,2024,21.336,8.5,SPGR_HR,FK07,10,1
1ff2b45d80ffaafc,2024,24.6888,9.0,ISOL_LR,FK09,10,0
52fcb56139669f7b,2024,13.5636,15.0,SPGR_HR,FK07,12,1
0fca6a20794b4727,2024,16.9164,16.5,SPGR_HR,FK07,10,1
c468b9f18d178462,2024,23.3172,6.5,SPGR_HR,FK09,8,1
d364a2e5678cd66a,2024,25.146,15.5,SPGR_HR,FK09,8,1
fadc95434728f2f9,2024,29.2608,8.0,SPGR_HR,FK09,10,1
d1367047f087474a,2024,28.956,25.0,ISOL_HR,FK09,10,1
20877a1fc674fd7b,2024,23.622,18.0,SPGR_HR,FK09,10,1
5a90cf3e06d19449,2024,26.5176,11.5,ISOL_HR,FK09,12,1
fc65c966a548741d,2024,7.7724,15.0,ISOL_LR,FK04,9,0
1ee24f32505a4171,2024,8.9916,4.5,SPGR_HR,FK05,8,1
43295a8a338844b7,2024,7.9248,14.0,CONT_MR,FK04,10,1
3aeed65bff748812,2024,11.43,5.5,SPGR_HR,FK07,8,1
d29c141e7d5943b2,2024,4.7244,6.5,CONT_MR,FK04,9,0
55911de04c1f3384,2024,7.3152,13.0,ISOL_HR,FK02,12,0
6f1b72ae2b84ed33,2024,8.2296,6.5,ISOL_HR,FK02,12,0
cc7927f20ecb0b91,2024,10.2108,12.0,ISOL_HR,FK02,12,0
7b6b22f97f757436,2024,2.8956,15.0,ISOL_HR,FK02,12,0
2e55ac0a63a13f1c,2024,2.5908,6.5,ISOL_HR,FK02,12,0
61130d65e487de4c,2024,7.62,13.5,ISOL_HR,FK02,12,0
53aaf766196b8aa2,2024,8.0772,11.0,ISOL_HR,FK02,12,0
8f53a624c1cd0fe9,2024,4.1148,10.0,ISOL_HR,FK02,12,0
da00909bb66ac22e,2024,7.62,9.5,ISOL_LR,FK02,12,0
a70d111430a0988f,2024,7.9248,19.0,ISOL_MR,FK03,12,0
d984e2441e14f6fb,2024,7.7724,16.5,ISOL_MR,FK03,12,0
5854d4b40161c5d5,2024,5.0292,15.5,ISOL_HR,FK03,12,1
687a87f556930b8c,2024,7.9248,13.5,CONT_HR,FK05,12,1
f67b364a673f6c8a,2024,2.8956,11.0,CONT_LR,FK04,12,0
26ab07e0d29f1b8e,2024,4.2672,9.5,CONT_LR,FK04,12,0
98a5507220960916,2024,3.6576,12.0,CONT_HR,FK05,12,0
9af223bd5ca3c709,2024,8.2296,11.0,CONT_MR,FK04,12,1
27facf2b859d9fdc,2024,4.2672,8.5,CONT_LR,FK04,12,0
c7edeb10f4115a91,2024,5.4864,15.0,SPGR_HR,FK05,12,1
2f87bbcc21e658b9,2024,6.4008,9.5,SPGR_LR,FK04,12,1
755071141e94f63d,2024,6.7056,13.5,SPGR_HR,FK05,12,1
ab51dae59e431f0b,2024,4.2672,15.5,CONT_HR,FK05,12,1
5d6127379d9c0a2c,2024,6.7056,12.5,CONT_HR,FK05,12,1
59bdeaa6f8f7bb6c,2024,5.4864,15.0,SPGR_HR,FK05,12,1
537b863777563a88,2024,7.1628,15.5,SPGR_HR,FK05,12,1
57d910cc42ed14a8,2024,10.0584,10.5,SPGR_HR,FK05,12,1
9c4c195fa69258cb,2024,10.9728,15.5,CONT_HR,FK05,12,1
9d2de93076ee3161,2024,9.144,14.5,CONT_HR,FK05,12,1
95cd986399ff9c28,2024,4.8768,13.5,CONT_HR,FK05,12,1
6cd9bbcef58ea70a,2024,4.572,8.0,CONT_HR,FK05,12,0
f8c90319b8906b3a,2024,13.2588,15.0,CONT_LR,FK06,12,0
d15416f23513a74e,2024,11.7348,10.5,SPGR_MR,FK06,12,1
d47b5362a98dcb92,2024,13.716,14.0,ISOL_HR,FK07,12,0
574b424a1ee59c61,2024,16.4592,15.0,SPGR_HR,FK07,12,1
7748e82b57c21dd0,2024,15.6972,9.5,SPGR_HR,FK07,12,1
b5fa32e8c5aaa7ab,2024,19.2024,20.5,SPGR_HR,FK07,12,0
da27bb47eb0cd9d3,2024,16.1544,18.0,SPGR_HR,FK07,12,1
c3cf49194307e0f2,2024,17.0688,12.5,CONT_MR,FK06,12,1
cddf2cf961a0c643,2024,11.8872,10.5,CONT_HR,FK07,12,1
2294c5159b6c2150,2024,12.8016,15.0,SPGR_HR,FK07,12,1
148011f381c25d34,2024,12.0396,13.0,SPGR_MR,FK06,12,1
539a4bf577f5b346,2024,20.2692,16.0,SPGR_HR,FK09,12,1
4eb29c258449ffff,2024,22.4028,12.5,SPGR_HR,FK09,12,1
e974d17d685586fc,2024,26.8224,19.0,ISOL_LR,FK09,12,0
f68917683e68f0b4,2024,29.718,15.0,SPGR_MR,FK09,12,0
85fce7fea09d13e6,2024,4.1148,4.5,ISOL_MR,FK01,12,0
988385252f2bd652,2024,4.1148,6.5,CONT_MR,FK01,8,0
ab4c5a6a28b93524,2024,5.6388,5.0,ISOL_HR,FK01,12,0
f3e6de9764fe07c7,2024,6.5532,13.0,ISOL_HR,FK02,12,0
b730d827804bd08f,2024,2.286,7.0,ISOL_HR,FK01,8,0
9f70a10d07545f68,2024,3.81,11.0,ISOL_LR,FK02,12,0
2558ca5a996277d7,2024,1.9812,6.5,ISOL_HR,FK01,8,0
07325b3247cd2eef,2024,4.2672,12.5,ISOL_HR,FK02,12,0
2c386e7e2a24935e,2024,3.048,6.0,ISOL_HR,FK01,8,0
9658062e4123ba7b,2024,3.6576,8.5,ISOL_MR,FK02,12,0
57995762afad72b2,2024,6.5532,5.5,ISOL_HR,FK02,12,1
84d2217bbe601509,2024,3.9624,8.5,ISOL_HR,FK02,10,0
e67ff955edc9d4b8,2024,3.048,8.0,ISOL_HR,FK02,10,0
1d86eed9c75af639,2024,5.9436,8.5,ISOL_HR,FK02,12,0
e1d64096cb4d05c5,2024,6.2484,12.0,ISOL_HR,FK02,12,0
b676a9445f87650f,2024,5.7912,9.0,ISOL_HR,FK02,12,0
4d2d939873b9a7bc,2024,4.4196,8.5,ISOL_HR,FK02,10,0
7bb9bb11927093e8,2024,3.9624,8.0,ISOL_HR,FK02,10,1
b97cae33ccfacbdb,2024,3.6576,8.0,ISOL_HR,FK02,10,1
d56b216c356519e5,2024,3.048,8.0,ISOL_HR,FK02,10,0
ddcd5739550fa543,2024,4.1148,8.0,ISOL_HR,FK02,10,0
9aad9debcf3e216b,2024,7.9248,13.0,ISOL_HR,FK02,12,0
00afcb69b7a584c5,2024,10.8204,11.0,ISOL_HR,FK02,12,0
a0a9ab2e7d2e589c,2024,6.2484,6.0,ISOL_HR,FK02,12,0
140798088f96593a,2024,6.4008,5.5,ISOL_HR,FK02,12,0
edace02b714e246a,2024,4.2672,5.0,ISOL_HR,FK02,12,0
eb37865f754d3c1f,2024,3.81,9.0,ISOL_MR,FK02,12,0
1b43d9ead389a7aa,2024,8.8392,6.0,ISOL_HR,FK02,12,0
041a52a416b28904,2024,5.6388,9.5,ISOL_HR,FK02,12,0
3a7882a0bfcfb0cd,2024,6.858,14.5,ISOL_MR,FK02,12,0
86f3084c6f45fdb9,2024,5.7912,7.0,ISOL_HR,FK02,12,1
247544ddabc4c46a,2024,6.096,14.0,ISOL_HR,FK02,12,1
019ba5f0102401d9,2024,7.7724,5.5,ISOL_MR,FK02,12,0
a3658104b8cf61bd,2024,9.4488,12.5,ISOL_HR,FK02,12,0
17a5729661396b12,2024,4.2672,5.5,ISOL_LR,FK02,12,0
4d3311ea420a3cb8,2024,3.2004,5.5,ISOL_MR,FK02,12,0
846854e81ca2f2b1,2024,7.7724,7.5,ISOL_HR,FK02,12,0
bc50b8465b26fd1b,2024,4.572,12.5,ISOL_MR,FK02,12,0
570c603218a2ae31,2024,3.2004,13.5,ISOL_HR,FK02,12,0
8584f4c773b420d1,2024,1.9812,7.0,ISOL_LR,FK02,12,0
c96b46b3811191f1,2024,6.096,9.5,ISOL_MR,FK02,12,0
3b4f635d3b8151fb,2024,2.1336,5.5,ISOL_MR,FK02,12,0
b19fafa389bbc1d5,2024,2.286,6.0,ISOL_HR,FK02,12,0
c210d121e1432d5a,2024,8.2296,13.0,ISOL_HR,FK02,12,0
e51edef5892a93f7,2024,2.5908,10.0,SPGR_HR,FK05,11,1
9cae2df28c181b3c,2024,3.2004,7.0,ISOL_HR,FK02,12,0
bf63047db1e24ee9,2024,1.8288,9.5,CONT_HR,FK05,11,1
cc6095570bd8edca,2024,6.858,12.0,CONT_LR,FK03,12,0
b1ec30fc4b68289c,2024,7.0104,14.0,ISOL_MR,FK03,12,1
a6aafa59959d0b7a,2024,6.5532,15.5,ISOL_MR,FK03,12,0
967318a8e4d446cf,2024,2.7432,7.5,SPGR_HR,FK05,8,0
89e61da117408137,2024,4.8768,7.0,SPGR_HR,FK05,8,1
7a60ce4cf27ce454,2024,5.0292,7.0,SPGR_HR,FK05,8,1
8c08fa7b72af035f,2024,2.286,7.0,SPGR_HR,FK05,8,1
eabf29c71b083ed9,2024,4.2672,7.0,SPGR_HR,FK05,8,1
bcf26d0c9163a166,2024,3.048,11.0,SPGR_HR,FK05,8,1
08929465d7ebd46d,2024,3.3528,10.0,SPGR_HR,FK05,9,1
1814548609a01e80,2024,7.0104,14.5,ISOL_LR,FK04,12,0
6ed14c719ecb3d38,2024,10.8204,15.5,CONT_MR,FK04,12,0
f427ba7331e1f2cb,2024,9.906,15.0,CONT_MR,FK04,12,0
53166e546fedc74e,2024,3.5052,13.0,CONT_HR,FK05,12,1
e63b29c7f2053c84,2024,7.3152,16.0,CONT_HR,FK05,12,1
aa000f5376252bb5,2024,7.4676,14.5,CONT_HR,FK05,12,1
24f1f651317461a9,2024,5.4864,10.0,CONT_MR,FK04,11,0
7b758e706a650a22,2024,3.048,12.5,RUBB_LR,FK04,12,0
bef24db3e4c0297e,2024,3.81,15.0,CONT_HR,FK05,12,1
1024048fabc73e2e,2024,5.4864,9.5,ISOL_HR,FK05,12,0
de700bfebcf9d60c,2024,5.0292,12.0,CONT_HR,FK05,12,0
5d4c6368fee83c5a,2024,7.62,11.5,SPGR_HR,FK05,8,1
68f1b1f3971a7e2f,2024,4.572,13.5,RUBB_LR,FK04,12,0
bbde22acaa169897,2024,5.9436,11.0,SPGR_LR,FK04,9,0
bcae08dbb39bd63d,2024,6.2484,7.5,SPGR_MR,FK04,9,0
4a87fb7dbaac0a22,2024,5.0292,11.0,SPGR_HR,FK05,11,1
42b33eb9b986ed89,2024,6.2484,10.0,CONT_HR,FK05,11,1
51bf5bf8bf1a8f56,2024,4.4196,11.0,SPGR_HR,FK05,11,0
7818ce23a98d5db4,2024,5.0292,10.0,SPGR_HR,FK05,11,0
6d07eceae002d9c0,2024,6.4008,8.5,SPGR_HR,FK05,11,1
4d9acd8e3d426e68,2024,6.858,10.0,SPGR_HR,FK05,12,1
7d9b7a7310288a1b,2024,6.2484,15.0,SPGR_HR,FK05,12,0
deab8997bbb940f3,2024,9.2964,8.0,SPGR_MR,FK04,12,1
1d9f6fb1081f63b1,2024,4.1148,10.0,SPGR_HR,FK05,11,1
01834580b2cb08e6,2024,6.4008,12.5,SPGR_LR,FK04,12,1
d1016e6af6e1d07a,2024,3.048,13.5,CONT_LR,FK04,12,0
28d85183da74e69c,2024,5.7912,13.5,SPGR_HR,FK05,11,1
cf3d7d14618a803f,2024,6.7056,18.0,SPGR_HR,FK05,12,1
ab89dbd2db196b6c,2024,5.7912,11.0,SPGR_HR,FK05,11,1
197ff05c6d1af8ff,2024,6.2484,5.5,SPGR_MR,FK04,8,1
b750dc059ce464df,2024,6.858,5.0,SPGR_HR,FK05,8,1
9daba4d5c47956be,2024,7.62,5.5,SPGR_HR,FK05,8,1
970457bb2c2a4767,2024,11.5824,10.5,CONT_LR,FK06,12,1
446c561e9b0bdb57,2024,10.668,16.0,SPGR_MR,FK05,8,1
ede8eb3be18f0133,2024,12.0396,17.0,CONT_MR,FK06,12,1
1b197da077b74064,2024,6.7056,5.0,SPGR_MR,FK04,8,1
9e9b175548e500e8,2024,8.0772,6.0,SPGR_HR,FK05,8,1
afe50f379f3a0098,2024,7.7724,6.0,SPGR_HR,FK05,8,1
ca943753ca4b9453,2024,6.2484,8.0,SPGR_MR,FK04,9,1
c5d80922deecc499,2024,2.1336,6.5,ISOL_HR,FK01,8,1
352a2888774a0403,2024,11.7348,13.0,CONT_HR,FK07,12,1
1fe73de0e48cac0c,2024,5.334,7.0,ISOL_HR,FK01,8,1
dbc9a4d2983c1231,2024,11.1252,16.0,SPGR_HR,FK07,12,0
2a5b72fd95437e6c,2024,4.1148,6.0,ISOL_HR,FK01,8,0
2fd811d7af628021,2024,16.764,12.0,ISOL_MR,FK06,12,1
ac9ceb78aa33ad00,2024,17.6784,15.0,SPGR_HR,FK07,12,1
f733902435dbb0d2,2024,17.2212,20.0,SPGR_HR,FK07,12,1
bad0ff17528cd27a,2024,16.3068,13.0,SPGR_HR,FK07,12,1
c78bdc505b123eaa,2024,17.3736,11.0,SPGR_HR,FK07,12,1
dd735371799a3890,2024,3.81,8.0,ISOL_HR,FK02,10,0
482983c7d0ab7b4e,2024,15.6972,11.5,CONT_HR,FK07,12,1
ad5d98384558b1f5,2024,13.8684,14.5,SPGR_HR,FK07,12,1
164ce83d17ebb36d,2024,10.668,13.5,CONT_HR,FK07,12,0
494975daba66d25a,2024,3.6576,8.5,ISOL_HR,FK02,10,0
8bdb44533711a28d,2024,2.8956,8.5,ISOL_HR,FK02,10,0
5922f4b19636d43e,2024,3.2004,8.0,ISOL_HR,FK02,10,0
877341b7a79a7a3f,2024,19.812,17.5,SPGR_MR,FK06,12,1
988f24ac0ec579c0,2024,18.4404,11.5,SPGR_HR,FK07,12,1
e48e623eaafb1447,2024,19.812,13.0,SPGR_HR,FK07,12,1
b5a643e0770cfb03,2024,19.05,13.5,SPGR_HR,FK07,12,1
ed6d428052781668,2024,5.7912,17.5,ISOL_HR,FK03,11,0
4ce527174925ea69,2024,21.7932,12.5,CONT_HR,FK09,12,1
5a4667b4f37afe0a,2024,1.6764,9.5,SPGR_HR,FK03,11,1
dea0b3e24c81831c,2024,23.1648,18.5,SPGR_HR,FK09,12,1
00035a6c6ca7b9fe,2024,23.7744,12.5,SPGR_HR,FK09,12,1
2967c7c9b32a4718,2024,5.0292,16.0,SPGR_HR,FK03,11,0
a45d471c17158728,2024,24.2316,11.0,CONT_LR,FK09,12,0
6f5dfb433aab3d84,2024,24.0792,14.5,ISOL_HR,FK09,12,0
60a91184a9351122,2024,23.9268,10.0,SPGR_HR,FK09,12,1
e26bbd160609b76b,2024,28.0416,18.0,ISOL_LR,FK09,12,0
585d420ca80ea7c8,2024,1.0668,9.0,CONT_MR,FK05,11,1
f34ebbff9839e1b0,2024,23.7744,22.5,SPGR_HR,FK09,12,1
e784cdb064dd0735,2024,0.762,16.0,SPGR_HR,FK05,11,0
eed258b0babfd224,2024,2.7432,12.0,SPGR_HR,FK05,11,1
1fd4e6cd982b2ba4,2024,2.8956,11.0,SPGR_HR,FK05,11,1
4ebdd1459cc91dd7,2024,3.2004,11.0,SPGR_HR,FK05,11,1
be827700682593cd,2024,2.5908,14.0,SPGR_HR,FK05,11,1
eefe2c9b4dba277e,2024,3.9624,12.0,SPGR_HR,FK05,11,1
f9ca4aa2397067a7,2024,5.0292,8.0,SPGR_HR,FK05,8,1
1cc4f584a408c0ae,2024,1.8288,7.5,SPGR_HR,FK05,8,1
b42b056995073a98,2024,3.048,8.0,SPGR_HR,FK05,8,0
e52a075bf48813ac,2024,8.5344,5.0,SPGR_MR,FK04,8,1
25b9be6ab2d01e5d,2024,6.2484,10.0,SPGR_MR,FK04,9,1
dbc81f845a38dc46,2024,5.1816,12.5,CONT_HR,FK05,11,0
527676cb7090cdf8,2024,8.8392,10.0,SPGR_HR,FK05,11,1
0a570bdf7c26f055,2024,4.8768,10.0,SPGR_HR,FK05,11,0
d29b817366e4c601,2024,4.8768,15.0,SPGR_HR,FK05,11,1
06b7cca5ccd86d56,2024,3.5052,11.0,SPGR_HR,FK05,11,0
a36eb888fb59f148,2024,4.2672,12.5,CONT_HR,FK05,11,1
2d8708fbeb1980f8,2024,4.7244,6.0,SPGR_LR,FK04,8,1
d91b4a5eec6f9fdf,2024,8.382,5.0,SPGR_HR,FK05,8,1
801dd9168d465355,2024,6.096,5.0,SPGR_HR,FK05,8,1
4cf19c21f0e6d362,2024,4.2672,5.5,ISOL_HR,FK01,8,0
4bd46447fccc6d3e,2024,1.6764,10.0,ISOL_HR,FK01,8,0
6b8f9bbf52ec93f0,2024,3.9624,7.0,ISOL_HR,FK01,8,0
aa94854c0a331eba,2024,1.2192,12.0,CONT_HR,FK03,11,0
c0484fb0b8214d36,2024,1.6764,9.0,SPGR_HR,FK03,11,1
4820c8ace4ee1415,2024,3.5052,16.0,SPGR_HR,FK03,11,0
ed477b45eccf4a65,2024,5.1816,16.0,SPGR_HR,FK03,11,0
c74501e2ee4b1561,2024,3.6576,11.0,CONT_HR,FK05,11,0
7fa0b33b702a3d3f,2024,1.2192,5.0,SPGR_MR,FK04,8,1
130c6b4fcc02492c,2024,1.8288,6.5,SPGR_MR,FK04,8,1
8b84b8bf43b35667,2024,1.6764,9.5,CONT_HR,FK05,11,1
73af6714c8c506dc,2024,2.1336,12.0,SPGR_HR,FK05,11,0
b4c748acc028f161,2024,3.048,10.0,SPGR_HR,FK05,11,1
760e81450a8b695b,2024,1.6764,13.5,SPGR_HR,FK05,11,0
75e649ab3fb56172,2024,2.8956,11.0,SPGR_HR,FK05,11,1
83abe0b25ed36fd4,2024,1.9812,13.5,SPGR_HR,FK05,11,1
17c06fb1f24cc0bb,2024,2.4384,14.0,SPGR_HR,FK05,11,1
866f28dd2df4be54,2024,3.048,16.0,SPGR_HR,FK05,9,1
f49aace11ecf46c4,2024,4.7244,7.5,SPGR_HR,FK05,9,1
45a3b8e7e982290f,2024,7.0104,16.5,CONT_HR,FK05,11,1
97e631d87b7f6a99,2024,8.0772,5.0,SPGR_MR,FK04,8,1
54549eb891f49d33,2024,7.3152,12.0,SPGR_HR,FK05,8,1
46c167576ef935e9,2024,6.4008,12.5,CONT_HR,FK05,11,0
1a73e1ce0d566b56,2024,6.096,7.5,SPGR_HR,FK05,11,0
ebd69bfa394c6d9a,2024,7.9248,8.5,SPGR_HR,FK05,11,1
7fa75ee0dabb67ea,2024,6.858,9.5,SPGR_HR,FK05,11,0
e92b56f1445c0c23,2024,5.6388,7.5,SPGR_HR,FK05,11,1
b4ecfbaf3c20ba8c,2024,4.572,8.5,SPGR_HR,FK05,11,1
58211c4a4e97edbd,2024,5.1816,12.0,SPGR_HR,FK05,11,1
