source_id,source_name,owner,official_URL,API_or_download_URL,category,variables,taxonomic_scope,geographic_coverage,depth_coverage,spatial_resolution,temporal_resolution,update_frequency,latency,historical_coverage,collection_method,observation_type,evidence_tier,known_biases,uncertainty,data_quality_controls,data_format,coordinate_system,taxonomy_standard,commercial_use_allowed,redistribution_allowed,attribution_required,rate_limit,cost,license,privacy_sensitivity,ecological_sensitivity,source_reliability,source_fragility,ingestion_priority,fallback_source,legal_status,integration_status,last_verified_at
OBIS-OCCURRENCE,Ocean Biodiversity Information System occurrences,UNESCO-IOC OBIS Secretariat / contributing nodes,https://obis.org/,https://api.obis.org/v3/,biodiversity_occurrence,occurrence;individualCount;eventDate;decimalLatitude;decimalLongitude;scientificName;AphiaID;basisOfRecord;license,"Marine taxa as published (animals, plants, microbes)",Global ocean and coastal seas,Surface to hadal as reported; many records lack depth,Point occurrences; coordinateUncertainty highly variable,Event-dated; opportunistic,Continuous IPT harvest,Days to years by publisher,Historical to present; spatially patchy,Aggregated Darwin Core via IPT from regional nodes,occurrence,T2,Research-cruise and easy-access coastal bias; farmed vs wild mix; licence mix includes CC BY-NC,Presence-only; detection probability unknown,OBIS QC flags; filter by license before any commercial path,JSON API; Darwin Core CSV,WGS84 EPSG:4326,WoRMS AphiaID,CONDITIONAL,CONDITIONAL,YES,Fair use; identify client; do not parallelize or scrape HTML,Free as posted,Per-dataset CC0 / CC BY 4.0 / CC BY-NC 4.0 (https://manual.obis.org/policy.html); publisher terms prevail; CARE for Indigenous data,COARSENED,high,high,low,P1,GBIF-MARINE-OCCURRENCE,CONDITIONAL_REVIEW_REQUIRED,catalog_only_not_ingested,2026-09-18
GBIF-MARINE-OCCURRENCE,GBIF marine occurrence records,GBIF Secretariat / publishers,https://www.gbif.org/,https://api.gbif.org/v1/,biodiversity_occurrence,occurrence;eventDate;decimalLatitude;decimalLongitude;scientificName;taxonKey;license;datasetKey,All kingdoms; must filter marine/brackish,Global including marine,As reported,Point occurrences,Event-dated,Continuous,Publisher-dependent,Historical to present,Publisher IPT / Darwin Core Archives,occurrence,T2,Terrestrial noise if marine filter omitted; museum vs citizen-science mix; CC BY-NC common,Same presence-only limits as OBIS; DOI download licence is authoritative,GBIF issues flags; always use DOI-download licence field,Darwin Core; JSON API,WGS84 EPSG:4326,GBIF Backbone; map to WoRMS for marine product,CONDITIONAL,CONDITIONAL,YES,Fair use; identify client; do not parallelize or scrape HTML,Free as posted,GBIF Data User Agreement plus per-dataset CC0 / CC BY / CC BY-NC (https://www.gbif.org/terms/data-user),COARSENED,high,high,low,P1,OBIS-OCCURRENCE,CONDITIONAL_REVIEW_REQUIRED,catalog_only_not_ingested,2026-09-18
OBIS-SEAMAP,OBIS-SEAMAP marine mammal bird turtle occurrences,Duke University Marine Geospatial Ecology Lab,https://seamap.env.duke.edu/,https://seamap.env.duke.edu/,biodiversity_occurrence,occurrence;species;group;effort;license,"Marine mammals, seabirds, sea turtles",Global,Mostly surface sightings; some telemetry,Points / tracklines; often coarsened,Survey and telemetry events,Dataset-dependent,Months to years; some embargoed,1970s-present uneven,Contributor datasets; surveys and telemetry,occurrence,T2,Platform and effort bias; default historical licence often CC BY-NC,Not abundance; effort rarely complete,Dataset-level terms; permission-required class exists,Web maps; dataset downloads,WGS84 EPSG:4326,WoRMS / contributor,CONDITIONAL,NO,YES,Fair use; identify client; do not parallelize or scrape HTML,Free as posted,SEAMAP Terms of Use (https://seamap.env.duke.edu/content/termsofuse); mixed CC; no redistribution unless CC0 or consent,RESTRICTED,high,high,medium,P3,OBIS-OCCURRENCE,CONDITIONAL_REVIEW_REQUIRED,catalog_only_not_ingested,2026-09-18
EMODNET-BIOLOGY,EMODnet Biology occurrences and products,European Marine Observation and Data Network / VLIZ,https://emodnet.ec.europa.eu/en/biology,https://www.emodnet-biology.eu/,biodiversity_occurrence,occurrence;abundance_indices;functional_groups,European marine biota,European seas; some global contributed datasets,Coastal to offshore as reported,Points and gridded products,Event to annual products,Periodic harvest,Months typical,Multi-decadal,SeaDataNet/EurOBIS style aggregation,occurrence,T2,European sampling density; third-party originator licences vary,Presence and indices not census,EMODnet QC; check originator metadata,Darwin Core; WFS; NetCDF products,WGS84 EPSG:4326,WoRMS,YES,YES,YES,Fair use; identify client; do not parallelize or scrape HTML,Free as posted,EMODnet-created products generally CC BY 4.0 owned by EU (https://emodnet.ec.europa.eu/en/terms-use-emodnet-online-services-data-and-data-products); originator datasets may differ,PUBLIC,medium,high,low,P2,OBIS-OCCURRENCE,APPROVED_WITH_ATTRIBUTION,catalog_only_not_ingested,2026-09-18
REEF-LIFE-SURVEY,Reef Life Survey standardized reef fish and invert counts,Reef Life Survey / University of Tasmania,https://reeflifesurvey.com/,https://reeflifesurvey.com/survey-data/,biodiversity_occurrence,site_counts;species;abundance;biomass_class;habitat,Shallow reef fishes and mobile invertebrates,Global temperate and tropical reefs (volunteer network),Typically 0-20 m SCUBA,Transect sites,Survey visits; not daily,Irregular public releases,Months to years,2007-present uneven,Standardized diver transects,survey,T1,Diver-accessible reefs; daytime; recreational/research sites,Method-standardized relative abundance not stock assessment,Method manuals; expert QA,CSV / data portal,WGS84 EPSG:4326,WoRMS / CAAB,UNKNOWN,UNKNOWN,YES,Fair use; identify client; do not parallelize or scrape HTML,Free as posted,UNKNOWN pending dataset terms on portal; do not assume visual access equals commercial use,COARSENED,medium,high,high,P2,OBIS-OCCURRENCE,CONDITIONAL_REVIEW_REQUIRED,catalog_only_not_ingested,2026-09-18
INATURALIST-MARINE,iNaturalist marine observations and media,California Academy of Sciences / National Geographic Society,https://www.inaturalist.org/,https://api.inaturalist.org/v1/,citizen_science,occurrence;photos;sounds;quality_grade;license_obs;license_photo,Any marine taxon photographed/observed,Global coastal bias,Intertidal to snorkel/SCUBA; almost no pelagic midwater,User points; obscured for threatened taxa,Opportunistic timestamps,Continuous,Minutes to days,2008-present exploding recent years,Citizen observations with community ID,citizen,T3,Coastal photogenic taxa; default licence CC BY-NC; threatened taxa obscured,Mis-IDs until Research Grade; not abundance,Quality grade; community identifications,JSON API; GBIF export subset; AWS Open Data photos,WGS84 EPSG:4326,iNat taxonomy; map to WoRMS,CONDITIONAL,CONDITIONAL,YES,Fair use; identify client; do not parallelize or scrape HTML,Free as posted,Per-record CC0/CC-BY/CC-BY-NC/others for observations vs media (https://www.inaturalist.org/pages/terms); default new accounts CC BY-NC; TOS prohibits commercial AI/ML training on iNaturalist data,COARSENED,high,medium,medium,P3,GBIF-MARINE-OCCURRENCE,NONCOMMERCIAL_ONLY,catalog_only_not_ingested,2026-09-18
WORMS-TAXONOMY,World Register of Marine Species,WoRMS Editorial Board / VLIZ,https://www.marinespecies.org/,https://www.marinespecies.org/rest/,taxonomy_registry,AphiaID;scientificname;status;rank;valid_AphiaID;LSID,Marine and some brackish/freshwater taxa,Global nomenclatural (not a distribution map),n/a,n/a,Living editorial database,Continuous,Minutes for webservice,Living names with synonym history,Expert editorial compilation,registry,T1,Editorial lag vs literature; oyster genus Magallana vs Crassostrea synonymy,Accepted name can change; downstream DBs lag,Editor review; citation doi:10.14284/170,REST XML/JSON; taxon pages,WGS84 EPSG:4326,WoRMS,YES,NO,YES,Fair use; identify client; do not parallelize or scrape HTML,Free as posted,WoRMS terms (https://marinespecies.org/about.php): cite for content used; do not redistribute entire database without written Steering Committee agreement; images default CC BY-NC-SA,PUBLIC,low,high,low,P0,ITIS,APPROVED_WITH_ATTRIBUTION,catalog_only_not_ingested,2026-09-18
ITIS,Integrated Taxonomic Information System,USGS / Smithsonian / ITIS partnership,https://www.itis.gov/,https://www.itis.gov/ws_description.html,taxonomy_registry,TSN;scientificName;kingdom;usage,Biota with US government emphasis; marine included,Global names; US regulatory use,n/a,n/a,Living,Continuous,Hours,Living,Partnership taxonomy,registry,T1,May lag WoRMS on marine synonymy (e.g. Magallana),Use WoRMS as marine authority; ITIS as US crosswalk,ITIS credibility ratings,Web services; Solr; downloads,WGS84 EPSG:4326,ITIS TSN,YES,YES,YES,Fair use; identify client; do not parallelize or scrape HTML,Free as posted,US government work / public domain unless noted; cite ITIS,PUBLIC,low,high,low,P1,WORMS-TAXONOMY,APPROVED_OPEN_COMMERCIAL,catalog_only_not_ingested,2026-09-18
CATALOGUE-OF-LIFE,Catalogue of Life,Catalogue of Life / Species 2000 / ITIS partners,https://www.catalogueoflife.org/,https://www.catalogueoflife.org/data/usage,taxonomy_registry,COLID;scientificName;classification,Global species checklist including marine,Global names,n/a,n/a,Monthly checklist releases,Monthly,Days,Annual/monthly snapshots,Aggregated GSD/CoL sources (includes WoRMS marine),registry,T1,Source-database lag,Prefer WoRMS marine AphiaIDs in product kernel,Checklist versions,JSON API; DwC-A,WGS84 EPSG:4326,Catalogue of Life,YES,YES,YES,Fair use; identify client; do not parallelize or scrape HTML,Free as posted,COL data typically CC BY; confirm current usage page,PUBLIC,low,high,low,P2,WORMS-TAXONOMY,APPROVED_WITH_ATTRIBUTION,catalog_only_not_ingested,2026-09-18
NCBI-TAXONOMY,NCBI Taxonomy,NCBI / NLM / NIH,https://www.ncbi.nlm.nih.gov/taxonomy,https://eutils.ncbi.nlm.nih.gov/entrez/eutils/,taxonomy_registry,taxid;scientificName;lineage,Sequence-linked biota including marine,Global names,n/a,n/a,Living,Daily,Hours,Living,Submitter and curator taxonomy for INSDC,registry,T1,Operational taxa and unpublished names; not a nomenclatural code authority,Map taxid to WoRMS for marine product names,NCBI taxonomy curators,E-utilities; taxdump,WGS84 EPSG:4326,NCBI taxid,YES,YES,YES,E-utilities: identify tool/email; <=3 rps without API key; 10 with key,Free as posted,NCBI places no extra restrictions on taxonomy dumps; submitter IP claims possible on related sequence records (https://www.ncbi.nlm.nih.gov/home/about/policies/),PUBLIC,low,high,low,P1,WORMS-TAXONOMY,APPROVED_OPEN_COMMERCIAL,catalog_only_not_ingested,2026-09-18
FISHBASE,FishBase species biology encyclopedia,Quantitative Aquatics / FishBase Consortium,https://www.fishbase.org/,https://fishbase.ropensci.org/,taxonomy_registry,species;ecology;length_weight;habitat;resilience;IUCN_status_mirror,Fishes (finfish),Global,As reported in species accounts,Country/FAO area occurrence tables not survey maps,Living encyclopedia,Continuous editorial,n/a,Compilation of literature,Literature compilation,compiled_traits,T2,Literature coverage uneven; occurrence tables not effort-standardized,Trait values often ranges; photos separately licensed,Editor review; cite page,HTML; rfishbase; API,WGS84 EPSG:4326,FishBase / CoL; map to WoRMS,NO,noncommercial_only,YES,Fair use; identify client; do not parallelize or scrape HTML,Free as posted,FishBase website: CC BY-NC 4.0 (https://www.fishbase.org/summary/citation.php); API docs also cite CC BY-NC; commercial users must contact maintainers; photos have separate rights,PUBLIC,low,high,medium,P3,WORMS-TAXONOMY,NONCOMMERCIAL_ONLY,catalog_only_not_ingested,2026-09-18
ICES-DATRAS,ICES Database of Trawl Surveys (DATRAS),International Council for the Exploration of the Sea,https://www.ices.dk/data/data-portals/pages/datras.aspx,https://datras.ices.dk/,fisheries_survey,CPUE;length;haul;ship;gear;AphiaID;statrec,Finfish and selected invertebrates in ICES surveys,"Baltic, North Sea, Celtic Seas, Bay of Biscay, Iberian Atlantic",Shelf trawlable bottoms,ICES statistical rectangles / haul points,Seasonal surveys; 45+ year series,After national uploads,Months,~1960s/1970s-present by survey,Coordinated bottom-trawl surveys (IBTS and others),survey,T1,Trawlable habitat only; gear/vessel changes; daytime,Relative CPUE indices; not absolute abundance without assessment model,DATRAS screening; expert groups,CSV extracts; web services,WGS84 EPSG:4326,WoRMS AphiaID / TSN,YES,YES,YES,Fair use; identify client; do not parallelize or scrape HTML,Free as posted,ICES Data Policy (Council Oct 2021): public data CC BY 4.0 (https://www.ices.dk/data/guidelines-and-policy/pages/ices-data-policy.aspx); exclusions: RDBES/VMS/logbook/some biodiversity/VME locations,COARSENED,medium,high,low,P1,RAM-LEGACY,APPROVED_WITH_ATTRIBUTION,catalog_only_not_ingested,2026-09-18
NOAA-NEFSC-BTS,NOAA NEFSC bottom trawl survey,NOAA NMFS Northeast Fisheries Science Center,https://www.fisheries.noaa.gov/inport/item/22557,https://www.fisheries.noaa.gov/inport/item/22557,fisheries_survey,stratum_cpue;length;weight;tow;bottom_temp;depth,NEUS shelf fishes and inverts (incl. Homarus),Cape Hatteras to Gulf of Maine / Scotian influence,Trawlable shelf/slope,Strata / tow start-end,Seasonal (spring/fall),Annual survey seasons,Months after cruise,1960s-present,Random-stratified bottom trawl,survey,T1,Offshore bias vs inshore lobster; vessel/gear changes; untrawlable bottom,Index not census; InPort use constraints,NEFSC protocols; InPort metadata,InPort / public data products,WGS84 EPSG:4326,ITIS / WoRMS,YES,YES,YES,Fair use; identify client; do not parallelize or scrape HTML,Free as posted,U.S. Government work / public domain unless a dataset is annotated otherwise; NCEI PD-10-2-02 Open Data Policy prefers CC0 for NOAA-produced holdings; no NOAA endorsement; do not present modified data as official,COARSENED,medium,high,low,P1,ICES-DATRAS,APPROVED_OPEN_COMMERCIAL,catalog_only_not_ingested,2026-09-18
NOAA-NWFSC-WCGBTS,NOAA NWFSC West Coast Groundfish Bottom Trawl Survey,NOAA NMFS Northwest Fisheries Science Center,https://www.fisheries.noaa.gov/west-coast/science-data/west-coast-groundfish-bottom-trawl-survey,https://www.webapps.nwfsc.noaa.gov/,fisheries_survey,cpue;length;age;tow;depth;temperature,West Coast groundfishes,US West Coast EEZ,Shelf and slope trawlable grounds,Tow / grid,Annual,Annual,Months to a year,1990s/2003-present depending on series,Fishery-independent trawl survey,survey,T1,Untrawlable habitat; not salmon charter GT,Index for assessments not 48h encounter,NWFSC survey manuals,FRAM data warehouse / public products,WGS84 EPSG:4326,ITIS / WoRMS,YES,YES,YES,Fair use; identify client; do not parallelize or scrape HTML,Free as posted,U.S. Government work / public domain unless a dataset is annotated otherwise; NCEI PD-10-2-02 Open Data Policy prefers CC0 for NOAA-produced holdings; no NOAA endorsement; do not present modified data as official,PUBLIC,medium,high,low,P2,NOAA-STOCKSMART,APPROVED_OPEN_COMMERCIAL,catalog_only_not_ingested,2026-09-18
NOAA-AFSC-RACE,NOAA AFSC RACE groundfish and crab surveys,NOAA NMFS Alaska Fisheries Science Center,https://www.fisheries.noaa.gov/alaska/science-data/alaska-bottom-trawl-survey-data,https://www.fisheries.noaa.gov/alaska/science-data/alaska-bottom-trawl-survey-data,fisheries_survey,cpue;length;crab_counts;tow;bottom_temp,Alaska groundfish and crabs,"EBS, GOA, AI",Shelf/slope trawlable,Station grid,Annual / biennial by region,Annual,Months,1980s-present classic EBS grid,Standardized bottom trawl,survey,T1,Ice-year gaps; untrawlable; not subsistence harvest,Index,RACE protocols,Public survey products,WGS84 EPSG:4326,ITIS / WoRMS,YES,YES,YES,Fair use; identify client; do not parallelize or scrape HTML,Free as posted,U.S. Government work / public domain unless a dataset is annotated otherwise; NCEI PD-10-2-02 Open Data Policy prefers CC0 for NOAA-produced holdings; no NOAA endorsement; do not present modified data as official,PUBLIC,medium,high,low,P2,NOAA-STOCKSMART,APPROVED_OPEN_COMMERCIAL,catalog_only_not_ingested,2026-09-18
CALCOFI,California Cooperative Oceanic Fisheries Investigations,NOAA SWFSC / SIO / CDFW,https://calcofi.org/,https://calcofi.org/data/,fisheries_survey,ichthyoplankton;temperature;salinity;oxygen;chl;nutrients;marine_megafauna,Ichthyoplankton and ecosystem measurements; not adult Chinook CPUE,California Current core lines,CTD full water column; nets in upper ocean,Station pattern,Quarterly historically; seasonal now,After cruises,Months to years for fully QC'd,1949-present,Repeat hydrography and nets,survey,T1,Station pattern not EEZ census; wrong stage for 48h adult charter,Excellent climate-ecosystem context not nowcast CPUE,CalCOFI methods; bottle QC,CSV/NetCDF/ERDDAP mirrors,WGS84 EPSG:4326,CalCOFI codes / WoRMS,YES,YES,YES,Fair use; identify client; do not parallelize or scrape HTML,Free as posted,NOAA/SIO public products generally US Gov or CC as annotated; confirm each table,PUBLIC,low,high,low,P2,NOAA-NWFSC-WCGBTS,APPROVED_OPEN_COMMERCIAL,catalog_only_not_ingested,2026-09-18
DFO-RV-SURVEYS,Fisheries and Oceans Canada research vessel surveys,Fisheries and Oceans Canada,https://www.dfo-mpo.gc.ca/,https://open.canada.ca/,fisheries_survey,survey_cpue;length;strata,Canadian marine fishes and inverts,"Canadian Atlantic, Arctic, Pacific EEZ (by survey)",Trawlable / set-specific,Strata / sets,Seasonal/annual,After surveys / CSAS,Months to years,Multi-decadal,DFO RV protocols,survey,T1,Gear/region series breaks; Crown copyright on reports,Index,DFO science QA; CSAS review,Open Government CSV; CSAS PDFs,WGS84 EPSG:4326,ITIS / WoRMS / DFO codes,CONDITIONAL,CONDITIONAL,YES,Fair use; identify client; do not parallelize or scrape HTML,Free as posted,Open Government Licence - Canada for posted datasets; CSAS PDFs Crown copyright - cite do not ingest full text,PUBLIC,low,high,medium,P2,ICES-DATRAS,CONDITIONAL_REVIEW_REQUIRED,catalog_only_not_ingested,2026-09-18
IMOS-AODN-SURVEYS,"IMOS AODN biological observing (NRS, SOOP, acoustic, BRUV)",Integrated Marine Observing System / AODN,https://imos.org.au/,https://portal.aodn.org.au/,fisheries_survey,NRS_plankton;BRUV_maxN;SOOP_acoustics;animal_tagging,Australian marine biota as observed by IMOS facilities,Australian EEZ and Southern Ocean contributions,Facility-specific,Stations / tracks / BRUV sites,Facility-specific,Continuous via AODN,Hours to months,2006-present IMOS era,National observing facilities,survey,T1,Array location; BRUV baited-selectivity,Not a fishery CPUE substitute,IMOS QC; ANMN/NRS manuals,NetCDF / CSV via AODN,WGS84 EPSG:4326,WoRMS / CAAB,YES,YES,YES,Fair use; identify client; do not parallelize or scrape HTML,Free as posted,IMOS/AODN majority CC BY 4.0 (https://imos.org.au/conditions-of-use) with required IMOS acknowledgement sentence,PUBLIC,low,high,low,P1,OBIS-OCCURRENCE,APPROVED_WITH_ATTRIBUTION,catalog_only_not_ingested,2026-09-18
RAM-LEGACY,RAM Legacy Stock Assessment Database,RAM Legacy Network (University of Washington and partners),https://www.ramlegacy.org/,https://zenodo.org/records/11995054,stock_assessment,B;Bmsy;F;Fmsy;catch;TB;SSB;assessmentyear,Exploited fish and invertebrate stocks with public assessments,Global assessed stocks (not all fisheries),Stock-defined,Stock units not lat/lon grids,Annual time series,Versioned releases (e.g. v4.65 2024),Years behind latest in-year assessment,Often 1950s-present where assessed,Extracted from official assessments,derived_assessment,T1,Assessed-stock bias; data-poor fisheries missing; model assumptions inherited,Assessment CVs; versioned,Harmonization metadata; cite Zenodo version,SQL/CSV zip on Zenodo,WGS84 EPSG:4326,Scientific names; map to WoRMS,YES,YES,YES,Fair use; identify client; do not parallelize or scrape HTML,Free as posted,CC BY 4.0 on Zenodo RAMLDB v4.65 (https://zenodo.org/records/11995054),PUBLIC,low,high,medium,P1,FAO-FIRMS,APPROVED_WITH_ATTRIBUTION,catalog_only_not_ingested,2026-09-18
NOAA-STOCKSMART,NOAA Stock SMART assessment results,NOAA NMFS,https://www.st.nmfs.noaa.gov/stocksmart,https://www.st.nmfs.noaa.gov/stocksmart,stock_assessment,F;B;overfishing;overfished;catch,US federally assessed stocks,US EEZ stocks,Stock-defined,Stock / FMP unit,Assessment cycle (1-5 yr typical),When assessments accepted,Months after review,Varies by stock,NMFS assessment compilation,derived_assessment,T1,US federal only; not in-season CPUE,Assessment model,Peer-reviewed assessments,Web tables / downloads,WGS84 EPSG:4326,NMFS / ITIS,YES,YES,YES,Fair use; identify client; do not parallelize or scrape HTML,Free as posted,U.S. Government work / public domain unless a dataset is annotated otherwise; NCEI PD-10-2-02 Open Data Policy prefers CC0 for NOAA-produced holdings; no NOAA endorsement; do not present modified data as official,PUBLIC,low,high,medium,P1,RAM-LEGACY,APPROVED_OPEN_COMMERCIAL,catalog_only_not_ingested,2026-09-18
ICES-STOCK-ASSESSMENT,ICES stock assessment graphs and advice,ICES,https://www.ices.dk/advice,https://sid.ices.dk/ / https://standardgraphs.ices.dk/,stock_assessment,SSB;F;recruitment;advice_catch;stock_code,ICES advice stocks,NE Atlantic / Baltic,Stock-defined,Stock units,Annual advice,Annual (some biannual),Weeks after ACOM,Multi-decadal for classic stocks,Expert group assessments + ACOM advice,derived_assessment,T1,Advice stocks only; mixed fisheries complexity,Published in advice sheets,ICES review; transparent assessment,"Standard Graphs API; advice PDFs (cite, do not dump full text into models)",WGS84 EPSG:4326,WoRMS / ICES codes,YES,YES,YES,Fair use; identify client; do not parallelize or scrape HTML,Free as posted,Public assessment products CC BY 4.0 under ICES data policy; advice PDFs may mix copyrighted narrative,PUBLIC,low,high,medium,P1,RAM-LEGACY,APPROVED_WITH_ATTRIBUTION,catalog_only_not_ingested,2026-09-18
FAO-FIRMS,FAO Fisheries and Resources Monitoring System,"FAO / FIRMS partners (RFMOs, regional bodies)",https://firms.fao.org/,https://firms.fao.org/,stock_assessment,stock_status; exploitation; fishery_factsheets,Partner-submitted stocks and fisheries,Global partner coverage (not complete),Stock-defined,Fact sheet / map units,Irregular partner updates,Partner-driven,Years possible,Factsheet histories,Partner fact sheets,compiled_status,T2,Partner presence; ownership remains with institution; not a model-ready time series,Qualitative status often,FIRMS standards; partner QC,Fact sheets / map viewer,WGS84 EPSG:4326,ASFIS / scientific names,CONDITIONAL,CONDITIONAL,YES,Fair use; identify client; do not parallelize or scrape HTML,Free as posted,Partner-owned content; FIRMS displays public data with provenance; FAO statistical DB terms also relevant,PUBLIC,low,high,medium,P2,RAM-LEGACY,CONDITIONAL_REVIEW_REQUIRED,catalog_only_not_ingested,2026-09-18
ICCAT-SCRS,ICCAT stock assessments and statistical bulletin (representative tuna RFMO),International Commission for the Conservation of Atlantic Tunas,https://www.iccat.int/,https://www.iccat.int/en/accesingdb.html,stock_assessment,catch;size;CPUE_indices;assessment_outputs,"Atlantic tunas, billfish, sharks as listed",Atlantic and adjacent seas,Pelagic,ICCAT squares / flags; public often aggregated,Annual,Annual SCRS,Months,Multi-decadal,CPC submissions + SCRS models,derived_assessment,T1,IUU underreporting; aggregated public cubes,Assessment,SCRS,Access DBs / CSV / PDFs,WGS84 EPSG:4326,FAO ASFIS / scientific names,UNKNOWN,UNKNOWN,YES,Fair use; identify client; do not parallelize or scrape HTML,Free as posted,UNKNOWN; ICCAT public statistical products are posted for users but commercial TOS not confirmed this session; do not scrape members-only,PUBLIC,low,high,medium,P2,RAM-LEGACY,CONDITIONAL_REVIEW_REQUIRED,catalog_only_not_ingested,2026-09-18
WCPFC-SPC-ASSESSMENTS,WCPFC / SPC Pacific tuna assessments,Western and Central Pacific Fisheries Commission / SPC Oceanic Fisheries Programme,https://www.wcpfc.int/,https://oceanfish.spc.int/,stock_assessment,catch;effort;size;stock_status,WCPO tunas and related,Western and Central Pacific,Pelagic,5-degree / EEZ aggregates in public papers,Annual,SC annual,Months,1950s-present in assessments,Member data + MULTIFAN-CL / related,derived_assessment,T1,Confidential operational data not public; public tables aggregated,Assessment,SC peer process,Public SC papers; some public domain data,WGS84 EPSG:4326,FAO / scientific names,UNKNOWN,UNKNOWN,YES,Fair use; identify client; do not parallelize or scrape HTML,Free as posted,UNKNOWN pending WCPFC data rules vs public papers; operational data restricted,COARSENED,low,high,medium,P2,RAM-LEGACY,CONDITIONAL_REVIEW_REQUIRED,catalog_only_not_ingested,2026-09-18
FAO-FISHSTAT-CAPTURE,FAO Global capture production (FishStat),Food and Agriculture Organization of the United Nations,https://www.fao.org/fishery/en/collection/capture,https://www.fao.org/fishery/en/topic/166235,catch_effort,capture_tonnes;country;ASFIS;FAO_area;fishing_area,ASFIS species items including marine fishes and inverts,Global FAO major fishing areas,Not depth-resolved,Country x FAO area (very coarse),Annual,Annual Yearbook,1-2 years typical,1950-present,National submissions to FAO,administrative_catch,T2,IUU and subsistence under/over; species aggregation; not CPUE,National statistical quality varies,FAO statistical QC,FishStatJ / CSV,WGS84 EPSG:4326,ASFIS; map to WoRMS,CONDITIONAL,CONDITIONAL,YES,Fair use; identify client; do not parallelize or scrape HTML,Free as posted,FAO Statistical Database Terms: datasets generally CC BY 4.0 PLUS extra terms (https://www.fao.org/contact-us/terms/db-terms-of-use/en/) forbidding use for promotion of a commercial enterprise/product/service and implying FAO endorsement; FishStatJ manual still points commercial resale to copyright@fao.org. HUMAN LEGAL REVIEW before any product use.,PUBLIC,low,high,medium,P1,RAM-LEGACY,CONDITIONAL_REVIEW_REQUIRED,catalog_only_not_ingested,2026-09-18
SEA-AROUND-US,Sea Around Us reconstructed catches,University of British Columbia / University of Western Australia,https://www.seaaroundus.org/,https://www.seaaroundus.org/,catch_effort,reconstructed_catch;sector;functional_group;EEZ;LME,Marine capture taxa as reconstructed,Global EEZs and high seas,Not depth-resolved,EEZ / half-degree allocation (modelled),Annual,Periodic reconstructions,Years,1950-present reconstructions,Literature + allocation model on FAO/national catch,derived_catch,T2,Reconstruction assumptions; spatial allocation is modelled not VMS,Large vs official FAO; document methods,Published methods; cite SAU,Web extracts; bulk by request,WGS84 EPSG:4326,SAU taxa / ASFIS,NO,noncommercial_only,YES,Fair use; identify client; do not parallelize or scrape HTML,Free as posted,CC BY-NC 4.0 for Content (https://www.seaaroundus.org/terms-and-conditions/); research/academic publication of limited content allowed with citation; large extracts may have cost-recovery; software Apache 2.0,PUBLIC,low,high,medium,P3,FAO-FISHSTAT-CAPTURE,NONCOMMERCIAL_ONLY,catalog_only_not_ingested,2026-09-18
NOAA-FOSS,NOAA FOSS commercial landings (non-confidential aggregates),NOAA NMFS,https://www.fisheries.noaa.gov/foss,https://www.fisheries.noaa.gov/foss,catch_effort,landed_pounds;value;species;state;year,US commercially landed species as published,US (confidential cells suppressed),n/a,State/year or coarser; not haul,Annual / monthly published tables,Periodic,Months to years,Multi-decadal,Dealer/state/federal landings aggregated under MSA rule-of-3,administrative_catch,T1,Not CPUE; suppression; not trip-level,Confidential cells missing,InPort 3475 caveats,Query tables,WGS84 EPSG:4326,NMFS species codes,YES,YES,YES,Fair use; identify client; do not parallelize or scrape HTML,Free as posted,Public FOSS aggregates; cite query and date; do not unsuppress; MSA confidential microdata is a different restricted source,COARSENED,low,high,medium,P2,FAO-FISHSTAT-CAPTURE,APPROVED_OPEN_COMMERCIAL,catalog_only_not_ingested,2026-09-18
ICES-CATCH-STATISTICS,ICES official catch statistics (public cubes),ICES,https://www.ices.dk/data/dataset-collections/Pages/Fish-catch-and-stock-assessment.aspx,https://www.ices.dk/data,catch_effort,landings;country;species;area;year,NE Atlantic reported landings,ICES areas,n/a,ICES area / division,Annual,Annual,~1 year,1903-present for some series,National official statistics,administrative_catch,T1,Not effort; discards incomplete in older series,Official stats,ICES catch data processes,CSV cubes,WGS84 EPSG:4326,WoRMS / ICES,YES,YES,YES,Fair use; identify client; do not parallelize or scrape HTML,Free as posted,Public catch products under ICES CC BY 4.0; RDBES/logbook/VMS remain restricted,PUBLIC,low,high,medium,P2,FAO-FISHSTAT-CAPTURE,APPROVED_WITH_ATTRIBUTION,catalog_only_not_ingested,2026-09-18
MOVEBANK,Movebank animal movement studies,Max Planck Institute of Animal Behavior / Movebank,https://www.movebank.org/,https://www.movebank.org/cms/movebank-content/access-data,tagging_telemetry,timestamp;location;tag;individual;behavior;argos;gps,"Birds, mammals, fishes, turtles as studied (marine subset)",Global,Some archival depth; many surface locations,GPS meters to Argos km,Burst to daily,Study-dependent,Live to multi-year embargo,1990s-present,Owner-uploaded telemetry,telemetry,T1,Tagged subset; duty cycle; public vs private studies; CC BY-NC option,Location class errors; not population census,Owner QC; Movebank sensors,CSV / Movebank API,WGS84 EPSG:4326,Owner taxon; map to WoRMS,CONDITIONAL,CONDITIONAL,YES,Fair use; identify client; do not parallelize or scrape HTML,Free as posted,Per-study CC0 / CC BY / CC BY-NC for public downloads (https://www.movebank.org/cms/movebank-content/data-policy) plus general Movebank terms; private studies custom terms; owners can re-privatize except already-downloaded CC copies,RESTRICTED,high,high,medium,P2,ATN-IOOS,CONDITIONAL_REVIEW_REQUIRED,catalog_only_not_ingested,2026-09-18
OTN,Ocean Tracking Network acoustic telemetry,Dalhousie University / OTN and nodes,https://oceantrackingnetwork.org/,https://members.oceantrack.org/data/policies,tagging_telemetry,detections;tag_metadata;receiver_metadata,Acoustically tagged marine/diadromous animals,Global OTN-node network (strong Atlantic/Canada/Australia),Receiver depths; animals as tagged,Receiver locations (sensitive if published raw),Detection events,After downloads/matches,Near-real-time to 2-year post-tag-expiry embargo by request,2008-present expanding,Acoustic tags and receiver arrays; node matching,telemetry,T1,Array geography; species tagging programs; embargoes,Detection probability; not abundance,OTN DAC; node policies,OTN/FACT/ACT-style databases,WGS84 EPSG:4326,WoRMS / ITIS,UNKNOWN,NO,YES,Fair use; identify client; do not parallelize or scrape HTML,Free as posted,OTN Data Policy 2024 (https://members.oceantrack.org/data/policies): receiver and tagging metadata intended public ASAP; detections public ASAP unless 2-year embargo; attribution to all providers; node policies travel with tags. Commercial product use not explicitly licensed here — CONDITIONAL.,RESTRICTED,high,high,medium,P2,MOVEBANK,CONDITIONAL_REVIEW_REQUIRED,catalog_only_not_ingested,2026-09-18
ATN-IOOS,US Animal Telemetry Network DAC,US IOOS / ATN,https://ioos.noaa.gov/project/atn/,https://portal.atn.ioos.us/,tagging_telemetry,tracks;detections;asset_inventory,US marine animal telemetry projects,US EEZ and tag tracks beyond,Tag-dependent,Tracks / receivers,Project-dependent,Continuous DAC,Owner restrictions typically up to ~2 years,ATN era plus historical ingest,Agency/academic telemetry compiled in DAC,telemetry,T1,Funded projects; embargoes; marine mammal sensitivity,Not stock abundance,ATN DAC guidance,ERDDAP / portal,WGS84 EPSG:4326,WoRMS / ITIS,UNKNOWN,UNKNOWN,YES,Fair use; identify client; do not parallelize or scrape HTML,Free as posted,Owner-set access; IOOS sharing policy is not itself a commercial licence; attribution and publication reporting expected,RESTRICTED,high,high,medium,P2,OTN,CONDITIONAL_REVIEW_REQUIRED,catalog_only_not_ingested,2026-09-18
ICCAT-TAGGING,ICCAT conventional and electronic tagging,ICCAT,https://www.iccat.int/en/Tagging.html,https://www.iccat.int/en/Tagging.html,tagging_telemetry,release;recapture;electronic_tracks_as_published,Atlantic tunas and billfishes,Atlantic,PSAT depth when public,Release/recapture points often coarse,Event,Periodic,Years for public tables,Decades of conventional tags,CPC tagging programs,telemetry,T1,Fishery recapture effort; reporting rates,Movement not abundance,ICCAT tagging office,Public tables / requests,WGS84 EPSG:4326,ICCAT species codes,UNKNOWN,UNKNOWN,YES,Fair use; identify client; do not parallelize or scrape HTML,Free as posted,UNKNOWN; public tagging summaries vs confidential e-tag detail,COARSENED,medium,high,medium,P3,MOVEBANK,CONDITIONAL_REVIEW_REQUIRED,catalog_only_not_ingested,2026-09-18
NCEI-PASSIVE-ACOUSTICS,NCEI Passive Acoustic Data Collection,NOAA NCEI,https://www.ncei.noaa.gov/products/passive-acoustic-data,https://www.ncei.noaa.gov/access/metadata/landing-page/bin/iso?id=gov.noaa.ncei.pad%3APAD_Collection,acoustic_archive,wav;flac;soundscape;detection_products_if_provided,Sound-producing marine life (esp. mammals) plus abiotic/anthropogenic noise,Primarily US and partner deployments; expanding,Mooring/glider depths,Station / recorder,Continuous or duty-cycled audio,As archived,Months typical,2000s-present uneven,"HARPs, hydrophones, gliders submitted to archive",acoustic,T1,Deployment geography; marine mammal detections are sensitive,Raw audio often unprocessed; detections not abundance without effort model,Checksums on ingest; little additional QC on raw,wav/aif/flac + metadata,WGS84 EPSG:4326,none,YES,YES,YES,Fair use; identify client; do not parallelize or scrape HTML,Free as posted,NCEI Open Data Policy for NOAA-produced; third-party holdings may differ; cite archive DOI; not a product that should publish fine mammal locations,RESTRICTED,high,high,low,P3,NCEI-WATER-COLUMN-SONAR,APPROVED_OPEN_COMMERCIAL,catalog_only_not_ingested,2026-09-18
NCEI-WATER-COLUMN-SONAR,NCEI water-column sonar archive (active acoustics),NOAA NCEI,https://www.ncei.noaa.gov/products/water-column-sonar-data,https://www.ncei.noaa.gov/maps/water-column-sonar/,acoustic_archive,Sv;NASC;EK60;EK80;frequency,Unidentified scatterers; some cruise annotations,NOAA and partner surveys globally as archived,Surface to seafloor along track,Ping / ~10s m along-track,Cruise tracks,As archived,Months to years,~2000s-present digital EK era,Fisheries sonar on NOAA ships and partners,acoustic,T1,Survey design; frequency-dependent; gas-bladder bias,NASC is not species without ground truth,Cruise metadata; instrument calibration notes,HAC/raw/processed NetCDF as provided,WGS84 EPSG:4326,none,YES,YES,YES,Fair use; identify client; do not parallelize or scrape HTML,Free as posted,U.S. Government work / public domain unless a dataset is annotated otherwise; NCEI PD-10-2-02 Open Data Policy prefers CC0 for NOAA-produced holdings; no NOAA endorsement; do not present modified data as official,PUBLIC,low,high,low,P2,ICES-ACOUSTIC,APPROVED_OPEN_COMMERCIAL,catalog_only_not_ingested,2026-09-18
ICES-ACOUSTIC,ICES acoustic trawl survey databases,ICES,https://www.ices.dk/data/data-portals/Pages/acoustic.aspx,https://acoustic.ices.dk/,acoustic_archive,NASC;species_allocated_biomass;transect,"Pelagic fishes in coordinated surveys (herring, blue whiting, etc.)",NE Atlantic survey areas,Pelagic water column,EDSUs / ICES rectangles,Annual survey seasons,After working groups,Months,1990s-present typical,Coordinated acoustic-trawl surveys,acoustic,T1,Survey timing vs migration; species allocation,Acoustic + trawl combined index,WGIPS/WGACEGG etc.,ICES acoustic DB extracts,WGS84 EPSG:4326,WoRMS,YES,YES,YES,Fair use; identify client; do not parallelize or scrape HTML,Free as posted,Public ICES acoustic products CC BY 4.0 unless restricted,PUBLIC,low,high,medium,P2,NCEI-WATER-COLUMN-SONAR,APPROVED_WITH_ATTRIBUTION,catalog_only_not_ingested,2026-09-18
IMOS-BIOACOUSTICS,IMOS SOOP and Bioacoustics facilities,IMOS / CSIRO / AODN,https://imos.org.au/facilities/shipsofopportunity,https://portal.aodn.org.au/,acoustic_archive,Sv;NASC;transects,Unidentified scatterers; some processed products,Australian waters shipping routes,Water column along SOOP,Along-track,Voyage,After voyages,Months,IMOS era,Ships of opportunity EK60/EK80,acoustic,T2,Shipping lanes not designed survey grid,Species ID limited,IMOS bioacoustics QC,NetCDF via AODN,WGS84 EPSG:4326,none,YES,YES,YES,Fair use; identify client; do not parallelize or scrape HTML,Free as posted,IMOS CC BY 4.0 with acknowledgement,PUBLIC,low,high,medium,P3,NCEI-WATER-COLUMN-SONAR,APPROVED_WITH_ATTRIBUTION,catalog_only_not_ingested,2026-09-18
NCBI-GENBANK,NCBI GenBank nucleotide sequences,NCBI / INSDC,https://www.ncbi.nlm.nih.gov/genbank/,https://eutils.ncbi.nlm.nih.gov/entrez/eutils/,edna_genomic,sequence;organism;taxid;isolation_source;lat_lon;collection_date,All sequenced biota including marine,Global as submitted (lat_lon often missing),Rarely structured,Submitter coordinates if present,Collection dates if present,Daily,Days after release,1982-present,Submitter sequences,genomic,T2,Sequenced species bias; missing geo; patent claims possible,NCBI places no extra restrictions but cannot clear submitter IP (https://www.ncbi.nlm.nih.gov/genbank/about/),INSDC annotation; user must sanity-check taxonomy,GenBank flat / FASTA / JSON,WGS84 EPSG:4326,NCBI taxid,CONDITIONAL,CONDITIONAL,YES,E-utilities limits; no HTML scrape,Free as posted,NCBI imposes no extra restrictions; submitters may claim patent/copyright; Nagoya/ABS may apply to genetic resources,PUBLIC,medium,high,medium,P2,ENA,CONDITIONAL_REVIEW_REQUIRED,catalog_only_not_ingested,2026-09-18
ENA,European Nucleotide Archive,EMBL-EBI,https://www.ebi.ac.uk/ena,https://www.ebi.ac.uk/ena/browser/api/,edna_genomic,reads;assemblies;samples;lat_lon;environment,INSDC marine and other,Global,Sample metadata if provided (MIxS),Sample coordinates if provided,Sample dates,Continuous,Days,INSDC era,INSDC submissions including marine eDNA/metagenomes,genomic,T2,Same as GenBank; human/restricted studies separate (EGA),EMBL-EBI adds no extra restriction beyond owners (https://www.ebi.ac.uk/about/terms-of-use),ENA validation,FASTQ/EMBL/XML,WGS84 EPSG:4326,NCBI/ENA taxonomy,CONDITIONAL,CONDITIONAL,YES,Fair use; identify client; do not parallelize or scrape HTML,Free as posted,EMBL-EBI Terms: no additional restriction beyond data owners; check record and ABS,PUBLIC,low,high,medium,P2,NCBI-GENBANK,CONDITIONAL_REVIEW_REQUIRED,catalog_only_not_ingested,2026-09-18
BOLD-SYSTEMS,Barcode of Life Data Systems,Centre for Biodiversity Genomics / University of Guelph,https://boldsystems.org/,https://bench.boldsystems.org/index.php/datapackages/Latest,edna_genomic,barcode;processid;taxon;lat_lon;images,DNA barcode library including marine animals,Global,Specimen metadata,Specimen points if public,Collection dates,Continuous; versioned public packages,Days to embargo,2000s-present,Barcode specimens and sequences,genomic,T1,Barcode-gene and phylum coverage; private projects,ID to BIN not always species,BOLD validation,TSV data packages; API,WGS84 EPSG:4326,BOLD taxonomy / map to WoRMS,CONDITIONAL,CONDITIONAL,YES,Fair use; identify client; do not parallelize or scrape HTML,Free as posted,Public data packages listed CC BY-SA 4.0 (share-alike; https://bench.boldsystems.org/index.php/datapackages/Latest); many images CC BY; older image licences were CC BY-NC-SA — filter. Share-alike is a product-architecture landmine.,PUBLIC,medium,high,medium,P2,NCBI-GENBANK,CONDITIONAL_REVIEW_REQUIRED,catalog_only_not_ingested,2026-09-18
NCBI-SRA,NCBI Sequence Read Archive,NCBI / INSDC,https://www.ncbi.nlm.nih.gov/sra,https://www.ncbi.nlm.nih.gov/sra,edna_genomic,runs;metagenomes;amplicons;BioSample,Raw reads including marine eDNA/metabarcoding,Global,BioSample if provided,BioSample,BioSample,Continuous,After submitter release,2007-present,High-throughput sequencing submissions,genomic,T2,Study design; primer bias; not occurrence without bioinformatics,eDNA presence != abundance or live animal,SRA metadata; user pipeline,SRA/FASTQ,WGS84 EPSG:4326,NCBI,CONDITIONAL,CONDITIONAL,YES,Do not hammer; use cloud copies when offered,Free as posted,Same NCBI molecular data policy as GenBank; cloud Open Data subsets may have separate notices,PUBLIC,low,high,medium,P3,ENA,CONDITIONAL_REVIEW_REQUIRED,catalog_only_not_ingested,2026-09-18
MGNIFY,MGnify microbiome analyses,EMBL-EBI,https://www.ebi.ac.uk/metagenomics,https://www.ebi.ac.uk/metagenomics/api/,edna_genomic,OTU;taxonomy;function;biome;marine_samples,Microbes including marine biomes,Global samples as submitted,Sample metadata,Sample,Sample,Continuous analyses,After analysis pipeline,2010s-present,Standardized metagenomic/amplicon analysis of public reads,genomic,T2,Pipeline versions; marine biome tagging incomplete,Not animal occurrence,MGnify pipelines,JSON API; downloads,WGS84 EPSG:4326,MGnify / SILVA / NCBI,CONDITIONAL,CONDITIONAL,YES,Fair use; identify client; do not parallelize or scrape HTML,Free as posted,EMBL-EBI terms plus original read licences,PUBLIC,low,high,medium,P3,ENA,CONDITIONAL_REVIEW_REQUIRED,catalog_only_not_ingested,2026-09-18
FATHOMNET,FathomNet underwater imagery and annotations,MBARI / NOAA / partners,https://www.fathomnet.org/,https://www.fathomnet.org/fathomnet/api/,camera_image_archive,images;bounding_boxes;concepts;depth;lat_lon,Midwater and benthic fauna as annotated,Global archive with MBARI/NOAA concentration,ROV/AUV depths (often mesopelagic-bathyal),Dive positions,Frame timestamps,Continuous contributions,After annotation,MBARI historical dives plus new,ROV/AUV stills and video frames,imagery,T2,Dive targeting; lights attract; intended as ML training not occurrence census (policy),Concept taxonomy; not effort-standardized abundance,Contributor licences; annotation ownership rules,API JSON; image URLs,WGS84 EPSG:4326,FathomNet concepts / WoRMS mapping,CONDITIONAL,CONDITIONAL,YES,Fair use; identify client; do not parallelize or scrape HTML,Free as posted,Per-asset CC0 / CC-BY / CC-BY-NC / CC-BY-NC-ND (https://www.fathomnet.org/datause); filter NC/ND; imagery intended for ML training not as occurrence dataset,PUBLIC,low,high,medium,P3,MBARI-VARS,CONDITIONAL_REVIEW_REQUIRED,catalog_only_not_ingested,2026-09-18
CORALNET,CoralNet benthic photo annotations,UC San Diego / NOAA CRCP collaborators,https://coralnet.ucsd.edu/,https://coralnet.ucsd.edu/,camera_image_archive,photo_quadrats;label_points;coral_cover_estimates,"Benthic categories (coral, algae, substrate)",Global reefs as uploaded,Shallow reef photo surveys,Sites / quadrats,Survey images,User projects,Project-dependent,2010s-present,Diver photoquadrats + ML assist,imagery,T2,Public vs private sources; label sets differ,Point-count cover not colony ID always,Source QA; CoralNet machine confidence,Web exports,WGS84 EPSG:4326,Functional labels / some taxa,UNKNOWN,UNKNOWN,YES,Fair use; identify client; do not parallelize or scrape HTML,Free as posted,UNKNOWN per source; do not assume all sources are open,PUBLIC,medium,high,medium,P3,ALLEN-CORAL-ATLAS,CONDITIONAL_REVIEW_REQUIRED,catalog_only_not_ingested,2026-09-18
MBARI-VARS,MBARI VARS / deep-sea video annotations,Monterey Bay Aquarium Research Institute,https://www.mbari.org/,https://www.mbari.org/data/data-access/,camera_image_archive,video_annotations;concepts;depth;time,Monterey Canyon and expedition fauna,NE Pacific emphasis; expeditions worldwide,ROV full ocean depth capability,Dive tracks,Frame-accurate annotations,After dives,Months,1980s/1990s-present,ROV video annotation,imagery,T1,Targeted science dives,Local excellence not global prior,MBARI video lab,VARS exports; some via FathomNet,WGS84 EPSG:4326,MBARI knowledge base / WoRMS,UNKNOWN,UNKNOWN,YES,Fair use; identify client; do not parallelize or scrape HTML,Free as posted,UNKNOWN pending MBARI data-use terms; much content flows to FathomNet under chosen CC,PUBLIC,low,high,medium,P3,FATHOMNET,CONDITIONAL_REVIEW_REQUIRED,catalog_only_not_ingested,2026-09-18
ARGO-GDAC,Argo profiling float GDAC,Argo Program / Ifremer Coriolis and US GODAE GDACs,https://argo.ucsd.edu/data/,https://data-argo.ifremer.fr/,ocean_observing_system,TEMP;PSAL;PRES;profile_qc,n/a (physics),Global ice-free ocean; sparse on shelves,Typically 0-2000 m; Deep Argo to 4000-6000 m,Point profiles ~3 degrees nominal array,~10-day cycles,GDACs daily,Real-time hours-days; delayed-mode months,2000-present,Autonomous profiling floats,in_situ,T1,Shelf/estuary undersampling; parking-depth sampling,Use QC flags; RT vs DM,Argo ADMT QC manuals; delayed-mode PI,NetCDF GDAC; ERDDAP mirrors,WGS84 EPSG:4326,none,YES,YES,YES,Fair use; identify client; do not parallelize or scrape HTML,Free as posted,Argo data freely available without restriction; cite DOI 10.17882/42182 and acknowledgement sentence (https://argo.ucsd.edu/data/acknowledging-argo/). Gridded products (BOA etc.) have separate terms.,PUBLIC,low,high,low,P0,CMEMS-GLO-PHY,APPROVED_WITH_ATTRIBUTION,catalog_only_not_ingested,2026-09-18
BGC-ARGO,Biogeochemical Argo floats,BGC-Argo / OneArgo national programs,https://biogeochemical-argo.org/,https://data-argo.ifremer.fr/,ocean_observing_system,DOXY;CHLA;BBP;NITRATE;PH_IN_SITU_TOTAL;DOWNWELLING_PAR,n/a (BGC sensors; chl is fluorescence not species),Global but much sparser than core Argo,0-2000 m typical,Point profiles,~5-10 days,Daily GDAC,RT hours; DM longer; some BGC still experimental,2010s-present,BGC sensor floats,in_situ,T1,Biofouling; regional calibrations; not coastal farms,Sensor-specific; use parameter QC,BGC-Argo QC cookbooks,Argo NetCDF with BGC params,WGS84 EPSG:4326,none,YES,YES,YES,Fair use; identify client; do not parallelize or scrape HTML,Free as posted,Same Argo unrestricted + acknowledgement; experimental aux directory may differ,PUBLIC,low,high,medium,P1,GLODAP,APPROVED_WITH_ATTRIBUTION,catalog_only_not_ingested,2026-09-18
GOOS-OCEANOPS,GOOS / OceanOPS observing network metadata,WMO-IOC OceanOPS / GOOS,https://www.ocean-ops.org/,https://www.ocean-ops.org/board,ocean_observing_system,platform_metadata;EOV_networks;status,n/a,Global observing networks,Network-dependent,Platform positions,Living inventory,Daily metadata,Hours,Network histories,"Network reporting (Argo, DBCP, OceanSITES, GO-SHIP, etc.)",metadata_catalog,T1,Metadata not the observations themselves,"Use to discover, then hit GDACs",OceanOPS QC of metadata,Directory / APIs,WGS84 EPSG:4326,none,YES,YES,YES,Fair use; identify client; do not parallelize or scrape HTML,Free as posted,Metadata generally open; underlying observations follow each network policy,PUBLIC,low,high,low,P0,IOOS-CATALOG,APPROVED_WITH_ATTRIBUTION,catalog_only_not_ingested,2026-09-18
IOOS-CATALOG,US IOOS Catalog and regional ERDDAPs,US Integrated Ocean Observing System / NOAA,https://ioos.noaa.gov/,https://data.ioos.us/,ocean_observing_system,in_situ_T_S_waves_currents;HF_radar;gliders;models_as_registered,n/a (some biological sensors),US EEZ and Great Lakes; regional associations,Surface to glider profiles,Stations / HF radar km / glider tracks,Minutes to hours,Near-real-time,Minutes to hours when healthy,RA-dependent,"IOOS RAs, NDBC, HF radar, glider DAC",in_situ,T1,Many catalog records 'No License Provided'; IOOS sharing policy binds providers not users,Per-dataset licence check mandatory,QARTOD where implemented,ERDDAP / SOS / WMS,WGS84 EPSG:4326,none,UNKNOWN,UNKNOWN,YES,Fair use; identify client; do not parallelize or scrape HTML,Free as posted,IOOS Open Data Sharing is a provider policy (https://ioos.noaa.gov/data/data-standards/open-data-sharing/) not a user commercial licence; NOAA-produced subsets may be public domain; RA datasets often UNKNOWN,PUBLIC,low,high,medium,P0,ARGO-GDAC,CONDITIONAL_REVIEW_REQUIRED,catalog_only_not_ingested,2026-09-18
OCEANSITES,OceanSITES time-series moorings,OceanSITES / OceanOPS / contributing PIs,https://www.ocean-ops.org/oceansites/,https://data.pmel.noaa.gov/oceansites/,ocean_observing_system,TEMP;PSAL;DOXY;FLUXES;met,n/a,Sparse global reference sites,Full-depth moorings,Point sites,Minutes to hours,Site-dependent,Hours to delayed-mode,1990s-present at some sites,Sustained moorings,in_situ,T1,Few sites; not coastal farms,Best at the site only,OceanSITES NetCDF conventions,NetCDF GDACs,WGS84 EPSG:4326,none,CONDITIONAL,YES,YES,Fair use; identify client; do not parallelize or scrape HTML,Free as posted,Default OceanSITES license attribute: CLIVAR free exchange; user must display citation; user must contact PI prior to any commercial use (OceanSITES Data Format Reference Manual),PUBLIC,low,high,medium,P2,ARGO-GDAC,CONDITIONAL_REVIEW_REQUIRED,catalog_only_not_ingested,2026-09-18
GO-SHIP,GO-SHIP repeat hydrography,GO-SHIP / national hydrographic programs,https://www.go-ship.org/,https://cchdo.ucsd.edu/,ocean_observing_system,CTD;bottle_nuts;CFCs;C13;HeTr;transmissometer,n/a (some bio samples on cruises separately),Global repeat sections,Full water column to bottom,Stations along sections,Decadal repeats,After cruises,Months to years for final bottles,WOCE/CLIVAR/GO-SHIP lineage 1990s-present,Research-ship hydrography,in_situ,T1,Section timing; not coastal,Gold-standard bottles,GO-SHIP specs; CCHDO,WOCE/CCHDO exchange; NetCDF,WGS84 EPSG:4326,none,YES,YES,YES,Fair use; identify client; do not parallelize or scrape HTML,Free as posted,Typically free via CCHDO with acknowledgement; confirm cruise; feeds GLODAP,PUBLIC,low,high,low,P2,GLODAP,APPROVED_WITH_ATTRIBUTION,catalog_only_not_ingested,2026-09-18
OOI,NSF Ocean Observatories Initiative,NSF OOI / WHOI program office,https://oceanobservatories.org/,https://ooinet.oceanobservatories.org/,ocean_observing_system,CTD;DO;pH;ADCP;seismics;bioacoustics;cams_as_deployed,Limited bioacoustics/cameras; mostly physics/BGC,"Pioneer, Irminger, Station Papa, Cabled Array, Argentine, Global sites as funded",Surface to seafloor cabled/moored,Arrays,Seconds to hours,Near-real-time streams,Minutes to QC delayed,~2014-present with site changes,Cabled and moored observatory,in_situ,T1,Site geography; Pioneer relocated; not a global grid,Instrument failures; QARTOD,OOI QC; user T&Cs,NetCDF / THREDDS / M2M,WGS84 EPSG:4326,none,CONDITIONAL,CONDITIONAL,YES,Fair use; identify client; do not parallelize or scrape HTML,Free as posted,OOI Data User Terms (https://oceanobservatories.org/): attribution to NSF/WHOI/contributors; as-is; not guaranteed operational; project-specific instruments may differ,PUBLIC,low,high,medium,P2,IOOS-CATALOG,CONDITIONAL_REVIEW_REQUIRED,catalog_only_not_ingested,2026-09-18
IMOS-AODN,IMOS Australian Ocean Data Network (full observing system),IMOS / University of Tasmania lead agent,https://imos.org.au/,https://portal.aodn.org.au/,ocean_observing_system,ANMN_moorings;gliders;Argo_AU;radar;satellite_SST_AU;animal_tagging;NRS,Physics plus biological facilities,Australia and Southern Ocean,Coastal to open ocean,Facility-specific,NRT to delayed,Continuous,Hours typical NRT,2006-present,National collaborative infrastructure,in_situ,T1,Australian EEZ focus,Per facility,IMOS QC,AODN portal / THREDDS,WGS84 EPSG:4326,none,YES,YES,YES,Fair use; identify client; do not parallelize or scrape HTML,Free as posted,IMOS data and majority of AODN CC BY 4.0 with mandatory acknowledgement (https://imos.org.au/conditions-of-use),PUBLIC,low,high,low,P1,ARGO-GDAC,APPROVED_WITH_ATTRIBUTION,catalog_only_not_ingested,2026-09-18
ONC-OCEANS3,Ocean Networks Canada Oceans 3.0,Ocean Networks Canada / University of Victoria,https://www.oceannetworks.ca/,https://data.oceannetworks.ca/,ocean_observing_system,cabled_CTD;video;hydrophone;ADCP;seismics,Video/acoustic detections of fauna at nodes,NE Pacific (VENUS/NEPTUNE) and Arctic sites,Coastal to abyssal cabled,Nodes,Seconds,NRT,Seconds to minutes,2006-present,Cabled observatory,in_situ,T1,Node locations; cameras attract,Local,ONC QA,Oceans 3.0 API,WGS84 EPSG:4326,none,UNKNOWN,UNKNOWN,YES,Fair use; identify client; do not parallelize or scrape HTML,Free as posted,UNKNOWN pending ONC data policy/user agreement; academic access is not a commercial grant,PUBLIC,low,high,medium,P2,OOI,CONDITIONAL_REVIEW_REQUIRED,catalog_only_not_ingested,2026-09-18
EMSO-ERIC,EMSO European Multidisciplinary Seafloor and water column Observatory,EMSO ERIC,https://emso.eu/,https://data.emso.eu/,ocean_observing_system,moorings;seafloor;water_column_EOVs,Limited bioacoustics/cameras,European seas regional nodes,Full water column / seafloor,Nodes,NRT to delayed,Node-dependent,Hours,2010s-present,Regional observatories,in_situ,T1,European nodes only,Local,EMSO ERIC,ERDDAP / portals,WGS84 EPSG:4326,none,YES,YES,YES,Fair use; identify client; do not parallelize or scrape HTML,Free as posted,Often CC BY via EMODnet Physics ingest; confirm node,PUBLIC,low,high,medium,P2,OCEANSITES,APPROVED_WITH_ATTRIBUTION,catalog_only_not_ingested,2026-09-18
NOAA-AOML-GDP,NOAA Global Drifter Program,NOAA AOML / DBCP,https://www.aoml.noaa.gov/phod/gdp/,https://www.aoml.noaa.gov/phod/gdp/interpolated/data/all.php,ocean_observing_system,SST;surface_velocity;drogue_status,n/a,Global surface ocean,~15 m drogue; SST hull,Lagrangian tracks,Hourly interpolated products,Daily/monthly products,Hours RT; delayed QC,1979/1990s-present quality series,SVP drifters,in_situ,T1,Ekman/windage; drogue loss; coastal avoidance,Velocity QC flags essential,GDP QC handbook,ASCII/NetCDF,WGS84 EPSG:4326,none,YES,YES,YES,Fair use; identify client; do not parallelize or scrape HTML,Free as posted,U.S. Government work / public domain unless a dataset is annotated otherwise; NCEI PD-10-2-02 Open Data Policy prefers CC0 for NOAA-produced holdings; no NOAA endorsement; do not present modified data as official,PUBLIC,low,high,low,P1,OSCAR-CURRENTS,APPROVED_OPEN_COMMERCIAL,catalog_only_not_ingested,2026-09-18
CMEMS-SATELLITE-OC-SST,Copernicus Marine satellite ocean colour and SST TAC products,Copernicus Marine Service,https://marine.copernicus.eu/,https://data.marine.copernicus.eu/,satellite_provider,analysed_sst;chlor_a;kd490;Rrs;sea_ice,n/a (chl not species),Global and regional European seas,Skin/optical surface,~1 km to 4 km typical L3/L4,Daily / NRT / REP,Daily,Hours to 1 day NRT; REP delayed,Sensor-dependent 1980s/1998/2002-present,Multi-sensor satellite TAC,remote_sensing,T1,Clouds; Case-2 waters; skin vs foundation SST,QUID per product,CMEMS QUID/PUM,NetCDF subset,WGS84 EPSG:4326,none,YES,YES,YES,Fair use; identify client; do not parallelize or scrape HTML,Free with Copernicus Marine registration,Licence to Use Copernicus Marine Service Products (https://marine.copernicus.eu/user-corner/service-commitments-and-licence); royalty-free commercial derivatives allowed with attribution and traceability; mixed third-party products need product-level credits; registration required,PUBLIC,low,high,low,P0,NOAA-OISST,APPROVED_WITH_ATTRIBUTION,catalog_only_not_ingested,2026-09-18
COPERNICUS-SENTINEL-3,Copernicus Sentinel-3 OLCI/SLSTR/SRAL,European Commission / ESA / EUMETSAT,https://sentinels.copernicus.eu/,https://dataspace.copernicus.eu/,satellite_provider,OLCI_Rrs;SLSTR_SST;SRAL_SSH,n/a,Global,Surface,OLCI 300 m; SLSTR 1 km; altimetry along-track,~1-2 day revisit with A/B,NRT and NTC,Hours NRT,2016-present,Operational satellite,remote_sensing,T1,Coastal adjacency; clouds,Sensor ATBDs,ESA/EUMETSAT,SAFE / NetCDF,WGS84 EPSG:4326,none,YES,YES,YES,Fair use; identify client; do not parallelize or scrape HTML,Free as posted,Legal notice on Copernicus Sentinel Data (https://sentinels.copernicus.eu/documents/247904/690755/Sentinel_Data_Legal_Notice); commercial use allowed with credit; portal chrome may differ,PUBLIC,low,high,low,P1,NASA-EARTHDATA-OCEAN,APPROVED_WITH_ATTRIBUTION,catalog_only_not_ingested,2026-09-18
NASA-EARTHDATA-OCEAN,"NASA Earthdata ocean color and SST (MODIS, VIIRS, PACE)",NASA ESDIS / OB.DAAC / PO.DAAC,https://www.earthdata.nasa.gov/,https://oceandata.sci.gsfc.nasa.gov/,satellite_provider,chlor_a;Rrs;POC;PIC;SST;PACE_hyperspectral,n/a (PACE phytoplankton community is model not species census),Global,Optical surface,750 m-4 km typical; PACE OCI ~1 km,Daily,Daily,NRT hours; science-quality days,SeaWiFS/MODIS 1997/2002-present; PACE 2024-present,NASA ocean satellites,remote_sensing,T1,Clouds; coastal CDOM; community algorithms experimental,ATBD; never treat chl as fish,OB.DAAC processing levels,NetCDF via Earthdata,WGS84 EPSG:4326,none,YES,YES,YES,Fair use; identify client; do not parallelize or scrape HTML,Free; Earthdata Login often required,NASA ESDIS Data Use Guidance: NASA-led unmarked missions default CC0 1.0 (https://www.earthdata.nasa.gov/engage/open-data-services-software-policies/data-use-guidance); Earthdata Login; non-NASA holdings follow sponsor license; no NASA endorsement,PUBLIC,low,high,low,P0,CMEMS-SATELLITE-OC-SST,APPROVED_OPEN_COMMERCIAL,catalog_only_not_ingested,2026-09-18
NASA-SWOT,NASA/CNES SWOT sea surface height and 2D KaRIn,NASA / CNES,https://swot.jpl.nasa.gov/,https://podaac.jpl.nasa.gov/SWOT,satellite_provider,ssh;ssha;significant_wave_height;river_wse,n/a,Global (KaRIn swaths + nadir),Surface,KaRIn km-class 2D; nadir along-track,21-day exact repeat science orbit,After processing cycles,Days to weeks science products,2023-present,Ka-band radar interferometer,remote_sensing,T1,Coastal/ice contamination; early-mission cal/val,Not a fish map; useful circulation/fronts/waves,PO.DAAC quality flags,NetCDF,WGS84 EPSG:4326,none,YES,YES,YES,Fair use; identify client; do not parallelize or scrape HTML,Free; Earthdata Login often required,NASA ESDIS Data Use Guidance: NASA-led unmarked missions default CC0 1.0 (https://www.earthdata.nasa.gov/engage/open-data-services-software-policies/data-use-guidance); Earthdata Login; non-NASA holdings follow sponsor license; no NASA endorsement,PUBLIC,low,high,medium,P2,CMEMS-ALTIMETRY,APPROVED_OPEN_COMMERCIAL,catalog_only_not_ingested,2026-09-18
GHRSST,GHRSST L2/L3/L4 sea surface temperature,GHRSST project / NOAA / NASA / ESA partners,https://www.ghrsst.org/,https://podaac.jpl.nasa.gov/GHRSST,satellite_provider,sea_surface_temperature;quality_level;sses_bias,n/a,Global,Skin or foundation as product,1-25 km depending on L4,Sub-daily L2 to daily L4,Daily,Hours to 1 day,1981-present Pathfinder/L4 lineage,Multi-sensor SST,remote_sensing,T1,Diurnal skin; coastal land contamination,SSES fields,GHRSST GDS,NetCDF CF,WGS84 EPSG:4326,none,CONDITIONAL,CONDITIONAL,YES,Fair use; identify client; do not parallelize or scrape HTML,Free as posted,Collection-specific (many NASA CC0 / CMEMS licence / NOAA PD); check MUR vs OSTIA vs NOAA blended separately,PUBLIC,low,high,low,P0,NOAA-OISST,CONDITIONAL_REVIEW_REQUIRED,catalog_only_not_ingested,2026-09-18
NOAA-OISST,NOAA Daily OISST v2.1,NOAA NCEI / CPC,https://www.ncei.noaa.gov/products/optimum-interpolation-sst,https://www.ncei.noaa.gov/data/sea-surface-temperature-optimum-interpolation/,satellite_provider,sst;err;ice,n/a,Global 0.25 deg,Foundation-like blended SST,0.25 degree,Daily,Daily,~1 day,1981-09-01-present,AVHRR + in situ OI,remote_sensing,T1,Coarse for estuaries; ice margins,err field,NCEI OISST docs,NetCDF,WGS84 EPSG:4326,none,YES,YES,YES,Fair use; identify client; do not parallelize or scrape HTML,Free as posted,U.S. Government work / public domain unless a dataset is annotated otherwise; NCEI PD-10-2-02 Open Data Policy prefers CC0 for NOAA-produced holdings; no NOAA endorsement; do not present modified data as official,PUBLIC,low,high,low,P0,GHRSST,APPROVED_OPEN_COMMERCIAL,catalog_only_not_ingested,2026-09-18
NOAA-COASTWATCH,NOAA CoastWatch / PolarWatch / West Coast ERD,NOAA NESDIS / NMFS ERD,https://coastwatch.noaa.gov/,https://coastwatch.pfeg.noaa.gov/erddap/,satellite_provider,sst;chlor_a;winds;anomalies;fronts,n/a,Global and US regional,Surface,1-5 km typical,Daily / composites,Daily,Hours to days,Sensor era,NOAA satellite operations and science-quality,remote_sensing,T1,ERDDAP 'not intended for legal use' disclaimers; coastal Case-2,Product-specific,CoastWatch,ERDDAP griddap,WGS84 EPSG:4326,none,YES,YES,YES,Fair use; identify client; do not parallelize or scrape HTML,Free as posted,Typically US Gov; ERDDAP copies add as-is / not-for-legal-use language; underlying collection may differ,PUBLIC,low,high,low,P0,NASA-EARTHDATA-OCEAN,APPROVED_OPEN_COMMERCIAL,catalog_only_not_ingested,2026-09-18
NASA-SMAP-SSS,NASA SMAP sea surface salinity,NASA JPL / RSS,https://smap.jpl.nasa.gov/,https://podaac.jpl.nasa.gov/,satellite_provider,sss;smap_hires_coastal_products,n/a,Global ice-free,Skin/upper few cm,~40 km native; 70 km often used; experimental coastal,8-day / monthly,NRT and science,Days,2015-present,L-band radiometer,remote_sensing,T1,Land contamination; RFI; rain; not estuary-resolving,Useful plume/open-ocean salt prior not farm salinity,JPL/RSS flags,NetCDF,WGS84 EPSG:4326,none,YES,YES,YES,Fair use; identify client; do not parallelize or scrape HTML,Free; Earthdata Login often required,NASA ESDIS Data Use Guidance: NASA-led unmarked missions default CC0 1.0 (https://www.earthdata.nasa.gov/engage/open-data-services-software-policies/data-use-guidance); Earthdata Login; non-NASA holdings follow sponsor license; no NASA endorsement,PUBLIC,low,high,medium,P2,ARGO-GDAC,APPROVED_OPEN_COMMERCIAL,catalog_only_not_ingested,2026-09-18
ESA-CCI-OCEAN,"ESA Climate Change Initiative SST, ocean colour, sea state, salinity",ESA CCI,https://climate.esa.int/,https://climate.esa.int/en/odp/,satellite_provider,sst;chl;kd;swh;sss_climate,n/a,Global climate records,Surface,1-25 km,Daily climate,Versioned CDRs,Climate delay not NRT,1980s-present CDRs,Harmonized multi-mission CDRs,remote_sensing,T1,Not a nowcast; version breaks,CDR uncertainty products,CCI ATBDs,NetCDF,WGS84 EPSG:4326,none,YES,YES,YES,Fair use; identify client; do not parallelize or scrape HTML,Free as posted,ESA CCI typically CC BY 4.0 with citation; confirm dataset,PUBLIC,low,high,low,P2,C3S-ERA5,APPROVED_WITH_ATTRIBUTION,catalog_only_not_ingested,2026-09-18
USGS-LANDSAT,USGS Landsat Collection 2 (aquatic reflectance),USGS / NASA,https://www.usgs.gov/landsat,https://earthexplorer.usgs.gov/,satellite_provider,surface_reflectance;thermal;NDWI;coastal_habitats,n/a (habitat mapping input),Global land and coastal,Very shallow optically; land,30 m (15 m pan),8-16 day,Continuous,Hours to days,1972-present,Optical satellite,remote_sensing,T1,Clouds; sunglint; not ocean color mission,Useful reefs/kelp/turbid coasts,USGS Collection 2,GeoTIFF,WGS84 EPSG:4326,none,YES,YES,YES,Fair use; identify client; do not parallelize or scrape HTML,Free as posted,USGS Landsat unrestricted reuse (https://www.usgs.gov/faqs/are-there-any-restrictions-use-or-redistribution-landsat-data),PUBLIC,low,high,low,P1,COPERNICUS-SENTINEL-2,APPROVED_OPEN_COMMERCIAL,catalog_only_not_ingested,2026-09-18
COPERNICUS-SENTINEL-2,Copernicus Sentinel-2 MSI coastal/habitat imagery,European Commission / ESA,https://sentiwiki.copernicus.eu/web/s2-mission,https://dataspace.copernicus.eu/,satellite_provider,MSI_bands;NDVI;NDWI;benthic_reflectance,n/a,Global land+coastal,Shallow photic,10-20 m,5-day with two sats,Continuous,Hours,2015-present,Multispectral satellite,remote_sensing,T1,Clouds; water-column correction needed,Habitat mapping input,ESA L2A,SAFE / COG via CDSE,WGS84 EPSG:4326,none,YES,YES,YES,Fair use; identify client; do not parallelize or scrape HTML,Free as posted,Sentinel Legal Notice; commercial with credit,PUBLIC,low,high,low,P1,USGS-LANDSAT,APPROVED_WITH_ATTRIBUTION,catalog_only_not_ingested,2026-09-18
CMEMS-GLO-PHY,Copernicus Marine Global Ocean Physics analysis/forecast (PHY_001_024 family),Mercator Ocean International / Copernicus Marine,https://data.marine.copernicus.eu/product/GLOBAL_ANALYSISFORECAST_PHY_001_024/description,https://data.marine.copernicus.eu/product/GLOBAL_ANALYSISFORECAST_PHY_001_024/services,oceanographic_model,thetao;so;uo;vo;zos;mlotst;bottomT,n/a,Global ocean (coarse in estuaries),50 vertical levels; surface to bottomT,1/12 deg (~9 km),Hourly surface; 6-hourly 3D; 10-day forecast,Daily,Hours,Rolling NRT; reanalysis via GLORYS,Assimilative NEMO global,model,T2,Estuaries/fjords unresolved; not LiveOcean,QUID skill; never fish abundance,CMEMS QUID,NetCDF subset / toolbox,WGS84 EPSG:4326,none,YES,YES,YES,Fair use; identify client; do not parallelize or scrape HTML,Free with Copernicus Marine registration,Licence to Use Copernicus Marine Service Products (https://marine.copernicus.eu/user-corner/service-commitments-and-licence); royalty-free commercial derivatives allowed with attribution and traceability; mixed third-party products need product-level credits; registration required,PUBLIC,low,high,low,P0,NOAA-RTOFS,APPROVED_WITH_ATTRIBUTION,catalog_only_not_ingested,2026-09-18
CMEMS-GLO-BGC,Copernicus Marine Global Ocean BGC analysis/forecast,Mercator Ocean International / Copernicus Marine,https://data.marine.copernicus.eu/product/GLOBAL_ANALYSISFORECAST_BGC_001_028/description,https://data.marine.copernicus.eu/,oceanographic_model,chl;o2;no3;po4;si;ph;nppv,n/a (model plankton functional types not species),Global; poor inland seas,3D 50 levels,1/4 deg typical,Daily; 10-day forecast,Daily,Hours,Rolling NRT,PISCES-class BGC coupled to physics,model,T2,Coastal BGC poorly resolved; chl is not HAB species,QUID; never toxin/legal HAB,CMEMS QUID,NetCDF,WGS84 EPSG:4326,none,YES,YES,YES,Fair use; identify client; do not parallelize or scrape HTML,Free with Copernicus Marine registration,Licence to Use Copernicus Marine Service Products (https://marine.copernicus.eu/user-corner/service-commitments-and-licence); royalty-free commercial derivatives allowed with attribution and traceability; mixed third-party products need product-level credits; registration required,PUBLIC,low,high,medium,P1,NASA-EARTHDATA-OCEAN,APPROVED_WITH_ATTRIBUTION,catalog_only_not_ingested,2026-09-18
CMEMS-GLO-WAV,Copernicus Marine Global Ocean Waves analysis/forecast,Meteo-France / Copernicus Marine,https://data.marine.copernicus.eu/product/GLOBAL_ANALYSISFORECAST_WAV_001_027/description,https://data.marine.copernicus.eu/,weather_wave_tide_current,VHM0;VTPK;VMDR;VTM10,n/a,Global ocean; degraded inland waters,Surface waves,~1/12 deg,3-hourly; 10-day forecast,Daily,Hours,NRT window; hindcasts separate,MFWAM,model,T2,Local fetch in bays,Not navigation,QUID,NetCDF,WGS84 EPSG:4326,none,YES,YES,YES,Fair use; identify client; do not parallelize or scrape HTML,Free with Copernicus Marine registration,Licence to Use Copernicus Marine Service Products (https://marine.copernicus.eu/user-corner/service-commitments-and-licence); royalty-free commercial derivatives allowed with attribution and traceability; mixed third-party products need product-level credits; registration required,PUBLIC,low,high,medium,P0,NOAA-GFS-WAVE,APPROVED_WITH_ATTRIBUTION,catalog_only_not_ingested,2026-09-18
CMEMS-GLORYS12,GLORYS12 global ocean reanalysis,Mercator Ocean / Copernicus Marine,https://data.marine.copernicus.eu/product/GLOBAL_MULTIYEAR_PHY_001_030/description,https://data.marine.copernicus.eu/,oceanographic_model,thetao;so;uo;vo;zos;mlotst,n/a,Global,Full column,1/12 deg,Daily reanalysis,Periodic extensions,Reanalysis delay months-years,1993-near present (confirm product window),Assimilative reanalysis,model,T2,Same scale limits as NRT PHY; excellent climate prior,Reanalysis errors; leakage if used as 'future',QUID,NetCDF,WGS84 EPSG:4326,none,YES,YES,YES,Fair use; identify client; do not parallelize or scrape HTML,Free with Copernicus Marine registration,Licence to Use Copernicus Marine Service Products (https://marine.copernicus.eu/user-corner/service-commitments-and-licence); royalty-free commercial derivatives allowed with attribution and traceability; mixed third-party products need product-level credits; registration required,PUBLIC,low,high,medium,P0,CMEMS-GLO-PHY,APPROVED_WITH_ATTRIBUTION,catalog_only_not_ingested,2026-09-18
NOAA-RTOFS,NCEP Global RTOFS ocean forecast,NOAA NWS NCEP,https://www.nco.ncep.noaa.gov/pmb/products/rtofs/,https://nomads.ncep.noaa.gov/,oceanographic_model,temperature;salinity;u;v;ssh,n/a,Global; US regional high-res files,3D HYCOM vertical,1/12 deg,3-hourly 2D; 6-hourly 3D,Daily,Hours,Operational rolling; NCEI archive,Operational HYCOM,model,T2,Nearshore coarse; OpenDAP retired Feb 2026 — use HTTPS/GRIB filter,Guidance not observations,NCEP,GRIB2/NetCDF on NOMADS,WGS84 EPSG:4326,none,YES,YES,YES,Fair use; identify client; do not parallelize or scrape HTML,Free as posted,U.S. Government work / public domain unless a dataset is annotated otherwise; NCEI PD-10-2-02 Open Data Policy prefers CC0 for NOAA-produced holdings; no NOAA endorsement; do not present modified data as official,PUBLIC,low,high,medium,P0,CMEMS-GLO-PHY,APPROVED_OPEN_COMMERCIAL,catalog_only_not_ingested,2026-09-18
HYCOM-GOFS,HYCOM GOFS 3.1 global analysis,HYCOM consortium / NRL / NOAA,https://www.hycom.org/,https://www.hycom.org/dataserver,oceanographic_model,water_temp;salinity;water_u;water_v;surf_el,n/a,Global,Hybrid vertical 40 layers class,1/12 deg,3-hourly,Daily analysis,Hours to 1 day,GOFS 3.1 era plus hindcasts,HYCOM+NCODA,model,T2,Similar to RTOFS; AWS copy states few use restrictions — still cite,Model,HYCOM QC,NetCDF THREDDS / AWS,WGS84 EPSG:4326,none,CONDITIONAL,CONDITIONAL,YES,Fair use; identify client; do not parallelize or scrape HTML,Free as posted,GOFS often 'as-is' with acknowledgement; AWS Open Data description claims no use restrictions — confirm current hycom.org terms (not Copernicus),PUBLIC,low,high,medium,P1,NOAA-RTOFS,CONDITIONAL_REVIEW_REQUIRED,catalog_only_not_ingested,2026-09-18
NOAA-GFS-WAVE,NOAA GFS-Wave / WAVEWATCH III,NOAA NCEP EMC,https://polar.ncep.noaa.gov/waves/,https://nomads.ncep.noaa.gov/,weather_wave_tide_current,HTSGW;PERPW;DIRPW;WVHGT,n/a,Global plus US nests,Surface waves,Multigrid WW3,Hourly-3hourly; 4 cycles/day,Four times daily,Hours,Operational + MMAB hindcast 1979/1999-2018 class,WAVEWATCH III forced by GFS,model,T1,Inland waters; coastal shadowing,Not navigation,NCEP,GRIB2,WGS84 EPSG:4326,none,YES,YES,YES,Fair use; identify client; do not parallelize or scrape HTML,Free as posted,U.S. Government work / public domain unless a dataset is annotated otherwise; NCEI PD-10-2-02 Open Data Policy prefers CC0 for NOAA-produced holdings; no NOAA endorsement; do not present modified data as official,PUBLIC,low,high,medium,P0,CMEMS-GLO-WAV,APPROVED_OPEN_COMMERCIAL,catalog_only_not_ingested,2026-09-18
C3S-ERA5,"Copernicus C3S ERA5 reanalysis (marine winds, air T, stress)",ECMWF / Copernicus Climate Change Service,https://cds.climate.copernicus.eu/,https://cds.climate.copernicus.eu/datasets,weather_wave_tide_current,u10;v11;t2m;msl;tp;surface_stress;era5_waves_if_used,n/a,Global,Atmosphere / surface ocean forcing,0.25 deg atmosphere; 0.5 deg waves,Hourly 1940-present (ERA5),~5-day delay ERA5T,5 days typical,1940-present,Assimilative reanalysis,model,T1,Coastal winds; not a substitute for NWS marine forecast,Excellent climate forcing; leakage if mixed with NRT without cutoff,C3S docs,NetCDF/GRIB CDS,WGS84 EPSG:4326,none,YES,YES,YES,Fair use; identify client; do not parallelize or scrape HTML,Free with CDS account,C3S/CDS: typically CC BY 4.0 with visible Copernicus attribution and modified-data disclaimer; check dataset licence on CDS; ECMWF operational IFS is a different paid licence,PUBLIC,low,high,low,P0,NOAA-GFS,APPROVED_WITH_ATTRIBUTION,catalog_only_not_ingested,2026-09-18
NOAA-GFS,NOAA GFS / NWS digital forecasts,NOAA NWS NCEP,https://www.weather.gov/documentation/services-web-api,https://api.weather.gov,weather_wave_tide_current,wind;precip;air_temperature;alerts;marine_zone_forecasts,n/a,CONUS grid plus marine zones; GFS global,Atmosphere,~2.5 km NDFD; marine zones coarser,Hourly to 7 days,WFO cycles,Minutes,Forecasts are not a climate archive (use ERA5),NWP + WFO digital,model,T1,Tide-flat microclimates; marine grids coarse,Not weather-safety product for FishAI to author,NWS,JSON-LD / GRIB,WGS84 EPSG:4326,none,YES,YES,YES,Unpublished; User-Agent required; backoff on 429,Free as posted,NWS disclaimer public domain unless noted (https://www.weather.gov/disclaimer); User-Agent required; unpublished rate limit; 403/429 backoff,PUBLIC,low,high,low,P0,C3S-ERA5,APPROVED_OPEN_COMMERCIAL,catalog_only_not_ingested,2026-09-18
GEBCO-GRID,GEBCO global bathymetry grid,GEBCO Guiding Committee / IHO / IOC / Seabed 2030,https://www.gebco.net/data-products/gridded-bathymetry-data,https://www.gebco.net/data-products/gridded-bathymetry-data,bathymetry,elevation,n/a,Global ocean,Seafloor,15 arc-second class (confirm year grid),Static annual compilation,Annual,Not NRT,Annual grids; 2026 grid current at search,Interpolated compilation of many surveys,derived_grid,T2,Shallow shelf interpolation; MUST NOT be used for navigation,Compilation RMSE spatially variable,GEBCO documentation; Type Identifier grid,NetCDF GeoTIFF,WGS84 EPSG:4326,none,YES,YES,YES,Fair use; identify client; do not parallelize or scrape HTML,Free as posted,GEBCO Grid terms: public-domain-style; free commercial exploitation; attribution required; no endorsement; SHALL NOT be used for navigation or safety at sea (https://www.gebco.net/data-products/gridded-bathymetry/terms-of-use),PUBLIC,low,high,low,P0,NOAA-NCEI-CRM,APPROVED_WITH_ATTRIBUTION,catalog_only_not_ingested,2026-09-18
EMODNET-BATHYMETRY,EMODnet Bathymetry DTM and survey index,EMODnet Bathymetry / European Commission,https://emodnet.ec.europa.eu/en/bathymetry,https://emodnet.ec.europa.eu/en/bathymetry,bathymetry,bathymetry;DTM;CDI_survey_index,n/a,European seas (higher res than GEBCO typically),Seafloor,DTM ~1/16 arc-min class products (confirm release),Periodic DTM releases,Multi-year product cycles,Not NRT,Product versions,Assembled HO and research surveys,derived_grid,T1,HO survey data often permissioned separately from DTM product; not ENC,Better shelf than GEBCO in Europe; still not navigation,EMODnet QA; CDI,NetCDF / WMS; survey CDI shopping,WGS84 EPSG:4326,none,YES,YES,YES,Fair use; identify client; do not parallelize or scrape HTML,Free as posted,EMODnet DTM products generally CC BY 4.0; individual survey datasets often require owner permission (https://emodnet.ec.europa.eu/en/terms-use-emodnet-online-services-data-and-data-products),PUBLIC,low,high,low,P1,GEBCO-GRID,APPROVED_WITH_ATTRIBUTION,catalog_only_not_ingested,2026-09-18
NOAA-NCEI-CRM,NOAA NCEI US Coastal Relief Models / coastal DEMs,NOAA NCEI,https://www.ncei.noaa.gov/products/coastal-relief-model,https://www.ncei.noaa.gov/products/coastal-relief-model,bathymetry,bathymetry;topo_bathy_dem,n/a,US coastal tiles including islands,Coastal seafloor + land in DEMs,3 arc-second class / DEM-dependent,Static irregular updates,Irregular,Not NRT,Tile-dependent surveys,Hydrographic compilation,derived_grid,T1,Seams; old surveys; datum mixing if ignored; not a chart,Prefer over GEBCO inshore US,NCEI DEM docs,NetCDF GeoTIFF,WGS84 EPSG:4326,none,YES,YES,YES,Fair use; identify client; do not parallelize or scrape HTML,Free as posted,U.S. Government work / public domain unless a dataset is annotated otherwise; NCEI PD-10-2-02 Open Data Policy prefers CC0 for NOAA-produced holdings; no NOAA endorsement; do not present modified data as official,PUBLIC,low,high,low,P1,GEBCO-GRID,APPROVED_OPEN_COMMERCIAL,catalog_only_not_ingested,2026-09-18
SRTM15-PLUS,SRTM15+ global bathymetry/topography,SIO / UCSD (Tozer et al.),https://topex.ucsd.edu/WWW_html/srtm15_plus.html,https://topex.ucsd.edu/WWW_html/srtm15_plus.html,bathymetry,bathymetry;topography,n/a,Global,Seafloor + land,15 arc-second,Versioned,Version releases,Not NRT,Satellite altimetry + soundings compilation,Altimetry-predicted bathymetry + soundings,derived_grid,T2,Predicted bathymetry in unsurveyed deep ocean; not navigation,Use GEBCO as international compilation default,Publication methods,NetCDF,WGS84 EPSG:4326,none,UNKNOWN,UNKNOWN,YES,Fair use; identify client; do not parallelize or scrape HTML,Free as posted,UNKNOWN pending current SIO terms / paper licence; often research-use posted,PUBLIC,low,high,medium,P3,GEBCO-GRID,CONDITIONAL_REVIEW_REQUIRED,catalog_only_not_ingested,2026-09-18
IHO-DCDB,IHO Data Centre for Digital Bathymetry,IHO DCDB hosted by NOAA NCEI,https://www.ngdc.noaa.gov/iho/,https://www.ncei.noaa.gov/maps/iho_dcdb/,bathymetry,singlebeam;multibeam;crowd_sourced_bathy,n/a,Global contributed soundings,Seafloor,Trackline,Cruise dates,Continuous submissions,After contributor submit,Century of soundings mixed quality,Contributor bathymetry including CSB,in_situ,T1,Trackline coverage; HO restrictions on some high-res,Raw soundings vs grids,DCDB ingest,BAG/XYZ/ multibeam,WGS84 EPSG:4326,none,CONDITIONAL,CONDITIONAL,YES,Fair use; identify client; do not parallelize or scrape HTML,Free as posted,Many holdings freely shared; HO high-res often restricted; CSB policy separate,PUBLIC,low,high,low,P3,GEBCO-GRID,CONDITIONAL_REVIEW_REQUIRED,catalog_only_not_ingested,2026-09-18
EMODNET-SEABED-HABITATS,EMODnet Seabed Habitats / EUSeaMap,EMODnet Seabed Habitats / JNCC and partners,https://emodnet.ec.europa.eu/en/seabed-habitats,https://www.emodnet-seabedhabitats.eu/,habitat_map,EUNIS_habitat;EUSeaMap;composite_survey_maps,Benthic habitats (not fish counts),European seas plus some Caribbean collation,Seafloor photic to deep,Broad-scale predictive ~km; survey maps finer,Product years (e.g. EUSeaMap 2023),Multi-year,Not NRT,2012-present product generations,Predictive mapping + collated survey maps,habitat_model,T2,Empty area != absence; some survey maps view-only,Broad-scale physical habitats,EMODnet methods,GeoTIFF / WMS / WFS,WGS84 EPSG:4326,none,YES,YES,YES,Fair use; identify client; do not parallelize or scrape HTML,Free as posted,EUSeaMap 2023 CC BY 4.0; other maps check metadata; some view-only,PUBLIC,low,high,medium,P1,BIO-ORACLE,APPROVED_WITH_ATTRIBUTION,catalog_only_not_ingested,2026-09-18
BIO-ORACLE,Bio-ORACLE marine environmental layers,Bio-ORACLE consortium,https://www.bio-oracle.org/,https://www.bio-oracle.org/,habitat_map,sst;sss;chl;current;ice;benthic_layers;future_scenarios,n/a (environmental envelopes),Global ocean,Surface and benthic climatologies,5-10 arc-min class (confirm version),Climatology / decade; CMIP futures,Versioned (v2/v3),Climate not NRT,Present-day climatology plus scenarios,Derived from CMEMS/WOA/etc.,derived_grid,T2,Climatology hides extremes/MHW; SDM leakage if used as labels,Good SDM covariate set not a nowcast,Publication,GeoTIFF,WGS84 EPSG:4326,none,UNKNOWN,UNKNOWN,YES,Fair use; identify client; do not parallelize or scrape HTML,Free as posted,UNKNOWN pending current bio-oracle.org licence (historically research CC-BY-class); do not assume,PUBLIC,low,high,medium,P2,WOA23,CONDITIONAL_REVIEW_REQUIRED,catalog_only_not_ingested,2026-09-18
NOAA-CMECS-BENTHIC,NOAA benthic habitat maps / CMECS,NOAA NCCOS / OCM,https://coastalscience.noaa.gov/,https://www.fisheries.noaa.gov/national/habitat-conservation/coastal-and-marine-ecological-classification-standard,habitat_map,benthic_cover;CMECS;ESI;seafloor_habitat,Benthic cover classes,US coastal mapped areas (incomplete),Shallow coastal,Meters to tens of meters where mapped,Map date,Project-based,Not NRT,1990s-present maps,"Imagery, acoustic, in-situ classed to CMECS",habitat_map,T1,Partial US coverage; map date lag,Class confusion,CMECS standard,Shapefile / raster,WGS84 EPSG:4326,none,YES,YES,YES,Fair use; identify client; do not parallelize or scrape HTML,Free as posted,U.S. Government work / public domain unless a dataset is annotated otherwise; NCEI PD-10-2-02 Open Data Policy prefers CC0 for NOAA-produced holdings; no NOAA endorsement; do not present modified data as official,PUBLIC,low,high,medium,P2,EMODNET-SEABED-HABITATS,APPROVED_OPEN_COMMERCIAL,catalog_only_not_ingested,2026-09-18
ALLEN-CORAL-ATLAS,Allen Coral Atlas benthic/geomorphic maps and Planet mosaic,Arizona State University GDCS / Allen Coral Atlas Partnership,https://allencoralatlas.org/,https://allencoralatlas.org/resources/,reef_kelp_seagrass,benthic_class;geomorphic_class;bathymetry;bleaching_alerts_as_shown,Shallow tropical coral reef habitats (not fish IDs),Global shallow tropical reefs,Typically <15-20 m optically,~5 m class maps,Map epoch plus monitoring products,Periodic map updates,Not daily habitat change except monitoring modules,2018-2023 map generation noted on FAQ,Planet imagery + machine learning + field calibration,habitat_map,T2,Optical shallow only; mosaic is NC; full global habitat republication prohibited without consent,Classification error; not coral species abundance,Atlas methods pages,WMS/WFS; downloads subject to terms,WGS84 EPSG:4326,none,YES,YES,YES,Fair use; identify client; do not parallelize or scrape HTML,Free as posted,"Maps, bathymetry, statistics CC BY 4.0 © Allen Coral Atlas Partnership and ASU; Satellite Coral Reef Mosaic © Planet Labs CC BY-NC-SA; reproduction of entire global habitat dataset prohibited without written ASU consent (https://allencoralatlas.org/resources/)",PUBLIC,medium,high,medium,P1,UNEP-WCMC-CORAL,CONDITIONAL_REVIEW_REQUIRED,catalog_only_not_ingested,2026-09-18
UNEP-WCMC-CORAL,UNEP-WCMC Global Distribution of Coral Reefs,UNEP-WCMC / UNEP,https://data.unep-wcmc.org/,https://doi.org/10.34892/t2wk-5t34,coral_database,reef_polygons;reef_presence,Warm-water coral reef extent (not species),Global tropical reefs,Shallow reef structures,1:1m class compilation,Compilation date,Infrequent major updates,Years,Millennium Coral Reef Mapping + updates,Compiled maps,habitat_map,T2,Coarser than Allen Atlas; licence may be UNEP-WCMC General (noncommercial default),Extent not condition,UNEP-WCMC metadata,Shapefile,WGS84 EPSG:4326,none,NO,noncommercial_only,YES,Fair use; identify client; do not parallelize or scrape HTML,Free as posted,Many Ocean Data Viewer layers use UNEP-WCMC General Data License: no commercial use or redistribution without written permission (https://www.unep-wcmc.org/en/general-data-license.); confirm this layer's metadata before any product use,PUBLIC,medium,high,medium,P3,ALLEN-CORAL-ATLAS,NONCOMMERCIAL_ONLY,catalog_only_not_ingested,2026-09-18
UNEP-WCMC-SEAGRASS,UNEP-WCMC Global Distribution of Seagrasses,UNEP-WCMC / collaborators,https://data.unep-wcmc.org/,https://doi.org/10.34892/x6r3-d211,reef_kelp_seagrass,seagrass_polygons;seagrass_points,Seagrass habitats / some species attributes,Global,Shallow photic,Compilation 1:1m class,1934-2020 compilation mix,Infrequent,Years,Heterogeneous dates,Compiled occurrence polygons/points,habitat_map,T2,Incomplete; dated; not absence map,Do not compute area naively from points,Metadata table,Shapefile / WMS,WGS84 EPSG:4326,none,NO,noncommercial_only,YES,Fair use; identify client; do not parallelize or scrape HTML,Free as posted,UNEP-WCMC General Data License (excluding WDPA); commercial use requires business-support@unep-wcmc.org (Ocean Data Viewer dataset 7),PUBLIC,low,high,medium,P3,ALLEN-CORAL-ATLAS,NONCOMMERCIAL_ONLY,catalog_only_not_ingested,2026-09-18
KELPWATCH,KelpWatch / California kelp canopy time series,NOAA / UC partners / The Nature Conservancy (KelpWatch.org),https://kelpwatch.org/,https://kelpwatch.org/,reef_kelp_seagrass,kelp_canopy;landsat_kelp,Canopy-forming kelp (Macrocystis/Nereocystis as mapped),California (and expanding NE Pacific products),Surface canopy,Landsat 30 m,Quarterly / annual composites,Periodic,Months,1984-present Landsat lineage,Landsat classification,remote_sensing,T1,Canopy only not subsurface kelp; clouds/sunglint; CA-centric,Not fish; habitat prior,Published methods,Web / GeoTIFF / CSV,WGS84 EPSG:4326,none,UNKNOWN,UNKNOWN,YES,Fair use; identify client; do not parallelize or scrape HTML,Free as posted,UNKNOWN pending KelpWatch/TNC/NOAA dataset licence; Landsat itself unrestricted but product may add terms,PUBLIC,low,high,medium,P2,USGS-LANDSAT,CONDITIONAL_REVIEW_REQUIRED,catalog_only_not_ingested,2026-09-18
GLOBAL-MANGROVE-WATCH,Global Mangrove Watch,Aberystwyth / soloEO / JAXA / UNEP-WCMC partners,https://www.globalmangrovewatch.org/,https://www.globalmangrovewatch.org/,reef_kelp_seagrass,mangrove_extent;change;carbon_layers_as_posted,Mangrove forests (estuarine habitat),Global mangroves,Intertidal,~25 m class,Annual / epoch,Versioned,1 year class,1996-present epochs,Radar/optical classification,habitat_map,T1,Radar confusion; not seagrass,Extent not species,GMW publications,Raster / web,WGS84 EPSG:4326,none,YES,YES,YES,Fair use; identify client; do not parallelize or scrape HTML,Free as posted,Many GMW layers CC BY 4.0; confirm version on Zenodo/UNEP-WCMC; some carbon layers differ,PUBLIC,low,high,medium,P2,USGS-LANDSAT,APPROVED_WITH_ATTRIBUTION,catalog_only_not_ingested,2026-09-18
NOAA-CORAL-REEF-WATCH,NOAA Coral Reef Watch SST and bleaching heat stress,NOAA NESDIS CRW,https://coralreefwatch.noaa.gov/,https://coralreefwatch.noaa.gov/product/vs/data.php,coral_database,sst;dhw;bleaching_alert_area;hotspots,Coral heat-stress indices (not coral cover),Global 5 km,Skin SST,5 km,Daily,Daily,Hours to 1 day,1985-present 5 km products,Satellite SST climatology + DHW,derived_index,T1,SST not in-situ reef T; DHW != observed bleaching without validation,Excellent heat-stress prior,CRW ATBD,NetCDF / GeoTIFF,WGS84 EPSG:4326,none,YES,YES,YES,Fair use; identify client; do not parallelize or scrape HTML,Free as posted,NOAA CRW: US Gov; follow CRW citation guidance,PUBLIC,low,high,medium,P1,NOAA-OISST,APPROVED_OPEN_COMMERCIAL,catalog_only_not_ingested,2026-09-18
AGRRA,Atlantic and Gulf Rapid Reef Assessment,AGRRA / Khaled bin Sultan Living Oceans Foundation partners historically,https://www.agrra.org/,https://www.agrra.org/,coral_database,coral_cover;disease;fish_biomass_surveys;benthos,Caribbean/Atlantic reef corals and fishes as surveyed,Wider Caribbean,Shallow reef surveys,Sites,Survey years,Irregular,Years,1997-present uneven,Standardized diver assessments,survey,T1,Accessible reefs; not Pacific,Method-standardized relative condition,AGRRA methods,Data request / publications,WGS84 EPSG:4326,none,UNKNOWN,UNKNOWN,YES,Fair use; identify client; do not parallelize or scrape HTML,Free as posted,UNKNOWN; typically data-use agreement,PUBLIC,low,high,high,P3,REEF-LIFE-SURVEY,CONDITIONAL_REVIEW_REQUIRED,catalog_only_not_ingested,2026-09-18
WDPA-PROTECTED-PLANET,World Database on Protected Areas (Protected Planet),UNEP-WCMC and IUCN,https://www.protectedplanet.net/,https://www.protectedplanet.net/en/legal,mpa_protected_area,WDPAID;IUCN_cat;status;marine;geometry,n/a (place protection),Global terrestrial and marine,n/a,Official polygons; some points buffered,Monthly updates,Monthly,Days after monthly build,Living database,National submissions + secretariat,administrative_boundary,T1,Paper parks; missing OECMs; point-only sites,Legal status not ecological integrity,WDPA manual,Shapefile FileGDB,WGS84 EPSG:4326,none,NO,noncommercial_only,YES,Fair use; identify client; do not parallelize or scrape HTML,Free as posted,WDPCA Terms: NO commercial use of data or derivatives without prior written UNEP-WCMC permission; no sublicensing or downloadable web services without permission; commercial path is IBAT (https://www.protectedplanet.net/en/legal),PUBLIC,low,high,medium,P4,NOAA-MPA-INVENTORY,NONCOMMERCIAL_ONLY,catalog_only_not_ingested,2026-09-18
MPATLAS,Marine Protection Atlas,Marine Conservation Institute,https://mpatlas.org/,https://mpatlas.org/,mpa_protected_area,MPA_stage;protection_level;area,n/a,Global marine,n/a,MPA polygons,Living,Periodic,Weeks-months,Living,Reclassifies WDPA + research on actual protection,compiled_status,T2,Depends on WDPA geometry; Stage of protection judgement,Not a substitute for national law,MCI methods,Web / downloads as posted,WGS84 EPSG:4326,none,UNKNOWN,UNKNOWN,YES,Fair use; identify client; do not parallelize or scrape HTML,Free as posted,UNKNOWN; likely inherits WDPA restrictions on geometries — treat as CONDITIONAL / probably noncommercial,PUBLIC,low,high,medium,P3,WDPA-PROTECTED-PLANET,CONDITIONAL_REVIEW_REQUIRED,catalog_only_not_ingested,2026-09-18
NOAA-MPA-INVENTORY,NOAA MPA Inventory (US),NOAA Marine Protected Areas Center,https://marineprotectedareas.noaa.gov/,https://marineprotectedareas.noaa.gov/dataanalysis/mpainventory/,mpa_protected_area,site;level_of_protection;GIS,n/a,US marine and Great Lakes MPAs,n/a,Official polygons,Inventory editions,Periodic,Months,US inventory series,Federal/state/territorial compilation,administrative_boundary,T1,US only; not global WDPA substitute,CFR/statute controls legal boundaries,NOAA MPA Center,GIS,WGS84 EPSG:4326,none,YES,YES,YES,Fair use; identify client; do not parallelize or scrape HTML,Free as posted,U.S. Government work / public domain unless a dataset is annotated otherwise; NCEI PD-10-2-02 Open Data Policy prefers CC0 for NOAA-produced holdings; no NOAA endorsement; do not present modified data as official,PUBLIC,low,high,medium,P1,WDPA-PROTECTED-PLANET,APPROVED_OPEN_COMMERCIAL,catalog_only_not_ingested,2026-09-18
EEA-NATURA2000-MARINE,EEA Natura 2000 / CDDA marine sites,European Environment Agency,https://www.eea.europa.eu/en/datahub/datahubitem-view/6fc8ad2d-195d-40f4-bdec-576e7d1268e4,https://www.eea.europa.eu/,mpa_protected_area,Natura2000;habitats_directive;birds_directive;CDDA,Protected habitats/species lists (not occurrences),EEA countries marine sites,n/a,Site polygons,Annual reporting,Annual,1 year,Natura 2000 series,Member state reporting,administrative_boundary,T1,Paper vs management; Europe only,Legal site not biological census,EEA QA,GPKG / WFS,WGS84 EPSG:4326,none,YES,YES,YES,Fair use; identify client; do not parallelize or scrape HTML,Free as posted,EEA typically CC BY 4.0 for datahub products; confirm dataset,PUBLIC,low,high,medium,P2,EMODNET-HUMAN-ACTIVITIES,APPROVED_WITH_ATTRIBUTION,catalog_only_not_ingested,2026-09-18
NOAA-COOPS,"NOAA CO-OPS tides, water levels, currents, OFS",NOAA NOS CO-OPS,https://tidesandcurrents.noaa.gov/,https://api.tidesandcurrents.noaa.gov/api/prod,weather_wave_tide_current,water_level;predictions;currents;water_temperature;wind;OFS_zeta,n/a,US coasts including territories,Surface water level; some current profilers,Stations; OFS grids,6-minute obs; harmonic predictions; OFS hourly,Continuous,Minutes,NWLON multi-decadal,In-situ + harmonic + coastal models,in_situ,T1,Point stations; predictions omit surge unless OFS; not navigation product,Datum mandatory,CO-OPS QC; preliminary vs verified,JSON API,WGS84 EPSG:4326,none,YES,YES,YES,Fair use; identify client; do not parallelize or scrape HTML,Free as posted,CO-OPS disclaimer / US public domain unless annotated (https://tidesandcurrents.noaa.gov/disclaimers.html); identify application=,PUBLIC,low,high,low,P0,PSMSL,APPROVED_OPEN_COMMERCIAL,catalog_only_not_ingested,2026-09-18
NOAA-NDBC,NOAA National Data Buoy Center,NOAA NDBC,https://www.ndbc.noaa.gov/,https://www.ndbc.noaa.gov/data/realtime2/,weather_wave_tide_current,WSPD;WVHT;DPD;WTMP;ATMP;WDIR,n/a,US EEZ and partner buoys,Surface; some current/profile,Point platforms,Typically hourly,Continuous,Minutes to 1 hour,Station-dependent 1970s-present,Moored buoys and C-MAN,in_situ,T1,Sparse estuaries; hull SST bias,Realtime vs historical QC differ,NDBC automated QC,TXT / ERDDAP mirrors,WGS84 EPSG:4326,none,YES,YES,YES,Fair use; identify client; do not parallelize or scrape HTML,Free as posted,NOAA-produced public domain; prefer official HTTPS files not mobile scrape (NDBC web data guide),PUBLIC,low,high,low,P0,NOAA-GFS,APPROVED_OPEN_COMMERCIAL,catalog_only_not_ingested,2026-09-18
OSCAR-CURRENTS,OSCAR ocean surface currents,Earth and Space Research / NASA PO.DAAC,https://podaac.jpl.nasa.gov/dataset/OSCAR_L4_OC_FINAL_V2.0,https://podaac.jpl.nasa.gov/,weather_wave_tide_current,u;v;surface_current,n/a,Global 0.25 deg class,~15-30 m equivalent,0.25 deg,Daily / pentad products,NRT and final,Days,1993-present,Altimetry + scatterometer + SST + model blend,derived_grid,T2,Not tidal; coastal poor; not abundance,Blend,PO.DAAC,NetCDF,WGS84 EPSG:4326,none,YES,YES,YES,Fair use; identify client; do not parallelize or scrape HTML,Free; Earthdata Login often required,NASA ESDIS Data Use Guidance: NASA-led unmarked missions default CC0 1.0 (https://www.earthdata.nasa.gov/engage/open-data-services-software-policies/data-use-guidance); Earthdata Login; non-NASA holdings follow sponsor license; no NASA endorsement,PUBLIC,low,high,medium,P1,CMEMS-GLO-PHY,APPROVED_OPEN_COMMERCIAL,catalog_only_not_ingested,2026-09-18
CMEMS-ALTIMETRY,Copernicus Marine altimetry / SSALTO-DUACS,Copernicus Marine / CLS / CNES lineage,https://marine.copernicus.eu/,https://data.marine.copernicus.eu/,weather_wave_tide_current,adt;sla;ugos;vgos;err,n/a,Global,Surface dynamic topography,0.125-0.25 deg L4; along-track L3,Daily L4,Daily,NRT days; REP delayed,1993-present,Multi-mission altimetry,remote_sensing,T1,Coastal altimetry hard; geostrophy not tides,Mapping error fields,DUACS,NetCDF,WGS84 EPSG:4326,none,YES,YES,YES,Fair use; identify client; do not parallelize or scrape HTML,Free with Copernicus Marine registration,Licence to Use Copernicus Marine Service Products (https://marine.copernicus.eu/user-corner/service-commitments-and-licence); royalty-free commercial derivatives allowed with attribution and traceability; mixed third-party products need product-level credits; registration required,PUBLIC,low,high,medium,P1,NASA-SWOT,APPROVED_WITH_ATTRIBUTION,catalog_only_not_ingested,2026-09-18
PSMSL,Permanent Service for Mean Sea Level,NOC / PSMSL,https://psmsl.org/,https://psmsl.org/data/,weather_wave_tide_current,monthly_rsl;annual_rsl,n/a,Global tide-gauge network,Relative sea level at gauges,Points,Monthly/annual,Annual updates typical,Months to a year,19th century-present at some sites,National tide gauges,in_situ,T1,Land motion; datum; not surge nowcast,RLR documentation,PSMSL,ASCII,WGS84 EPSG:4326,none,YES,YES,YES,Fair use; identify client; do not parallelize or scrape HTML,Free as posted,PSMSL data generally free with acknowledgement; confirm current terms,PUBLIC,low,high,medium,P2,NOAA-COOPS,APPROVED_WITH_ATTRIBUTION,catalog_only_not_ingested,2026-09-18
GLODAP,Global Ocean Data Analysis Project,GLODAP consortium,https://glodap.info/,https://www.ncei.noaa.gov/access/ocean-carbon-acidification-data-system/,biogeochemistry,TCO2;TAlk;pH;CFCs;oxygen;nutrients;salinity,n/a,Global interior ocean (sparse shelves),Surface to bottom bottles,Cruise stations,Cruise occupations,Versioned (v2.2023 etc.),Years,1970s-2021 in v2.2023,QC'd water samples from many cruises,in_situ,T1,Not coastal OA for farms; not NRT,Secondary QC adjustments documented,Primary+secondary QC,CSV/NetCDF/ODV,WGS84 EPSG:4326,none,YES,YES,YES,Fair use; identify client; do not parallelize or scrape HTML,Free as posted,Publicly available citable synthesis; NOAA-hosted copies follow NCEI open policy; cite GLODAP papers/DOI; confirm file-level licence,PUBLIC,low,high,medium,P1,WOA23,APPROVED_WITH_ATTRIBUTION,catalog_only_not_ingested,2026-09-18
SOCAT,Surface Ocean CO2 Atlas,SOCAT community / ICOS / NOAA,https://www.socat.info/,https://www.socat.info/,biogeochemistry,fCO2;sst;salinity;WOCE_flags,n/a,Global surface (shipping routes bias),Surface underway,Along-track,Underway timestamps,Annual SOCAT releases,~1 year,1957-present expanding,Underway pCO2,in_situ,T1,SOOP tracks; coastal under-sampled relative to routes,WOCE flags,SOCAT quality control,CSV/NetCDF,WGS84 EPSG:4326,none,YES,YES,YES,Fair use; identify client; do not parallelize or scrape HTML,Free as posted,SOCAT generally open with acknowledgement; confirm current data policy,PUBLIC,low,high,medium,P2,GLODAP,APPROVED_WITH_ATTRIBUTION,catalog_only_not_ingested,2026-09-18
WOA23,World Ocean Atlas 2023 climatology,NOAA NCEI Ocean Climate Laboratory,https://www.ncei.noaa.gov/products/world-ocean-atlas,https://www.ncei.noaa.gov/products/world-ocean-atlas,biogeochemistry,temperature;salinity;oxygen;phosphate;silicate;nitrate;mld;bottomT,n/a,Global,Standard depth levels to bottom,0.25/1 deg analyzed fields,Monthly/seasonal/annual climatology,Major versions with WOD,Climate not NRT,Climatology of WOD23 casts,Objective analysis of WOD,derived_grid,T1,Smooths MHW and coastal; mixing decades,Analysis error fields; excellent digital-twin prior,WOD/WOA QC,NetCDF,WGS84 EPSG:4326,none,YES,YES,YES,Fair use; identify client; do not parallelize or scrape HTML,Free as posted,WOD/WOA free without restrictions per WOD23 manual (IOC exchange policy); US Gov,PUBLIC,low,high,low,P0,WOD23,APPROVED_OPEN_COMMERCIAL,catalog_only_not_ingested,2026-09-18
WOD23,World Ocean Database 2023 profiles,NOAA NCEI,https://www.ncei.noaa.gov/products/world-ocean-database,https://www.ncei.noaa.gov/products/world-ocean-database,biogeochemistry,casts;TEMP;PSAL;DOXY;NUTS;OSD;CTD;PFL;DRB;MRB;XBT,n/a (some biological casts separately),Global,Profile depths,Points,Individual casts,Quarterly updates,After archive ingest,Late 18th century-present mixed instruments,Global profile assembly,in_situ,T1,WWII/XBT bias corrections needed; coastal uneven,Instrument-type flags,WOD QC flags,Native WOD / NetCDF,WGS84 EPSG:4326,none,YES,YES,YES,Fair use; identify client; do not parallelize or scrape HTML,Free as posted,Free without restrictions (WOD23 User Manual),PUBLIC,low,high,low,P0,ARGO-GDAC,APPROVED_OPEN_COMMERCIAL,catalog_only_not_ingested,2026-09-18
NOAA-OAP,NOAA Ocean Acidification Program observations,NOAA OAP / PMEL / AOML,https://oceanacidification.noaa.gov/,https://www.pmel.noaa.gov/co2/,biogeochemistry,pCO2;pH;TAlk;omega_aragonite;buoy_time_series,n/a (OA relevant to calcifiers),US coastal OA moorings and cruises; some global PMEL,Surface moorings; cruise profiles,Stations,3-hourly moorings typical,NRT moorings; delayed cruises,Hours to years,2000s-present,OA buoys and shipboard carbonate,in_situ,T1,Sparse leases; larval vs adult relevance,Not 72h adult farm killer alone,OA office QC,ASCII/ERDDAP,WGS84 EPSG:4326,none,YES,YES,YES,Fair use; identify client; do not parallelize or scrape HTML,Free as posted,U.S. Government work / public domain unless a dataset is annotated otherwise; NCEI PD-10-2-02 Open Data Policy prefers CC0 for NOAA-produced holdings; no NOAA endorsement; do not present modified data as official,PUBLIC,low,high,medium,P2,GLODAP,APPROVED_OPEN_COMMERCIAL,catalog_only_not_ingested,2026-09-18
CPR-MBA,Continuous Plankton Recorder Survey,Marine Biological Association / Global Alliance of CPR Surveys,https://www.cprsurvey.org/,https://www.cprsurvey.org/data/,plankton,phytoplankton;zooplankton;PCI;taxa_counts,North Atlantic/North Sea CPR taxa; other oceans via GACS,North Atlantic core; expanding global routes,~7-10 m towed,~10 nautical mile samples along routes,Monthly route samples,After analysis,Months to years,1931/1948-present North Sea/Atlantic,Ships of opportunity CPR,survey,T1,Route geography; mesh; not coastal farms,Longest plankton time series; data-use agreement typical,MBA CPR methods,Data request / products,WGS84 EPSG:4326,none,UNKNOWN,NO,YES,Fair use; identify client; do not parallelize or scrape HTML,Free as posted,UNKNOWN / typically licensed products not open dump; contact MBA,PUBLIC,low,high,high,P3,COPEPOD-NOAA,CONDITIONAL_REVIEW_REQUIRED,catalog_only_not_ingested,2026-09-18
COPEPOD-NOAA,NOAA COPEPOD plankton database,NOAA NMFS COPEPOD,https://www.st.nmfs.noaa.gov/copepod/,https://www.st.nmfs.noaa.gov/copepod/,plankton,zooplankton_biomass;composition;time_series,Zooplankton global compilations,Global compiled sets,Upper ocean nets,Stations / 1-degree products,Cast / monthly climatologies,Periodic,Years,20th century-present mix,Compilation of net tows,compiled_survey,T2,Method mixing; spatial gaps,Not NRT,COPEPOD QC,ASCII/NetCDF products,WGS84 EPSG:4326,none,YES,YES,YES,Fair use; identify client; do not parallelize or scrape HTML,Free as posted,U.S. Government work / public domain unless a dataset is annotated otherwise; NCEI PD-10-2-02 Open Data Policy prefers CC0 for NOAA-produced holdings; no NOAA endorsement; do not present modified data as official,PUBLIC,low,high,medium,P2,CALCOFI,APPROVED_OPEN_COMMERCIAL,catalog_only_not_ingested,2026-09-18
HAEDAT,IOC-UNESCO Harmful Algal Event Database,IOC-UNESCO / ICES / PICES partners,https://haedat.iode.org/,https://haedat.iode.org/,plankton,HAB_events;syndrome;taxa;impacts,Harmful algae / events,Global as reported,Coastal events,Event locations coarse,Events,After national reports,Months to years,1980s-present uneven,National HAB event reports,administrative_event,T2,Reporting effort; not cell counts NRT; not NSSP legal status,Event database not forecast,IODE HAEDAT,Web DB,WGS84 EPSG:4326,none,UNKNOWN,UNKNOWN,YES,Fair use; identify client; do not parallelize or scrape HTML,Free as posted,UNKNOWN pending HAEDAT terms,PUBLIC,medium,high,medium,P3,NOAA-COASTWATCH,CONDITIONAL_REVIEW_REQUIRED,catalog_only_not_ingested,2026-09-18
NOAA-MHW-OISST,Marine heatwave metrics from NOAA OISST,NOAA / science community using Hobday definition,https://www.ncei.noaa.gov/products/optimum-interpolation-sst,https://psl.noaa.gov/,marine_heatwave,sst_anomaly;MHW_category;duration;intensity,n/a (stressor),Global 0.25 deg,Surface,0.25 deg,Daily,Daily SST then derived,1-2 days,1982-present,Derived from OISST climatology (Hobday et al.),derived_index,T1,Surface only; climatology baseline choice; not subsurface MHW,Category is SST not mortality,OISST + published MHW software,NetCDF derived,WGS84 EPSG:4326,none,YES,YES,YES,Fair use; identify client; do not parallelize or scrape HTML,Free as posted,U.S. Government work / public domain unless a dataset is annotated otherwise; NCEI PD-10-2-02 Open Data Policy prefers CC0 for NOAA-produced holdings; no NOAA endorsement; do not present modified data as official,PUBLIC,low,high,medium,P1,MHW-TRACKER,APPROVED_OPEN_COMMERCIAL,catalog_only_not_ingested,2026-09-18
MHW-TRACKER,Marine Heatwave Tracker (UCSC / mhw community products),University of California Santa Cruz / collaborators,https://www.marineheatwaves.org/,https://www.marineheatwaves.org/tracker.html,marine_heatwave,MHW_polygons;category;sst_anomaly,n/a,Global,Surface,OISST 0.25 deg typical,Daily,Daily when operational,1-2 days,1982-present,Hobday detection on OISST,derived_index,T2,Academic hosting fragility; same SST limits,Visual tracker != commercial licence,Published algorithm,Web / derived rasters,WGS84 EPSG:4326,none,UNKNOWN,UNKNOWN,YES,Fair use; identify client; do not parallelize or scrape HTML,Free as posted,UNKNOWN pending tracker TOS; underlying OISST is US Gov — derived graphics may be copyrighted,PUBLIC,low,high,high,P2,NOAA-MHW-OISST,CONDITIONAL_REVIEW_REQUIRED,catalog_only_not_ingested,2026-09-18
USGS-WATERDATA,USGS Water Data APIs (streamflow),U.S. Geological Survey,https://api.waterdata.usgs.gov/,https://api.waterdata.usgs.gov/ogcapi/v0/,river_runoff,streamflow;gage_height;water_temperature_if_sensor,n/a,US gages (incl. coastal rivers),Riverine,Point gages,15-min / daily,Continuous,NRT provisional,Gage-dependent often 20th century-present,Streamgages,in_situ,T1,Provisional revisions; gage-to-plume lag,Not estuary salinity,USGS codes,OGC API JSON,WGS84 EPSG:4326,none,YES,YES,YES,Fair use; identify client; do not parallelize or scrape HTML,Free as posted,USGS work generally unrestricted; confirm metadata; new OGC APIs replace waterservices,PUBLIC,low,high,medium,P1,GLOFAS,APPROVED_OPEN_COMMERCIAL,catalog_only_not_ingested,2026-09-18
GLOFAS,Copernicus Emergency GloFAS global flood/streamflow,ECMWF / Copernicus EMS,https://www.globalfloods.eu/,https://cds.climate.copernicus.eu/,river_runoff,discharge;flood_inundation;forecast,n/a,Global rivers,River network,0.05-0.1 deg class products,Daily forecasts,Daily,Hours,GloFAS reanalysis,Hydrological model + NWP,model,T2,Ungauged basins; not tidal,Flood product not fish,GloFAS docs,NetCDF / WMS,WGS84 EPSG:4326,none,YES,YES,YES,Fair use; identify client; do not parallelize or scrape HTML,Free as posted,Copernicus EMS/C3S dataset licences typically CC BY with attribution; confirm product,PUBLIC,low,high,medium,P2,USGS-WATERDATA,APPROVED_WITH_ATTRIBUTION,catalog_only_not_ingested,2026-09-18
GRDC,Global Runoff Data Centre,GRDC / BfG Germany / WMO,https://www.bafg.de/GRDC,https://www.bafg.de/GRDC,river_runoff,daily_discharge;monthly_discharge;station_metadata,n/a,Global gauged rivers,Rivers,Stations,Daily/monthly,After national provision,Years common,Multi-decadal,National hydrological services,in_situ,T1,Station selection; some countries withhold,Not NRT,GRDC,ASCII after registration,WGS84 EPSG:4326,none,CONDITIONAL,NO,YES,Fair use; identify client; do not parallelize or scrape HTML,Free as posted,GRDC data policy: registration; redistribution often forbidden; commercial use may need permission,PUBLIC,low,high,medium,P3,GLOFAS,CONDITIONAL_REVIEW_REQUIRED,catalog_only_not_ingested,2026-09-18
FAO-FISHSTAT-AQUACULTURE,FAO Global aquaculture production,FAO,https://www.fao.org/fishery/en/collection/aquaculture,https://www.fao.org/fishery/en/topic/166235,aquaculture,aquaculture_tonnes;value;ASFIS;country;environment_marine_brackish_fresh,Farmed aquatic species including marine,Global national totals,n/a,Country (not farm),Annual,Annual,1-2 years,1950-present,National submissions,administrative_production,T2,Not farm-level; confidentiality; environment coding errors,Statistical,FAO,FishStatJ / CSV,WGS84 EPSG:4326,ASFIS,CONDITIONAL,CONDITIONAL,YES,Fair use; identify client; do not parallelize or scrape HTML,Free as posted,Same FAO Statistical Database Terms as capture (CC BY 4.0 plus no commercial-enterprise promotion clause) — HUMAN LEGAL REVIEW,PUBLIC,low,high,medium,P2,EUMOFA,CONDITIONAL_REVIEW_REQUIRED,catalog_only_not_ingested,2026-09-18
FAO-NASO,FAO National Aquaculture Sector Overview / NASO maps,FAO,https://www.fao.org/fishery/en/naso/search,https://www.fao.org/fishery/en/naso/search,aquaculture,sector_overview;species;systems;maps_as_published,National farmed species lists,Participating countries,n/a,National / mapped farms where published,Irregular NASO updates,Irregular,Years,2000s-present snapshots,Country reports,compiled_status,T3,Self-report; stale; farm points may be sensitive,Descriptive not sensor,FAO FIS,HTML/PDF/maps,WGS84 EPSG:4326,none,CONDITIONAL,CONDITIONAL,YES,Fair use; identify client; do not parallelize or scrape HTML,Free as posted,FAO website terms; NASO maps not a farm performance dataset; do not scrape,COARSENED,medium,high,medium,P3,FAO-FISHSTAT-AQUACULTURE,CONDITIONAL_REVIEW_REQUIRED,catalog_only_not_ingested,2026-09-18
NOAA-AQUACULTURE,NOAA aquaculture opportunity areas and program data,NOAA NMFS Aquaculture,https://www.fisheries.noaa.gov/topic/aquaculture,https://www.fisheries.noaa.gov/national/aquaculture,aquaculture,AOA_polygons;permits_context;species_profiles,US marine aquaculture species,US (AOAs currently selected regions),Coastal/EEZ siting,Planning polygons,Planning documents,Program-driven,Months,Recent AOA PEIS era,Spatial planning + program pages,administrative_boundary,T2,Not production; not farm mortality,Siting suitability != biology nowcast,NEPA documents,GIS / PDF,WGS84 EPSG:4326,none,YES,YES,YES,Fair use; identify client; do not parallelize or scrape HTML,Free as posted,U.S. Government work / public domain unless a dataset is annotated otherwise; NCEI PD-10-2-02 Open Data Policy prefers CC0 for NOAA-produced holdings; no NOAA endorsement; do not present modified data as official,PUBLIC,low,high,medium,P2,FAO-NASO,APPROVED_OPEN_COMMERCIAL,catalog_only_not_ingested,2026-09-18
ISSC-NSSP,ISSC / FDA National Shellfish Sanitation Program Guide,FDA / Interstate Shellfish Sanitation Conference,https://issc.org/nssp-guide,https://www.fda.gov/media/181370/download,aquaculture,growing_area_classification_rules;biotoxin_control;model_ordinance,Molluscan shellfish sanitation (not wild stock),US interstate shellfish program; equivalency for exporters,n/a,Growing-area rules (state-implemented),Guide revisions (2023 current),Conference cycle,n/a (authority document),NSSP revisions,Federal/state cooperative program text,regulation,T1,THIS IS NOT A SENSOR; never output harvest authorization,n/a — legal program,FDA official guide,PDF,WGS84 EPSG:4326,none,YES,YES,YES,Fair use; identify client; do not parallelize or scrape HTML,Free as posted,US Government NSSP Guide text citable; ISSC site materials may differ; FishAI must NEVER output harvest or food-safety authorization,PUBLIC,low,high,medium,P1,NOAA-AQUACULTURE,APPROVED_OPEN_COMMERCIAL,catalog_only_not_ingested,2026-09-18
SEA-GRANT,NOAA Sea Grant marine extension publications and program data notes,NOAA Sea Grant / university programs,https://seagrant.noaa.gov/,https://seagrant.noaa.gov/,aquaculture,extension_guides;regional_program_datasets_as_linked,Regional aquaculture/fisheries topics,US coastal states,n/a,n/a,Publications,Irregular,n/a,Program literature,University extension; not a unified spatial DB,documentation,T3,Not homogeneous data; WA Sea Grant Rapid Response is event literature,Cite specific products; do not treat portal as an API,University review varies,PDF/HTML,WGS84 EPSG:4326,none,CONDITIONAL,CONDITIONAL,YES,Fair use; identify client; do not parallelize or scrape HTML,Free as posted,"Mix of US Gov, university copyright, and CC; check each publication; not a bulk occurrence source",PUBLIC,low,medium,high,P3,ISSC-NSSP,CONDITIONAL_REVIEW_REQUIRED,catalog_only_not_ingested,2026-09-18
EUMOFA,European Market Observatory for Fisheries and Aquaculture,European Commission DG MARE,https://eumofa.eu/,https://eumofa.eu/,aquaculture,first_sale;prices;trade;production_aggregates,EU commercial species,EU / EEA markets,n/a,Country / ERS aggregates,Weekly to annual products,Weekly some prices,Days to months,2010s-present,MS administrative data compiled,administrative_market,T2,Market not biomass; confidentiality aggregates,Not farm sensors,EUMOFA methodology,CSV / dashboards,WGS84 EPSG:4326,none,YES,YES,YES,Fair use; identify client; do not parallelize or scrape HTML,Free as posted,EU open data typically CC BY 4.0; confirm dataset; reuse policy on site,PUBLIC,low,high,medium,P2,FAO-FISHSTAT-AQUACULTURE,APPROVED_WITH_ATTRIBUTION,catalog_only_not_ingested,2026-09-18
GFW-FISHING-EFFORT,Global Fishing Watch apparent fishing effort and vessel identity products,Global Fishing Watch,https://globalfishingwatch.org/,https://globalfishingwatch.org/our-apis/,vessel_gear,apparent_fishing_hours;vessel_identity;encounters;night_lights_as_offered,n/a (vessels not animals),Global (AIS coverage gaps),n/a,0.01-0.1 deg rasters typical; vessel tracks restricted,Daily rasters,Product-dependent,Days,~2012-present AIS era products,Commercially licensed AIS + ML apparent fishing,derived_effort,T3,AIS not all fleets; apparent fishing != catch or abundance; small-scale missing,NEVER use as fish abundance,GFW methods papers,API / BigQuery / rasters,WGS84 EPSG:4326,none,NO,noncommercial_only,YES,50000 requests/day and 1500000/month on public noncommercial API class (confirm current TOS),Free as posted,GFW Terms of Use + CC BY-NC 4.0 (https://globalfishingwatch.org/terms-of-use/); scraping prohibited; ~50k req/day 1.5M/month noncommercial; commercial product needs custom licence not publicly offered (apis@globalfishingwatch.org),RESTRICTED,low,medium,medium,P4,MARINE-CADASTRE-AIS,NONCOMMERCIAL_ONLY,catalog_only_not_ingested,2026-09-18
MARINE-CADASTRE-AIS,Marine Cadastre historical NAIS AIS,NOAA / BOEM / USCG,https://marinecadastre.gov/ais/,https://coast.noaa.gov/data/marinecadastre/ais/faq.pdf,vessel_gear,historical_AIS_tracks;density_products,n/a,US EEZ inland GL; Alaska points removed after 2021-03-28 per FAQ,n/a,Points / derived density,Historical (not live),Annual archives,Months to a year,2009-present class with caveats,USCG NAIS terrestrial,vessel_tracking,T2,Not satellite AIS; not abundance; vessel identity private,Counsel must resolve public-domain vs no-redistribute language,Marine Cadastre FAQ,File geodatabase / CSV yearly,WGS84 EPSG:4326,none,CONDITIONAL,CONDITIONAL,YES,Fair use; identify client; do not parallelize or scrape HTML,Free as posted,USCG COMDTINST / Marine Cadastre AIS FAQ: intended for ocean planning not navigation; satellite AIS excluded; FAQ generally public domain vs text saying no redistribute no fee — HUMAN LEGAL REVIEW,NEVER_PUBLISH,low,high,medium,P4,AIS-COMMERCIAL-VENDORS,CONDITIONAL_REVIEW_REQUIRED,catalog_only_not_ingested,2026-09-18
FAO-GLOBAL-RECORD,FAO Global Record of Fishing Vessels,FAO,https://www.fao.org/global-record/en/,https://www.fao.org/global-record/en/,vessel_gear,UVIs;vessel_characteristics;authorization_as_published,n/a,Participating flags (incomplete),n/a,Registry not tracks,Registry snapshots,Member updates,Uneven,Living,Flag state submissions,registry,T2,Incomplete participation; not positions,Identity not effort,FAO GR,Web,WGS84 EPSG:4326,none,UNKNOWN,UNKNOWN,YES,Fair use; identify client; do not parallelize or scrape HTML,Free as posted,UNKNOWN pending FAO Global Record terms,RESTRICTED,low,high,medium,P3,RFMO-VESSEL-LISTS,CONDITIONAL_REVIEW_REQUIRED,catalog_only_not_ingested,2026-09-18
RFMO-VESSEL-LISTS,"RFMO authorized / IUU vessel lists (family: ICCAT, IOTC, WCPFC, IATTC, NAFO, CCAMLR)",Respective RFMOs,https://www.fao.org/fishery/en/organization/rfb,https://www.wcpfc.int/record-fishing-vessel-database,vessel_gear,authorized_vessels;IUU_lists;gear;flag,n/a,RFMO convention areas,n/a,Registry,Living lists,As amended,Days after posting,List histories incomplete,Member notifications,registry,T1,Authorization != fishing event; IUU lists political,Not tracks,RFMO secretariats,Excel/PDF/web,WGS84 EPSG:4326,none,UNKNOWN,UNKNOWN,YES,Fair use; identify client; do not parallelize or scrape HTML,Free as posted,UNKNOWN per RFMO; public lists usually citable; do not scrape gated member portals,COARSENED,low,high,medium,P2,FAO-GLOBAL-RECORD,CONDITIONAL_REVIEW_REQUIRED,catalog_only_not_ingested,2026-09-18
AIS-COMMERCIAL-VENDORS,"Commercial AIS vendors (Spire, Orbcomm, MarineTraffic, VesselFinder, exactEarth)",Various commercial,https://www.spire.com/maritime/,vendor-specific paid APIs,commercial_vendor,AIS_positions;identity;derived_voyages,n/a,Global satellite+terrestrial (paid),n/a,Point messages,Seconds to minutes,Live,Seconds to minutes,Vendor archives paid,Licensed AIS networks,vessel_tracking,T2,Not fish; PII/security; GFW cannot sublicense raw AIS,Coverage holes,Vendor,API JSON,WGS84 EPSG:4326,none,CONDITIONAL,per_contract,YES,Fair use; identify client; do not parallelize or scrape HTML,Paid / contract,Vendor TOS / paid licence; DO NOT scrape MarineTraffic or similar; vessel identity NEVER_PUBLISH,NEVER_PUBLISH,low,high,medium,P4,MARINE-CADASTRE-AIS,PAID_LICENSE_REQUIRED,catalog_only_not_ingested,2026-09-18
NOAA-VMS,NOAA Vessel Monitoring System,NOAA OLE / NMFS,https://www.fisheries.noaa.gov/topic/enforcement/vessel-monitoring,not_public,vessel_gear,confidential_positions,n/a,US EEZ and treaty fisheries as required,n/a,Vessel points,Polling minutes-hours,Operational enforcement,n/a public,Program era,Mandatory VMS,vessel_tracking,T1,Not abundance; many inshore boats not in VMS,n/a — do not ingest,OLE,n/a,WGS84 EPSG:4326,none,NO,NO,YES,Fair use; identify client; do not parallelize or scrape HTML,Free as posted,MSA 16 USC 1861(i) and 1881a; NMFS Policy 06-101; public disclosure prohibited,NEVER_PUBLISH,low,high,medium,P4,,RESTRICTED,catalog_only_not_ingested,2026-09-18
EMODNET-HUMAN-ACTIVITIES,EMODnet Human Activities,EMODnet Human Activities / EC,https://emodnet.ec.europa.eu/en/human-activities,https://emodnet.ec.europa.eu/en/human-activities,marine_infrastructure,cables;pipelines;windfarms;platforms;dredge;ports;fisheries_zones_as_posted,n/a,European seas primarily,n/a,Vector features,Living layers,Periodic,Months,Product-dependent,Assembled official and industry sources,compiled_map,T2,Europe-centric; originator licences vary,Not a complete world map,EMODnet,WFS / GPKG,WGS84 EPSG:4326,none,YES,YES,YES,Fair use; identify client; do not parallelize or scrape HTML,Free as posted,EMODnet products CC BY 4.0 unless originator metadata restricts,PUBLIC,low,high,medium,P2,OPENSTREETMAP,APPROVED_WITH_ATTRIBUTION,catalog_only_not_ingested,2026-09-18
WORLD-PORT-INDEX,NGA World Port Index,US National Geospatial-Intelligence Agency,https://msi.nga.mil/Publications/WPI,https://msi.nga.mil/Publications/WPI,marine_infrastructure,port_locations;facilities_codes,n/a,Global ports,n/a,Port points,Publication editions,Periodic,Months-years,Long-running WPI,NGA compilation,registry,T2,Not berth-level AIS; security omissions possible,Index not live occupancy,NGA,CSV/GDB as posted,WGS84 EPSG:4326,none,YES,YES,YES,Fair use; identify client; do not parallelize or scrape HTML,Free as posted,US Government publication; verify current MSI terms,PUBLIC,low,high,medium,P2,OPENSTREETMAP,APPROVED_OPEN_COMMERCIAL,catalog_only_not_ingested,2026-09-18
OPENSTREETMAP,OpenStreetMap marine/coastal features,OpenStreetMap contributors,https://www.openstreetmap.org/,https://www.openstreetmap.org/copyright,marine_infrastructure,coastline;harbours;cables_as_mapped;seamarks,n/a,Global volunteered,n/a,Volunteered,Living,Minute,Minutes,2004-present,VGI,compiled_map,T3,Completeness; do not use as ENC,ODbL share-alike if used as a database,OSM community,PBF,WGS84 EPSG:4326,none,YES,YES,YES,Fair use; identify client; do not parallelize or scrape HTML,Free as posted,ODbL 1.0 (https://opendatacommons.org/licenses/odbl/1-0/); share-alike on database; attribution required,PUBLIC,low,medium,medium,P2,EMODNET-HUMAN-ACTIVITIES,APPROVED_WITH_ATTRIBUTION,catalog_only_not_ingested,2026-09-18
SUBMARINE-CABLE-MAP,TeleGeography Submarine Cable Map,PriMetrica / TeleGeography,https://www.submarinecablemap.com/,https://www.submarinecablemap.com/,marine_infrastructure,cable_routes_schematic;owners;landing_points,n/a,Global,n/a,Schematic not survey-grade routes,Living commercial map,Continuous editorial,Days,Modern cable systems,Industry compilation,compiled_map,T3,Schematic; not as-laid; scraping prohibited,Do not treat as GIS truth,Vendor,Web (paid GIS elsewhere),WGS84 EPSG:4326,none,CONDITIONAL,per_contract,YES,Fair use; identify client; do not parallelize or scrape HTML,Paid / contract,Commercial site TOS; do not scrape; paid GIS products exist; OSM cables are a weaker open alternative,RESTRICTED,low,high,medium,P4,OPENSTREETMAP,PAID_LICENSE_REQUIRED,catalog_only_not_ingested,2026-09-18
BOEM-OFFSHORE,BOEM offshore renewable and oil/gas cadastre (US),Bureau of Ocean Energy Management,https://www.boem.gov/,https://www.boem.gov/renewable-energy/mapping-and-data,marine_infrastructure,lease_blocks;wind_planning;platforms_via_partners,n/a,US OCS,n/a,Official blocks,Living cadastre,As leases change,Days-weeks,OCS program history,Federal cadastre,administrative_boundary,T1,US only,Planning != constructed,BOEM GIS,Shapefile / REST,WGS84 EPSG:4326,none,YES,YES,YES,Fair use; identify client; do not parallelize or scrape HTML,Free as posted,US Gov geospatial; confirm layer,PUBLIC,low,high,medium,P2,EMODNET-HUMAN-ACTIVITIES,APPROVED_OPEN_COMMERCIAL,catalog_only_not_ingested,2026-09-18
EBIRD-SEABIRDS,eBird seabird and pelagic checklists,Cornell Lab of Ornithology,https://ebird.org/,https://science.ebird.org/en/use-ebird-data,citizen_science,checklists;counts;effort;pelagic_trips,Birds including marine/seabirds,Global coastal/pelagic trips,Surface sightings,Checklist locations; sensitive species hidden,Checklist,Continuous,Hours to days,2002-present massive recent,Citizen checklists with effort,citizen,T2,Birder effort; pelagic trip targeting; data request not dump,Not fish; useful seabird habitat overlays,eBird filters,EBD after request,WGS84 EPSG:4326,none,CONDITIONAL,NO,YES,Fair use; identify client; do not parallelize or scrape HTML,Free as posted,eBird Data Access: typically non-redistribution; commercial use needs Cornell agreement; sensitive species rules,COARSENED,high,high,medium,P3,OBIS-SEAMAP,CONDITIONAL_REVIEW_REQUIRED,catalog_only_not_ingested,2026-09-18
EYEONWATER-SECCHI,EyeOnWater / Secchi Disk citizen optical observations,MARIS / EU projects / Secchi Disk project partners,https://www.eyeonwater.org/,https://www.eyeonwater.org/,citizen_science,Forel-Ule;secchi_depth;photos,n/a (water colour),Global opportunistic,Surface optical,Phone GPS,Opportunistic,Continuous,Hours,2010s-present,Citizen app,citizen,T3,Coastal recreation; not QC'd like NERRS,Proxy turbidity/CDOM,App protocols,API/web,WGS84 EPSG:4326,none,UNKNOWN,UNKNOWN,YES,Fair use; identify client; do not parallelize or scrape HTML,Free as posted,UNKNOWN pending project licence,PUBLIC,low,medium,medium,P3,NASA-EARTHDATA-OCEAN,CONDITIONAL_REVIEW_REQUIRED,catalog_only_not_ingested,2026-09-18
PLANET-LABS,Planet Labs Dove/SuperDove imagery (paid),Planet Labs PBC,https://www.planet.com/,https://developers.planet.com/,commercial_vendor,RGB;8band;daily_scenes;reef_mosaic_subset_is_separate_NC,n/a,Global land+coastal,Shallow optical,~3 m,Near-daily,Daily,Hours,2016-present,Commercial constellation,remote_sensing,T1,Paid; Allen Atlas mosaic is a specific NC licensed extract,EULA governs derivatives,Planet,GeoTIFF via API,WGS84 EPSG:4326,none,CONDITIONAL,per_contract,YES,Fair use; identify client; do not parallelize or scrape HTML,Paid / contract,Planet EULA / paid; NASA CSDA path is noncommercial (see NASA-CSDA),RESTRICTED,low,high,medium,P4,COPERNICUS-SENTINEL-2,PAID_LICENSE_REQUIRED,catalog_only_not_ingested,2026-09-18
MAXAR,Maxar optical/SAR commercial imagery,Maxar Technologies,https://www.maxar.com/,https://www.maxar.com/,commercial_vendor,VHR_optical;derived_maps,n/a,Tasked global,Shallow optical,Sub-meter class,Tasked,Tasked,Hours to days,Archive paid,Commercial VHR,remote_sensing,T1,Cost; EULA; CSDA noncommercial,EULA,Vendor,Vendor,WGS84 EPSG:4326,none,CONDITIONAL,per_contract,YES,Fair use; identify client; do not parallelize or scrape HTML,Paid / contract,Paid EULA; NASA CSDA noncommercial,RESTRICTED,low,high,medium,P4,USGS-LANDSAT,PAID_LICENSE_REQUIRED,catalog_only_not_ingested,2026-09-18
SOFAR-OCEAN,Sofar Spotter / Wayfinder ocean weather (paid + some research),Sofar Ocean,https://www.sofarocean.com/,https://docs.sofarocean.com/,commercial_vendor,waves;spotter_SST;winds;forecast_products,n/a,Global Spotter array (not uniform),Surface,Drifter points + model,Hourly,NRT,Minutes to hours,2010s-present company,Spotter buoys + model,in_situ,T2,Paid API; array follows customers/weather,Not NOAA NDBC substitute without licence,Vendor,API JSON,WGS84 EPSG:4326,none,CONDITIONAL,per_contract,YES,Fair use; identify client; do not parallelize or scrape HTML,Paid / contract,Paid TOS; some research datasets separately published,RESTRICTED,low,high,medium,P4,NOAA-NDBC,PAID_LICENSE_REQUIRED,catalog_only_not_ingested,2026-09-18
SAILDRONE,Saildrone vehicle observations (public NOAA missions vs commercial),Saildrone Inc. / NOAA partners,https://www.saildrone.com/,https://data.pmel.noaa.gov/saildrone/,commercial_vendor,SST;SSS;air_fluxes;ADCP;fisheries_sonar_on_some_missions,Some uncrewed fisheries acoustic missions,Mission-specific,Surface vehicle; ADCP/sonar depths,Tracks,Minutes,During missions,NRT for some NOAA; delayed otherwise,2015-present missions,Uncrewed surface vehicles,in_situ,T1,Mission tracks; commercial vs NOAA-public split,Public NOAA ERDDAP != licence to all Saildrone data,NOAA/Saildrone QC,ERDDAP NetCDF for public missions,WGS84 EPSG:4326,none,CONDITIONAL,CONDITIONAL,YES,Fair use; identify client; do not parallelize or scrape HTML,Mixed free NOAA / paid company,NOAA-hosted mission data often US Gov; company data paid; check each campaign,PUBLIC,low,high,medium,P3,NOAA-AOML-GDP,CONDITIONAL_REVIEW_REQUIRED,catalog_only_not_ingested,2026-09-18
NASA-CSDA,NASA Commercial Satellite Data Acquisition EULAs,NASA / commercial vendors,https://www.earthdata.nasa.gov/engage/open-data-services-software/end-user-license-agreements,https://science.nasa.gov/earth-science/csda/end-user-license-agreements/,commercial_vendor,vendor_VHR;SAR;derived_scientific_use,n/a,As tasked under CSDA,Surface optical/SAR,Vendor VHR,Tasked,Program,Program,CSDA era,USG scientific-use commercial imagery,remote_sensing,T1,Revenue-generating use of CSDA data and derivatives prohibited,Not for commercial FishAI features,Vendor,Vendor,WGS84 EPSG:4326,none,NO,noncommercial_only,YES,Fair use; identify client; do not parallelize or scrape HTML,Free to eligible USG science users; not a commercial licence,CSDA EULAs: limited noncommercial scientific use; no revenue-generating use of data or derived products,PUBLIC,low,high,medium,P4,USGS-LANDSAT,NONCOMMERCIAL_ONLY,catalog_only_not_ingested,2026-09-18
IUCN-RED-LIST,IUCN Red List of Threatened Species (marine assessments),IUCN,https://www.iucnredlist.org/,https://api.iucnredlist.org/,taxonomy_registry,category;criteria;range_maps;habitats;threats,Assessed species including marine,Global assessments; range maps incomplete,As in assessments,Expert range maps (sensitive),Assessment versions,Twice yearly typical,After publication,Living Red List,Expert assessments,compiled_status,T1,Assessment coverage gaps; range maps not occurrences; commercial via IBAT,Category != local presence,IUCN SIS,API JSON / spatial on request,WGS84 EPSG:4326,none,NO,noncommercial_only,YES,Fair use; identify client; do not parallelize or scrape HTML,Free as posted,IUCN Red List Terms of Use (https://www.iucnredlist.org/terms/terms-of-use): commercial use generally via IBAT; spatial data sensitive; do not publish precise locations of CR species,RESTRICTED,high,high,medium,P3,WORMS-TAXONOMY,NONCOMMERCIAL_ONLY,catalog_only_not_ingested,2026-09-18
AQUAMAPS,AquaMaps modelled species distributions,AquaMaps / FishBase Consortium partners,https://www.aquamaps.org/,https://www.aquamaps.org/main/TermsConditions.php,habitat_map,probability_of_occurrence;envelope,Marine and freshwater species with envelopes,Global 0.5 deg cells,Envelope includes depth limits,0.5 deg,Static native / some climate scenarios,Periodic,Not NRT,Model of 'present',Environmental envelope on occurrence inputs,habitat_model,T3,Computer-generated; many maps unverified; occurrence input bias; NC licence,Not a survey; verify with independent sources (their terms),Expert review subset,Web maps / downloads,WGS84 EPSG:4326,FishBase / SeaLifeBase / WoRMS,NO,noncommercial_only,YES,Fair use; identify client; do not parallelize or scrape HTML,Free as posted,CC BY-NC 3.0 (https://www.aquamaps.org/main/TermsConditions.php); backlink required; photos separately licensed,PUBLIC,low,high,medium,P4,BIO-ORACLE,NONCOMMERCIAL_ONLY,catalog_only_not_ingested,2026-09-18
PANGAEA,PANGAEA Data Publisher marine datasets,AWI / MARUM,https://www.pangaea.de/,https://ws.pangaea.de/,biodiversity_occurrence,heterogeneous_marine_datasets;DOIs,As published per dataset,Global with German-ship bias,Full ocean as published,Dataset-specific,Dataset-specific,Continuous publishing,After embargo,Historical cruises to present,Published research datasets,mixed,T1,Per-dataset licence mix including CC BY and more restrictive,Must filter licence per DOI,Editorial review,tab / NetCDF via DOI,WGS84 EPSG:4326,none,CONDITIONAL,CONDITIONAL,YES,Fair use; identify client; do not parallelize or scrape HTML,Free as posted,Per-dataset (often CC BY); check each DOI; do not bulk-assume,PUBLIC,low,high,medium,P2,OBIS-OCCURRENCE,CONDITIONAL_REVIEW_REQUIRED,catalog_only_not_ingested,2026-09-18
SEADATANET,SeaDataNet CDI marine in-situ catalogues,SeaDataNet consortium / IFREMER and partners,https://www.seadatanet.org/,https://cdi.seadatanet.org/,ocean_observing_system,CDI_index;CTD;bottle;currents;biology_as_linked,Mostly physics/chemistry; biology via partners,European seas primarily,Full water column archives,Stations,Historical casts,Continuous catalogue,Request shopping often required,Multi-decadal European,National oceanographic data centres,in_situ,T1,Many datasets not open download; originator permission,Catalogue != open cube,SeaDataNet standards,ODV / NetCDF after request,WGS84 EPSG:4326,none,CONDITIONAL,CONDITIONAL,YES,Fair use; identify client; do not parallelize or scrape HTML,Free as posted,Per originator via CDI; EMODnet products are the open layer,PUBLIC,low,high,medium,P3,EMODNET-BIOLOGY,CONDITIONAL_REVIEW_REQUIRED,catalog_only_not_ingested,2026-09-18
