Guild,Variable,Variable type,Mechanism,Evidence strength,Example species/region/life stage,Depth layer,Spatial scale,Temporal scale,Relevant lag,Expected nonlinearity,Likely interactions,Historical availability (dataset),Nowcast availability (dataset and latency),Forecast availability (dataset and lead),Not available at forecast time? (yes/no/partial),Surface as bottom proxy acceptable? (with evidence),Key evidence gaps,sources
reef fish,SST,physical,"Skin/near-surface temperature can mark bleaching risk, heatwaves, and shallow mixed-layer thermal stress. It is not the occupied-depth temperature for most reef fishes and is not a detection probability.",moderate_literature; FishAI_untrusted_or_dropped,Caribbean reef fishes (Keys/PR RVC adults in survey frame); CoralTemp heat-stress context,skin / ~1 m foundation SST,1-25 km satellite; reef structure is 10-200 m,daily analysis,days for heat stress; DHW weeks-months for bleaching context,thresholds; heatwave novelty (S83; P524),depth; mixing; coral state; visibility (detectability),MUR jplMURSST41; OISST ncdcOisst21Agg; CoralTemp 5 km from 1985 (P515-P517),MUR NRT ~1 d (P515); OISST ~1 d (P516); CoralTemp afternoon daily (P517),Not a satellite forecast: use ocean-model SST (RTOFS/ESPC/CMEMS/WCOFS) or seasonal NMME. Persistence/damped anomaly are statistical.,partial,no as default. Accept only if the species occupies the skin layer and the water column is documented as mixed; FishAI did not find SST skill (P550) and dropped depth-matched HYCOM on Keys CV (P548).,locked as-of SST at occupied depth beating survey-only on an unused year,P515;P516;P517;P524;P548;P550;S83;H_SST_PROXY_CAUTION
reef fish,bottom T,physical,Near-bottom temperature at survey depth can constrain metabolism and spawning for demersal reef species. Distinct from SST.,moderate_literature; untested_as_kept_FishAI_feature,Keys RVC benthic reef fishes; thermal_window in behavior catalog,seafloor / occupied transect band,model 1-10 km; reef 10-200 m,daily analysis,hours-days; seasonal envelope,thermal window; novelty outside training range,depth; oxygen; habitat structure,HYCOM GOFS 3.1 reanalysis/analysis (FishAI Keys/SBC boxes; GLBy ends 2024-09-04/05); GLORYS12 1993-near present (P513; not ingested); WCOFS/GoMOFS regional where they exist,ESPC-D-V02 analysis on hycom.org (~hours-2 d; P501) or CMEMS PHY_001_024 (account exists; not ingested),ESPC-D-V02 8 d (P501); RTOFS 8 d on NOMADS (P504-P507); CMEMS PHY 10 d (P514). FishAI has no issue-time archive.,partial,no. H_DEMERSAL_BOTTOM_TEMP; Keys used dive-depth HYCOM not SST and still dropped it on CV (P548).,product after GLBy end; coral-reef model bias vs HYCOM,P500;P501;P548;H_DEMERSAL_BOTTOM_TEMP;H-BEH-007
reef fish,depth-resolved T,physical,Temperature at the surveyed cylinder/transect depth is the relevant thermal state for detection models. Vertical mismatch is a first-order error.,FishAI_tested_negative_on_kept_use,Stegastes partitus Florida Keys RVC (dropped on CV); Paralabrax clathratus SBC (failed 2022),dive/transect depth (Keys); EML site-depth midpoint (SBC; no per-transect depth),HYCOM ~8 km vs 15 m plot / 80 m2 transect,same-day or past-day only in FishAI joins,0 to -1 day (FishAI); no future day,year-scale non-stationarity (SBC warm-year coefficient failed in cooler 2022),habitat; visibility; kelp (SBC); novelty,HYCOM GOFS 3.1 one experiment per year (P500; P548; P549),ESPC-D-V02 (P501) after 2024-08-10; product shift vs training GOFS 3.1,ESPC 8 d; RTOFS 8 d; not archived in FishAI,partial,"no. FishAI already used depth-matched HYCOM, not SST, and it did not earn a place (Keys) or failed the year (SBC).",GLORYS/ESPC continuity after 2024-09; per-transect depth at SBC,P500;P501;P548;P549;P576
reef fish,salinity,physical,"Open-reef salinity usually secondary except near river plumes, groundwater, or hypersaline lagoons. Estuarine-adjacent juveniles differ.",weak_or_context_dependent,nearshore Keys/Florida Bay transition; not default RVC predictor,surface to mixing depth,km (plumes) to 10 km models,hours-days,tidal to weekly discharge lag,tolerance window,discharge; tides; turbidity,GLORYS/HYCOM/WCOFS salinity not acquired,ESPC-D-V02 analysis on hycom.org (~hours-2 d; P501) or CMEMS PHY_001_024 (account exists; not ingested),ESPC-D-V02 8 d (P501); RTOFS 8 d on NOMADS (P504-P507); CMEMS PHY 10 d (P514). FishAI has no issue-time archive.,partial,only in documented well-mixed shallows; not assumed,joined salinity at dive depth on a locked year,P513;P514;BEHAVIOR_VARIABLE_CATALOG salinity_window
reef fish,oxygen/metabolic index,physical,Hypoxia and metabolic index (Phi) can restrict reef and coastal fishes where oxygen is low or warm. Not a default Keys RVC driver; is a first-order constraint where OMZ/estuarine hypoxia intersects reefs.,moderate_literature; untested_for_FishAI,Deutsch et al. 2015 ectotherms Phi_crit ~2-5; local reef examples in metabolic-index papers (P537),occupied depth; surface DO is not OMZ/bottom hypoxia,1-10 km models; local hypoxia meters-km,hours-seasonal,hours-days for events; seasonal OMZ shoaling,threshold Phi_crit; T x O2 interaction,temperature; depth; mixing,CMEMS BGC / WOA; none in FishAI,sparse in situ; BGC models hours-days; not acquired,J-SCOPE seasonal O2 (P528) regional; global BGC 10 d low coastal skill,yes for FishAI frames,no (P537; behavior catalog oxygen_at_depth),no oxygen joined to RVC,P537;P538;P528;H-BEH-006
reef fish,chl and lags,prey_productivity,"Surface chlorophyll is at best a trophic/water-quality proxy. On shallow reefs it is often bottom reflectance, not phytoplankton. Not a fish abundance field.",FishAI_observed_masking; literature_optically_shallow,Florida Keys RVC domain; VIIRS weekly box,optical surface; invalid over optically shallow bottom,1-4 km; reef pixels contaminated,daily-weekly composites,days-weeks if used as productivity; often 0 if wrongly treated as contemporaneous prey,saturation; Case-2 bias,depth; substrate albedo; turbidity,VIIRS/OC-CCI/CMEMS OC (FishAI Keys weekly VIIRS mostly masked; P551),VIIRS NRT days; OC-CCI climate not NRT; CMEMS OC NRT with registration,"No skillful global chl forecast used here. CMEMS BGC 10 d exists (model chl, not fish). Seasonal BGC only in regional systems (J-SCOPE).",yes for valid reef chl; partial offshore,n/a (chl is not temperature). Do not use unmasked shallow-reef chl as a covariate (P518; P551).,masked deep-water chl skill vs survey-only; none shown,P518;P519;P551;H_PELAGIC_FRONTS
reef fish,PP,prey_productivity,Primary production may correlate with planktivore resources at regional scales. Weak for structure-associated adult reef detection at dive scale.,weak_or_context_dependent,planktivorous damselfishes; regional CCS/Caribbean comparison only,euphotic zone,10-100 km,weekly-seasonal,days-weeks,saturating trophic transfer,chl quality; currents; larval supply,VGPM/CMEMS NPP; not acquired,satellite NPP days; model NPP hours-days,seasonal BGC only in a few regions,yes at 1-10 d for FishAI,n/a,no PP join; do not treat PP as NUM,P565;P566
reef fish,zooplankton,prey_productivity,Prey field for planktivores and for larval reef fishes. CPR/imaging/model zooplankton are sparse on Caribbean reefs.,weak_or_context_dependent,larval reef fishes; adult planktivores,upper ocean; diel migrants,1-100 km,days-seasonal,days,threshold prey density,diel; light; currents,CPR S39; CalCOFI; none for Keys RVC,rare NRT imaging (S38); not in FishAI,J-SCOPE plankton regional only (P529),yes,n/a,no zooplankton time series on RVC sites,S38;S39;P529;P565
reef fish,currents,physical,Weak direct driver of sedentary adult reef detection; first-order for larval supply and some foraging. Adult occurrence is a weak test of transport (H_LARVAL_CURRENT_TRANSPORT).,moderate_literature_for_larvae; weak_for_adult_RVC,settlement pulses; Florida Current / Keys,"larval depths, not necessarily surface",1-10 km models; sub-grid tides/reef wakes,hours-weeks,pelagic larval duration days-weeks,retention vs wash-out thresholds,spawning timing; vertical behavior; bathymetry,HYCOM/GLORYS/WCOFS; not acquired for FishAI currents,ESPC-D-V02 analysis on hycom.org (~hours-2 d; P501) or CMEMS PHY_001_024 (account exists; not ingested); HF radar surface only,ESPC-D-V02 8 d (P501); RTOFS 8 d on NOMADS (P504-P507); CMEMS PHY 10 d (P514). FishAI has no issue-time archive.,partial,no for near-bottom reef flow,larval duration/behavior parameters; genetic validation,S62;S63;H_LARVAL_CURRENT_TRANSPORT;P545;P546
reef fish,EKE/eddies,physical,Eddy kinetic energy can alter larval retention and occasional pelagic subsidies. Not a default adult reef detection covariate at 15 m plots.,weak_or_context_dependent,Caribbean mesoscale eddies vs Keys tract,upper ocean,10-100 km,days-weeks,days-weeks,eddy polarity and origin matter,SSH; currents; larvae,DUACS-derived EKE; HYCOM,DUACS NRT days (P520); model EKE hours,ocean-model 1-10 d; mesoscale skill decays fast,partial,n/a,no eddy metric joined to RVC,P520;P562
reef fish,fronts,physical,Thermal/color fronts may concentrate some mobile reef-associated predators at the shelf edge. Most RVC species are structure-not-front fish.,weak_or_context_dependent,carangids at shelf-break fronts; not bicolor damselfish,surface signature; subsurface front may differ,1-10 km,days,0-few days,presence of gradient vs mean SST,SST; chl; currents,Cayula-Cornillon class fronts from SST (P561),derived from MUR/OISST ~1 d,only if SST forecast resolves the gradient,partial,front location is a surface construct; not bottom T,pelagic observation frame missing in FishAI,P561;P562;H_PELAGIC_FRONTS
reef fish,SSH,physical,SSH is a circulation/eddy proxy. Weak direct mechanism for sessile reef detections.,weak_or_context_dependent,larval transport context; adult RVC weak,surface dynamic topography,0.125-0.25 deg DUACS,daily L4,days-weeks for larvae,eddy sign,currents; EKE,DUACS MY from 1993 (P520),DUACS NRT daily; delayed-time leaks future tracks,model SSH 1-10 d; altimetry itself is not a forecast,partial,n/a,not joined,P520;S62
reef fish,MLD,physical,"Mixed-layer depth affects light, larval food, and whether SST equals subsurface T. On shallow reefs MLD often hits the bottom.",weak_or_context_dependent,Keys shallow mixed vs stratified summer,surface layer thickness,1-10 km models,daily-seasonal,days,"when MLD < reef depth, SST≠bottom T",SST vs bottom T; light; larvae,GLORYS mlotst; HYCOM mixed_layer_thickness (P500),ESPC-D-V02 analysis on hycom.org (~hours-2 d; P501) or CMEMS PHY_001_024 (account exists; not ingested),ESPC-D-V02 8 d (P501); RTOFS 8 d on NOMADS (P504-P507); CMEMS PHY 10 d (P514). FishAI has no issue-time archive.,partial,only when MLD exceeds occupied depth and is verified; do not assume,MLD vs dive-depth T comparison not filed,P500;P513;H_SST_PROXY_CAUTION
reef fish,thermocline,physical,Thermocline depth sets whether divers sample above/below a thermal barrier and whether larvae stay in the mixed layer.,weak_or_context_dependent,deeper Keys/Tortugas sites vs shallow patch reefs,pycnocline,1-10 km,daily-seasonal,days,step change across thermocline,depth-resolved T; DVM; visibility,HYCOM GOFS 3.1 reanalysis/analysis (FishAI Keys/SBC boxes; GLBy ends 2024-09-04/05); GLORYS12 1993-near present (P513; not ingested),ESPC-D-V02 analysis on hycom.org (~hours-2 d; P501) or CMEMS PHY_001_024 (account exists; not ingested),ESPC-D-V02 8 d (P501); RTOFS 8 d on NOMADS (P504-P507); CMEMS PHY 10 d (P514). FishAI has no issue-time archive.,partial,no when a thermocline sits above the reef,no thermocline metric in FishAI models,P500;P548
reef fish,upwelling CUTI/BEUTI,physical,CUTI/BEUTI are CCS indices (31-47N). Not defined for Florida/Caribbean reefs. Do not copy as a Keys covariate.,not_applicable_outside_CCS,not Keys; CCS upwelling fishes instead,mixed-layer base nitrate flux (BEUTI),1 deg latitude coastal bins (P521),daily/monthly,days-weeks for production,wind vs nutrient content,chl; SST; larvae in CCS,erdCUTIdaily 1988-present class (P521),ERDDAP CUTI/BEUTI (analysis-based; latency of the CCS reanalysis),not an issued forecast field; related to forecast winds,yes for FishAI Atlantic frames,n/a,wrong ocean for current FishAI frames,P521;P566
reef fish,river discharge,physical,"Discharge can lower salinity, raise turbidity, and load nutrients on nearshore reefs (e.g. Florida Bay, PR rivers). Not a universal reef predictor.",weak_or_context_dependent,nearshore PR/Florida Bay juveniles,plume,estuary to 10s km,hours-weeks,days after rain/discharge,flood thresholds,salinity; turbidity; visibility,USGS; not acquired,USGS hours,NWS river forecasts days; WCOFS holds last discharge in forecast (P510 notes),partial,n/a,no discharge join,P510;BEHAVIOR_VARIABLE_CATALOG freshwater_discharge
reef fish,turbidity,physical,Turbidity is both habitat (plume association) and a visual-detection suppressor. Confounds abundance with p_detect.,moderate_literature; survey visibility is the local field,RVC dives with recorded visibility; H_REEF_VIS_HARD,survey optical depth,station to km,hours-days,0 for detectability,detection collapse in low vis,visibility; habitat; observer,RVC visibility field; no Kd grid,not available as a forecast of dive vis; satellite Kd coastal-biased,no,yes (dive vis is contemporaneous),n/a,dedicated visibility-behavior contrast not filed (H-BEH-002),H_REEF_VIS_HARD;H-BEH-002;S41
reef fish,waves,physical,"Waves alter dive feasibility, surge-driven detectability, and some shallow-reef habitat use. Mostly an observation/effort filter.",weak_or_context_dependent,windward vs leeward RVC days,surface wave orbital motion decaying with depth,km,hours,0-1 d,cancellation threshold,visibility; survey timing,WW3/GFS-Wave; not joined,hours,GFS-Wave days,partial,wave height is surface; orbital motion at depth needs attenuation,not in models,P576
reef fish,tides,physical,Tides matter on very shallow reefs and reef flats; less at typical RVC depths except via currents and visibility.,weak_or_context_dependent,reef-flat foraging; not default stationary plot,intertidal to shallow subtidal,local,hours,tidal phase 0,flood/ebb access,currents; mangrove/seagrass access for juveniles,CO-OPS; not joined,harmonic + OFS minutes-hours,harmonics yes; surge needs OFS,no for harmonics; partial for surge,n/a,tidal phase not in RVC fits,H-BEH-011
reef fish,lunar,timing,Lunar phase cues spawning aggregations and some nocturnal foraging. RVC is daytime; lunar is mostly a spawning-adult/timing variable.,established_pattern_for_spawners; untested_for_FishAI_RVC,grouper/snapper spawning aggregations (P564); sensitive sites withheld,n/a,aggregation sites (do not publish pins),days around moon phase,0-few days around syzygy depending on taxon,narrow phenological window,season; currents; diel,derivable from date,yes from calendar,yes (astronomy),no,n/a,no aggregation model; safety limits,P564;SAFETY
reef fish,bathymetry,habitat,"Depth envelope and slope set available reef. Bathymetry is habitat context, not presence (transferability warning: GEBCO is not reef evidence).",strong_literature_as_envelope; not_presence,Keys two-stage design uses habitat/depth strata (S41),seafloor,10-200 m needed; GEBCO too coarse for rugosity,static on survey timescales,none,depth windows,rugosity; light; T,None on disk (data/raw/habitat empty). Survey HABITAT_CD only. Public benthic maps exist outside repo.; survey depth on RVC,Static maps change slowly; satellite kelp/coral indices lag weeks-months. Not a daily fish nowcast.,Structure is mostly persistence at 1-10 d. Climate/disturbance forecasts are separate.,no (static) but maps missing in repo,n/a,no GEBCO/coastal relief ingested,S41;P542;P576;TRANSFERABILITY_WARNINGS
reef fish,rugosity/BPI,habitat,Structural complexity increases shelter and encounter for reef fishes. Primary habitat mechanism vs daily SST.,strong_literature; untested_as_grid_in_FishAI,hard-bottom RVC codes; Wedding/Friedlander-class rugosity studies (P559),benthic contact,meters to 200 m cells,years (storms/bleaching can change),none for structure; years after disturbance,threshold complexity,habitat_code; coral; visibility; diel sheltering,HABITAT_CD only; no rugosity grid,static/slow,no at 1-10 d,yes as a dynamic forecast; no if a static map is in hand (it is not),n/a,rights-cleared benthic structure raster,H_REEF_VIS_HARD;H-BEH-003;P559;P576
reef fish,substrate,habitat,Hard vs soft bottom is a guild filter. Soft-bottom codes should not be treated as reef habitat.,strong_literature; survey_codes_only_in_repo,RVC HABITAT_CD; H-BEH-003,seafloor,station,years,none,categorical,rugosity; coral,HABITAT_CD,static map missing,no,yes without a map (survey code is contemporaneous),n/a,continuous substrate map,H-BEH-003;P576
reef fish,coral,habitat,Live coral cover is distinct from abiotic hard-bottom. Coral-associated fishes respond to live coral; many others to structure generally.,moderate_literature; FGB hypothesis untested,Flower Garden Banks coral-associated codes (H-BEH-004); small samples,reef slope photic,meters-km,years; bleaching events,months-years after bleaching mortality,cover thresholds,SST/DHW; rugosity; disease,maybe overlap HABITAT_CD; no coral-cover grid,CoralTemp is SST not cover,DHW outlooks exist; cover does not,yes for cover,CoralTemp SST is not coral cover,live-coral raster; FGB n small,H-BEH-004;P517
reef fish,seagrass,habitat,"Adjacent seagrass is nursery/foraging for some reef fishes, not a universal adult reef predictor.",moderate_literature_for_some_taxa; untested_for_FishAI,juvenile grunts/snappers; H-BEH-014,shallow photic,patch to bay,seasonal canopy,none to seasonal,cover presence/absence,juveniles; tides; turbidity,not acquired,maps lag,no,yes,n/a,no seagrass map,H-BEH-014;P558
reef fish,mangroves,habitat,Mangrove nurseries for some taxa; adults on reefs use different predictors. Precise nursery pins withheld.,moderate_literature; safety_limited,juvenile snappers/groupers; H-BEH-013,intertidal-shallow,bay-scale only in public products,tidal + seasonal,ontogenetic shift years,access on flood tide,tides; salinity; juveniles guild,not acquired,static coarse,no,partial (static) ,n/a,no mangrove grid; do not disclose creeks,H-BEH-013;P558
reef fish,kelp canopy,habitat,"Giant kelp is structure and food-web context for kelp-forest fishes (SBC). Same-day kelp is a survey covariate, not a forecast.",moderate_literature; FishAI_used_as_survey_covariate,Paralabrax clathratus SBC LTER (P549; P560),0-2 m off bottom in the SBC fish protocol plus canopy above,transect 40x2 m; satellite canopy ~30-100 m,seasonal; storm losses,0 if same-day survey; weeks-months if satellite canopy,canopy collapse vs fish lag,temp; nutrients; urchins; visibility,knb-lter-sbc.18.30 on disk; no satellite canopy series ingested as a raster,satellite kelp products exist outside repo with lag; not a live fish map,no skillful 1-10 d kelp forecast in FishAI,yes as forecast; partial as lagged satellite,kelp canopy is not bottom T. SBC used HYCOM at depth and still failed 2022 (P549).,kelp vs temperature decomposition on unused years 2023-2024 (count-exposed),P549;P560
reef fish,shelf break,habitat,Shelf-break reefs and drop-offs concentrate some predators. Most RVC effort is inner shelf/reef tract.,weak_or_context_dependent,Deep Keys/Tortugas; FGB as shelf-edge banks,shelf edge,km,static,none,distance-to-break,currents; fronts; depth,derivable from bathymetry if ingested,static,static,no if bathymetry in hand,n/a,no bathymetry raster,P576;S41
reef fish,canyons,habitat,Submarine canyons are generally off the RVC frame. Weak for Keys tract fishes.,not_primary_for_this_guild_in_FishAI_frames,n/a Keys RVC,slope,km,static,none,n/a,currents,not acquired,static,static,yes,n/a,wrong habitat class for current surveys,P576
reef fish,seamounts,habitat,Not the RVC sampling domain.,not_applicable,n/a,n/a,n/a,n/a,n/a,n/a,n/a,n/a,n/a,n/a,yes,n/a,out of frame,P576
reef fish,season,timing,"RVC and SBC are seasonal snapshots (summer). Season is a design window, not a discovered driver. Cannot validate winter nowcasts from summer surveys.",strong_as_design_constraint,Keys RVC seasons on disk; SBC late July-August,n/a,region,month,n/a,phenology,spawning; temp; kelp,survey dates,calendar,calendar,no,n/a,no winter reef zeros,P548;P549;CORE_PROBLEM_DEFINITION
reef fish,diel,timing,Daytime sheltering vs crepuscular foraging changes visual detection. RVC is daytime; diel is mostly unmodeled.,established_pattern; untested_for_FishAI,nocturnal haemulids; H-BEH catalog diel_phase,interacts with occupied depth,local,hours,0,crepuscular peaks,light; visibility; rugosity shelter,derivable if timestamps exist,yes from clock/sun,yes,no,n/a,not encoded in fits,BEHAVIOR_VARIABLE_CATALOG diel_phase
reef fish,visibility,observation,"Optical detectability. Low visibility lowers visual detections without proving absence. Observation-process covariate, not habitat preference.",strong_as_detectability; used_in_FishAI_survey_only,Keys STE PART locked model (P548); H-BEH-002,survey optical path,station,dive,0,detection vs vis curve,habitat; observer; depth; turbidity,RVC visibility field,not available before the dive; cannot nowcast p_detect without a vis forecast,no vis forecast,yes,n/a,nowcast cannot assume survey vis,P548;S42;H_REEF_VIS_HARD;CORE_PROBLEM_DEFINITION
demersal fish,SST,physical,Skin SST is a weak proxy for shelf bottom temperature except in well-mixed shallows. Using SST as if it were bottom T is a known failure mode.,strong_literature_against_default_proxy,NEUS trawl stocks (Nye 2009 P540); H_DEMERSAL_BOTTOM_TEMP,skin,25 km OISST too coarse for banks; 1 km MUR still surface,daily,n/a as proxy,seasonal stratification breaks the proxy,MLD; thermocline; depth,MUR jplMURSST41; OISST ncdcOisst21Agg; CoralTemp 5 km from 1985 (P515-P517),MUR NRT ~1 d (P515); OISST ~1 d (P516); CoralTemp afternoon daily (P517),Not a satellite forecast: use ocean-model SST (RTOFS/ESPC/CMEMS/WCOFS) or seasonal NMME. Persistence/damped anomaly are statistical.,partial,"no, unless mixed-layer depth exceeds bottom depth and is verified. Nye 2009 links distribution to large-scale climate/bottom conditions, not skin SST as a substitute.",FishAI has no NEUS trawl series joined to bottom T,P540;P539;H_DEMERSAL_BOTTOM_TEMP;H_SST_PROXY_CAUTION
demersal fish,bottom T,physical,Near-bottom temperature is a primary envelope for soft- and rocky-demersal distributions and catchability. Poleward and deeper shifts track warming bottom waters.,strong_literature,NEFSC/DFO trawl fishes 1968-2007 (P540); Morley 2018 thermal habitat 686 species (P539),seafloor,survey stratum to 10 km models,seasonal surveys; daily models,seasonal; climate years,thermal niche; range edge,oxygen; substrate; depth; fishing,survey CTD; GLORYS bottomT; HYCOM water_temp_bottom; eMOLT (restricted),GoMOFS/WCOFS/ESPC/CMEMS hours-1 d; FishAI none joined except failed HYCOM tests in reef frames,OFS 72 h; RTOFS/ESPC 8 d; J-SCOPE seasonal bottom T (P528),partial,no,no multi-year trawl+bottomT in FishAI,P540;P539;P528;P510;H_DEMERSAL_BOTTOM_TEMP
demersal fish,depth-resolved T,physical,Profile temperature is required when fish occupy a specific depth band or when surveys span mixed and stratified water.,strong_literature,shelf groundfish; SBC kelp-forest basses used site-depth HYCOM and failed 2022 (P549) as a caution on non-stationarity,occupied depth,1-10 km,daily,0-1 d analysis,novelty; year effects,MLD; oxygen,HYCOM GOFS 3.1 reanalysis/analysis (FishAI Keys/SBC boxes; GLBy ends 2024-09-04/05); GLORYS12 1993-near present (P513; not ingested),ESPC-D-V02 analysis on hycom.org (~hours-2 d; P501) or CMEMS PHY_001_024 (account exists; not ingested),ESPC-D-V02 8 d (P501); RTOFS 8 d on NOMADS (P504-P507); CMEMS PHY 10 d (P514). FishAI has no issue-time archive.,partial,no,GLBy end; product shift,P500;P549;P540
demersal fish,salinity,physical,Salinity fronts and estuarine plumes structure some shelf demersals near coasts; secondary on mid-shelf.,moderate_literature_nearshore; weak_offshore,inshore flounders; plume-associated juveniles,bottom salinity preferred,km-10 km,days-seasonal,discharge lag days,window,discharge; substrate,GLORYS/WCOFS; not acquired,ESPC-D-V02 analysis on hycom.org (~hours-2 d; P501) or CMEMS PHY_001_024 (account exists; not ingested),ESPC-D-V02 8 d (P501); RTOFS 8 d on NOMADS (P504-P507); CMEMS PHY 10 d (P514). FishAI has no issue-time archive.,partial,no on stratified shelves,not joined,P513;P510
demersal fish,oxygen/metabolic index,physical,"Bottom hypoxia excludes or concentrates demersals (dead zones, CCS shelf, OMZ intersection). Metabolic index couples T and O2.",strong_literature,West Coast groundfish/crab hypoxia; J-SCOPE bottom O2 (P528); Deutsch Phi (P537),seafloor / OMZ margin,km-100 km,days-seasonal,days after upwelling onset,hypoxia threshold ~2 mg/l used by J-SCOPE page (P570); species-specific Phi_crit,bottom T; upwelling; substrate,survey DO; GLORYS-BGC; none in FishAI,sparse; regional models,J-SCOPE 6-9 months (P528); OFS generally physics-only,yes in FishAI; partial in CCS,no,no DO product in repo,P537;P528;P570;H-BEH-008
demersal fish,chl and lags,prey_productivity,Optional trophic proxy via benthic-pelagic coupling. Not a default occupancy driver. Lags of weeks-months more plausible than same-day chl.,weak_or_context_dependent,"shelf flatfish after spring bloom (hypothesis, untested here)",surface optical vs benthic consumers,10-100 km,weekly-seasonal,weeks-months,bloom match-mismatch,substrate; depth,VIIRS/OC-CCI/CMEMS OC (FishAI Keys weekly VIIRS mostly masked; P551),VIIRS NRT days; OC-CCI climate not NRT; CMEMS OC NRT with registration,"No skillful global chl forecast used here. CMEMS BGC 10 d exists (model chl, not fish). Seasonal BGC only in regional systems (J-SCOPE).",partial,chl is not bottom T; do not use as bottom habitat,lag design not tested,P565;P518
demersal fish,PP,prey_productivity,Regional production may correlate with benthic flux. Weak at haul scale without lag and depth.,weak_or_context_dependent,high-latitude shelves,export to benthos,50-500 km,seasonal,weeks-months,export efficiency,ice; MLD,satellite NPP; not acquired,days,seasonal BGC rare,yes at short lead for FishAI,n/a,no series,P565
demersal fish,zooplankton,prey_productivity,"Some demersals feed on benthos more than zooplankton; others (cod, pollock) track zooplankton. Guild-varying.",moderate_literature_for_some_stocks,Gadids vs CPR (S39); not universal,pelagic prey vs benthic,10-1000 km,seasonal,weeks,match-mismatch,temp; ice,CPR; CalCOFI; EcoFOCI; not in FishAI,no NRT zooplankton for FishAI,J-SCOPE plankton PNW only,yes,n/a,no trawl-zooplankton join,S39;P529
demersal fish,currents,physical,"Bottom currents affect catchability, larval settlement, and some positioning along isobaths. Secondary to T/O2/substrate for adults.",moderate_literature,shelf-break groundfish; larval settlement,"near-bottom u,v",1-10 km,hours-days,larval duration; 0 for catchability,threshold flows,tides; canyons; gear catchability,HYCOM/WCOFS; not acquired,ESPC-D-V02 analysis on hycom.org (~hours-2 d; P501) or CMEMS PHY_001_024 (account exists; not ingested),ESPC-D-V02 8 d (P501); RTOFS 8 d on NOMADS (P504-P507); CMEMS PHY 10 d (P514). FishAI has no issue-time archive.; WCOFS 72 h (P509),partial,no; HF radar is surface,bottom current not joined,P509;P510;S62
demersal fish,EKE/eddies,physical,Eddies can move slope water onto shelves (e.g. Gulf Stream warm-core rings) changing bottom T/O2. Indirect.,moderate_literature_in_some_regions,Mid-Atlantic Bight slope water events,water column affecting bottom,50-200 km,days-weeks,days,on/off shelf water-mass switch,bottom T; SSH,DUACS/HYCOM,days,1-10 d mesoscale decaying,partial,"SSH/EKE are surface constructs that can indicate water-mass change, not a temperature substitute",not in FishAI,P520;P540
demersal fish,fronts,physical,Tidal mixing fronts and shelf-break fronts structure some demersal assemblages. Mean SST is the wrong feature.,moderate_literature,NEUS tidal mixing front fishes,front can be surface or bottom-intensified,1-10 km,days-seasonal,0-days,gradient vs mean,tides; MLD; chl,front detectors (P561),from SST/SSH ~1 d,only if model resolves front,partial,surface front location may not match bottom front,no front index joined,P561;P562
demersal fish,SSH,physical,SSH anomalies indicate steric/circulation changes that can correlate with bottom T on some shelves. Indirect.,weak_or_context_dependent,"coastal SSH skill papers (P535) are physics, not fish",surface,0.125 deg,daily,days-months,n/a,bottom T via circulation,DUACS MY,DUACS NRT,NMME/LIM SSH in research (P535); not FishAI,partial,no as temperature proxy,not joined,P520;P535
demersal fish,MLD,physical,"When MLD is shallower than bottom depth, SST diverges from bottom T. MLD is a diagnostic for whether a surface proxy is even conceivable.",strong_as_diagnostic,summer stratified mid-Atlantic shelf,mixed layer vs bottom,1-25 km,daily-seasonal,0,binary proxy validity,SST vs bottom T,GLORYS/HYCOM MLD,ESPC-D-V02 analysis on hycom.org (~hours-2 d; P501) or CMEMS PHY_001_024 (account exists; not ingested),ESPC-D-V02 8 d (P501); RTOFS 8 d on NOMADS (P504-P507); CMEMS PHY 10 d (P514). FishAI has no issue-time archive.,partial,"only if MLD >= bottom depth, verified",not computed in FishAI,P513;H_SST_PROXY_CAUTION
demersal fish,thermocline,physical,Seasonal thermocline isolates bottom water. Cold-pool dynamics (MAB) are a demersal habitat feature.,strong_literature_in_MAB_and_similar,Mid-Atlantic cold pool fishes,below thermocline,10-100 km,seasonal,winter formation; summer persistence,cold-pool volume thresholds,bottom T; oxygen,HYCOM GOFS 3.1 reanalysis/analysis (FishAI Keys/SBC boxes; GLBy ends 2024-09-04/05); GLORYS12 1993-near present (P513; not ingested),ESPC-D-V02 analysis on hycom.org (~hours-2 d; P501) or CMEMS PHY_001_024 (account exists; not ingested),seasonal more relevant than 1-10 d,partial,no when cold pool exists,no cold-pool metric in repo,P540;P513
demersal fish,upwelling CUTI/BEUTI,physical,"On the US West Coast, upwelling sets bottom T, nutrients, and hypoxia risk for groundfish and crab.",strong_literature_CCS,Dungeness crab; hake; West Coast groundfish; J-SCOPE (P528),shelf bottom via upwelled water,1 deg lat bins (P521),daily-seasonal,days-weeks to hypoxia,cumulative upwelling; wind relaxations (P528),oxygen; bottom T; BEUTI nitrate,CUTI/BEUTI (P521),ERDDAP indices,J-SCOPE/CFS winds seasonal; CUTI itself is analysis-based,partial,CUTI is transport not SST; still not a bottom T substitute by itself,FishAI has no WCGBTS frame,P521;P528;P566
demersal fish,river discharge,physical,"Plumes alter nearshore salinity, turbidity, and nursery habitat. Columbia/Mississippi class effects are regional.",moderate_literature_nearshore,inshore demersals; juvenile nurseries,plume to bottom in shallows,10-100 km,days-seasonal,days,flood,salinity; turbidity,USGS,hours,days,partial,no,not acquired,P510
demersal fish,turbidity,physical,Affects visual feeders and optical surveys/BRUVS. Trawl catchability also changes in turbid water.,moderate_as_detectability,BRUVS vs trawl; estuarine-adjacent,optical,km,hours-days,0 for detectability,gear-specific,method; substrate,not acquired,satellite Kd coastal-biased,no,yes,n/a,observation vs habitat split,S29;S30
demersal fish,waves,physical,Waves affect inshore operations and shallow-habitat use; secondary offshore.,weak_or_context_dependent,nearshore rocky-reef fishes,surface; orbital motion at bottom in shallows,km,hours,0,threshold,depth; survey cancellation,WW3,hours,days,partial,need depth attenuation,not joined,P576
demersal fish,tides,physical,Tidal currents change catchability and mixing-front position.,moderate_literature,tidal mixing front assemblages,full column in shallows,local,hours,tidal phase,flood/ebb,fronts; catchability,CO-OPS; OFS,minutes-hours,harmonics; OFS surge,no for harmonics,n/a,not in FishAI,P509
demersal fish,lunar,timing,Some spawning and catchability cycles are lunar. Not a default trawl covariate.,weak_or_context_dependent,stock-specific spawners,n/a,regional,days,0-few days,window,season; tides,calendar,yes,yes,no,n/a,stock-specific,P564
demersal fish,bathymetry,habitat,Depth is a primary axis of demersal assemblages and survey strata.,strong_literature,"stratified random trawls (NEFSC, DATRAS, DFO)",seafloor,stratum to 1 km,static,none,depth windows,T; O2; substrate,survey depth; GEBCO not downloaded,static,static,no if map in hand,n/a,GEBCO not ingested,P576;P540
demersal fish,rugosity/BPI,habitat,BPI/rugosity separates rocky vs soft demersal habitats and untrawlable ground.,strong_literature_rocky,West Coast rocky-reef fishes; H-BEH-008,seafloor,10-200 m,static/slow,none,categorical rock vs mud,O2; T; gear,not acquired,static,no,yes without maps,n/a,no BPI grid,H-BEH-008;P559
demersal fish,substrate,habitat,Mud/sand vs gravel/rock is the guild filter and catchability control.,strong_literature,soft-bottom vs rocky demersals in features/GUILD_VARIABLE_MATRIX,seafloor,stratum,years,none,categorical,gear; O2,usSEABED-class maps not acquired; RVC codes only where overlapping,static,no,yes without maps,n/a,empty habitat/,P576;features/GUILD_VARIABLE_MATRIX
demersal fish,coral,habitat,Cold-water corals are habitat for some slope fishes. Tropical coral is a different guild (reef).,moderate_literature_deep_coral,slope rockfish/grouper on CWC; not NCRMP coral,slope,100 m-km,decades,none,presence of structure,depth; currents,not acquired; sensitive,static; coarsen,no,yes,n/a,sensitive locations,P576
demersal fish,seagrass,habitat,Some inshore demersals use seagrass; most shelf trawl species do not.,moderate_inshore_only,juvenile demersals in bays (H-BEH-014),shallow,patch,seasonal,none,cover,juveniles; salinity,not acquired,maps lag,no,yes,n/a,no map,H-BEH-014
demersal fish,mangroves,habitat,Nursery for some later demersal/reef species. Not adult shelf habitat.,life_stage_specific,juvenile stages only,intertidal,bay,tidal,ontogenetic years,n/a,juveniles guild,not acquired,coarse only,no,partial,n/a,safety,P558;H-BEH-013
demersal fish,kelp canopy,habitat,Kelp-forest demersals (SBC basses) use kelp structure. Satellite canopy is not bottom T.,moderate_literature; FishAI_SBC,P. clathratus / P. nebulifer SBC (P549),forest + benthos,transect to km,seasonal,0 same-day; weeks satellite,canopy loss,temp; urchins,SBC kelp table (P560),satellite lag; not in repo as NRT,no,yes as 1-10 d forecast,kelp is habitat not T; T still failed 2022,unused years count-exposed,P549;P560
demersal fish,shelf break,habitat,Shelf-break and slope assemblages differ from inner-shelf. Distance-to-break is a standard covariate.,strong_literature,slope vs shelf groundfish,shelf edge,km,static,none,distance,currents; canyons; T,from bathymetry,static,static,no if bathy in hand,n/a,no raster,P540;P576
demersal fish,canyons,habitat,Canyons concentrate some slope fishes and currents. Untrawlable; survey bias.,moderate_literature,canyon rockfishes,slope,km,static,none,inside/outside canyon,currents; BPI,not acquired,static,static,yes without maps,n/a,maps,P576
demersal fish,seamounts,habitat,"Seamount demersals are a deep-sea/seamount special case, not shelf trawl.",not_primary_shelf,seamount oreos/alfonsino literature; out of FishAI,seamount flanks,km,static,none,n/a,depth; currents,not acquired,static,static,yes,no,out of frame,P576
demersal fish,season,timing,Seasonal redistribution is large. Summer-only surveys cannot validate winter nowcasts (CORE_PROBLEM Q5).,strong_literature,NEFSC spring vs fall; FishAI frames are summer-only,n/a,LME,season,n/a,migration phenology,bottom T; ice; spawning,survey season field,calendar,calendar plus climate,no,n/a,no multi-season FishAI demersal series,P540;CORE_PROBLEM_DEFINITION;P576
demersal fish,diel,timing,Diel vertical and activity cycles change trawl/BRUV catchability. Observation process.,moderate_literature,night vs day tows,near-bottom vs off-bottom,local,hours,0,day/night step,gear; light,haul time if recorded,clock,yes,no,n/a,no FishAI trawl diel model,BEHAVIOR_VARIABLE_CATALOG;S34
demersal fish,visibility,observation,"Optical methods (BRUV, diver) depend on vis; trawls do not. Do not copy RVC vis into trawl models.",method_specific,stereo-BRUVS (S29) vs DATRAS,optical,station,sample,0,detection,method,RVC only in FishAI,no,no,yes,n/a,method-specific observation model,S29;S42
coastal pelagic fish,SST,physical,"Often a candidate thermal-habitat and migration cue for sardine, anchovy, mackerel, but relationships can be non-stationary in heatwaves.",moderate_literature; Muhling_2020_skill_loss,Sardinops sagax and Engraulis mordax CCS adults/larvae (P524),surface/near-surface for epipelagic schools,1-25 km,daily-seasonal,0-weeks; migration may lag weeks,thermal niche; sub-stock mixing; novelty,chl; fronts; upwelling; biomass/age structure (P524),MUR jplMURSST41; OISST ncdcOisst21Agg; CoralTemp 5 km from 1985 (P515-P517); CCS ROMS in Muhling,MUR NRT ~1 d (P515); OISST ~1 d (P516); CoralTemp afternoon daily (P517),NMME/LIM seasonal SST (P533-P535); 1-10 d ocean SST from RTOFS/WCOFS,partial,SST is the relevant layer for many epipelagic coastal pelagics; still not occurrence. Muhling: adult sardine AUC ~0.5 in 2014-2018 despite SST in the model.,FishAI has eggs (CUFES) not adult schools,P524;P525;H_PELAGIC_FRONTS;S119
coastal pelagic fish,bottom T,physical,Usually secondary for epipelagic schools; relevant when species dive or when using bottom T as an upwelling/cold-pool indicator.,weak_or_context_dependent,hake (semi-demersal pelagic) more than sardine,seafloor indicator,10 km,daily-seasonal,days,n/a,upwelling; oxygen,HYCOM GOFS 3.1 reanalysis/analysis (FishAI Keys/SBC boxes; GLBy ends 2024-09-04/05); GLORYS12 1993-near present (P513; not ingested),ESPC-D-V02 analysis on hycom.org (~hours-2 d; P501) or CMEMS PHY_001_024 (account exists; not ingested),ESPC-D-V02 8 d (P501); RTOFS 8 d on NOMADS (P504-P507); CMEMS PHY 10 d (P514). FishAI has no issue-time archive.; J-SCOPE,partial,do not replace occupied-depth T with bottom T either,species-specific depth of school,P528;P524
coastal pelagic fish,depth-resolved T,physical,School depth can sit below the skin layer. Subsurface T from ROMS/HYCOM is the right thermal field when schools are not at the surface.,moderate_literature,CCS ROMS used in Muhling 2020; EcoCast-class products,school depth,3-10 km regional models,daily,0-1 d,novelty,thermocline; oxygen,UCSC CCS ROMS (P512); HYCOM; WCOFS,WCOFS 24 h (P509); UCSC nowcast,WCOFS 72 h; RTOFS 8 d,partial,SST acceptable only if schools are documented at surface,no CCS adult effort frame in FishAI,P512;P509;P524;S75
coastal pelagic fish,salinity,physical,Plume and frontal salinity can aggregate anchovy/sardine regionally (Columbia plume anchovy in Muhling discussion).,moderate_literature_regional,northern anchovy near Columbia River plume,surface-mixed,10-100 km,days,days,plume edge,discharge; fronts,WCOFS/GLORYS not acquired,WCOFS hours,WCOFS 72 h,partial,surface salinity is often the right layer for plumes,not acquired,P524;P510
coastal pelagic fish,oxygen/metabolic index,physical,Hypoxia can compress coastal pelagics toward the surface or offshore. Relevant on CCS/ETP shelves.,moderate_literature,CCS upwelling season; hake/sardine habitat in J-SCOPE (P529),school depth vs OMZ,10-100 km,days-seasonal,days-weeks,threshold,T; upwelling,none in FishAI,regional BGC rare,J-SCOPE seasonal,yes for FishAI,no,no O2,P528;P529;P537
coastal pelagic fish,chl and lags,prey_productivity,Candidate productivity/front proxy. Not fish abundance. Same-day chl may miss lagged trophic transfer.,moderate_as_candidate; not_universal,CCS sardine/anchovy; EcoCast inputs,optical surface,1-10 km,daily-weekly,0-weeks,front vs mean chl,SST; upwelling; BEUTI,VIIRS/OC-CCI/CMEMS OC (FishAI Keys weekly VIIRS mostly masked; P551),VIIRS NRT days; OC-CCI climate not NRT; CMEMS OC NRT with registration,"No skillful global chl forecast used here. CMEMS BGC 10 d exists (model chl, not fish). Seasonal BGC only in regional systems (J-SCOPE).",partial,n/a; still a surface optical field,CUFES eggs ≠ adults (S119),S74;P524;S119;P521
coastal pelagic fish,PP,prey_productivity,Upwelling-driven PP is the Bakun enrichment term. Useful regionally with lag.,moderate_literature,eastern boundary current small pelagics,euphotic,10-100 km,weekly-seasonal,days-weeks,triad enrichment-concentration-retention,BEUTI; currents,satellite NPP; BEUTI (P521),days,seasonal BGC limited,partial,n/a,no adult CPUE frame,P566;P521
coastal pelagic fish,zooplankton,prey_productivity,Direct prey for many coastal pelagics. CalCOFI/CPR more relevant than satellite chl.,moderate_literature,anchovy/sardine CCS; CalCOFI,upper ocean,10-100 km,seasonal cruises,days-weeks,prey threshold,chl lag; temp,CalCOFI; CPR; not a nowcast,no NRT,J-SCOPE plankton PNW,yes,n/a,cruise lag >> 48 h,S39;S119;P529
coastal pelagic fish,currents,physical,"Transport, retention, and alongshore migration corridors. Also catchability.",moderate_literature,EAC/CCS boundary currents; larval retention,upper ocean,1-10 km,hours-days,days-weeks larvae,jet vs eddy,SSH; fronts; larvae,WCOFS/HYCOM not acquired,WCOFS/HF radar/ESPC,WCOFS 72 h; RTOFS 8 d,partial,surface currents often relevant for epipelagic,RTOFS CoastWatch id 404 (P508); NOMADS still live (P507),P509;P507;P508;H_PELAGIC_FRONTS
coastal pelagic fish,EKE/eddies,physical,Eddies aggregate or disperse schools; EKE was a predictor in Brodie 2015 pelagic habitat models.,moderate_literature,dolphinfish/kingfish EAC (Brodie 2015 cited in P532 lineage),upper ocean,10-100 km,days,0-days,eddy sign,SSH; SST fronts,DUACS/HYCOM,days,1-10 d decaying mesoscale,partial,surface construct OK for epipelagic aggregation hypothesis,no pelagic effort frame,P532;P520
coastal pelagic fish,fronts,physical,Thermal/color/current fronts concentrate forage and pelagic encounter rates. Test against mean SST (H_PELAGIC_FRONTS).,moderate_literature,CCS and EAC pelagics; EcoCast,surface gradient,1-10 km,days,0-days,gradient vs mean,SST; chl; EKE,front algorithms (P561),~1 d from SST,only if forecast SST resolves front,partial,surface front is the feature for epipelagic encounter,need effort-aware catches,P561;P562;S74;H_PELAGIC_FRONTS
coastal pelagic fish,SSH,physical,SLA marks eddies and alongshore jets used in pelagic SDMs (Brodie 2015/2017).,moderate_literature,Coryphaena hippurus NSW,surface dynamic topography,0.125 deg,daily,0-days,eddy polarity,EKE; SST,DUACS MY,DUACS NRT; do not use delayed-time as nowcast,model SSH; LIM SSH research (P535),partial,n/a,not acquired,P520;P532;P535
coastal pelagic fish,MLD,physical,Mixed-layer stability (Lasker) and forage concentration. Important for larvae more than for locating adult schools.,moderate_for_larvae,anchovy larvae; Lasker hypothesis (P565),mixed layer,10 km,days,days,stability threshold,wind; PP; larvae,HYCOM GOFS 3.1 reanalysis/analysis (FishAI Keys/SBC boxes; GLBy ends 2024-09-04/05); GLORYS12 1993-near present (P513; not ingested),ESPC-D-V02 analysis on hycom.org (~hours-2 d; P501) or CMEMS PHY_001_024 (account exists; not ingested),ESPC-D-V02 8 d (P501); RTOFS 8 d on NOMADS (P504-P507); CMEMS PHY 10 d (P514). FishAI has no issue-time archive.,partial,MLD tells when SST represents the school layer,eggs on disk for one cruise only,P565;S119
coastal pelagic fish,thermocline,physical,School depth often tracks thermocline. Surface SST misses subsurface habitat.,moderate_literature,sardine/anchovy vertical habitat,thermocline,10 km,days,0,step,oxygen; light,HYCOM GOFS 3.1 reanalysis/analysis (FishAI Keys/SBC boxes; GLBy ends 2024-09-04/05); GLORYS12 1993-near present (P513; not ingested),ESPC-D-V02 analysis on hycom.org (~hours-2 d; P501) or CMEMS PHY_001_024 (account exists; not ingested),ESPC-D-V02 8 d (P501); RTOFS 8 d on NOMADS (P504-P507); CMEMS PHY 10 d (P514). FishAI has no issue-time archive.,partial,no if schools sit on thermocline,no acoustics in FishAI,S34;P524
coastal pelagic fish,upwelling CUTI/BEUTI,physical,Primary CCS enrichment/nitrate-flux index for small pelagics and their prey.,strong_literature_CCS,CCS sardine/anchovy; BEUTI nitrate (P521),MLD base,1 deg lat,daily-monthly,days-weeks,too much upwelling can advect larvae offshore,chl; SST; larvae,CUTI/BEUTI public,ERDDAP,not CUTI itself; wind/CFS seasonal,partial,n/a,FishAI not a CCS adult frame,P521;P566;P524
coastal pelagic fish,river discharge,physical,Plume association (anchovy) and turbidity/fronts.,moderate_regional,Columbia plume anchovy (P524 text),plume,10-100 km,days,days,plume edge,salinity; fronts,USGS,hours,days,partial,surface plume is relevant,not joined,P524;P510
coastal pelagic fish,turbidity,physical,Plume/front marker and optical catchability/survey issue.,weak_or_context_dependent,plume-associated schools,surface optical,km,hours-days,0-days,n/a,discharge; vis if optical survey,not acquired,Kd NRT biased,no,yes,n/a,confounds detectability,P518
coastal pelagic fish,waves,physical,Mostly operational (can boats work) and mixing. Not a school-location field.,weak_as_distribution; strong_as_effort_filter,charter encounter endogeneity (source gap analysis W2),surface,km,hours,0,cancellation,effort bias,WW3,hours,days,partial,n/a,effort vs fish,P576
coastal pelagic fish,tides,physical,Tidal fronts and inlet exchange; secondary offshore.,weak_offshore; moderate_inshore,inshore clupeids,full column inshore,local,hours,tidal phase,front position,fronts,CO-OPS,minutes,harmonics,no,n/a,not joined,P509
coastal pelagic fish,lunar,timing,Some catchability and spawning cycles. Not a default SDM term.,weak_or_context_dependent,stock-specific,n/a,regional,days,0-few days,window,diel; season,calendar,yes,yes,no,n/a,stock-specific,P564
coastal pelagic fish,bathymetry,habitat,"Shelf width, isobaths, and banks steer schools and surveys.",moderate_literature,shelf small pelagics,seafloor context,km,static,none,isobath preference,fronts; currents,None on disk (data/raw/habitat empty). Survey HABITAT_CD only. Public benthic maps exist outside repo.,Static maps change slowly; satellite kelp/coral indices lag weeks-months. Not a daily fish nowcast.,Structure is mostly persistence at 1-10 d. Climate/disturbance forecasts are separate.,no if map in hand,n/a,GEBCO not ingested,P576
coastal pelagic fish,rugosity/BPI,habitat,Generally weak for pelagic schools except where they associate with banks/reefs.,weak_or_context_dependent,reef-associated carangids,seafloor,100 m-km,static,none,n/a,shelf break,not acquired,static,no,yes,n/a,not primary,P576
coastal pelagic fish,substrate,habitat,Weak for true pelagics; some species school over banks of particular sediment.,weak_or_context_dependent,sandlance-type associations more than sardine,seafloor,km,static,none,n/a,bathymetry,not acquired,static,no,yes,n/a,not primary,P576
coastal pelagic fish,coral,habitat,Not a primary coastal-pelagic predictor except reef-associated transients.,not_primary,n/a,n/a,n/a,n/a,n/a,n/a,n/a,n/a,n/a,n/a,yes,n/a,wrong guild default,P576
coastal pelagic fish,seagrass,habitat,Some juveniles only.,life_stage_specific,juvenile clupeids in bays,shallow,patch,seasonal,none,n/a,juveniles,not acquired,maps lag,no,yes,n/a,stage split,P558
coastal pelagic fish,mangroves,habitat,Not adult coastal-pelagic habitat.,not_primary,n/a adults,n/a,n/a,n/a,n/a,n/a,n/a,n/a,n/a,n/a,yes,n/a,n/a,P558
coastal pelagic fish,kelp canopy,habitat,"Weak; some association with kelp-forest edges, not a pelagic default.",weak_or_context_dependent,SBC pelagics transiting kelp,surface canopy,km,seasonal,none,n/a,n/a,SBC kelp on disk not a pelagic survey,lagged satellite,no,yes,n/a,not primary,P560
coastal pelagic fish,shelf break,habitat,Shelf-break fronts and slope jets are aggregation sites.,moderate_literature,mackerel/sardine at break,shelf edge,km,static + frontal mobility,0-days,distance-to-break x front,fronts; currents,from bathy,static + SST front,static + SST forecast,partial,n/a,no raster,P562;P576
coastal pelagic fish,canyons,habitat,Canyon upwelling can locally aggregate forage.,weak_or_context_dependent,regional,slope,km,static + event,days,n/a,upwelling; currents,not acquired,static,static,yes,n/a,maps,P576
coastal pelagic fish,seamounts,habitat,More oceanic than coastal.,not_primary,n/a coastal,n/a,n/a,n/a,n/a,n/a,n/a,n/a,n/a,n/a,yes,n/a,n/a,P576
coastal pelagic fish,season,timing,"Strong seasonal migration and spawning. Seasonal SDM is often the right grain (Q5), not daily nowcast.",strong_literature,sardine northward feeding migration (P524),n/a,LME,month,n/a,phenology shifts in heatwaves,SST; biomass,survey month,calendar,seasonal climate,no,n/a,FishAI summer-only,P524;CORE_PROBLEM_DEFINITION
coastal pelagic fish,diel,timing,Schooling and vertical position are often diel; acoustics and catchability change at night.,moderate_literature,night surface trawls for sardine (P524 methods: night surface trawls),surface vs subsurface,local,hours,0,day/night,light; survey method,haul time,clock,yes,no,n/a,no acoustics,P524;S34
coastal pelagic fish,visibility,observation,Only if the survey is optical. Trawl/acoustic frames use other observation covariates.,method_specific,aerial SBT surveys (P531) vs trawls,surface optical,survey,sample,0,detection,method; waves,not in FishAI pelagic frame,no,no,yes,n/a,no pelagic optical survey,P531;S42
oceanic pelagic fish,SST,physical,"Basin thermal habitat for tunas/billfishes; operational SBT maps use T (P530). Still habitat probability, not a fish.",strong_literature_for_epipelagic_tunas,Thunnus maccoyii E Australia (P530); tropical tunas,surface and upper 100 m in habitat models,10-100 km,days-seasonal,0-months (seasonal POAMA),"thermal preference window (GAB 19-22 C, P531)",oxygen; thermocline; fronts,MUR jplMURSST41; OISST ncdcOisst21Agg; CoralTemp 5 km from 1985 (P515-P517),MUR NRT ~1 d (P515); OISST ~1 d (P516); CoralTemp afternoon daily (P517); reanalysis T profiles for nowcasts since 2003 (P530),POAMA/ACCESS-S seasonal; RTOFS/ESPC 8 d SST,partial,SST OK for surface-associated tunas; not for deep-diving or OMZ-compressed species (P541). SBT GAB model used SST 19-22 C (P531).,no tuna effort in FishAI,P530;P531;P541;S09
oceanic pelagic fish,bottom T,physical,Irrelevant for most epipelagic tunas. Do not use.,not_primary,n/a,seafloor,n/a,n/a,n/a,n/a,n/a,n/a,n/a,n/a,n/a,n/a — bottom T is the wrong layer,wrong layer,P541
oceanic pelagic fish,depth-resolved T,physical,Tag-conditioned habitat models use T at occupied depths (Hobday/Hartmann nowcasts). Subsurface T is required for diving pelagics.,strong_literature,SBT electronic tags (P530),occupied depth from tags,10 km,days,0,preference vs availability,O2; light,HYCOM GOFS 3.1 reanalysis/analysis (FishAI Keys/SBC boxes; GLBy ends 2024-09-04/05); GLORYS12 1993-near present (P513; not ingested); Bluelink/POAMA in AU,ESPC-D-V02 analysis on hycom.org (~hours-2 d; P501) or CMEMS PHY_001_024 (account exists; not ingested),POAMA to 4 months (P530); ESPC 8 d,partial,no for diving species,no tags in FishAI (Q4),P530;S09;S14
oceanic pelagic fish,salinity,physical,Frontal salinity sometimes used; usually secondary to T/O2/SSH.,weak_or_context_dependent,open-ocean fronts,upper ocean,10-100 km,days,0,front,SSH; SST,HYCOM GOFS 3.1 reanalysis/analysis (FishAI Keys/SBC boxes; GLBy ends 2024-09-04/05); GLORYS12 1993-near present (P513; not ingested),ESPC-D-V02 analysis on hycom.org (~hours-2 d; P501) or CMEMS PHY_001_024 (account exists; not ingested),ESPC-D-V02 8 d (P501); RTOFS 8 d on NOMADS (P504-P507); CMEMS PHY 10 d (P514). FishAI has no issue-time archive.,partial,surface OK at fronts,not in FishAI,P532
oceanic pelagic fish,oxygen/metabolic index,physical,OMZ habitat compression is a primary vertical constraint for tropical tunas/billfishes (Prince and Goodyear 2006). SST without O2 misses catchability inflation.,strong_literature,ETP marlin/sailfish; hypoxic boundary often ~25 m (P541); 19 fish/801 d WNA vs 13 fish/429 d ETP,OMZ upper boundary,100-1000 km,seasonal-climate,weeks-years for OMZ shoaling,DO threshold; Phi_crit,thermocline; SST; gear catchability,WOA/CMEMS BGC; none in FishAI,Argo O2 sparse; BGC models,seasonal-decadal Phi (P538); not 1-10 d operational for FishAI,yes for FishAI,"surface SST is not OMZ depth. P541: hypoxia is the lower boundary in ETP, not in WNA.",no O2; no tags,P541;P537;P538
oceanic pelagic fish,chl and lags,prey_productivity,Open-ocean productivity/front proxy. ACCESS-S SBT nowcasts combine SST+chl; forecasts SST-only because ACCESS-S lacks chl (FRDC text with P531).,moderate_as_proxy,juvenile SBT GAB nowcasts; dolphinfish,optical surface,4-25 km,days-weekly,0-weeks,front vs mean,SST; EKE,VIIRS/OC-CCI/CMEMS OC (FishAI Keys weekly VIIRS mostly masked; P551),VIIRS NRT days; OC-CCI climate not NRT; CMEMS OC NRT with registration,often unavailable (P531/FRDC: ACCESS-S no chl forecast),yes for many seasonal systems,n/a,chl ≠ tuna abundance,P531;P532;P518
oceanic pelagic fish,PP,prey_productivity,Distant trophic proxy. Weak at daily school scale.,weak_or_context_dependent,basin tuna habitat envelopes,euphotic,100 km,weekly-seasonal,weeks,n/a,fronts,satellite NPP,days,no short-range,yes,n/a,envelope vs realized habitat,P568
oceanic pelagic fish,zooplankton,prey_productivity,Forage for some tunas via micronekton; poorly observed in NRT.,weak_NRT; moderate_mechanistic,tropical tunas forage,DSL/micronekton,100 km,seasonal,weeks,n/a,O2; DVM,acoustics/CPR sparse,no,no operational,yes,n/a,micronekton,S34;S39
oceanic pelagic fish,currents,physical,Eddy/jet association and larval/juvenile transport. Adult tunas are active swimmers; currents still structure forage.,moderate_literature,EAC; equatorial currents,upper ocean,10-100 km,days,0-weeks,jet core vs edge,SSH; EKE,HYCOM/CMEMS,ESPC/RTOFS/CMEMS hours-1 d,8-10 d,partial,surface currents relevant for epipelagic,not acquired,P501;P504;S09
oceanic pelagic fish,EKE/eddies,physical,Classic aggregation hypothesis for oceanic pelagics (H-BEH-010).,moderate_literature; untested_for_FishAI,open-ocean tunas/dolphinfish,upper ocean,50-200 km,days-weeks,0-days,eddy polarity/age,SSH; chl; SST,DUACS,NRT SSH-derived,mesoscale forecast skill decays within days-weeks,partial,surface eddy OK as hypothesis for epipelagic aggregation,no effort-aware pelagic catches in FishAI,H-BEH-010;P520;P532
oceanic pelagic fish,fronts,physical,SST/color fronts concentrate forage and tunas (Polovina/Laurs lineage; Brodie frontal index).,moderate_literature,dolphinfish EAC; tunas,surface,10 km,days,0,gradient vs mean SST,SST; chl; EKE,P561 detectors,~1 d,if SST forecast resolves front,partial,surface front is the feature,no FishAI pelagic frame,P561;P532;H_PELAGIC_FRONTS
oceanic pelagic fish,SSH,physical,Eddy/front locator. Standard pelagic SDM covariate.,moderate_literature,Brodie 2015 SLA significant for dolphinfish/kingfish,surface,0.125 deg,daily,0,eddy sign,EKE; SST,DUACS MY,DUACS NRT,model SSH 8-10 d,partial,n/a,not acquired,P520;P532
oceanic pelagic fish,MLD,physical,Forage concentration and mixed-layer tunas. Secondary to T/O2.,weak_or_context_dependent,tropical tunas,mixed layer,10-100 km,days,0-days,n/a,thermocline; O2,HYCOM GOFS 3.1 reanalysis/analysis (FishAI Keys/SBC boxes; GLBy ends 2024-09-04/05); GLORYS12 1993-near present (P513; not ingested),ESPC-D-V02 analysis on hycom.org (~hours-2 d; P501) or CMEMS PHY_001_024 (account exists; not ingested),ESPC-D-V02 8 d (P501); RTOFS 8 d on NOMADS (P504-P507); CMEMS PHY 10 d (P514). FishAI has no issue-time archive.,partial,MLD indicates when SST represents school layer,not joined,P500;P513
oceanic pelagic fish,thermocline,physical,"With OMZ, defines vertical habitat thickness (P541 often 25 m in ETP).",strong_literature_with_O2,ETP billfish,thermocline/OMZ,100 km,seasonal,0,compression threshold,oxygen,HYCOM GOFS 3.1 reanalysis/analysis (FishAI Keys/SBC boxes; GLBy ends 2024-09-04/05); GLORYS12 1993-near present (P513; not ingested),ESPC-D-V02 analysis on hycom.org (~hours-2 d; P501) or CMEMS PHY_001_024 (account exists; not ingested),ESPC-D-V02 8 d (P501); RTOFS 8 d on NOMADS (P504-P507); CMEMS PHY 10 d (P514). FishAI has no issue-time archive.,partial,no,O2+thermocline together,P541
oceanic pelagic fish,upwelling CUTI/BEUTI,physical,CCS-only indices; equatorial upwelling is a different product family.,not_applicable_globally,CCS only,n/a globally,31-47N only,daily,days,n/a,n/a,CUTI CCS only,ERDDAP CCS,no global CUTI,yes outside CCS,n/a,wrong domain for most oceanic pelagics,P521
oceanic pelagic fish,river discharge,physical,Not oceanic.,not_applicable,n/a,n/a,n/a,n/a,n/a,n/a,n/a,n/a,n/a,n/a,yes,n/a,n/a,P576
oceanic pelagic fish,turbidity,physical,Generally low in open ocean; not a default predictor.,not_primary,n/a,n/a,n/a,n/a,n/a,n/a,n/a,n/a,n/a,n/a,yes,n/a,n/a,P576
oceanic pelagic fish,waves,physical,"Effort/safety filter, not habitat.",observation_effort,longline operations,surface,km,hours,0,cancellation,effort bias,WW3,hours,days,partial,n/a,confidential effort,P576
oceanic pelagic fish,tides,physical,Internal tides can mix; barotropic tides weak for open-ocean tunas. ESPC-D-V02 includes tides (P501).,weak_or_context_dependent,n/a default,full column mixing,10-100 km,hours,0,n/a,MLD,ESPC tides,ESPC,8 d,partial,n/a,not a FishAI covariate,P501
oceanic pelagic fish,lunar,timing,"Some catchability (FADs, swordfish) is lunar. Not a thermal habitat term.",moderate_for_some_fisheries,swordfish night fisheries,n/a,basin,days,0,moon illumination,diel; gear,calendar,yes,yes,no,n/a,observer confidentiality,S75
oceanic pelagic fish,bathymetry,habitat,"Seamounts, banks, and islands aggregate some oceanic pelagics. Open ocean otherwise weak.",moderate_near_features,seamount tunas; island wakes,seafloor context,km,static,none,distance-to-feature,currents; EKE,GEBCO not downloaded,static,static,no if map in hand,n/a,no bathy raster,P576
oceanic pelagic fish,rugosity/BPI,habitat,Only near seamounts/islands.,not_primary_open_ocean,seamount flanks,seafloor,100 m,static,none,n/a,seamounts,not acquired,static,no,yes,n/a,n/a open ocean,P576
oceanic pelagic fish,substrate,habitat,Not a pelagic predictor.,not_applicable,n/a,n/a,n/a,n/a,n/a,n/a,n/a,n/a,n/a,n/a,yes,n/a,n/a,P576
oceanic pelagic fish,coral,habitat,Not oceanic pelagic.,not_applicable,n/a,n/a,n/a,n/a,n/a,n/a,n/a,n/a,n/a,n/a,yes,n/a,n/a,P576
oceanic pelagic fish,seagrass,habitat,Not oceanic.,not_applicable,n/a,n/a,n/a,n/a,n/a,n/a,n/a,n/a,n/a,n/a,yes,n/a,n/a,P576
oceanic pelagic fish,mangroves,habitat,Not oceanic.,not_applicable,n/a,n/a,n/a,n/a,n/a,n/a,n/a,n/a,n/a,n/a,yes,n/a,n/a,P576
oceanic pelagic fish,kelp canopy,habitat,Not oceanic.,not_applicable,n/a,n/a,n/a,n/a,n/a,n/a,n/a,n/a,n/a,n/a,yes,n/a,n/a,P576
oceanic pelagic fish,shelf break,habitat,Oceanic-coastal transition; some tunas follow the break.,moderate_literature,yellowfin/albacore at break,shelf edge,km,static+front,0,distance,fronts; SST,bathy,static,static,no if bathy in hand,n/a,no raster,P576
oceanic pelagic fish,canyons,habitat,Local upwelling aggregation; secondary.,weak_or_context_dependent,regional,slope,km,static,none,n/a,currents,not acquired,static,static,yes,n/a,maps,P576
oceanic pelagic fish,seamounts,habitat,Forage and tuna aggregation at seamounts. Sensitive if used as targeting.,moderate_literature,tropical tunas at seamounts,flanks/summit,km,static,none,distance-to-seamount,currents; EKE,not acquired,static; coarsen for display,static,no if map in hand,n/a,safety/targeting,P576
oceanic pelagic fish,season,timing,Seasonal migrations dominate (S09 Tagging of Pacific Predators).,strong_literature,Pacific predators (S09),n/a,basin,month,n/a,phenology,SST; fronts,tag/observer month,calendar,seasonal habitat (P530),no,n/a,no tags in FishAI,S09;P530
oceanic pelagic fish,diel,timing,Diel vertical migration and dive behavior. Occupied depth band changes detectability/catchability.,strong_literature,bigeye tuna DVM; billfish,surface night vs deep day often,local,hours,0,day/night,light; O2; thermocline,tags (S14),clock,yes clock; not depth,no for clock; yes for occupied depth,n/a,REQUIRES_TELEMETRY,S14;BEHAVIOR_VARIABLE_CATALOG;P541
oceanic pelagic fish,visibility,observation,Irrelevant for longline/acoustic except aerial surveys.,method_specific,aerial SBT (P531),surface,survey,sample,0,detection,clouds; sea state,not in FishAI,no,no,yes,n/a,no aerial frame,P531
estuarine fish,SST,physical,Shallow well-mixed estuaries may track SST; stratified estuaries need bottom T. Still not occurrence.,moderate_if_mixed; weak_if_stratified,Florida estuaries (H-BEH-011 candidate),surface,km,hours-days,0-days,windows and thresholds typical,salinity x tide x DO x vis,mostly not acquired; CO-OPS/USGS public,tides/discharge hours; 3D T/S from OFS where they exist (not FishAI frames),OFS 48-72 h class; harmonics unlimited,partial,only if mixed and verified; many estuaries stratify,no estuary survey ingested,P516;H-BEH-011
estuarine fish,bottom T,physical,Metabolic and spawning constraint in deeper channels.,moderate_literature,estuarine channels,bottom,km,hours-days,0,windows and thresholds typical,salinity x tide x DO x vis,mostly not acquired; CO-OPS/USGS public,tides/discharge hours; 3D T/S from OFS where they exist (not FishAI frames),OFS 48-72 h class; harmonics unlimited,partial,no,no estuary survey ingested,H_DEMERSAL_BOTTOM_TEMP
estuarine fish,depth-resolved T,physical,Needed in stratified estuaries and fjords.,moderate_literature,Puget Sound/Hood Canal class (observatory notes),occupied depth,0.1-1 km,hours,0,windows and thresholds typical,salinity x tide x DO x vis,mostly not acquired; CO-OPS/USGS public,tides/discharge hours; 3D T/S from OFS where they exist (not FishAI frames),OFS 48-72 h class; harmonics unlimited,partial,no,no estuary survey ingested,P510
estuarine fish,salinity,physical,Primary estuarine filter. Life-stage specific windows.,strong_literature,diadromous and estuarine juveniles (H-BEH-011),surface to mixing depth,km,hours-days,discharge lag days,windows and thresholds typical,salinity x tide x DO x vis,mostly not acquired; CO-OPS/USGS public,tides/discharge hours; 3D T/S from OFS where they exist (not FishAI frames),OFS 48-72 h class; harmonics unlimited,partial,surface OK in mixed shallows only,no estuary survey ingested,BEHAVIOR_VARIABLE_CATALOG;H-BEH-011
estuarine fish,oxygen/metabolic index,physical,Estuarine hypoxia is frequent and lethal/excluding.,strong_literature,dead-zone adjacent systems,bottom,km,hours-days,0-days after stratification,windows and thresholds typical,salinity x tide x DO x vis,mostly not acquired; CO-OPS/USGS public,tides/discharge hours; 3D T/S from OFS where they exist (not FishAI frames),OFS 48-72 h class; harmonics unlimited,partial,no,no estuary survey ingested,P537
estuarine fish,chl and lags,prey_productivity,Trophic/plume candidate; optical bias extreme in Case-2 water.,weak_or_context_dependent,eutrophic estuaries,optical surface,0.1-1 km,days,days,windows and thresholds typical,salinity x tide x DO x vis,mostly not acquired; CO-OPS/USGS public,tides/discharge hours; 3D T/S from OFS where they exist (not FishAI frames),OFS 48-72 h class; harmonics unlimited,partial,n/a; Case-2 chl often invalid,no estuary survey ingested,P518
estuarine fish,PP,prey_productivity,Local production high; satellite PP biased.,weak_or_context_dependent,estuarine food webs,euphotic,km,days,days,windows and thresholds typical,salinity x tide x DO x vis,mostly not acquired; CO-OPS/USGS public,tides/discharge hours; 3D T/S from OFS where they exist (not FishAI frames),OFS 48-72 h class; harmonics unlimited,partial,n/a,no estuary survey ingested,P565
estuarine fish,zooplankton,prey_productivity,Important prey; rarely NRT.,moderate_mechanistic,larval/juvenile fishes,water column,km,days,days,windows and thresholds typical,salinity x tide x DO x vis,mostly not acquired; CO-OPS/USGS public,tides/discharge hours; 3D T/S from OFS where they exist (not FishAI frames),OFS 48-72 h class; harmonics unlimited,partial,n/a,no estuary survey ingested,S39
estuarine fish,currents,physical,Tidal residual and river flow move fishes hourly.,strong_literature,named estuary systems,full column,100 m-km,hours,0,windows and thresholds typical,salinity x tide x DO x vis,mostly not acquired; CO-OPS/USGS public,tides/discharge hours; 3D T/S from OFS where they exist (not FishAI frames),OFS 48-72 h class; harmonics unlimited,partial,no,no estuary survey ingested,H-BEH-011
estuarine fish,EKE/eddies,physical,Not a primary estuary variable.,not_primary,n/a,n/a,n/a,n/a,n/a,windows and thresholds typical,salinity x tide x DO x vis,mostly not acquired; CO-OPS/USGS public,tides/discharge hours; 3D T/S from OFS where they exist (not FishAI frames),OFS 48-72 h class; harmonics unlimited,partial,n/a,no estuary survey ingested,P576
estuarine fish,fronts,physical,Salinity/turbidity fronts at mouths concentrate some species.,moderate_literature,plume fronts,surface to pycnocline,km,hours-days,0,windows and thresholds typical,salinity x tide x DO x vis,mostly not acquired; CO-OPS/USGS public,tides/discharge hours; 3D T/S from OFS where they exist (not FishAI frames),OFS 48-72 h class; harmonics unlimited,partial,surface front often the feature,no estuary survey ingested,H_PELAGIC_FRONTS
estuarine fish,SSH,physical,Setup/surge changes inundation; not fish presence.,weak_as_habitat; strong_as_water_level,storm surge,surface,km,hours,0,windows and thresholds typical,salinity x tide x DO x vis,mostly not acquired; CO-OPS/USGS public,tides/discharge hours; 3D T/S from OFS where they exist (not FishAI frames),OFS 48-72 h class; harmonics unlimited,partial,n/a,no estuary survey ingested,P509
estuarine fish,MLD,physical,Often the whole water column in shallows.,moderate_as_diagnostic,shallow lagoons,column,km,hours,0,windows and thresholds typical,salinity x tide x DO x vis,mostly not acquired; CO-OPS/USGS public,tides/discharge hours; 3D T/S from OFS where they exist (not FishAI frames),OFS 48-72 h class; harmonics unlimited,partial,"if MLD hits bottom, SST may equal bottom T — verify",no estuary survey ingested,H_SST_PROXY_CAUTION
estuarine fish,thermocline,physical,Seasonal stratification enables hypoxia.,moderate_literature,deeper estuaries,pycnocline,km,days-seasonal,0,windows and thresholds typical,salinity x tide x DO x vis,mostly not acquired; CO-OPS/USGS public,tides/discharge hours; 3D T/S from OFS where they exist (not FishAI frames),OFS 48-72 h class; harmonics unlimited,partial,no,no estuary survey ingested,P537
estuarine fish,upwelling CUTI/BEUTI,physical,Not an estuary product.,not_applicable,n/a,n/a,n/a,n/a,n/a,windows and thresholds typical,salinity x tide x DO x vis,mostly not acquired; CO-OPS/USGS public,tides/discharge hours; 3D T/S from OFS where they exist (not FishAI frames),OFS 48-72 h class; harmonics unlimited,partial,n/a,no estuary survey ingested,P521
estuarine fish,river discharge,physical,Sets salinity volume and nursery habitat. Primary forcing.,strong_literature,diadromous entry (H-BEH-012),mixing depth,10-100 km,days,days-weeks,windows and thresholds typical,salinity x tide x DO x vis,mostly not acquired; CO-OPS/USGS public,tides/discharge hours; 3D T/S from OFS where they exist (not FishAI frames),OFS 48-72 h class; harmonics unlimited,partial,n/a,no estuary survey ingested,H-BEH-012
estuarine fish,turbidity,physical,Habitat (turbid-water specialists) and optical detectability.,strong_as_both,mangrove/estuarine visual surveys,optical,km,hours,0,windows and thresholds typical,salinity x tide x DO x vis,mostly not acquired; CO-OPS/USGS public,tides/discharge hours; 3D T/S from OFS where they exist (not FishAI frames),OFS 48-72 h class; harmonics unlimited,partial,n/a,no estuary survey ingested,H_REEF_VIS_HARD
estuarine fish,waves,physical,Inlet safety and mixing; secondary.,weak_or_context_dependent,inlets,surface,km,hours,0,windows and thresholds typical,salinity x tide x DO x vis,mostly not acquired; CO-OPS/USGS public,tides/discharge hours; 3D T/S from OFS where they exist (not FishAI frames),OFS 48-72 h class; harmonics unlimited,partial,n/a,no estuary survey ingested,P576
estuarine fish,tides,physical,Hourly access to intertidal and salinity pulsing. Primary.,strong_literature,H-BEH-011 tidal stage,intertidal-shallow,local,hours,0,windows and thresholds typical,salinity x tide x DO x vis,mostly not acquired; CO-OPS/USGS public,tides/discharge hours; 3D T/S from OFS where they exist (not FishAI frames),OFS 48-72 h class; harmonics unlimited,partial,n/a,no estuary survey ingested,H-BEH-011
estuarine fish,lunar,timing,Spring-neap modulates tides and some spawning.,moderate_literature,estuarine spawners,n/a,estuary,days,0,windows and thresholds typical,salinity x tide x DO x vis,mostly not acquired; CO-OPS/USGS public,tides/discharge hours; 3D T/S from OFS where they exist (not FishAI frames),OFS 48-72 h class; harmonics unlimited,partial,n/a,no estuary survey ingested,P564
estuarine fish,bathymetry,habitat,Channels vs flats set accessible habitat.,strong_literature,estuary bathymetry,shallow,patch to estuary,hours-seasonal,tidal/seasonal,access thresholds,tide x habitat x salinity,None on disk (data/raw/habitat empty). Survey HABITAT_CD only. Public benthic maps exist outside repo.,Static maps change slowly; satellite kelp/coral indices lag weeks-months. Not a daily fish nowcast.,Structure is mostly persistence at 1-10 d. Climate/disturbance forecasts are separate.,partial,n/a,no FWC inshore extract,H-BEH-011;H-BEH-013;H-BEH-014;P558
estuarine fish,rugosity/BPI,habitat,Oyster/reef structure locally.,moderate_literature,oyster reef fishes,shallow,patch to estuary,hours-seasonal,tidal/seasonal,access thresholds,tide x habitat x salinity,None on disk (data/raw/habitat empty). Survey HABITAT_CD only. Public benthic maps exist outside repo.,Static maps change slowly; satellite kelp/coral indices lag weeks-months. Not a daily fish nowcast.,Structure is mostly persistence at 1-10 d. Climate/disturbance forecasts are separate.,partial,n/a,no FWC inshore extract,H-BEH-011;H-BEH-013;H-BEH-014;P558
estuarine fish,substrate,habitat,Mud vs sand flats.,strong_literature,soft-bottom estuarine fishes,shallow,patch to estuary,hours-seasonal,tidal/seasonal,access thresholds,tide x habitat x salinity,None on disk (data/raw/habitat empty). Survey HABITAT_CD only. Public benthic maps exist outside repo.,Static maps change slowly; satellite kelp/coral indices lag weeks-months. Not a daily fish nowcast.,Structure is mostly persistence at 1-10 d. Climate/disturbance forecasts are separate.,partial,n/a,no FWC inshore extract,H-BEH-011;H-BEH-013;H-BEH-014;P558
estuarine fish,coral,habitat,Rare in true estuaries.,not_primary,n/a,shallow,patch to estuary,hours-seasonal,tidal/seasonal,access thresholds,tide x habitat x salinity,None on disk (data/raw/habitat empty). Survey HABITAT_CD only. Public benthic maps exist outside repo.,Static maps change slowly; satellite kelp/coral indices lag weeks-months. Not a daily fish nowcast.,Structure is mostly persistence at 1-10 d. Climate/disturbance forecasts are separate.,partial,n/a,no FWC inshore extract,H-BEH-011;H-BEH-013;H-BEH-014;P558
estuarine fish,seagrass,habitat,Primary nursery/forage habitat in many bays.,strong_literature,H-BEH-014,shallow,patch to estuary,hours-seasonal,tidal/seasonal,access thresholds,tide x habitat x salinity,None on disk (data/raw/habitat empty). Survey HABITAT_CD only. Public benthic maps exist outside repo.,Static maps change slowly; satellite kelp/coral indices lag weeks-months. Not a daily fish nowcast.,Structure is mostly persistence at 1-10 d. Climate/disturbance forecasts are separate.,partial,n/a,no FWC inshore extract,H-BEH-011;H-BEH-013;H-BEH-014;P558
estuarine fish,mangroves,habitat,Primary in tropical estuaries; safety on pins.,strong_literature,H-BEH-013,shallow,patch to estuary,hours-seasonal,tidal/seasonal,access thresholds,tide x habitat x salinity,None on disk (data/raw/habitat empty). Survey HABITAT_CD only. Public benthic maps exist outside repo.,Static maps change slowly; satellite kelp/coral indices lag weeks-months. Not a daily fish nowcast.,Structure is mostly persistence at 1-10 d. Climate/disturbance forecasts are separate.,partial,n/a,no FWC inshore extract,H-BEH-011;H-BEH-013;H-BEH-014;P558
estuarine fish,kelp canopy,habitat,Not estuarine typically.,not_applicable,n/a,shallow,patch to estuary,hours-seasonal,tidal/seasonal,access thresholds,tide x habitat x salinity,None on disk (data/raw/habitat empty). Survey HABITAT_CD only. Public benthic maps exist outside repo.,Static maps change slowly; satellite kelp/coral indices lag weeks-months. Not a daily fish nowcast.,Structure is mostly persistence at 1-10 d. Climate/disturbance forecasts are separate.,partial,n/a,no FWC inshore extract,H-BEH-011;H-BEH-013;H-BEH-014;P558
estuarine fish,shelf break,habitat,Outside estuary.,not_applicable,n/a,shallow,patch to estuary,hours-seasonal,tidal/seasonal,access thresholds,tide x habitat x salinity,None on disk (data/raw/habitat empty). Survey HABITAT_CD only. Public benthic maps exist outside repo.,Static maps change slowly; satellite kelp/coral indices lag weeks-months. Not a daily fish nowcast.,Structure is mostly persistence at 1-10 d. Climate/disturbance forecasts are separate.,partial,n/a,no FWC inshore extract,H-BEH-011;H-BEH-013;H-BEH-014;P558
estuarine fish,canyons,habitat,Outside estuary.,not_applicable,n/a,shallow,patch to estuary,hours-seasonal,tidal/seasonal,access thresholds,tide x habitat x salinity,None on disk (data/raw/habitat empty). Survey HABITAT_CD only. Public benthic maps exist outside repo.,Static maps change slowly; satellite kelp/coral indices lag weeks-months. Not a daily fish nowcast.,Structure is mostly persistence at 1-10 d. Climate/disturbance forecasts are separate.,partial,n/a,no FWC inshore extract,H-BEH-011;H-BEH-013;H-BEH-014;P558
estuarine fish,seamounts,habitat,Outside estuary.,not_applicable,n/a,shallow,patch to estuary,hours-seasonal,tidal/seasonal,access thresholds,tide x habitat x salinity,None on disk (data/raw/habitat empty). Survey HABITAT_CD only. Public benthic maps exist outside repo.,Static maps change slowly; satellite kelp/coral indices lag weeks-months. Not a daily fish nowcast.,Structure is mostly persistence at 1-10 d. Climate/disturbance forecasts are separate.,partial,n/a,no FWC inshore extract,H-BEH-011;H-BEH-013;H-BEH-014;P558
estuarine fish,season,timing,Strong seasonal use of nurseries.,strong_literature,summer nursery occupancy,shallow,patch to estuary,hours-seasonal,tidal/seasonal,access thresholds,tide x habitat x salinity,None on disk (data/raw/habitat empty). Survey HABITAT_CD only. Public benthic maps exist outside repo.,Static maps change slowly; satellite kelp/coral indices lag weeks-months. Not a daily fish nowcast.,calendar/tides,partial,n/a,no FWC inshore extract,H-BEH-011;H-BEH-013;H-BEH-014;P558
estuarine fish,diel,timing,"Tidal often dominates over diel, but both interact.",moderate_literature,H-BEH-011,shallow,patch to estuary,hours-seasonal,tidal/seasonal,access thresholds,tide x habitat x salinity,None on disk (data/raw/habitat empty). Survey HABITAT_CD only. Public benthic maps exist outside repo.,Static maps change slowly; satellite kelp/coral indices lag weeks-months. Not a daily fish nowcast.,calendar/tides,partial,n/a,no FWC inshore extract,H-BEH-011;H-BEH-013;H-BEH-014;P558
estuarine fish,visibility,observation,Optical surveys fail in turbid water; not absence.,strong_as_detectability,visual estuary surveys,shallow,patch to estuary,hours-seasonal,tidal/seasonal,access thresholds,tide x habitat x salinity,None on disk (data/raw/habitat empty). Survey HABITAT_CD only. Public benthic maps exist outside repo.,Static maps change slowly; satellite kelp/coral indices lag weeks-months. Not a daily fish nowcast.,calendar/tides,yes,n/a,no FWC inshore extract,H-BEH-011;H-BEH-013;H-BEH-014;P558
deep-sea fish,SST,physical,Skin SST does not locate deep-sea fishes. Exclude as occupancy predictor.,strong_against,H-BEH-015; features catalog exclude_or_weak,skin,n/a,n/a,n/a,n/a,n/a,MUR jplMURSST41; OISST ncdcOisst21Agg; CoralTemp 5 km from 1985 (P515-P517),MUR NRT ~1 d (P515); OISST ~1 d (P516); CoralTemp afternoon daily (P517),Not a satellite forecast: use ocean-model SST (RTOFS/ESPC/CMEMS/WCOFS) or seasonal NMME. Persistence/damped anomaly are statistical.,n/a,no,no deep survey in FishAI,H-BEH-015;features/GUILD_VARIABLE_MATRIX
deep-sea fish,bottom T,physical,Primary thermal niche for bathydemersals.,strong_literature,H-BEH-015,seafloor,10 km,seasonal-climate,years climate,narrow niches,O2; depth; substrate,HYCOM GOFS 3.1 reanalysis/analysis (FishAI Keys/SBC boxes; GLBy ends 2024-09-04/05); GLORYS12 1993-near present (P513; not ingested),ESPC-D-V02 analysis on hycom.org (~hours-2 d; P501) or CMEMS PHY_001_024 (account exists; not ingested),climate more than 8 d,partial,no,no deep table,H-BEH-015;P537
deep-sea fish,depth-resolved T,physical,Required. Occupied depth band.,strong_literature,slope surveys,occupied,10 km,daily-climate,0,niche,O2,HYCOM GOFS 3.1 reanalysis/analysis (FishAI Keys/SBC boxes; GLBy ends 2024-09-04/05); GLORYS12 1993-near present (P513; not ingested),ESPC-D-V02 analysis on hycom.org (~hours-2 d; P501) or CMEMS PHY_001_024 (account exists; not ingested),ESPC-D-V02 8 d (P501); RTOFS 8 d on NOMADS (P504-P507); CMEMS PHY 10 d (P514). FishAI has no issue-time archive.,partial,no,no survey,H-BEH-015;P500
deep-sea fish,salinity,physical,Water-mass tracer; secondary to T/O2/depth.,weak_or_context_dependent,slope water masses,occupied,10-100 km,seasonal,0,n/a,T; O2,HYCOM GOFS 3.1 reanalysis/analysis (FishAI Keys/SBC boxes; GLBy ends 2024-09-04/05); GLORYS12 1993-near present (P513; not ingested),ESPC-D-V02 analysis on hycom.org (~hours-2 d; P501) or CMEMS PHY_001_024 (account exists; not ingested),ESPC-D-V02 8 d (P501); RTOFS 8 d on NOMADS (P504-P507); CMEMS PHY 10 d (P514). FishAI has no issue-time archive.,partial,no (catalog: surface salinity poorly represents deep habitats),no survey,features/VARIABLE_CATALOG
deep-sea fish,oxygen/metabolic index,physical,OMZ margins structure mesopelagic and deep demersal communities (Koslow 2011 lineage P563; H-BEH-006).,strong_literature,CCS mesopelagic; ETNP OMZ,OMZ,10-1000 km,seasonal-climate,years for OMZ expansion,Phi_crit; OMZ boundary,T; light; DVM,none in FishAI,Argo O2 sparse,climate Phi (P538),yes,no,no OMZ product; no acoustics,P563;P537;H-BEH-006
deep-sea fish,chl and lags,prey_productivity,Distant food-web proxy at best. Exclude as occupancy predictor.,weak_exclude_as_occupancy,features catalog exclude_or_weak,surface optical,n/a,n/a,months if export,n/a,n/a,VIIRS/OC-CCI/CMEMS OC (FishAI Keys weekly VIIRS mostly masked; P551),VIIRS NRT days; OC-CCI climate not NRT; CMEMS OC NRT with registration,"No skillful global chl forecast used here. CMEMS BGC 10 d exists (model chl, not fish). Seasonal BGC only in regional systems (J-SCOPE).",n/a,n/a; do not use surface chl as deep occupancy,n/a,features/GUILD_VARIABLE_MATRIX
deep-sea fish,PP,prey_productivity,Export flux hypothesis only; not occupancy.,weak_or_context_dependent,no FishAI deep frame (H-BEH-015),meso- to bathypelagic / seafloor,10-100 km,seasonal-climate,n/a to seasonal,depth and OMZ steps,depth x T x O2 x substrate,not acquired,physics yes; biology no,physics 8-10 d; ecology climate,yes for biology,no,no deep survey,H-BEH-015;H-BEH-005;H-BEH-006;P563;S34
deep-sea fish,zooplankton,prey_productivity,Mesopelagic forage; acoustics (S34).,moderate_with_acoustics,no FishAI deep frame (H-BEH-015),meso- to bathypelagic / seafloor,10-100 km,seasonal-climate,n/a to seasonal,depth and OMZ steps,depth x T x O2 x substrate,not acquired,physics yes; biology no,physics 8-10 d; ecology climate,yes for biology,no,no deep survey,H-BEH-015;H-BEH-005;H-BEH-006;P563;S34
deep-sea fish,currents,physical,Slope currents and seamount flows.,moderate_literature,no FishAI deep frame (H-BEH-015),meso- to bathypelagic / seafloor,10-100 km,seasonal-climate,n/a to seasonal,depth and OMZ steps,depth x T x O2 x substrate,not acquired,physics yes; biology no,physics 8-10 d; ecology climate,yes for biology,no,no deep survey,H-BEH-015;H-BEH-005;H-BEH-006;P563;S34
deep-sea fish,EKE/eddies,physical,Eddy pumping of organic matter; secondary.,weak_or_context_dependent,no FishAI deep frame (H-BEH-015),meso- to bathypelagic / seafloor,10-100 km,seasonal-climate,n/a to seasonal,depth and OMZ steps,depth x T x O2 x substrate,not acquired,physics yes; biology no,physics 8-10 d; ecology climate,yes for biology,no,no deep survey,H-BEH-015;H-BEH-005;H-BEH-006;P563;S34
deep-sea fish,fronts,physical,Surface fronts not deep occupancy.,not_primary,no FishAI deep frame (H-BEH-015),meso- to bathypelagic / seafloor,10-100 km,seasonal-climate,n/a to seasonal,depth and OMZ steps,depth x T x O2 x substrate,not acquired,physics yes; biology no,physics 8-10 d; ecology climate,yes for biology,no,no deep survey,H-BEH-015;H-BEH-005;H-BEH-006;P563;S34
deep-sea fish,SSH,physical,Circulation proxy only.,weak_or_context_dependent,no FishAI deep frame (H-BEH-015),meso- to bathypelagic / seafloor,10-100 km,seasonal-climate,n/a to seasonal,depth and OMZ steps,depth x T x O2 x substrate,not acquired,physics yes; biology no,physics 8-10 d; ecology climate,yes for biology,no,no deep survey,H-BEH-015;H-BEH-005;H-BEH-006;P563;S34
deep-sea fish,MLD,physical,Surface mixed layer not deep habitat.,not_primary,no FishAI deep frame (H-BEH-015),meso- to bathypelagic / seafloor,10-100 km,seasonal-climate,n/a to seasonal,depth and OMZ steps,depth x T x O2 x substrate,not acquired,physics yes; biology no,physics 8-10 d; ecology climate,yes for biology,no,no deep survey,H-BEH-015;H-BEH-005;H-BEH-006;P563;S34
deep-sea fish,thermocline,physical,Permanent thermocline/OMZ more relevant than seasonal mixed layer.,moderate_literature,no FishAI deep frame (H-BEH-015),meso- to bathypelagic / seafloor,10-100 km,seasonal-climate,n/a to seasonal,depth and OMZ steps,depth x T x O2 x substrate,not acquired,physics yes; biology no,physics 8-10 d; ecology climate,yes for biology,no,no deep survey,H-BEH-015;H-BEH-005;H-BEH-006;P563;S34
deep-sea fish,upwelling CUTI/BEUTI,physical,CCS surface index; indirect for midwater via upwelling source waters.,weak_or_context_dependent,no FishAI deep frame (H-BEH-015),meso- to bathypelagic / seafloor,10-100 km,seasonal-climate,n/a to seasonal,depth and OMZ steps,depth x T x O2 x substrate,not acquired,physics yes; biology no,physics 8-10 d; ecology climate,yes for biology,no,no deep survey,H-BEH-015;H-BEH-005;H-BEH-006;P563;S34
deep-sea fish,river discharge,physical,Not deep-sea.,not_applicable,no FishAI deep frame (H-BEH-015),meso- to bathypelagic / seafloor,10-100 km,seasonal-climate,n/a to seasonal,depth and OMZ steps,depth x T x O2 x substrate,not acquired,physics yes; biology no,physics 8-10 d; ecology climate,yes for biology,no,no deep survey,H-BEH-015;H-BEH-005;H-BEH-006;P563;S34
deep-sea fish,turbidity,physical,Nepheloid layers local; not satellite.,weak_or_context_dependent,no FishAI deep frame (H-BEH-015),meso- to bathypelagic / seafloor,10-100 km,seasonal-climate,n/a to seasonal,depth and OMZ steps,depth x T x O2 x substrate,not acquired,physics yes; biology no,physics 8-10 d; ecology climate,yes for biology,no,no deep survey,H-BEH-015;H-BEH-005;H-BEH-006;P563;S34
deep-sea fish,waves,physical,Not deep-sea.,not_applicable,no FishAI deep frame (H-BEH-015),meso- to bathypelagic / seafloor,10-100 km,seasonal-climate,n/a to seasonal,depth and OMZ steps,depth x T x O2 x substrate,not acquired,physics yes; biology no,physics 8-10 d; ecology climate,yes for biology,no,no deep survey,H-BEH-015;H-BEH-005;H-BEH-006;P563;S34
deep-sea fish,tides,physical,Internal tides/mixing at topography.,moderate_literature,no FishAI deep frame (H-BEH-015),meso- to bathypelagic / seafloor,10-100 km,seasonal-climate,n/a to seasonal,depth and OMZ steps,depth x T x O2 x substrate,not acquired,physics yes; biology no,physics 8-10 d; ecology climate,yes for biology,no,no deep survey,H-BEH-015;H-BEH-005;H-BEH-006;P563;S34
deep-sea fish,lunar,timing,Some DVM/light at depth; weak.,weak_or_context_dependent,no FishAI deep frame (H-BEH-015),meso- to bathypelagic / seafloor,10-100 km,seasonal-climate,n/a to seasonal,depth and OMZ steps,depth x T x O2 x substrate,not acquired,physics yes; biology no,physics 8-10 d; ecology climate,yes for biology,no,no deep survey,H-BEH-015;H-BEH-005;H-BEH-006;P563;S34
deep-sea fish,bathymetry,habitat,Primary habitat axis.,strong_literature,no FishAI deep frame (H-BEH-015),meso- to bathypelagic / seafloor,10-100 km,seasonal-climate,n/a to seasonal,depth and OMZ steps,depth x T x O2 x substrate,not acquired,physics yes; biology no,physics 8-10 d; ecology climate,yes for biology,no,no deep survey,H-BEH-015;H-BEH-005;H-BEH-006;P563;S34
deep-sea fish,rugosity/BPI,habitat,Hard vs soft deep bottoms; seamount morphology.,strong_literature,no FishAI deep frame (H-BEH-015),meso- to bathypelagic / seafloor,10-100 km,seasonal-climate,n/a to seasonal,depth and OMZ steps,depth x T x O2 x substrate,not acquired,physics yes; biology no,physics 8-10 d; ecology climate,yes for biology,no,no deep survey,H-BEH-015;H-BEH-005;H-BEH-006;P563;S34
deep-sea fish,substrate,habitat,Primary.,strong_literature,no FishAI deep frame (H-BEH-015),meso- to bathypelagic / seafloor,10-100 km,seasonal-climate,n/a to seasonal,depth and OMZ steps,depth x T x O2 x substrate,not acquired,physics yes; biology no,physics 8-10 d; ecology climate,yes for biology,no,no deep survey,H-BEH-015;H-BEH-005;H-BEH-006;P563;S34
deep-sea fish,coral,habitat,Cold-water coral habitat.,moderate_literature,no FishAI deep frame (H-BEH-015),meso- to bathypelagic / seafloor,10-100 km,seasonal-climate,n/a to seasonal,depth and OMZ steps,depth x T x O2 x substrate,not acquired,physics yes; biology no,physics 8-10 d; ecology climate,yes for biology,no,no deep survey,H-BEH-015;H-BEH-005;H-BEH-006;P563;S34
deep-sea fish,seagrass,habitat,Not deep-sea.,not_applicable,no FishAI deep frame (H-BEH-015),meso- to bathypelagic / seafloor,10-100 km,seasonal-climate,n/a to seasonal,depth and OMZ steps,depth x T x O2 x substrate,not acquired,physics yes; biology no,physics 8-10 d; ecology climate,yes for biology,no,no deep survey,H-BEH-015;H-BEH-005;H-BEH-006;P563;S34
deep-sea fish,mangroves,habitat,Not deep-sea.,not_applicable,no FishAI deep frame (H-BEH-015),meso- to bathypelagic / seafloor,10-100 km,seasonal-climate,n/a to seasonal,depth and OMZ steps,depth x T x O2 x substrate,not acquired,physics yes; biology no,physics 8-10 d; ecology climate,yes for biology,no,no deep survey,H-BEH-015;H-BEH-005;H-BEH-006;P563;S34
deep-sea fish,kelp canopy,habitat,Not deep-sea.,not_applicable,no FishAI deep frame (H-BEH-015),meso- to bathypelagic / seafloor,10-100 km,seasonal-climate,n/a to seasonal,depth and OMZ steps,depth x T x O2 x substrate,not acquired,physics yes; biology no,physics 8-10 d; ecology climate,yes for biology,no,no deep survey,H-BEH-015;H-BEH-005;H-BEH-006;P563;S34
deep-sea fish,shelf break,habitat,Upper-slope assemblages.,moderate_literature,no FishAI deep frame (H-BEH-015),meso- to bathypelagic / seafloor,10-100 km,seasonal-climate,n/a to seasonal,depth and OMZ steps,depth x T x O2 x substrate,not acquired,physics yes; biology no,physics 8-10 d; ecology climate,yes for biology,no,no deep survey,H-BEH-015;H-BEH-005;H-BEH-006;P563;S34
deep-sea fish,canyons,habitat,Canyon specialists.,moderate_literature,no FishAI deep frame (H-BEH-015),meso- to bathypelagic / seafloor,10-100 km,seasonal-climate,n/a to seasonal,depth and OMZ steps,depth x T x O2 x substrate,not acquired,physics yes; biology no,physics 8-10 d; ecology climate,yes for biology,no,no deep survey,H-BEH-015;H-BEH-005;H-BEH-006;P563;S34
deep-sea fish,seamounts,habitat,Seamount assemblages.,strong_literature,no FishAI deep frame (H-BEH-015),meso- to bathypelagic / seafloor,10-100 km,seasonal-climate,n/a to seasonal,depth and OMZ steps,depth x T x O2 x substrate,not acquired,physics yes; biology no,physics 8-10 d; ecology climate,yes for biology,no,no deep survey,H-BEH-015;H-BEH-005;H-BEH-006;P563;S34
deep-sea fish,season,timing,Weaker than in shelf fishes; some slope seasonality.,weak_or_context_dependent,no FishAI deep frame (H-BEH-015),meso- to bathypelagic / seafloor,10-100 km,seasonal-climate,n/a to seasonal,depth and OMZ steps,depth x T x O2 x substrate,not acquired,physics yes; biology no,physics 8-10 d; ecology climate,yes for biology,no,no deep survey,H-BEH-015;H-BEH-005;H-BEH-006;P563;S34
deep-sea fish,diel,timing,DVM is a defining mesopelagic behavior (H-BEH-005).,established_pattern,no FishAI deep frame (H-BEH-015),meso- to bathypelagic / seafloor,10-100 km,seasonal-climate,n/a to seasonal,depth and OMZ steps,depth x T x O2 x substrate,not acquired,physics yes; biology no,physics 8-10 d; ecology climate,yes for biology,no,no deep survey,H-BEH-015;H-BEH-005;H-BEH-006;P563;S34
deep-sea fish,visibility,observation,Camera/ROV optical; not trawl.,method_specific,no FishAI deep frame (H-BEH-015),meso- to bathypelagic / seafloor,10-100 km,seasonal-climate,n/a to seasonal,depth and OMZ steps,depth x T x O2 x substrate,not acquired,physics yes; biology no,physics 8-10 d; ecology climate,yes for biology,no,no deep survey,H-BEH-015;H-BEH-005;H-BEH-006;P563;S34
polar fish,SST,physical,Sea-ice edge and surface T matter for some pelagic polar fishes; bottom T remains required for demersal. Ice-associated error in SST products.,moderate_literature; ice_contamination_risk,Barents/Bering borealization (P557 identity); capelin/polar cod literature,surface plus ice,10-25 km,daily-seasonal,ice phenology weeks,ice-edge threshold,ice; bottom T; light,MUR jplMURSST41; OISST ncdcOisst21Agg; CoralTemp 5 km from 1985 (P515-P517); sea ice from CMEMS/NSIDC,MUR NRT ~1 d (P515); OISST ~1 d (P516); CoralTemp afternoon daily (P517),seasonal ice/SST; NMME,partial,"no for demersal polar fishes; ice-edge pelagics may use surface fields with ice, not SST-as-bottom",no polar survey in FishAI,P557;P516
polar fish,bottom T,physical,Borealization of Arctic shelves tracks bottom warming (Fossheim 2015 identity P557).,strong_literature,Barents Sea demersals; Bering,seafloor,10-50 km,seasonal-climate,years,thermal invasion thresholds,ice; O2; depth,survey CTD; GLORYS,ESPC-D-V02 analysis on hycom.org (~hours-2 d; P501) or CMEMS PHY_001_024 (account exists; not ingested),seasonal-decadal,partial,no,no AFSC/IMR tables in FishAI,P557;P539;P540
polar fish,depth-resolved T,physical,"Ice, meltwater, and Atlantic/Pacific water masses stack vertically.",strong_literature,Arctic/subarctic shelves; no FishAI frame,ice-ocean column / seafloor,10-100 km,seasonal-climate,ice phenology weeks-months,ice and thermal thresholds,ice x bottom T x light x zooplankton,not in FishAI,SST/ice NRT; bottom T models,seasonal ice/SST; CMIP,partial,no,no polar zeros,P557;P537;P539
polar fish,salinity,physical,Meltwater and brine structure habitat.,moderate_literature,Arctic/subarctic shelves; no FishAI frame,ice-ocean column / seafloor,10-100 km,seasonal-climate,ice phenology weeks-months,ice and thermal thresholds,ice x bottom T x light x zooplankton,not in FishAI,SST/ice NRT; bottom T models,seasonal ice/SST; CMIP,partial,no,no polar zeros,P557;P537;P539
polar fish,oxygen/metabolic index,physical,Phi projected to drop ~50% in northern high latitudes this century (P537).,strong_literature,Arctic/subarctic shelves; no FishAI frame,ice-ocean column / seafloor,10-100 km,seasonal-climate,ice phenology weeks-months,ice and thermal thresholds,ice x bottom T x light x zooplankton,not in FishAI,SST/ice NRT; bottom T models,seasonal ice/SST; CMIP,partial,no,no polar zeros,P557;P537;P539
polar fish,chl and lags,prey_productivity,Ice-edge blooms; match-mismatch for larvae.,moderate_literature,Arctic/subarctic shelves; no FishAI frame,ice-ocean column / seafloor,10-100 km,seasonal-climate,ice phenology weeks-months,ice and thermal thresholds,ice x bottom T x light x zooplankton,not in FishAI,SST/ice NRT; bottom T models,seasonal ice/SST; CMIP,partial,n/a,no polar zeros,P557;P537;P539
polar fish,PP,prey_productivity,Short intense production season.,moderate_literature,Arctic/subarctic shelves; no FishAI frame,ice-ocean column / seafloor,10-100 km,seasonal-climate,ice phenology weeks-months,ice and thermal thresholds,ice x bottom T x light x zooplankton,not in FishAI,SST/ice NRT; bottom T models,seasonal ice/SST; CMIP,partial,n/a,no polar zeros,P557;P537;P539
polar fish,zooplankton,prey_productivity,Calanus-type forage for polar cod/capelin.,moderate_literature,Arctic/subarctic shelves; no FishAI frame,ice-ocean column / seafloor,10-100 km,seasonal-climate,ice phenology weeks-months,ice and thermal thresholds,ice x bottom T x light x zooplankton,not in FishAI,SST/ice NRT; bottom T models,seasonal ice/SST; CMIP,partial,n/a,no polar zeros,P557;P537;P539
polar fish,currents,physical,Inflow of Atlantic/Pacific water.,moderate_literature,Arctic/subarctic shelves; no FishAI frame,ice-ocean column / seafloor,10-100 km,seasonal-climate,ice phenology weeks-months,ice and thermal thresholds,ice x bottom T x light x zooplankton,not in FishAI,SST/ice NRT; bottom T models,seasonal ice/SST; CMIP,partial,no,no polar zeros,P557;P537;P539
polar fish,EKE/eddies,physical,Secondary.,weak_or_context_dependent,Arctic/subarctic shelves; no FishAI frame,ice-ocean column / seafloor,10-100 km,seasonal-climate,ice phenology weeks-months,ice and thermal thresholds,ice x bottom T x light x zooplankton,not in FishAI,SST/ice NRT; bottom T models,seasonal ice/SST; CMIP,partial,n/a,no polar zeros,P557;P537;P539
polar fish,fronts,physical,Ice-edge and Polar Front.,moderate_literature,Arctic/subarctic shelves; no FishAI frame,ice-ocean column / seafloor,10-100 km,seasonal-climate,ice phenology weeks-months,ice and thermal thresholds,ice x bottom T x light x zooplankton,not in FishAI,SST/ice NRT; bottom T models,seasonal ice/SST; CMIP,partial,surface front relevant for pelagic; not bottom T,no polar zeros,P557;P537;P539
polar fish,SSH,physical,Circulation; ice-contaminated altimetry.,weak_or_context_dependent,Arctic/subarctic shelves; no FishAI frame,ice-ocean column / seafloor,10-100 km,seasonal-climate,ice phenology weeks-months,ice and thermal thresholds,ice x bottom T x light x zooplankton,not in FishAI,SST/ice NRT; bottom T models,seasonal ice/SST; CMIP,partial,n/a,no polar zeros,P557;P537;P539
polar fish,MLD,physical,Deep winter mixing vs summer ice melt stratification.,moderate_literature,Arctic/subarctic shelves; no FishAI frame,ice-ocean column / seafloor,10-100 km,seasonal-climate,ice phenology weeks-months,ice and thermal thresholds,ice x bottom T x light x zooplankton,not in FishAI,SST/ice NRT; bottom T models,seasonal ice/SST; CMIP,partial,diagnostic only,no polar zeros,P557;P537;P539
polar fish,thermocline,physical,Seasonal and permanent layers.,moderate_literature,Arctic/subarctic shelves; no FishAI frame,ice-ocean column / seafloor,10-100 km,seasonal-climate,ice phenology weeks-months,ice and thermal thresholds,ice x bottom T x light x zooplankton,not in FishAI,SST/ice NRT; bottom T models,seasonal ice/SST; CMIP,partial,no,no polar zeros,P557;P537;P539
polar fish,upwelling CUTI/BEUTI,physical,Not polar.,not_applicable,Arctic/subarctic shelves; no FishAI frame,ice-ocean column / seafloor,10-100 km,seasonal-climate,ice phenology weeks-months,ice and thermal thresholds,ice x bottom T x light x zooplankton,not in FishAI,SST/ice NRT; bottom T models,seasonal ice/SST; CMIP,partial,n/a,no polar zeros,P557;P537;P539
polar fish,river discharge,physical,Arctic rivers; local.,weak_or_context_dependent,Arctic/subarctic shelves; no FishAI frame,ice-ocean column / seafloor,10-100 km,seasonal-climate,ice phenology weeks-months,ice and thermal thresholds,ice x bottom T x light x zooplankton,not in FishAI,SST/ice NRT; bottom T models,seasonal ice/SST; CMIP,partial,n/a,no polar zeros,P557;P537;P539
polar fish,turbidity,physical,Glacial flour local.,weak_or_context_dependent,Arctic/subarctic shelves; no FishAI frame,ice-ocean column / seafloor,10-100 km,seasonal-climate,ice phenology weeks-months,ice and thermal thresholds,ice x bottom T x light x zooplankton,not in FishAI,SST/ice NRT; bottom T models,seasonal ice/SST; CMIP,partial,n/a,no polar zeros,P557;P537;P539
polar fish,waves,physical,Ice-limited; effort filter.,observation_effort,Arctic/subarctic shelves; no FishAI frame,ice-ocean column / seafloor,10-100 km,seasonal-climate,ice phenology weeks-months,ice and thermal thresholds,ice x bottom T x light x zooplankton,not in FishAI,SST/ice NRT; bottom T models,seasonal ice/SST; CMIP,partial,n/a,no polar zeros,P557;P537;P539
polar fish,tides,physical,Polynyas/mixing some shelves.,weak_or_context_dependent,Arctic/subarctic shelves; no FishAI frame,ice-ocean column / seafloor,10-100 km,seasonal-climate,ice phenology weeks-months,ice and thermal thresholds,ice x bottom T x light x zooplankton,not in FishAI,SST/ice NRT; bottom T models,seasonal ice/SST; CMIP,partial,n/a,no polar zeros,P557;P537;P539
polar fish,lunar,timing,Polar night/day dominate over moon.,weak_or_context_dependent,Arctic/subarctic shelves; no FishAI frame,ice-ocean column / seafloor,10-100 km,seasonal-climate,ice phenology weeks-months,ice and thermal thresholds,ice x bottom T x light x zooplankton,not in FishAI,SST/ice NRT; bottom T models,seasonal ice/SST; CMIP,partial,n/a,no polar zeros,P557;P537;P539
polar fish,bathymetry,habitat,Shelf vs slope; troughs.,strong_literature,Arctic/subarctic shelves; no FishAI frame,ice-ocean column / seafloor,10-100 km,seasonal-climate,ice phenology weeks-months,ice and thermal thresholds,ice x bottom T x light x zooplankton,not in FishAI,SST/ice NRT; bottom T models,seasonal ice/SST; CMIP,partial,n/a,no polar zeros,P557;P537;P539
polar fish,rugosity/BPI,habitat,Secondary to depth/ice.,weak_or_context_dependent,Arctic/subarctic shelves; no FishAI frame,ice-ocean column / seafloor,10-100 km,seasonal-climate,ice phenology weeks-months,ice and thermal thresholds,ice x bottom T x light x zooplankton,not in FishAI,SST/ice NRT; bottom T models,seasonal ice/SST; CMIP,partial,n/a,no polar zeros,P557;P537;P539
polar fish,substrate,habitat,Shelf sediments.,moderate_literature,Arctic/subarctic shelves; no FishAI frame,ice-ocean column / seafloor,10-100 km,seasonal-climate,ice phenology weeks-months,ice and thermal thresholds,ice x bottom T x light x zooplankton,not in FishAI,SST/ice NRT; bottom T models,seasonal ice/SST; CMIP,partial,n/a,no polar zeros,P557;P537;P539
polar fish,coral,habitat,Not polar shallow coral.,not_applicable,Arctic/subarctic shelves; no FishAI frame,ice-ocean column / seafloor,10-100 km,seasonal-climate,ice phenology weeks-months,ice and thermal thresholds,ice x bottom T x light x zooplankton,not in FishAI,SST/ice NRT; bottom T models,seasonal ice/SST; CMIP,partial,n/a,no polar zeros,P557;P537;P539
polar fish,seagrass,habitat,Not polar.,not_applicable,Arctic/subarctic shelves; no FishAI frame,ice-ocean column / seafloor,10-100 km,seasonal-climate,ice phenology weeks-months,ice and thermal thresholds,ice x bottom T x light x zooplankton,not in FishAI,SST/ice NRT; bottom T models,seasonal ice/SST; CMIP,partial,n/a,no polar zeros,P557;P537;P539
polar fish,mangroves,habitat,Not polar.,not_applicable,Arctic/subarctic shelves; no FishAI frame,ice-ocean column / seafloor,10-100 km,seasonal-climate,ice phenology weeks-months,ice and thermal thresholds,ice x bottom T x light x zooplankton,not in FishAI,SST/ice NRT; bottom T models,seasonal ice/SST; CMIP,partial,n/a,no polar zeros,P557;P537;P539
polar fish,kelp canopy,habitat,Arctic kelp expanding in some places; not in FishAI.,weak_or_context_dependent,Arctic/subarctic shelves; no FishAI frame,ice-ocean column / seafloor,10-100 km,seasonal-climate,ice phenology weeks-months,ice and thermal thresholds,ice x bottom T x light x zooplankton,not in FishAI,SST/ice NRT; bottom T models,seasonal ice/SST; CMIP,partial,n/a,no polar zeros,P557;P537;P539
polar fish,shelf break,habitat,Polar Front often near break.,moderate_literature,Arctic/subarctic shelves; no FishAI frame,ice-ocean column / seafloor,10-100 km,seasonal-climate,ice phenology weeks-months,ice and thermal thresholds,ice x bottom T x light x zooplankton,not in FishAI,SST/ice NRT; bottom T models,seasonal ice/SST; CMIP,partial,n/a,no polar zeros,P557;P537;P539
polar fish,canyons,habitat,Troughs as warm-water pathways.,moderate_literature,Arctic/subarctic shelves; no FishAI frame,ice-ocean column / seafloor,10-100 km,seasonal-climate,ice phenology weeks-months,ice and thermal thresholds,ice x bottom T x light x zooplankton,not in FishAI,SST/ice NRT; bottom T models,seasonal ice/SST; CMIP,partial,n/a,no polar zeros,P557;P537;P539
polar fish,seamounts,habitat,Limited polar relevance.,not_primary,Arctic/subarctic shelves; no FishAI frame,ice-ocean column / seafloor,10-100 km,seasonal-climate,ice phenology weeks-months,ice and thermal thresholds,ice x bottom T x light x zooplankton,not in FishAI,SST/ice NRT; bottom T models,seasonal ice/SST; CMIP,partial,n/a,no polar zeros,P557;P537;P539
polar fish,season,timing,Extreme seasonality and ice calendar.,strong_literature,Arctic/subarctic shelves; no FishAI frame,ice-ocean column / seafloor,10-100 km,seasonal-climate,ice phenology weeks-months,ice and thermal thresholds,ice x bottom T x light x zooplankton,not in FishAI,SST/ice NRT; bottom T models,seasonal ice/SST; CMIP,partial,n/a,no polar zeros,P557;P537;P539
polar fish,diel,timing,Polar day/night; DVM modified.,moderate_literature,Arctic/subarctic shelves; no FishAI frame,ice-ocean column / seafloor,10-100 km,seasonal-climate,ice phenology weeks-months,ice and thermal thresholds,ice x bottom T x light x zooplankton,not in FishAI,SST/ice NRT; bottom T models,seasonal ice/SST; CMIP,partial,n/a,no polar zeros,P557;P537;P539
polar fish,visibility,observation,Ice/optical surveys limited.,method_specific,Arctic/subarctic shelves; no FishAI frame,ice-ocean column / seafloor,10-100 km,seasonal-climate,ice phenology weeks-months,ice and thermal thresholds,ice x bottom T x light x zooplankton,not in FishAI,SST/ice NRT; bottom T models,seasonal ice/SST; CMIP,partial,n/a,no polar zeros,P557;P537;P539
sharks and rays,SST,physical,Useful for some coastal/oceanic elasmobranchs that occupy the surface mixed layer; useless as bottom T for skates/rays and deep sharks.,guild_varies_not_universal,pelagic sharks (S09); skates on NEUS (P540 class),species-specific,1-100 km,days-seasonal,0-weeks,thermal niche; nursery fidelity,depth; O2; habitat; diel,MUR jplMURSST41; OISST ncdcOisst21Agg; CoralTemp 5 km from 1985 (P515-P517),MUR NRT ~1 d (P515); OISST ~1 d (P516); CoralTemp afternoon daily (P517),Not a satellite forecast: use ocean-model SST (RTOFS/ESPC/CMEMS/WCOFS) or seasonal NMME. Persistence/damped anomaly are statistical.,partial,no for benthic batoids/deep sharks; possible for surface-associated pelagic sharks if occupancy depth is documented,telemetry required for occupied depth (S02; Q4),S02;S09;P540;H_SST_PROXY_CAUTION
sharks and rays,bottom T,physical,"Primary for skates, many rays, and demersal sharks.",strong_for_benthic_elasmobranchs,NEUS skates (Nye-class); eMOLT lobster analogy is crustacean not shark,seafloor,10 km,seasonal,0-seasonal,niche,substrate; O2,HYCOM GOFS 3.1 reanalysis/analysis (FishAI Keys/SBC boxes; GLBy ends 2024-09-04/05); GLORYS12 1993-near present (P513; not ingested),ESPC-D-V02 analysis on hycom.org (~hours-2 d; P501) or CMEMS PHY_001_024 (account exists; not ingested),ESPC-D-V02 8 d (P501); RTOFS 8 d on NOMADS (P504-P507); CMEMS PHY 10 d (P514). FishAI has no issue-time archive.,partial,no,no elasmobranch survey model in FishAI,P540;H_DEMERSAL_BOTTOM_TEMP
sharks and rays,depth-resolved T,physical,Tag-derived occupied temperatures for pelagic sharks.,strong_with_telemetry,white shark/tuna shark tags (S09),occupied,10-100 km,hours-days,0,behavior switching,diel; O2; prey,tags not in FishAI,ocean T yes; animal no,ocean T 8 d; animal no,yes for the animal,only if tags show surface occupancy,REQUIRES_TELEMETRY,S09;S14;CORE_PROBLEM_DEFINITION
sharks and rays,oxygen/metabolic index,physical,Pelagic sharks/tunas compressed by OMZ (P541 analog); demersal elasmobranchs by hypoxia.,moderate_to_strong,ETP pelagic elasmobranchs; shelf hypoxia,occupied / OMZ,10-1000 km,days-climate,days-years,threshold,T; depth,none in FishAI,sparse,climate Phi,yes,no,no O2; no tags,P541;P537
sharks and rays,chl and lags,prey_productivity,Prey-front proxy for some pelagic sharks; not abundance.,weak_or_context_dependent,white sharks at fronts (literature class; no n invented),surface optical,1-25 km,days-weekly,0-weeks,front vs mean,SST; SSH,VIIRS/OC-CCI/CMEMS OC (FishAI Keys weekly VIIRS mostly masked; P551),VIIRS NRT days; OC-CCI climate not NRT; CMEMS OC NRT with registration,often no,partial,n/a,sensitive tracks,S09;P518
sharks and rays,salinity,physical,Estuarine rays/bull sharks: salinity windows. Oceanic sharks: fronts only.,guild_varies,scope to named stock/region/stage; do not generalize (behavior rules),species-specific,km-basin,hours-seasonal,0 to seasonal,niches; nursery fidelity,life stage x habitat x T/O2,tags/surveys mostly not in FishAI; goliath withheld,ocean fields yes; animals no,ocean 8 d; animals no,yes for locations,no unless occupancy depth documented,telemetry; sensitivity,S02;S09;S29;H-BEH-013
sharks and rays,PP,prey_productivity,Weak daily; seasonal forage.,weak_or_context_dependent,scope to named stock/region/stage; do not generalize (behavior rules),species-specific,km-basin,hours-seasonal,0 to seasonal,niches; nursery fidelity,life stage x habitat x T/O2,tags/surveys mostly not in FishAI; goliath withheld,ocean fields yes; animals no,ocean 8 d; animals no,yes for locations,no unless occupancy depth documented,telemetry; sensitivity,S02;S09;S29;H-BEH-013
sharks and rays,zooplankton,prey_productivity,Indirect via forage fish.,weak_or_context_dependent,scope to named stock/region/stage; do not generalize (behavior rules),species-specific,km-basin,hours-seasonal,0 to seasonal,niches; nursery fidelity,life stage x habitat x T/O2,tags/surveys mostly not in FishAI; goliath withheld,ocean fields yes; animals no,ocean 8 d; animals no,yes for locations,no unless occupancy depth documented,telemetry; sensitivity,S02;S09;S29;H-BEH-013
sharks and rays,currents,physical,Migration corridors and island wakes.,moderate_literature,scope to named stock/region/stage; do not generalize (behavior rules),species-specific,km-basin,hours-seasonal,0 to seasonal,niches; nursery fidelity,life stage x habitat x T/O2,tags/surveys mostly not in FishAI; goliath withheld,ocean fields yes; animals no,ocean 8 d; animals no,yes for locations,no unless occupancy depth documented,telemetry; sensitivity,S02;S09;S29;H-BEH-013
sharks and rays,EKE/eddies,physical,Pelagic shark aggregation candidate.,moderate_literature,scope to named stock/region/stage; do not generalize (behavior rules),species-specific,km-basin,hours-seasonal,0 to seasonal,niches; nursery fidelity,life stage x habitat x T/O2,tags/surveys mostly not in FishAI; goliath withheld,ocean fields yes; animals no,ocean 8 d; animals no,yes for locations,no unless occupancy depth documented,telemetry; sensitivity,S02;S09;S29;H-BEH-013
sharks and rays,fronts,physical,Forage aggregation.,moderate_literature,scope to named stock/region/stage; do not generalize (behavior rules),species-specific,km-basin,hours-seasonal,0 to seasonal,niches; nursery fidelity,life stage x habitat x T/O2,tags/surveys mostly not in FishAI; goliath withheld,ocean fields yes; animals no,ocean 8 d; animals no,yes for locations,no unless occupancy depth documented,telemetry; sensitivity,S02;S09;S29;H-BEH-013
sharks and rays,SSH,physical,Eddy locator.,moderate_literature,scope to named stock/region/stage; do not generalize (behavior rules),species-specific,km-basin,hours-seasonal,0 to seasonal,niches; nursery fidelity,life stage x habitat x T/O2,tags/surveys mostly not in FishAI; goliath withheld,ocean fields yes; animals no,ocean 8 d; animals no,yes for locations,no unless occupancy depth documented,telemetry; sensitivity,S02;S09;S29;H-BEH-013
sharks and rays,MLD,physical,Dive-layer diagnostic.,weak_or_context_dependent,scope to named stock/region/stage; do not generalize (behavior rules),species-specific,km-basin,hours-seasonal,0 to seasonal,niches; nursery fidelity,life stage x habitat x T/O2,tags/surveys mostly not in FishAI; goliath withheld,ocean fields yes; animals no,ocean 8 d; animals no,yes for locations,no unless occupancy depth documented,telemetry; sensitivity,S02;S09;S29;H-BEH-013
sharks and rays,thermocline,physical,Dive behavior relative to thermocline.,moderate_with_tags,scope to named stock/region/stage; do not generalize (behavior rules),species-specific,km-basin,hours-seasonal,0 to seasonal,niches; nursery fidelity,life stage x habitat x T/O2,tags/surveys mostly not in FishAI; goliath withheld,ocean fields yes; animals no,ocean 8 d; animals no,yes for locations,no unless occupancy depth documented,telemetry; sensitivity,S02;S09;S29;H-BEH-013
sharks and rays,upwelling CUTI/BEUTI,physical,CCS white sharks/forage.,regional_only,scope to named stock/region/stage; do not generalize (behavior rules),species-specific,km-basin,hours-seasonal,0 to seasonal,niches; nursery fidelity,life stage x habitat x T/O2,tags/surveys mostly not in FishAI; goliath withheld,ocean fields yes; animals no,ocean 8 d; animals no,yes for locations,no unless occupancy depth documented,telemetry; sensitivity,S02;S09;S29;H-BEH-013
sharks and rays,river discharge,physical,Bull shark/ray estuaries.,regional_life_stage,scope to named stock/region/stage; do not generalize (behavior rules),species-specific,km-basin,hours-seasonal,0 to seasonal,niches; nursery fidelity,life stage x habitat x T/O2,tags/surveys mostly not in FishAI; goliath withheld,ocean fields yes; animals no,ocean 8 d; animals no,yes for locations,no unless occupancy depth documented,telemetry; sensitivity,S02;S09;S29;H-BEH-013
sharks and rays,turbidity,physical,Estuarine rays; optical surveys.,method_and_habitat,scope to named stock/region/stage; do not generalize (behavior rules),species-specific,km-basin,hours-seasonal,0 to seasonal,niches; nursery fidelity,life stage x habitat x T/O2,tags/surveys mostly not in FishAI; goliath withheld,ocean fields yes; animals no,ocean 8 d; animals no,yes for locations,no unless occupancy depth documented,telemetry; sensitivity,S02;S09;S29;H-BEH-013
sharks and rays,waves,physical,Coastal catchability/effort.,observation_effort,scope to named stock/region/stage; do not generalize (behavior rules),species-specific,km-basin,hours-seasonal,0 to seasonal,niches; nursery fidelity,life stage x habitat x T/O2,tags/surveys mostly not in FishAI; goliath withheld,ocean fields yes; animals no,ocean 8 d; animals no,yes for locations,no unless occupancy depth documented,telemetry; sensitivity,S02;S09;S29;H-BEH-013
sharks and rays,tides,physical,Estuarine rays; nursery access.,moderate_estuarine,scope to named stock/region/stage; do not generalize (behavior rules),species-specific,km-basin,hours-seasonal,0 to seasonal,niches; nursery fidelity,life stage x habitat x T/O2,tags/surveys mostly not in FishAI; goliath withheld,ocean fields yes; animals no,ocean 8 d; animals no,yes for locations,no unless occupancy depth documented,telemetry; sensitivity,S02;S09;S29;H-BEH-013
sharks and rays,lunar,timing,Some catchability.,weak_or_context_dependent,scope to named stock/region/stage; do not generalize (behavior rules),species-specific,km-basin,hours-seasonal,0 to seasonal,niches; nursery fidelity,life stage x habitat x T/O2,tags/surveys mostly not in FishAI; goliath withheld,ocean fields yes; animals no,ocean 8 d; animals no,yes for locations,no unless occupancy depth documented,telemetry; sensitivity,S02;S09;S29;H-BEH-013
sharks and rays,bathymetry,habitat,Depth niches; nursery shallows.,strong_literature,scope to named stock/region/stage; do not generalize (behavior rules),species-specific,km-basin,hours-seasonal,0 to seasonal,niches; nursery fidelity,life stage x habitat x T/O2,tags/surveys mostly not in FishAI; goliath withheld,ocean fields yes; animals no,ocean 8 d; animals no,yes for locations,no unless occupancy depth documented,telemetry; sensitivity,S02;S09;S29;H-BEH-013
sharks and rays,rugosity/BPI,habitat,Reef sharks.,moderate_literature,scope to named stock/region/stage; do not generalize (behavior rules),species-specific,km-basin,hours-seasonal,0 to seasonal,niches; nursery fidelity,life stage x habitat x T/O2,tags/surveys mostly not in FishAI; goliath withheld,ocean fields yes; animals no,ocean 8 d; animals no,yes for locations,no unless occupancy depth documented,telemetry; sensitivity,S02;S09;S29;H-BEH-013
sharks and rays,substrate,habitat,Benthic batoids.,strong_literature,scope to named stock/region/stage; do not generalize (behavior rules),species-specific,km-basin,hours-seasonal,0 to seasonal,niches; nursery fidelity,life stage x habitat x T/O2,tags/surveys mostly not in FishAI; goliath withheld,ocean fields yes; animals no,ocean 8 d; animals no,yes for locations,no unless occupancy depth documented,telemetry; sensitivity,S02;S09;S29;H-BEH-013
sharks and rays,coral,habitat,Reef sharks; not all sharks.,guild_varies,scope to named stock/region/stage; do not generalize (behavior rules),species-specific,km-basin,hours-seasonal,0 to seasonal,niches; nursery fidelity,life stage x habitat x T/O2,tags/surveys mostly not in FishAI; goliath withheld,ocean fields yes; animals no,ocean 8 d; animals no,yes for locations,no unless occupancy depth documented,telemetry; sensitivity,S02;S09;S29;H-BEH-013
sharks and rays,seagrass,habitat,Ray nurseries.,moderate_literature,scope to named stock/region/stage; do not generalize (behavior rules),species-specific,km-basin,hours-seasonal,0 to seasonal,niches; nursery fidelity,life stage x habitat x T/O2,tags/surveys mostly not in FishAI; goliath withheld,ocean fields yes; animals no,ocean 8 d; animals no,yes for locations,no unless occupancy depth documented,telemetry; sensitivity,S02;S09;S29;H-BEH-013
sharks and rays,mangroves,habitat,Juvenile shark nurseries; withhold pins.,moderate_literature_safety,scope to named stock/region/stage; do not generalize (behavior rules),species-specific,km-basin,hours-seasonal,0 to seasonal,niches; nursery fidelity,life stage x habitat x T/O2,tags/surveys mostly not in FishAI; goliath withheld,ocean fields yes; animals no,ocean 8 d; animals no,yes for locations,no unless occupancy depth documented,telemetry; sensitivity,S02;S09;S29;H-BEH-013
sharks and rays,kelp canopy,habitat,Some temperate sharks.,weak_or_context_dependent,scope to named stock/region/stage; do not generalize (behavior rules),species-specific,km-basin,hours-seasonal,0 to seasonal,niches; nursery fidelity,life stage x habitat x T/O2,tags/surveys mostly not in FishAI; goliath withheld,ocean fields yes; animals no,ocean 8 d; animals no,yes for locations,no unless occupancy depth documented,telemetry; sensitivity,S02;S09;S29;H-BEH-013
sharks and rays,shelf break,habitat,Pelagic/demersal transition.,moderate_literature,scope to named stock/region/stage; do not generalize (behavior rules),species-specific,km-basin,hours-seasonal,0 to seasonal,niches; nursery fidelity,life stage x habitat x T/O2,tags/surveys mostly not in FishAI; goliath withheld,ocean fields yes; animals no,ocean 8 d; animals no,yes for locations,no unless occupancy depth documented,telemetry; sensitivity,S02;S09;S29;H-BEH-013
sharks and rays,canyons,habitat,Foraging.,weak_or_context_dependent,scope to named stock/region/stage; do not generalize (behavior rules),species-specific,km-basin,hours-seasonal,0 to seasonal,niches; nursery fidelity,life stage x habitat x T/O2,tags/surveys mostly not in FishAI; goliath withheld,ocean fields yes; animals no,ocean 8 d; animals no,yes for locations,no unless occupancy depth documented,telemetry; sensitivity,S02;S09;S29;H-BEH-013
sharks and rays,seamounts,habitat,Pelagic sharks.,moderate_literature,scope to named stock/region/stage; do not generalize (behavior rules),species-specific,km-basin,hours-seasonal,0 to seasonal,niches; nursery fidelity,life stage x habitat x T/O2,tags/surveys mostly not in FishAI; goliath withheld,ocean fields yes; animals no,ocean 8 d; animals no,yes for locations,no unless occupancy depth documented,telemetry; sensitivity,S02;S09;S29;H-BEH-013
sharks and rays,season,timing,Migrations.,strong_literature,scope to named stock/region/stage; do not generalize (behavior rules),species-specific,km-basin,hours-seasonal,0 to seasonal,niches; nursery fidelity,life stage x habitat x T/O2,tags/surveys mostly not in FishAI; goliath withheld,ocean fields yes; animals no,ocean 8 d; animals no,yes for locations,no unless occupancy depth documented,telemetry; sensitivity,S02;S09;S29;H-BEH-013
sharks and rays,diel,timing,Vertical and inshore-offshore diel.,moderate_literature,scope to named stock/region/stage; do not generalize (behavior rules),species-specific,km-basin,hours-seasonal,0 to seasonal,niches; nursery fidelity,life stage x habitat x T/O2,tags/surveys mostly not in FishAI; goliath withheld,ocean fields yes; animals no,ocean 8 d; animals no,yes for locations,no unless occupancy depth documented,telemetry; sensitivity,S02;S09;S29;H-BEH-013
sharks and rays,visibility,observation,BRUV/diver detectability (S29/S30).,observation,scope to named stock/region/stage; do not generalize (behavior rules),species-specific,km-basin,hours-seasonal,0 to seasonal,niches; nursery fidelity,life stage x habitat x T/O2,tags/surveys mostly not in FishAI; goliath withheld,ocean fields yes; animals no,ocean 8 d; animals no,yes for locations,no unless occupancy depth documented,telemetry; sensitivity,S02;S09;S29;H-BEH-013
eggs and larvae,SST,physical,Spawning temperature windows are often tighter than adult niches. Muhling: larval anchovy retained more skill than adult sardine during the heatwave because spawning areas persisted (P524).,moderate_literature; life_stage_specific,CalCOFI larvae; CUFES eggs cruise 202204 only (S119); sardine/anchovy larvae (P524),upper ocean / CUFES near-surface,10 km,days-seasonal,0 for occupancy; weeks for recruitment,narrow spawn window,currents; MLD; chl lags; season,MUR jplMURSST41; OISST ncdcOisst21Agg; CoralTemp 5 km from 1985 (P515-P517); CalCOFI,MUR NRT ~1 d (P515); OISST ~1 d (P516); CoralTemp afternoon daily (P517),seasonal SST (P525); not a live egg map,partial,surface T often relevant for pelagic eggs; still eggs ≠ adults (CORE_PROBLEM Q6),one CUFES cruise only,P524;S119;S62;CORE_PROBLEM_DEFINITION
eggs and larvae,bottom T,physical,Relevant for demersal eggs; not for pelagic eggs.,life_history_specific,herring demersal eggs vs sardine pelagic,seafloor or pelagic,km,days,0,spawn window,substrate; T,HYCOM GOFS 3.1 reanalysis/analysis (FishAI Keys/SBC boxes; GLBy ends 2024-09-04/05); GLORYS12 1993-near present (P513; not ingested),ESPC-D-V02 analysis on hycom.org (~hours-2 d; P501) or CMEMS PHY_001_024 (account exists; not ingested),ESPC-D-V02 8 d (P501); RTOFS 8 d on NOMADS (P504-P507); CMEMS PHY 10 d (P514). FishAI has no issue-time archive.,partial,no for demersal eggs,egg type must be labeled,S119;P565
eggs and larvae,depth-resolved T,physical,Larval vertical distribution determines experienced T and transport.,strong_literature,Paris CMS vertical behavior (S63),larval depths,1-10 km,hours-days,PLD days-weeks,behavior switching,currents; light; diel,HYCOM GOFS 3.1 reanalysis/analysis (FishAI Keys/SBC boxes; GLBy ends 2024-09-04/05); GLORYS12 1993-near present (P513; not ingested),ESPC-D-V02 analysis on hycom.org (~hours-2 d; P501) or CMEMS PHY_001_024 (account exists; not ingested),currents 8-10 d shorter than many PLDs,partial,no if larvae sit below mixed layer,vertical behavior parameters,S62;S63;P546
eggs and larvae,currents,physical,"Primary transport mechanism. Connectivity is Q6, not adult detection.",strong_literature,reef fish larvae; H_LARVAL_CURRENT_TRANSPORT,larval depths,1-100 km,hours-weeks,PLD,retention vs loss,spawning time; vertical behavior; MLD,HYCOM/GLORYS/WCOFS not acquired as currents,ESPC-D-V02 analysis on hycom.org (~hours-2 d; P501) or CMEMS PHY_001_024 (account exists; not ingested),8-10 d often < PLD so seasonal/climatological currents used — that is not a nowcast of settlers,partial,no; surface currents ≠ larval-depth currents,biology parameters; genetic validation,S62;S63;H_LARVAL_CURRENT_TRANSPORT
eggs and larvae,chl and lags,prey_productivity,Match-mismatch and Lasker stability. Lags matter. Eggs are not chl.,moderate_literature,Cushing/Hjort/Lasker (P565); Platt 2003 class,euphotic,10-100 km,days-weeks,days-weeks,match window,MLD; SST; season,VIIRS/OC-CCI/CMEMS OC (FishAI Keys weekly VIIRS mostly masked; P551),VIIRS NRT days; OC-CCI climate not NRT; CMEMS OC NRT with registration,weak,partial,n/a,one cruise,P565;S119
eggs and larvae,salinity,physical,Estuarine larval retention; oceanic weaker.,life_history_specific,label as eggs/larvae never adults; CUFES 202204 sample only,upper ocean unless demersal eggs,1-100 km,days-seasonal,PLD and match-mismatch weeks,windows,spawn time x currents x prey x MLD,CalCOFI/CUFES limited in repo,physics yes; eggs no NRT,physics 8-10 d often < PLD,yes for egg fields,only for documented near-surface pelagic eggs,Q6 unsupported,S62;S63;S119;P524;P565;P564
eggs and larvae,oxygen/metabolic index,physical,Larval hypoxia sensitivity high.,moderate_literature,label as eggs/larvae never adults; CUFES 202204 sample only,upper ocean unless demersal eggs,1-100 km,days-seasonal,PLD and match-mismatch weeks,windows,spawn time x currents x prey x MLD,CalCOFI/CUFES limited in repo,physics yes; eggs no NRT,physics 8-10 d often < PLD,yes for egg fields,only for documented near-surface pelagic eggs,Q6 unsupported,S62;S63;S119;P524;P565;P564
eggs and larvae,PP,prey_productivity,Match-mismatch energy.,moderate_literature,label as eggs/larvae never adults; CUFES 202204 sample only,upper ocean unless demersal eggs,1-100 km,days-seasonal,PLD and match-mismatch weeks,windows,spawn time x currents x prey x MLD,CalCOFI/CUFES limited in repo,physics yes; eggs no NRT,physics 8-10 d often < PLD,yes for egg fields,only for documented near-surface pelagic eggs,Q6 unsupported,S62;S63;S119;P524;P565;P564
eggs and larvae,zooplankton,prey_productivity,Direct larval prey.,moderate_literature,label as eggs/larvae never adults; CUFES 202204 sample only,upper ocean unless demersal eggs,1-100 km,days-seasonal,PLD and match-mismatch weeks,windows,spawn time x currents x prey x MLD,CalCOFI/CUFES limited in repo,physics yes; eggs no NRT,physics 8-10 d often < PLD,yes for egg fields,only for documented near-surface pelagic eggs,Q6 unsupported,S62;S63;S119;P524;P565;P564
eggs and larvae,EKE/eddies,physical,Retention/dispersal.,moderate_literature,label as eggs/larvae never adults; CUFES 202204 sample only,upper ocean unless demersal eggs,1-100 km,days-seasonal,PLD and match-mismatch weeks,windows,spawn time x currents x prey x MLD,CalCOFI/CUFES limited in repo,physics yes; eggs no NRT,physics 8-10 d often < PLD,yes for egg fields,only for documented near-surface pelagic eggs,Q6 unsupported,S62;S63;S119;P524;P565;P564
eggs and larvae,fronts,physical,Concentration (Bakun triad).,moderate_literature,label as eggs/larvae never adults; CUFES 202204 sample only,upper ocean unless demersal eggs,1-100 km,days-seasonal,PLD and match-mismatch weeks,windows,spawn time x currents x prey x MLD,CalCOFI/CUFES limited in repo,physics yes; eggs no NRT,physics 8-10 d often < PLD,yes for egg fields,only for documented near-surface pelagic eggs,Q6 unsupported,S62;S63;S119;P524;P565;P564
eggs and larvae,SSH,physical,Circulation proxy for connectivity.,moderate_literature,label as eggs/larvae never adults; CUFES 202204 sample only,upper ocean unless demersal eggs,1-100 km,days-seasonal,PLD and match-mismatch weeks,windows,spawn time x currents x prey x MLD,CalCOFI/CUFES limited in repo,physics yes; eggs no NRT,physics 8-10 d often < PLD,yes for egg fields,only for documented near-surface pelagic eggs,Q6 unsupported,S62;S63;S119;P524;P565;P564
eggs and larvae,MLD,physical,Lasker stable ocean; food concentration.,moderate_literature,label as eggs/larvae never adults; CUFES 202204 sample only,upper ocean unless demersal eggs,1-100 km,days-seasonal,PLD and match-mismatch weeks,windows,spawn time x currents x prey x MLD,CalCOFI/CUFES limited in repo,physics yes; eggs no NRT,physics 8-10 d often < PLD,yes for egg fields,only for documented near-surface pelagic eggs,Q6 unsupported,S62;S63;S119;P524;P565;P564
eggs and larvae,thermocline,physical,Larval depth relative to pycnocline.,moderate_literature,label as eggs/larvae never adults; CUFES 202204 sample only,upper ocean unless demersal eggs,1-100 km,days-seasonal,PLD and match-mismatch weeks,windows,spawn time x currents x prey x MLD,CalCOFI/CUFES limited in repo,physics yes; eggs no NRT,physics 8-10 d often < PLD,yes for egg fields,only for documented near-surface pelagic eggs,Q6 unsupported,S62;S63;S119;P524;P565;P564
eggs and larvae,upwelling CUTI/BEUTI,physical,CCS enrichment vs offshore loss.,strong_CCS,label as eggs/larvae never adults; CUFES 202204 sample only,upper ocean unless demersal eggs,1-100 km,days-seasonal,PLD and match-mismatch weeks,windows,spawn time x currents x prey x MLD,CalCOFI/CUFES limited in repo,physics yes; eggs no NRT,physics 8-10 d often < PLD,yes for egg fields,only for documented near-surface pelagic eggs,Q6 unsupported,S62;S63;S119;P524;P565;P564
eggs and larvae,river discharge,physical,Estuarine retention and plume larvae.,moderate_literature,label as eggs/larvae never adults; CUFES 202204 sample only,upper ocean unless demersal eggs,1-100 km,days-seasonal,PLD and match-mismatch weeks,windows,spawn time x currents x prey x MLD,CalCOFI/CUFES limited in repo,physics yes; eggs no NRT,physics 8-10 d often < PLD,yes for egg fields,only for documented near-surface pelagic eggs,Q6 unsupported,S62;S63;S119;P524;P565;P564
eggs and larvae,turbidity,physical,Case-2 optical surveys; some plume association.,method_and_habitat,label as eggs/larvae never adults; CUFES 202204 sample only,upper ocean unless demersal eggs,1-100 km,days-seasonal,PLD and match-mismatch weeks,windows,spawn time x currents x prey x MLD,CalCOFI/CUFES limited in repo,physics yes; eggs no NRT,physics 8-10 d often < PLD,yes for egg fields,only for documented near-surface pelagic eggs,Q6 unsupported,S62;S63;S119;P524;P565;P564
eggs and larvae,waves,physical,Mixing/stability; survey cancellation.,weak_or_context_dependent,label as eggs/larvae never adults; CUFES 202204 sample only,upper ocean unless demersal eggs,1-100 km,days-seasonal,PLD and match-mismatch weeks,windows,spawn time x currents x prey x MLD,CalCOFI/CUFES limited in repo,physics yes; eggs no NRT,physics 8-10 d often < PLD,yes for egg fields,only for documented near-surface pelagic eggs,Q6 unsupported,S62;S63;S119;P524;P565;P564
eggs and larvae,tides,physical,Estuarine larval ingress/egress.,moderate_literature,label as eggs/larvae never adults; CUFES 202204 sample only,upper ocean unless demersal eggs,1-100 km,days-seasonal,PLD and match-mismatch weeks,windows,spawn time x currents x prey x MLD,CalCOFI/CUFES limited in repo,physics yes; eggs no NRT,physics 8-10 d often < PLD,yes for egg fields,only for documented near-surface pelagic eggs,Q6 unsupported,S62;S63;S119;P524;P565;P564
eggs and larvae,lunar,timing,Spawning timing that seeds larvae (P564).,moderate_for_spawners,label as eggs/larvae never adults; CUFES 202204 sample only,upper ocean unless demersal eggs,1-100 km,days-seasonal,PLD and match-mismatch weeks,windows,spawn time x currents x prey x MLD,CalCOFI/CUFES limited in repo,physics yes; eggs no NRT,physics 8-10 d often < PLD,yes for egg fields,only for documented near-surface pelagic eggs,Q6 unsupported,S62;S63;S119;P524;P565;P564
eggs and larvae,bathymetry,habitat,Retention in bays/reefs.,moderate_literature,label as eggs/larvae never adults; CUFES 202204 sample only,upper ocean unless demersal eggs,1-100 km,days-seasonal,PLD and match-mismatch weeks,windows,spawn time x currents x prey x MLD,CalCOFI/CUFES limited in repo,physics yes; eggs no NRT,physics 8-10 d often < PLD,yes for egg fields,only for documented near-surface pelagic eggs,Q6 unsupported,S62;S63;S119;P524;P565;P564
eggs and larvae,rugosity/BPI,habitat,Settlement habitat not egg location.,settlement_stage,label as eggs/larvae never adults; CUFES 202204 sample only,upper ocean unless demersal eggs,1-100 km,days-seasonal,PLD and match-mismatch weeks,windows,spawn time x currents x prey x MLD,CalCOFI/CUFES limited in repo,physics yes; eggs no NRT,physics 8-10 d often < PLD,yes for egg fields,only for documented near-surface pelagic eggs,Q6 unsupported,S62;S63;S119;P524;P565;P564
eggs and larvae,substrate,habitat,Demersal eggs; settlement.,life_history_specific,label as eggs/larvae never adults; CUFES 202204 sample only,upper ocean unless demersal eggs,1-100 km,days-seasonal,PLD and match-mismatch weeks,windows,spawn time x currents x prey x MLD,CalCOFI/CUFES limited in repo,physics yes; eggs no NRT,physics 8-10 d often < PLD,yes for egg fields,only for documented near-surface pelagic eggs,Q6 unsupported,S62;S63;S119;P524;P565;P564
eggs and larvae,coral,habitat,"Settlement, not egg maps.",settlement_stage,label as eggs/larvae never adults; CUFES 202204 sample only,upper ocean unless demersal eggs,1-100 km,days-seasonal,PLD and match-mismatch weeks,windows,spawn time x currents x prey x MLD,CalCOFI/CUFES limited in repo,physics yes; eggs no NRT,physics 8-10 d often < PLD,yes for egg fields,only for documented near-surface pelagic eggs,Q6 unsupported,S62;S63;S119;P524;P565;P564
eggs and larvae,seagrass,habitat,Settlement/nursery.,settlement_stage,label as eggs/larvae never adults; CUFES 202204 sample only,upper ocean unless demersal eggs,1-100 km,days-seasonal,PLD and match-mismatch weeks,windows,spawn time x currents x prey x MLD,CalCOFI/CUFES limited in repo,physics yes; eggs no NRT,physics 8-10 d often < PLD,yes for egg fields,only for documented near-surface pelagic eggs,Q6 unsupported,S62;S63;S119;P524;P565;P564
eggs and larvae,mangroves,habitat,Settlement/nursery; no pins.,settlement_stage,label as eggs/larvae never adults; CUFES 202204 sample only,upper ocean unless demersal eggs,1-100 km,days-seasonal,PLD and match-mismatch weeks,windows,spawn time x currents x prey x MLD,CalCOFI/CUFES limited in repo,physics yes; eggs no NRT,physics 8-10 d often < PLD,yes for egg fields,only for documented near-surface pelagic eggs,Q6 unsupported,S62;S63;S119;P524;P565;P564
eggs and larvae,kelp canopy,habitat,Temperate settlement.,settlement_stage,label as eggs/larvae never adults; CUFES 202204 sample only,upper ocean unless demersal eggs,1-100 km,days-seasonal,PLD and match-mismatch weeks,windows,spawn time x currents x prey x MLD,CalCOFI/CUFES limited in repo,physics yes; eggs no NRT,physics 8-10 d often < PLD,yes for egg fields,only for documented near-surface pelagic eggs,Q6 unsupported,S62;S63;S119;P524;P565;P564
eggs and larvae,shelf break,habitat,Retention vs loss.,moderate_literature,label as eggs/larvae never adults; CUFES 202204 sample only,upper ocean unless demersal eggs,1-100 km,days-seasonal,PLD and match-mismatch weeks,windows,spawn time x currents x prey x MLD,CalCOFI/CUFES limited in repo,physics yes; eggs no NRT,physics 8-10 d often < PLD,yes for egg fields,only for documented near-surface pelagic eggs,Q6 unsupported,S62;S63;S119;P524;P565;P564
eggs and larvae,canyons,habitat,Local retention.,weak_or_context_dependent,label as eggs/larvae never adults; CUFES 202204 sample only,upper ocean unless demersal eggs,1-100 km,days-seasonal,PLD and match-mismatch weeks,windows,spawn time x currents x prey x MLD,CalCOFI/CUFES limited in repo,physics yes; eggs no NRT,physics 8-10 d often < PLD,yes for egg fields,only for documented near-surface pelagic eggs,Q6 unsupported,S62;S63;S119;P524;P565;P564
eggs and larvae,seamounts,habitat,Local retention.,weak_or_context_dependent,label as eggs/larvae never adults; CUFES 202204 sample only,upper ocean unless demersal eggs,1-100 km,days-seasonal,PLD and match-mismatch weeks,windows,spawn time x currents x prey x MLD,CalCOFI/CUFES limited in repo,physics yes; eggs no NRT,physics 8-10 d often < PLD,yes for egg fields,only for documented near-surface pelagic eggs,Q6 unsupported,S62;S63;S119;P524;P565;P564
eggs and larvae,season,timing,Spawning seasons dominate.,strong_literature,label as eggs/larvae never adults; CUFES 202204 sample only,upper ocean unless demersal eggs,1-100 km,days-seasonal,PLD and match-mismatch weeks,windows,spawn time x currents x prey x MLD,CalCOFI/CUFES limited in repo,physics yes; eggs no NRT,physics 8-10 d often < PLD,yes for egg fields,only for documented near-surface pelagic eggs,Q6 unsupported,S62;S63;S119;P524;P565;P564
eggs and larvae,diel,timing,Larval DVM changes transport (S63).,strong_literature,label as eggs/larvae never adults; CUFES 202204 sample only,upper ocean unless demersal eggs,1-100 km,days-seasonal,PLD and match-mismatch weeks,windows,spawn time x currents x prey x MLD,CalCOFI/CUFES limited in repo,physics yes; eggs no NRT,physics 8-10 d often < PLD,yes for egg fields,only for documented near-surface pelagic eggs,Q6 unsupported,S62;S63;S119;P524;P565;P564
eggs and larvae,visibility,observation,Optical ichthyoplankton methods rare; nets have other catchability.,method_specific,label as eggs/larvae never adults; CUFES 202204 sample only,upper ocean unless demersal eggs,1-100 km,days-seasonal,PLD and match-mismatch weeks,windows,spawn time x currents x prey x MLD,CalCOFI/CUFES limited in repo,physics yes; eggs no NRT,physics 8-10 d often < PLD,yes for egg fields,only for documented near-surface pelagic eggs,Q6 unsupported,S62;S63;S119;P524;P565;P564
juveniles,SST,physical,"Shallow nursery temperatures can track SST more than adult reef bottom T, but still not a location. Nurseries are habitat-structured.",moderate_in_shallows; not_universal,mangrove/seagrass juveniles (H-BEH-013/014),shallow,patch to bay,days-seasonal,0-seasonal,thermal window,habitat; salinity; tides,MUR jplMURSST41; OISST ncdcOisst21Agg; CoralTemp 5 km from 1985 (P515-P517),MUR NRT ~1 d (P515); OISST ~1 d (P516); CoralTemp afternoon daily (P517),Not a satellite forecast: use ocean-model SST (RTOFS/ESPC/CMEMS/WCOFS) or seasonal NMME. Persistence/damped anomaly are statistical.,partial,possible in well-mixed shallows if verified; never a substitute for nursery maps,no juvenile survey ingested; safety,H-BEH-013;H-BEH-014;P558
juveniles,bottom T,physical,Channels and deeper nurseries.,moderate_literature,stage-scoped; do not copy adult reef coefficients,shallow nursery band,patch to bay (coarse public cells),tidal to seasonal,ontogenetic years vs hours tidal,habitat presence thresholds,habitat x salinity x tide x stage,not acquired; safety,habitat static; physics hours,tides yes; habitat no,partial,no unless mixed,no approved juvenile table; no precise pins,H-BEH-013;H-BEH-014;P558
juveniles,depth-resolved T,physical,Needed if juveniles occupy a depth band.,moderate_literature,stage-scoped; do not copy adult reef coefficients,shallow nursery band,patch to bay (coarse public cells),tidal to seasonal,ontogenetic years vs hours tidal,habitat presence thresholds,habitat x salinity x tide x stage,not acquired; safety,habitat static; physics hours,tides yes; habitat no,partial,no,no approved juvenile table; no precise pins,H-BEH-013;H-BEH-014;P558
juveniles,salinity,physical,Primary nursery filter for many taxa.,strong_literature,stage-scoped; do not copy adult reef coefficients,shallow nursery band,patch to bay (coarse public cells),tidal to seasonal,ontogenetic years vs hours tidal,habitat presence thresholds,habitat x salinity x tide x stage,not acquired; safety,habitat static; physics hours,tides yes; habitat no,partial,surface often OK in mixed shallows,no approved juvenile table; no precise pins,H-BEH-013;H-BEH-014;P558
juveniles,oxygen/metabolic index,physical,Nursery hypoxia mortality.,strong_literature,stage-scoped; do not copy adult reef coefficients,shallow nursery band,patch to bay (coarse public cells),tidal to seasonal,ontogenetic years vs hours tidal,habitat presence thresholds,habitat x salinity x tide x stage,not acquired; safety,habitat static; physics hours,tides yes; habitat no,partial,no,no approved juvenile table; no precise pins,H-BEH-013;H-BEH-014;P558
juveniles,chl and lags,prey_productivity,Weak; habitat first.,weak_or_context_dependent,stage-scoped; do not copy adult reef coefficients,shallow nursery band,patch to bay (coarse public cells),tidal to seasonal,ontogenetic years vs hours tidal,habitat presence thresholds,habitat x salinity x tide x stage,not acquired; safety,habitat static; physics hours,tides yes; habitat no,partial,n/a,no approved juvenile table; no precise pins,H-BEH-013;H-BEH-014;P558
juveniles,PP,prey_productivity,Weak at patch scale.,weak_or_context_dependent,stage-scoped; do not copy adult reef coefficients,shallow nursery band,patch to bay (coarse public cells),tidal to seasonal,ontogenetic years vs hours tidal,habitat presence thresholds,habitat x salinity x tide x stage,not acquired; safety,habitat static; physics hours,tides yes; habitat no,partial,n/a,no approved juvenile table; no precise pins,H-BEH-013;H-BEH-014;P558
juveniles,zooplankton,prey_productivity,Prey for some juveniles.,moderate_literature,stage-scoped; do not copy adult reef coefficients,shallow nursery band,patch to bay (coarse public cells),tidal to seasonal,ontogenetic years vs hours tidal,habitat presence thresholds,habitat x salinity x tide x stage,not acquired; safety,habitat static; physics hours,tides yes; habitat no,partial,n/a,no approved juvenile table; no precise pins,H-BEH-013;H-BEH-014;P558
juveniles,currents,physical,Ingress to nurseries; alongshore juvenile transport.,moderate_literature,stage-scoped; do not copy adult reef coefficients,shallow nursery band,patch to bay (coarse public cells),tidal to seasonal,ontogenetic years vs hours tidal,habitat presence thresholds,habitat x salinity x tide x stage,not acquired; safety,habitat static; physics hours,tides yes; habitat no,partial,no,no approved juvenile table; no precise pins,H-BEH-013;H-BEH-014;P558
juveniles,EKE/eddies,physical,Usually not nursery-scale.,not_primary,stage-scoped; do not copy adult reef coefficients,shallow nursery band,patch to bay (coarse public cells),tidal to seasonal,ontogenetic years vs hours tidal,habitat presence thresholds,habitat x salinity x tide x stage,not acquired; safety,habitat static; physics hours,tides yes; habitat no,partial,n/a,no approved juvenile table; no precise pins,H-BEH-013;H-BEH-014;P558
juveniles,fronts,physical,Plume fronts at mouths.,moderate_literature,stage-scoped; do not copy adult reef coefficients,shallow nursery band,patch to bay (coarse public cells),tidal to seasonal,ontogenetic years vs hours tidal,habitat presence thresholds,habitat x salinity x tide x stage,not acquired; safety,habitat static; physics hours,tides yes; habitat no,partial,surface front may mark plume,no approved juvenile table; no precise pins,H-BEH-013;H-BEH-014;P558
juveniles,SSH,physical,Weak at nursery scale.,not_primary,stage-scoped; do not copy adult reef coefficients,shallow nursery band,patch to bay (coarse public cells),tidal to seasonal,ontogenetic years vs hours tidal,habitat presence thresholds,habitat x salinity x tide x stage,not acquired; safety,habitat static; physics hours,tides yes; habitat no,partial,n/a,no approved juvenile table; no precise pins,H-BEH-013;H-BEH-014;P558
juveniles,MLD,physical,Diagnostic of mixing.,weak_or_context_dependent,stage-scoped; do not copy adult reef coefficients,shallow nursery band,patch to bay (coarse public cells),tidal to seasonal,ontogenetic years vs hours tidal,habitat presence thresholds,habitat x salinity x tide x stage,not acquired; safety,habitat static; physics hours,tides yes; habitat no,partial,diagnostic,no approved juvenile table; no precise pins,H-BEH-013;H-BEH-014;P558
juveniles,thermocline,physical,Rare in shallow nurseries.,weak_or_context_dependent,stage-scoped; do not copy adult reef coefficients,shallow nursery band,patch to bay (coarse public cells),tidal to seasonal,ontogenetic years vs hours tidal,habitat presence thresholds,habitat x salinity x tide x stage,not acquired; safety,habitat static; physics hours,tides yes; habitat no,partial,n/a,no approved juvenile table; no precise pins,H-BEH-013;H-BEH-014;P558
juveniles,upwelling CUTI/BEUTI,physical,CCS nearshore juveniles only.,regional_only,stage-scoped; do not copy adult reef coefficients,shallow nursery band,patch to bay (coarse public cells),tidal to seasonal,ontogenetic years vs hours tidal,habitat presence thresholds,habitat x salinity x tide x stage,not acquired; safety,habitat static; physics hours,tides yes; habitat no,partial,n/a,no approved juvenile table; no precise pins,H-BEH-013;H-BEH-014;P558
juveniles,river discharge,physical,Nursery volume and salinity.,strong_literature,stage-scoped; do not copy adult reef coefficients,shallow nursery band,patch to bay (coarse public cells),tidal to seasonal,ontogenetic years vs hours tidal,habitat presence thresholds,habitat x salinity x tide x stage,not acquired; safety,habitat static; physics hours,tides yes; habitat no,partial,n/a,no approved juvenile table; no precise pins,H-BEH-013;H-BEH-014;P558
juveniles,turbidity,physical,Habitat and detectability.,moderate_literature,stage-scoped; do not copy adult reef coefficients,shallow nursery band,patch to bay (coarse public cells),tidal to seasonal,ontogenetic years vs hours tidal,habitat presence thresholds,habitat x salinity x tide x stage,not acquired; safety,habitat static; physics hours,tides yes; habitat no,partial,n/a,no approved juvenile table; no precise pins,H-BEH-013;H-BEH-014;P558
juveniles,waves,physical,Exposure of shallow nurseries.,moderate_literature,stage-scoped; do not copy adult reef coefficients,shallow nursery band,patch to bay (coarse public cells),tidal to seasonal,ontogenetic years vs hours tidal,habitat presence thresholds,habitat x salinity x tide x stage,not acquired; safety,habitat static; physics hours,tides yes; habitat no,partial,n/a,no approved juvenile table; no precise pins,H-BEH-013;H-BEH-014;P558
juveniles,tides,physical,Access to intertidal nurseries.,strong_literature,stage-scoped; do not copy adult reef coefficients,shallow nursery band,patch to bay (coarse public cells),tidal to seasonal,ontogenetic years vs hours tidal,habitat presence thresholds,habitat x salinity x tide x stage,not acquired; safety,habitat static; physics hours,tides yes; habitat no,partial,n/a,no approved juvenile table; no precise pins,H-BEH-013;H-BEH-014;P558
juveniles,lunar,timing,Spring-neap access.,moderate_literature,stage-scoped; do not copy adult reef coefficients,shallow nursery band,patch to bay (coarse public cells),tidal to seasonal,ontogenetic years vs hours tidal,habitat presence thresholds,habitat x salinity x tide x stage,not acquired; safety,habitat static; physics hours,tides yes; habitat no,partial,n/a,no approved juvenile table; no precise pins,H-BEH-013;H-BEH-014;P558
juveniles,bathymetry,habitat,Depth-limited nurseries.,strong_literature,stage-scoped; do not copy adult reef coefficients,shallow nursery band,patch to bay (coarse public cells),tidal to seasonal,ontogenetic years vs hours tidal,habitat presence thresholds,habitat x salinity x tide x stage,not acquired; safety,habitat static; physics hours,tides yes; habitat no,partial,n/a,no approved juvenile table; no precise pins,H-BEH-013;H-BEH-014;P558
juveniles,rugosity/BPI,habitat,Structural nurseries (reef/oyster).,moderate_literature,stage-scoped; do not copy adult reef coefficients,shallow nursery band,patch to bay (coarse public cells),tidal to seasonal,ontogenetic years vs hours tidal,habitat presence thresholds,habitat x salinity x tide x stage,not acquired; safety,habitat static; physics hours,tides yes; habitat no,partial,n/a,no approved juvenile table; no precise pins,H-BEH-013;H-BEH-014;P558
juveniles,substrate,habitat,Sand vs mud nurseries.,moderate_literature,stage-scoped; do not copy adult reef coefficients,shallow nursery band,patch to bay (coarse public cells),tidal to seasonal,ontogenetic years vs hours tidal,habitat presence thresholds,habitat x salinity x tide x stage,not acquired; safety,habitat static; physics hours,tides yes; habitat no,partial,n/a,no approved juvenile table; no precise pins,H-BEH-013;H-BEH-014;P558
juveniles,coral,habitat,Some juvenile reef fishes on coral; others not.,guild_varies,stage-scoped; do not copy adult reef coefficients,shallow nursery band,patch to bay (coarse public cells),tidal to seasonal,ontogenetic years vs hours tidal,habitat presence thresholds,habitat x salinity x tide x stage,not acquired; safety,habitat static; physics hours,tides yes; habitat no,partial,n/a,no approved juvenile table; no precise pins,H-BEH-013;H-BEH-014;P558
juveniles,seagrass,habitat,Classic nursery.,strong_literature,stage-scoped; do not copy adult reef coefficients,shallow nursery band,patch to bay (coarse public cells),tidal to seasonal,ontogenetic years vs hours tidal,habitat presence thresholds,habitat x salinity x tide x stage,not acquired; safety,habitat static; physics hours,tides yes; habitat no,partial,n/a,no approved juvenile table; no precise pins,H-BEH-013;H-BEH-014;P558
juveniles,mangroves,habitat,Classic nursery; withhold pins.,strong_literature_safety,stage-scoped; do not copy adult reef coefficients,shallow nursery band,patch to bay (coarse public cells),tidal to seasonal,ontogenetic years vs hours tidal,habitat presence thresholds,habitat x salinity x tide x stage,not acquired; safety,habitat static; physics hours,tides yes; habitat no,partial,n/a,no approved juvenile table; no precise pins,H-BEH-013;H-BEH-014;P558
juveniles,kelp canopy,habitat,Temperate juvenile fishes.,moderate_literature,stage-scoped; do not copy adult reef coefficients,shallow nursery band,patch to bay (coarse public cells),tidal to seasonal,ontogenetic years vs hours tidal,habitat presence thresholds,habitat x salinity x tide x stage,not acquired; safety,habitat static; physics hours,tides yes; habitat no,partial,n/a,no approved juvenile table; no precise pins,H-BEH-013;H-BEH-014;P558
juveniles,shelf break,habitat,Not typical nursery.,not_primary,stage-scoped; do not copy adult reef coefficients,shallow nursery band,patch to bay (coarse public cells),tidal to seasonal,ontogenetic years vs hours tidal,habitat presence thresholds,habitat x salinity x tide x stage,not acquired; safety,habitat static; physics hours,tides yes; habitat no,partial,n/a,no approved juvenile table; no precise pins,H-BEH-013;H-BEH-014;P558
juveniles,canyons,habitat,Not typical nursery.,not_primary,stage-scoped; do not copy adult reef coefficients,shallow nursery band,patch to bay (coarse public cells),tidal to seasonal,ontogenetic years vs hours tidal,habitat presence thresholds,habitat x salinity x tide x stage,not acquired; safety,habitat static; physics hours,tides yes; habitat no,partial,n/a,no approved juvenile table; no precise pins,H-BEH-013;H-BEH-014;P558
juveniles,seamounts,habitat,Not typical nursery.,not_primary,stage-scoped; do not copy adult reef coefficients,shallow nursery band,patch to bay (coarse public cells),tidal to seasonal,ontogenetic years vs hours tidal,habitat presence thresholds,habitat x salinity x tide x stage,not acquired; safety,habitat static; physics hours,tides yes; habitat no,partial,n/a,no approved juvenile table; no precise pins,H-BEH-013;H-BEH-014;P558
juveniles,season,timing,Seasonal occupancy of nurseries.,strong_literature,stage-scoped; do not copy adult reef coefficients,shallow nursery band,patch to bay (coarse public cells),tidal to seasonal,ontogenetic years vs hours tidal,habitat presence thresholds,habitat x salinity x tide x stage,not acquired; safety,habitat static; physics hours,tides yes; habitat no,partial,n/a,no approved juvenile table; no precise pins,H-BEH-013;H-BEH-014;P558
juveniles,diel,timing,Tidal often dominates; some diel.,moderate_literature,stage-scoped; do not copy adult reef coefficients,shallow nursery band,patch to bay (coarse public cells),tidal to seasonal,ontogenetic years vs hours tidal,habitat presence thresholds,habitat x salinity x tide x stage,not acquired; safety,habitat static; physics hours,tides yes; habitat no,partial,n/a,no approved juvenile table; no precise pins,H-BEH-013;H-BEH-014;P558
juveniles,visibility,observation,Optical juvenile surveys; turbid nurseries.,observation,stage-scoped; do not copy adult reef coefficients,shallow nursery band,patch to bay (coarse public cells),tidal to seasonal,ontogenetic years vs hours tidal,habitat presence thresholds,habitat x salinity x tide x stage,not acquired; safety,habitat static; physics hours,tides yes; habitat no,partial,n/a,no approved juvenile table; no precise pins,H-BEH-013;H-BEH-014;P558
spawning adults,SST,physical,Spawning temperature cues are common but can fail in novel climates (P524 sardine). Not a map of aggregations.,moderate_literature; nonstationary_risk,sardine spawning SST rules vs heatwave (P524); grouper aggregations more lunar/site,occupied spawn depth not necessarily skin,km-100 km or site,days-season,0-weeks cue,narrow window; site fidelity can override T,lunar; season; currents; site,MUR jplMURSST41; OISST ncdcOisst21Agg; CoralTemp 5 km from 1985 (P515-P517),MUR NRT ~1 d (P515); OISST ~1 d (P516); CoralTemp afternoon daily (P517),seasonal SST (P525); lunar calendar,partial,no for demersal spawners; maybe for pelagic spawners in mixed layer,aggregation sites sensitive (P564),P524;P564;P525
spawning adults,bottom T,physical,Demersal spawners.,moderate_literature,named aggregation systems only; withhold coordinates,spawn depth,site to region (public: coarse),hours (lunar/diel) to season,0 to larval,phenological windows; site fidelity,lunar x season x T x site,not stored as pins in FishAI,calendar cues yes; sites no,lunar/season yes; do not forecast pins,yes for locations,no,safety; no aggregation table,P564;P524;P566
spawning adults,depth-resolved T,physical,Spawn depth T.,moderate_literature,named aggregation systems only; withhold coordinates,spawn depth,site to region (public: coarse),hours (lunar/diel) to season,0 to larval,phenological windows; site fidelity,lunar x season x T x site,not stored as pins in FishAI,calendar cues yes; sites no,lunar/season yes; do not forecast pins,yes for locations,no,safety; no aggregation table,P564;P524;P566
spawning adults,salinity,physical,Estuarine spawners.,life_history_specific,named aggregation systems only; withhold coordinates,spawn depth,site to region (public: coarse),hours (lunar/diel) to season,0 to larval,phenological windows; site fidelity,lunar x season x T x site,not stored as pins in FishAI,calendar cues yes; sites no,lunar/season yes; do not forecast pins,yes for locations,mixed shallows only,safety; no aggregation table,P564;P524;P566
spawning adults,oxygen/metabolic index,physical,Hypoxia can abort spawning habitat.,moderate_literature,named aggregation systems only; withhold coordinates,spawn depth,site to region (public: coarse),hours (lunar/diel) to season,0 to larval,phenological windows; site fidelity,lunar x season x T x site,not stored as pins in FishAI,calendar cues yes; sites no,lunar/season yes; do not forecast pins,yes for locations,no,safety; no aggregation table,P564;P524;P566
spawning adults,chl and lags,prey_productivity,"Match-mismatch for spawned larvae, not adult location.",indirect,named aggregation systems only; withhold coordinates,spawn depth,site to region (public: coarse),hours (lunar/diel) to season,0 to larval,phenological windows; site fidelity,lunar x season x T x site,not stored as pins in FishAI,calendar cues yes; sites no,lunar/season yes; do not forecast pins,yes for locations,n/a,safety; no aggregation table,P564;P524;P566
spawning adults,PP,prey_productivity,"Indirect via larval survival, not adult pin.",indirect,named aggregation systems only; withhold coordinates,spawn depth,site to region (public: coarse),hours (lunar/diel) to season,0 to larval,phenological windows; site fidelity,lunar x season x T x site,not stored as pins in FishAI,calendar cues yes; sites no,lunar/season yes; do not forecast pins,yes for locations,n/a,safety; no aggregation table,P564;P524;P566
spawning adults,zooplankton,prey_productivity,Larval prey after spawn.,indirect,named aggregation systems only; withhold coordinates,spawn depth,site to region (public: coarse),hours (lunar/diel) to season,0 to larval,phenological windows; site fidelity,lunar x season x T x site,not stored as pins in FishAI,calendar cues yes; sites no,lunar/season yes; do not forecast pins,yes for locations,n/a,safety; no aggregation table,P564;P524;P566
spawning adults,currents,physical,Spawn-site selection for retention (Bakun).,moderate_literature,named aggregation systems only; withhold coordinates,spawn depth,site to region (public: coarse),hours (lunar/diel) to season,0 to larval,phenological windows; site fidelity,lunar x season x T x site,not stored as pins in FishAI,calendar cues yes; sites no,lunar/season yes; do not forecast pins,yes for locations,no,safety; no aggregation table,P564;P524;P566
spawning adults,EKE/eddies,physical,Retention/dispersal of gametes.,weak_or_context_dependent,named aggregation systems only; withhold coordinates,spawn depth,site to region (public: coarse),hours (lunar/diel) to season,0 to larval,phenological windows; site fidelity,lunar x season x T x site,not stored as pins in FishAI,calendar cues yes; sites no,lunar/season yes; do not forecast pins,yes for locations,n/a,safety; no aggregation table,P564;P524;P566
spawning adults,fronts,physical,Some pelagic spawners associate with fronts.,weak_or_context_dependent,named aggregation systems only; withhold coordinates,spawn depth,site to region (public: coarse),hours (lunar/diel) to season,0 to larval,phenological windows; site fidelity,lunar x season x T x site,not stored as pins in FishAI,calendar cues yes; sites no,lunar/season yes; do not forecast pins,yes for locations,surface maybe,safety; no aggregation table,P564;P524;P566
spawning adults,SSH,physical,Circulation context.,weak_or_context_dependent,named aggregation systems only; withhold coordinates,spawn depth,site to region (public: coarse),hours (lunar/diel) to season,0 to larval,phenological windows; site fidelity,lunar x season x T x site,not stored as pins in FishAI,calendar cues yes; sites no,lunar/season yes; do not forecast pins,yes for locations,n/a,safety; no aggregation table,P564;P524;P566
spawning adults,MLD,physical,Pelagic spawn layer.,moderate_for_pelagic_spawn,named aggregation systems only; withhold coordinates,spawn depth,site to region (public: coarse),hours (lunar/diel) to season,0 to larval,phenological windows; site fidelity,lunar x season x T x site,not stored as pins in FishAI,calendar cues yes; sites no,lunar/season yes; do not forecast pins,yes for locations,diagnostic,safety; no aggregation table,P564;P524;P566
spawning adults,thermocline,physical,Spawn above/below.,moderate_literature,named aggregation systems only; withhold coordinates,spawn depth,site to region (public: coarse),hours (lunar/diel) to season,0 to larval,phenological windows; site fidelity,lunar x season x T x site,not stored as pins in FishAI,calendar cues yes; sites no,lunar/season yes; do not forecast pins,yes for locations,no,safety; no aggregation table,P564;P524;P566
spawning adults,upwelling CUTI/BEUTI,physical,CCS spawn timing vs upwelling.,regional,named aggregation systems only; withhold coordinates,spawn depth,site to region (public: coarse),hours (lunar/diel) to season,0 to larval,phenological windows; site fidelity,lunar x season x T x site,not stored as pins in FishAI,calendar cues yes; sites no,lunar/season yes; do not forecast pins,yes for locations,n/a,safety; no aggregation table,P564;P524;P566
spawning adults,river discharge,physical,Anadromous/estuarine spawn cues.,strong_for_diadromous,named aggregation systems only; withhold coordinates,spawn depth,site to region (public: coarse),hours (lunar/diel) to season,0 to larval,phenological windows; site fidelity,lunar x season x T x site,not stored as pins in FishAI,calendar cues yes; sites no,lunar/season yes; do not forecast pins,yes for locations,n/a,safety; no aggregation table,P564;P524;P566
spawning adults,turbidity,physical,Some spawners use turbid water; optical surveys fail.,method_and_habitat,named aggregation systems only; withhold coordinates,spawn depth,site to region (public: coarse),hours (lunar/diel) to season,0 to larval,phenological windows; site fidelity,lunar x season x T x site,not stored as pins in FishAI,calendar cues yes; sites no,lunar/season yes; do not forecast pins,yes for locations,n/a,safety; no aggregation table,P564;P524;P566
spawning adults,waves,physical,Access to spawning reefs.,weak_or_context_dependent,named aggregation systems only; withhold coordinates,spawn depth,site to region (public: coarse),hours (lunar/diel) to season,0 to larval,phenological windows; site fidelity,lunar x season x T x site,not stored as pins in FishAI,calendar cues yes; sites no,lunar/season yes; do not forecast pins,yes for locations,n/a,safety; no aggregation table,P564;P524;P566
spawning adults,tides,physical,Tidal-timed spawning.,moderate_literature,named aggregation systems only; withhold coordinates,spawn depth,site to region (public: coarse),hours (lunar/diel) to season,0 to larval,phenological windows; site fidelity,lunar x season x T x site,not stored as pins in FishAI,calendar cues yes; sites no,lunar/season yes; do not forecast pins,yes for locations,n/a,safety; no aggregation table,P564;P524;P566
spawning adults,lunar,timing,Primary cue for many reef aggregations (P564).,strong_for_many_aggregations,named aggregation systems only; withhold coordinates,spawn depth,site to region (public: coarse),hours (lunar/diel) to season,0 to larval,phenological windows; site fidelity,lunar x season x T x site,not stored as pins in FishAI,calendar cues yes; sites no,lunar/season yes; do not forecast pins,yes for locations,n/a,safety; no aggregation table,P564;P524;P566
spawning adults,bathymetry,habitat,Drop-offs and specific depths.,strong_literature,named aggregation systems only; withhold coordinates,spawn depth,site to region (public: coarse),hours (lunar/diel) to season,0 to larval,phenological windows; site fidelity,lunar x season x T x site,not stored as pins in FishAI,calendar cues yes; sites no,lunar/season yes; do not forecast pins,yes for locations,n/a,safety; no aggregation table,P564;P524;P566
spawning adults,rugosity/BPI,habitat,Aggregation sites often complex reef.,moderate_literature,named aggregation systems only; withhold coordinates,spawn depth,site to region (public: coarse),hours (lunar/diel) to season,0 to larval,phenological windows; site fidelity,lunar x season x T x site,not stored as pins in FishAI,calendar cues yes; sites no,lunar/season yes; do not forecast pins,yes for locations,n/a,safety; no aggregation table,P564;P524;P566
spawning adults,substrate,habitat,Demersal nest/egg sites.,life_history_specific,named aggregation systems only; withhold coordinates,spawn depth,site to region (public: coarse),hours (lunar/diel) to season,0 to larval,phenological windows; site fidelity,lunar x season x T x site,not stored as pins in FishAI,calendar cues yes; sites no,lunar/season yes; do not forecast pins,yes for locations,n/a,safety; no aggregation table,P564;P524;P566
spawning adults,coral,habitat,Some reef spawners.,guild_varies,named aggregation systems only; withhold coordinates,spawn depth,site to region (public: coarse),hours (lunar/diel) to season,0 to larval,phenological windows; site fidelity,lunar x season x T x site,not stored as pins in FishAI,calendar cues yes; sites no,lunar/season yes; do not forecast pins,yes for locations,n/a,safety; no aggregation table,P564;P524;P566
spawning adults,seagrass,habitat,Some nest spawners.,life_history_specific,named aggregation systems only; withhold coordinates,spawn depth,site to region (public: coarse),hours (lunar/diel) to season,0 to larval,phenological windows; site fidelity,lunar x season x T x site,not stored as pins in FishAI,calendar cues yes; sites no,lunar/season yes; do not forecast pins,yes for locations,n/a,safety; no aggregation table,P564;P524;P566
spawning adults,mangroves,habitat,Not typical aggregation sites; some exceptions.,not_primary,named aggregation systems only; withhold coordinates,spawn depth,site to region (public: coarse),hours (lunar/diel) to season,0 to larval,phenological windows; site fidelity,lunar x season x T x site,not stored as pins in FishAI,calendar cues yes; sites no,lunar/season yes; do not forecast pins,yes for locations,n/a,safety; no aggregation table,P564;P524;P566
spawning adults,kelp canopy,habitat,Temperate spawners.,weak_or_context_dependent,named aggregation systems only; withhold coordinates,spawn depth,site to region (public: coarse),hours (lunar/diel) to season,0 to larval,phenological windows; site fidelity,lunar x season x T x site,not stored as pins in FishAI,calendar cues yes; sites no,lunar/season yes; do not forecast pins,yes for locations,n/a,safety; no aggregation table,P564;P524;P566
spawning adults,shelf break,habitat,Some aggregations.,moderate_literature,named aggregation systems only; withhold coordinates,spawn depth,site to region (public: coarse),hours (lunar/diel) to season,0 to larval,phenological windows; site fidelity,lunar x season x T x site,not stored as pins in FishAI,calendar cues yes; sites no,lunar/season yes; do not forecast pins,yes for locations,n/a,safety; no aggregation table,P564;P524;P566
spawning adults,canyons,habitat,Some aggregations.,weak_or_context_dependent,named aggregation systems only; withhold coordinates,spawn depth,site to region (public: coarse),hours (lunar/diel) to season,0 to larval,phenological windows; site fidelity,lunar x season x T x site,not stored as pins in FishAI,calendar cues yes; sites no,lunar/season yes; do not forecast pins,yes for locations,n/a,safety; no aggregation table,P564;P524;P566
spawning adults,seamounts,habitat,Some aggregations.,weak_or_context_dependent,named aggregation systems only; withhold coordinates,spawn depth,site to region (public: coarse),hours (lunar/diel) to season,0 to larval,phenological windows; site fidelity,lunar x season x T x site,not stored as pins in FishAI,calendar cues yes; sites no,lunar/season yes; do not forecast pins,yes for locations,n/a,safety; no aggregation table,P564;P524;P566
spawning adults,season,timing,Spawning seasons.,strong_literature,named aggregation systems only; withhold coordinates,spawn depth,site to region (public: coarse),hours (lunar/diel) to season,0 to larval,phenological windows; site fidelity,lunar x season x T x site,not stored as pins in FishAI,calendar cues yes; sites no,lunar/season yes; do not forecast pins,yes for locations,n/a,safety; no aggregation table,P564;P524;P566
spawning adults,diel,timing,Dusk/night spawning common.,moderate_literature,named aggregation systems only; withhold coordinates,spawn depth,site to region (public: coarse),hours (lunar/diel) to season,0 to larval,phenological windows; site fidelity,lunar x season x T x site,not stored as pins in FishAI,calendar cues yes; sites no,lunar/season yes; do not forecast pins,yes for locations,n/a,safety; no aggregation table,P564;P524;P566
spawning adults,visibility,observation,Diver surveys of aggregations; do not publish sites.,observation_safety,named aggregation systems only; withhold coordinates,spawn depth,site to region (public: coarse),hours (lunar/diel) to season,0 to larval,phenological windows; site fidelity,lunar x season x T x site,not stored as pins in FishAI,calendar cues yes; sites no,lunar/season yes; do not forecast pins,yes for locations,n/a,safety; no aggregation table,P564;P524;P566
