source_id,citation,year,source_type,evidence_strength,species_or_taxa,region,life_stage,observation_method,context,limitations,conflicting_findings,url_or_doi,checked_in_this_pass,used_in_files
S01,"Kays R, Crofoot MC, Jetz W, Wikelski M. 2015. Terrestrial animal tracking as an eye on life and planet. Science.",2015,peer_reviewed,MODERATE,,,,,scope and limits of animal tracking,,,,no,global-life-tracking; predicting-fish-distributions (inherited)
S02,"Hussey NE, Kessel ST, Aarestrup K, et al. 2015. Aquatic animal telemetry: a panoramic window into the underwater world. Science.",2015,peer_reviewed,MODERATE,,,,,aquatic telemetry methods and limits,,,,no,global-life-tracking; predicting-fish-distributions (inherited)
S03,"Taylor PD, Crewe TL, Mackenzie SA, et al. 2017. The Motus Wildlife Tracking System: a collaborative research network to enhance the understanding of wildlife movement. Avian Conservation and Ecology 12(1): 8.",2017,peer_reviewed,MODERATE,,,,,automated radio telemetry network; detections limited to station range; more than 9000 individuals of over 87 species by 2017,,,https://www.ace-eco.org/vol12/iss1/art8/,yes,global-life-tracking; predicting-fish-distributions (inherited)
S04,"Kays R, Davidson SC, Berger M, et al. 2022. The Movebank system for studying global animal movement and demography. Methods in Ecology and Evolution.",2022,peer_reviewed,MODERATE,,,,,tracking data archive and governance,,,https://www.movebank.org,no,global-life-tracking; predicting-fish-distributions (inherited)
S05,"ICARUS program documentation, Max Planck Society and University of Konstanz. ISS receiver operated 2020 to March 2022; ICARUS 2.0 receivers launched November 2025 (hosted on GENA-OT) and May 2026 (RAVEN).",2020,program_documentation,MODERATE,,,,,current status of satellite animal tracking,,,https://www.icarus.mpg.de/28987/iss-receivers-sensors,yes,global-life-tracking; predicting-fish-distributions (inherited)
S06,"Nathan R, Monk CT, Arlinghaus R, et al. 2022. Big-data approaches lead to an increased understanding of the ecology of animal movement. Science.",2022,peer_reviewed,MODERATE,,,,,ATLAS reverse-GPS and high-throughput tracking,,,,no,global-life-tracking; predicting-fish-distributions (inherited)
S07,"Iverson SJ, Fisk AT, Hinch SG, et al. 2019. The Ocean Tracking Network: advancing frontiers in aquatic science and management. Canadian Journal of Fisheries and Aquatic Sciences.",2019,peer_reviewed,MODERATE,,,,,global acoustic telemetry network,,,https://oceantrackingnetwork.org,no,global-life-tracking; predicting-fish-distributions (inherited)
S08,U.S. Integrated Ocean Observing System. Animal Telemetry Network program documentation.,,program_documentation,MODERATE,,,,,national animal telemetry data network,,,https://ioos.noaa.gov/project/atn/,no,global-life-tracking; predicting-fish-distributions (inherited)
S09,"Block BA, Jonsen ID, Jorgensen SJ, et al. 2011. Tracking apex marine predator movements in a dynamic ocean. Nature.",2011,peer_reviewed,MODERATE,,,,,multi-species pelagic tagging synthesis,,,,no,global-life-tracking; predicting-fish-distributions (inherited)
S10,"Sequeira AMM, Rodríguez JP, Eguíluz VM, et al. 2018. Convergence of marine megafauna movement patterns in coastal and open oceans. Proceedings of the National Academy of Sciences.",2018,peer_reviewed,MODERATE,,,,,cross-species movement synthesis,,,,no,global-life-tracking; predicting-fish-distributions (inherited)
S11,"Kessel ST, Cooke SJ, Heupel MR, et al. 2014. A review of detection range testing in aquatic passive acoustic telemetry studies. Reviews in Fish Biology and Fisheries.",2014,peer_reviewed,MODERATE,,,,,acoustic detection range; meaning of non-detection,,,,no,global-life-tracking; predicting-fish-distributions (inherited)
S12,"Heupel MR, Semmens JM, Hobday AJ. 2006. Automated acoustic tracking of aquatic animals: scales, design and deployment of listening station arrays. Marine and Freshwater Research.",2006,peer_reviewed,MODERATE,,,,,receiver array design,,,,no,global-life-tracking; predicting-fish-distributions (inherited)
S13,"Costa DP, Robinson PW, Arnould JPY, et al. 2010. Accuracy of ARGOS locations of pinnipeds at-sea estimated using Fastloc-GPS. PLoS ONE.",2010,peer_reviewed,MODERATE,,,,,Argos location error,,,,no,global-life-tracking; predicting-fish-distributions (inherited)
S14,"Musyl MK, Domeier ML, Nasby-Lucas N, et al. 2011. Performance of pop-up satellite archival tags. Marine Ecology Progress Series.",2011,peer_reviewed,MODERATE,,,,,PSAT performance and premature release,,,,no,global-life-tracking; predicting-fish-distributions (inherited)
S15,"Lisovski S, Hewson CM, Klaassen RHG, et al. 2012. Geolocation by light: accuracy and precision affected by environmental factors. Methods in Ecology and Evolution.",2012,peer_reviewed,MODERATE,,,,,light-level geolocation error,,,,no,global-life-tracking; predicting-fish-distributions (inherited)
S16,"Gibbons JW, Andrews KM. 2004. PIT tagging: simple technology at its best. BioScience.",2004,peer_reviewed,MODERATE,,,,,PIT and RFID tagging,,,,no,global-life-tracking; predicting-fish-distributions (inherited)
S17,"Portugal SJ, White CR. 2018. Miniaturization of biologgers is not alleviating the 5% rule. Methods in Ecology and Evolution.",2018,peer_reviewed,MODERATE,,,,,tag mass limits,,,,no,global-life-tracking; predicting-fish-distributions (inherited)
S18,"Barron DG, Brawn JD, Weatherhead PJ. 2010. Meta-analysis of transmitter effects on avian behaviour and ecology. Methods in Ecology and Evolution.",2010,peer_reviewed,MODERATE,,,,,tag effects on animals,,,,no,global-life-tracking; predicting-fish-distributions (inherited)
S19,"Tomkiewicz SM, Fuller MR, Kie JG, Bates KK. 2010. Global positioning system and associated technologies in animal behaviour and ecological research. Philosophical Transactions of the Royal Society B.",2010,peer_reviewed,MODERATE,,,,,GPS tracking technology,,,,no,global-life-tracking; predicting-fish-distributions (inherited)
S20,"Van Doren BM, Horton KG. 2018. A continental system for forecasting bird migration. Science 361: 1115–1118.",2018,peer_reviewed,MODERATE,,,,,radar-based migration forecasting; up to 81% of variation explained; 62–76% at 1–7 day lead,,,https://doi.org/10.1126/science.aat7526,yes,global-life-tracking; predicting-fish-distributions (inherited)
S21,"Dokter AM, Liechti F, Stark H, et al. 2011. Bird migration flight altitudes studied by a network of operational weather radars. Journal of the Royal Society Interface.",2011,peer_reviewed,MODERATE,,,,,weather radar biomass,,,,no,global-life-tracking; predicting-fish-distributions (inherited)
S22,"Hu G, Lim KS, Horvitz N, et al. 2016. Mass seasonal bioflows of high-flying insect migrants. Science.",2016,peer_reviewed,MODERATE,,,,,insect radar flux,,,,no,global-life-tracking; predicting-fish-distributions (inherited)
S23,"Chapman JW, Drake VA, Reynolds DR. 2011. Recent insights from radar studies of insect flight. Annual Review of Entomology.",2011,peer_reviewed,MODERATE,,,,,entomological radar,,,,no,global-life-tracking; predicting-fish-distributions (inherited)
S24,"Hodgson JC, Mott R, Baylis SM, et al. 2018. Drones count wildlife more accurately and precisely than humans. Methods in Ecology and Evolution.",2018,peer_reviewed,MODERATE,,,,,drone counts,,,,no,global-life-tracking; predicting-fish-distributions (inherited)
S25,"Fretwell PT, Staniland IJ, Forcada J. 2014. Whales from space: counting southern right whales by satellite. PLoS ONE.",2014,peer_reviewed,MODERATE,,,,,satellite counts of surfaced whales,,,,no,global-life-tracking; predicting-fish-distributions (inherited)
S26,"Burton AC, Neilson E, Moreira D, et al. 2015. Wildlife camera trapping: a review and recommendations for linking surveys to ecological processes. Journal of Applied Ecology.",2015,peer_reviewed,MODERATE,,,,,camera trap design and inference,,,,no,global-life-tracking; predicting-fish-distributions (inherited)
S27,"Norouzzadeh MS, Nguyen A, Kosmala M, et al. 2018. Automatically identifying, counting, and describing wild animals in camera-trap images with deep learning. Proceedings of the National Academy of Sciences.",2018,peer_reviewed,MODERATE,,,,,automated image classification,,,,no,global-life-tracking; predicting-fish-distributions (inherited)
S28,"Rowcliffe JM, Field J, Turvey ST, Carbone C. 2008. Estimating animal density using camera traps without the need for individual recognition. Journal of Applied Ecology.",2008,peer_reviewed,MODERATE,,,,,random encounter density,,,,no,global-life-tracking; predicting-fish-distributions (inherited)
S29,"Langlois T, Goetze J, Bond T, et al. 2020. A field and video annotation guide for baited remote underwater stereo-video surveys of demersal fish assemblages. Methods in Ecology and Evolution.",2020,peer_reviewed,MODERATE,,,,,stereo-BRUVS protocol,,,,no,global-life-tracking; predicting-fish-distributions (inherited)
S30,"Whitmarsh SK, Fairweather PG, Huveneers C. 2017. What is Big BRUVver up to? Methods and uses of baited underwater video. Reviews in Fish Biology and Fisheries.",2017,peer_reviewed,MODERATE,,,,,baited video methods and MaxN,,,,no,global-life-tracking; predicting-fish-distributions (inherited)
S31,"Baumgartner MF, Bonnell J, Van Parijs SM, et al. 2019. Persistent near real-time passive acoustic monitoring for baleen whales from a moored buoy: system description and evaluation. Methods in Ecology and Evolution 10: 1476–1489.",2019,peer_reviewed,MODERATE,,,,,real-time acoustic occurrence; 0% false daily detection for right humpback and sei whales; 12–42% daily missed detections,,,https://doi.org/10.1111/2041-210X.13244,yes,global-life-tracking; predicting-fish-distributions (inherited)
S32,"Baumgartner MF, et al. 2020. Slocum gliders provide accurate near real-time estimates of baleen whale presence from human-reviewed passive acoustic detection information. Frontiers in Marine Science 7: 100.",2020,peer_reviewed,MODERATE,,,,,glider-based acoustic occurrence; 17–24% daily missed detections,,,https://doi.org/10.3389/fmars.2020.00100,yes,global-life-tracking; predicting-fish-distributions (inherited)
S33,"Marques TA, Thomas L, Martin SW, et al. 2013. Estimating animal population density using passive acoustics. Biological Reviews.",2013,peer_reviewed,MODERATE,,,,,acoustic density estimation,,,,no,global-life-tracking; predicting-fish-distributions (inherited)
S34,"Simmonds EJ, MacLennan DN. 2005. Fisheries Acoustics: Theory and Practice. 2nd edition. Blackwell Science.",2005,book,MODERATE,,,,,echosounder biomass estimation,,,,no,global-life-tracking; predicting-fish-distributions (inherited)
S35,"Deiner K, Bik HM, Mächler E, et al. 2017. Environmental DNA metabarcoding: transforming how we survey animal and plant communities. Molecular Ecology.",2017,peer_reviewed,MODERATE,,,,,eDNA metabarcoding,,,,no,global-life-tracking; predicting-fish-distributions (inherited)
S36,"Barnes MA, Turner CR. 2016. The ecology of environmental DNA and implications for conservation genetics. Conservation Genetics.",2016,peer_reviewed,MODERATE,,,,,eDNA transport and decay,,,,no,global-life-tracking; predicting-fish-distributions (inherited)
S37,"Guillera-Arroita G, Lahoz-Monfort JJ, van Rooyen AR, Weeks AR, Tingley R. 2017. Dealing with false-positive and false-negative errors about species occurrence at multiple levels. Methods in Ecology and Evolution.",2017,peer_reviewed,MODERATE,,,,,multi-level eDNA occupancy,,,,no,global-life-tracking; predicting-fish-distributions (inherited)
S38,"Olson RJ, Sosik HM. 2007. A submersible imaging-in-flow instrument to analyze nano- and microplankton: Imaging FlowCytobot. Limnology and Oceanography: Methods.",2007,peer_reviewed,MODERATE,,,,,automated plankton imaging,,,,no,global-life-tracking; predicting-fish-distributions (inherited)
S39,"Richardson AJ, Walne AW, John AWG, et al. 2006. Using continuous plankton recorder data. Progress in Oceanography.",2006,peer_reviewed,MODERATE,,,,,long-term plankton monitoring,,,,no,global-life-tracking; predicting-fish-distributions (inherited)
S40,"Edgar GJ, Stuart-Smith RD. 2014. Systematic global assessment of reef fish communities by the Reef Life Survey program. Scientific Data.",2014,peer_reviewed,MODERATE,,,,,global standardized reef visual transects,,,,no,global-life-tracking; predicting-fish-distributions (inherited)
S41,"Smith SG, Ault JS, Bohnsack JA, Harper DE, Luo J, McClellan DB. 2011. Multispecies survey design for assessing reef-fish stocks, spatially explicit management performance, and ecosystem condition. Fisheries Research 109: 25–41.",2011,peer_reviewed,MODERATE,,,,,Reef Visual Census design (PDF stored in research/),,,https://doi.org/10.1016/j.fishres.2011.01.012,repo,global-life-tracking; predicting-fish-distributions (inherited)
S42,"MacKenzie DI, Nichols JD, Lachman GB, et al. 2002. Estimating site occupancy rates when detection probabilities are less than one. Ecology.",2002,peer_reviewed,MODERATE,,,,,single-season occupancy,,,,no,global-life-tracking; predicting-fish-distributions (inherited)
S43,Royle JA. 2004. N-mixture models for estimating population size from spatially replicated counts. Biometrics.,2004,peer_reviewed,MODERATE,,,,,N-mixture abundance,,,,no,global-life-tracking; predicting-fish-distributions (inherited)
S44,"Buckland ST, Anderson DR, Burnham KP, et al. 2001. Introduction to Distance Sampling. Oxford University Press.",2001,book,MODERATE,,,,,distance sampling,,,,no,global-life-tracking; predicting-fish-distributions (inherited)
S45,"Borchers DL, Efford MG. 2008. Spatially explicit maximum likelihood methods for capture–recapture studies. Biometrics.",2008,peer_reviewed,MODERATE,,,,,spatial capture-recapture,,,,no,global-life-tracking; predicting-fish-distributions (inherited)
S46,"Royle JA, Chandler RB, Sollmann R, Gardner B. 2014. Spatial Capture-Recapture. Academic Press.",2014,book,MODERATE,,,,,capture-recapture family including mark-resight,,,,no,global-life-tracking; predicting-fish-distributions (inherited)
S47,"Bravington MV, Skaug HJ, Anderson EC. 2016. Close-kin mark-recapture. Statistical Science.",2016,peer_reviewed,MODERATE,,,,,close-kin abundance theory,,,,no,global-life-tracking; predicting-fish-distributions (inherited)
S48,"Hillary RM, Bravington MV, Patterson TA, et al. 2018. Genetic relatedness reveals total population size of white sharks in eastern Australia and New Zealand. Scientific Reports.",2018,peer_reviewed,MODERATE,,,,,close-kin estimate of about 280–650 adults and 2500–6750 total sharks; later CSIRO revision about 750 adults (470–1030),,,https://www.nature.com/articles/s41598-018-20593-w,yes,global-life-tracking; predicting-fish-distributions (inherited)
S49,"Hammond PS, Macleod K, Berggren P, et al. 2013. Cetacean abundance and distribution in European Atlantic shelf waters to inform conservation and management. Biological Conservation.",2013,peer_reviewed,MODERATE,,,,,large-scale designed cetacean surveys,,,,no,global-life-tracking; predicting-fish-distributions (inherited)
S50,"Maunder MN, Punt AE. 2013. A review of integrated analysis in fisheries stock assessment. Fisheries Research.",2013,peer_reviewed,MODERATE,,,,,integrated stock assessment,,,,no,global-life-tracking; predicting-fish-distributions (inherited)
S51,"Roberts JJ, Best BD, Mannocci L, et al. 2016. Habitat-based cetacean density models for the U.S. Atlantic and Gulf of Mexico. Scientific Reports.",2016,peer_reviewed,MODERATE,,,,,density surfaces from designed surveys plus habitat,,,,no,global-life-tracking; predicting-fish-distributions (inherited)
S52,"Patterson TA, Thomas L, Wilcox C, Ovaskainen O, Matthiopoulos J. 2008. State-space models of individual animal movement. Trends in Ecology & Evolution.",2008,peer_reviewed,MODERATE,,,,,state-space movement models,,,,no,global-life-tracking; predicting-fish-distributions (inherited)
S53,"Jonsen ID, Flemming JM, Myers RA. 2005. Robust state-space modeling of animal movement data. Ecology.",2005,peer_reviewed,MODERATE,,,,,state-space models for noisy tracks,,,,no,global-life-tracking; predicting-fish-distributions (inherited)
S54,"Johnson DS, London JM, Lea MA, Durban JW. 2008. Continuous-time correlated random walk model for animal telemetry data. Ecology.",2008,peer_reviewed,MODERATE,,,,,continuous-time movement,,,,no,global-life-tracking; predicting-fish-distributions (inherited)
S55,"Langrock R, King R, Matthiopoulos J, et al. 2012. Flexible and practical modeling of animal telemetry data: hidden Markov models and extensions. Ecology.",2012,peer_reviewed,MODERATE,,,,,hidden Markov and semi-Markov movement models,,,,no,global-life-tracking; predicting-fish-distributions (inherited)
S56,"McClintock BT, Michelot T. 2018. momentuHMM: R package for generalized hidden Markov models of animal movement. Methods in Ecology and Evolution.",2018,peer_reviewed,MODERATE,,,,,HMM software,,,,no,global-life-tracking; predicting-fish-distributions (inherited)
S57,"Thurfjell H, Ciuti S, Boyce MS. 2014. Applications of step-selection functions in ecology and conservation. Movement Ecology.",2014,peer_reviewed,MODERATE,,,,,step-selection functions,,,,no,global-life-tracking; predicting-fish-distributions (inherited)
S58,"Avgar T, Potts JR, Lewis MA, Boyce MS. 2016. Integrated step selection analysis: bridging the gap between resource selection and animal movement. Methods in Ecology and Evolution.",2016,peer_reviewed,MODERATE,,,,,integrated step selection,,,,no,global-life-tracking; predicting-fish-distributions (inherited)
S59,"Horne JS, Garton EO, Krone SM, Lewis JS. 2007. Analyzing animal movements using Brownian bridges. Ecology.",2007,peer_reviewed,MODERATE,,,,,Brownian bridge,,,,no,global-life-tracking; predicting-fish-distributions (inherited)
S60,"Kranstauber B, Kays R, LaPoint SD, Wikelski M, Safi K. 2012. A dynamic Brownian bridge movement model to estimate utilization distributions for heterogeneous animal movement. Journal of Animal Ecology.",2012,peer_reviewed,MODERATE,,,,,dynamic Brownian bridge,,,,no,global-life-tracking; predicting-fish-distributions (inherited)
S61,"McRae BH, Dickson BG, Keitt TH, Shah VB. 2008. Using circuit theory to model connectivity in ecology, evolution, and conservation. Ecology.",2008,peer_reviewed,MODERATE,,,,,circuit theory and resistance surfaces,,,,no,global-life-tracking; predicting-fish-distributions (inherited)
S62,"Cowen RK, Sponaugle S. 2009. Larval dispersal and marine population connectivity. Annual Review of Marine Science.",2009,peer_reviewed,MODERATE,,,,,larval dispersal and connectivity,,,,no,global-life-tracking; predicting-fish-distributions (inherited)
S63,"Paris CB, Helgers J, van Sebille E, Srinivasan A. 2013. Connectivity Modeling System: a probabilistic modeling tool for the multi-scale tracking of biotic and abiotic variability in the ocean. Environmental Modelling & Software.",2013,peer_reviewed,MODERATE,,,,,Lagrangian larval particle tracking,,,,no,global-life-tracking; predicting-fish-distributions (inherited)
S64,"Grimm V, Railsback SF. 2005. Individual-based Modeling and Ecology. Princeton University Press.",2005,book,MODERATE,,,,,individual-based models,,,,no,global-life-tracking; predicting-fish-distributions (inherited)
S65,Kooijman SALM. 2010. Dynamic Energy Budget Theory for Metabolic Organisation. 3rd edition. Cambridge University Press.,2010,book,MODERATE,,,,,dynamic energy budget,,,,no,global-life-tracking; predicting-fish-distributions (inherited)
S66,"Elith J, Leathwick JR. 2009. Species distribution models: ecological explanation and prediction across space and time. Annual Review of Ecology, Evolution, and Systematics.",2009,peer_reviewed,MODERATE,,,,,species distribution models and ensembles,,,,no,global-life-tracking; predicting-fish-distributions (inherited)
S67,"Phillips SJ, Dudík M, Elith J, et al. 2009. Sample selection bias and presence-only distribution models: implications for background and pseudo-absence data. Ecological Applications.",2009,peer_reviewed,MODERATE,,,,,target-group background bias correction,,,,no,global-life-tracking; predicting-fish-distributions (inherited)
S68,"Renner IW, Elith J, Baddeley A, et al. 2015. Point process models for presence-only analysis. Methods in Ecology and Evolution.",2015,peer_reviewed,MODERATE,,,,,point process presence-only models,,,,no,global-life-tracking; predicting-fish-distributions (inherited)
S69,"Isaac NJB, Jarzyna MA, Keil P, et al. 2020. Data integration for large-scale models of species distributions. Trends in Ecology & Evolution.",2020,peer_reviewed,MODERATE,,,,,integrated species distribution models,,,,no,global-life-tracking; predicting-fish-distributions (inherited)
S70,"Fletcher RJ Jr, Hefley TJ, Robertson EP, et al. 2019. A practical guide for combining data to model species distributions. Ecology.",2019,peer_reviewed,MODERATE,,,,,data fusion design,,,,no,global-life-tracking; predicting-fish-distributions (inherited)
S71,"Miller DAW, Pacifici K, Sanderlin JS, Reich BJ. 2019. The recent past and promising future for data integration methods to estimate species' distributions. Methods in Ecology and Evolution.",2019,peer_reviewed,MODERATE,,,,,joint likelihood and integration methods,,,,no,global-life-tracking; predicting-fish-distributions (inherited)
S72,"Thorson JT. 2019. Guidance for decisions using the Vector Autoregressive Spatio-Temporal (VAST) package in stock, ecosystem, habitat and climate assessments. Fisheries Research.",2019,peer_reviewed,MODERATE,,,,,spatiotemporal survey models,,,,no,global-life-tracking; predicting-fish-distributions (inherited)
S73,"Anderson SC, Ward EJ, English PA, Barnett LAK. 2022. sdmTMB: an R package for fast, flexible, and user-friendly generalized linear mixed effects models with spatial and spatiotemporal random fields. bioRxiv preprint.",2022,preprint,MODERATE,,,,,spatial and spatiotemporal GLMMs,,,,no,global-life-tracking; predicting-fish-distributions (inherited)
S74,"Hazen EL, Scales KL, Maxwell SM, et al. 2018. A dynamic ocean management tool to reduce bycatch and support sustainable fisheries. Science Advances 4: eaar3001.",2018,peer_reviewed,MODERATE,,,,,EcoCast; daily satellite data plus observer and tag models; dynamic closures 2 to 10 times smaller than static closures,,,https://doi.org/10.1126/sciadv.aar3001,yes,global-life-tracking; predicting-fish-distributions (inherited)
S75,"Scales KL, Hazen EL, Jacox MG, et al. 2017. Fit to predict? Eco-informatics for predicting the catchability of a pelagic fish in near real time. Ecological Applications.",2017,peer_reviewed,MODERATE,,,,,near real-time prediction with data-assimilative ocean model output,,,,no,global-life-tracking; predicting-fish-distributions (inherited)
S76,"Hazen EL, Palacios DM, Forney KA, et al. 2017. WhaleWatch: a dynamic management tool for predicting blue whale density in the California Current. Journal of Applied Ecology.",2017,peer_reviewed,MODERATE,,,,,dynamic density prediction for whales,,,,no,global-life-tracking; predicting-fish-distributions (inherited)
S77,"Lewison R, Hobday AJ, Maxwell S, et al. 2015. Dynamic ocean management: identifying the critical ingredients of dynamic approaches to ocean resource management. BioScience.",2015,peer_reviewed,MODERATE,,,,,dynamic ocean management,,,,no,global-life-tracking; predicting-fish-distributions (inherited)
S78,"Sullivan BL, Wood CL, Iliff MJ, et al. 2009. eBird: a citizen-based bird observation network in the biological sciences. Biological Conservation.",2009,peer_reviewed,MODERATE,,,,,large citizen-science network with effort fields,,,https://ebird.org,no,global-life-tracking; predicting-fish-distributions (inherited)
S79,"Fink D, Auer T, Johnston A, et al. 2020. Modeling avian full annual cycle distribution and population trends with citizen science data. Ecological Applications.",2020,peer_reviewed,MODERATE,,,,,effort-standardized relative abundance from checklists,,,,no,global-life-tracking; predicting-fish-distributions (inherited)
S80,"Johnston A, Hochachka WM, Strimas-Mackey ME, et al. 2021. Analytical guidelines to increase the value of community science data: an example using eBird data to estimate species distributions. Diversity and Distributions.",2021,peer_reviewed,MODERATE,,,,,complete checklists and effort for non-detection,,,,no,global-life-tracking; predicting-fish-distributions (inherited)
S81,"Kraemer MUG, Sinka ME, Duda KA, et al. 2015. The global distribution of the arbovirus vectors Aedes aegypti and Ae. albopictus. eLife.",2015,peer_reviewed,MODERATE,,,,,global suitability mapping for vectors,,,,no,global-life-tracking; predicting-fish-distributions (inherited)
S82,Food and Agriculture Organization of the United Nations. Desert Locust Information Service (Locust Watch) program documentation.,,program_documentation,MODERATE,,,,,locust surveillance and graded warnings,,,https://www.fao.org/locusts/en/,no,global-life-tracking; predicting-fish-distributions (inherited)
S83,"Hobday AJ, Alexander LV, Perkins SE, et al. 2016. A hierarchical approach to defining marine heatwaves. Progress in Oceanography.",2016,peer_reviewed,MODERATE,,,,,marine heatwave definition,,,,no,global-life-tracking; predicting-fish-distributions (inherited)
S84,"Cooke SJ, Nguyen VM, Kessel ST, et al. 2017. Troubling issues at the frontier of animal tracking for conservation and management. Conservation Biology.",2017,peer_reviewed,MODERATE,,,,,misuse of tracking data,,,,no,global-life-tracking; predicting-fish-distributions (inherited)
S85,"Lennox RJ, Harcourt R, Bergman JN, et al. 2020. A novel framework to protect animal data in a world of ecosurveillance. BioScience.",2020,peer_reviewed,MODERATE,,,,,protecting animal location data,,,,no,global-life-tracking; predicting-fish-distributions (inherited)
S86,Chapman AD. 2020. Current Best Practices for Generalizing Sensitive Species Occurrence Data. GBIF Secretariat.,2020,program_documentation,MODERATE,,,,,generalizing sensitive locations,,,https://www.gbif.org,no,global-life-tracking; predicting-fish-distributions (inherited)
S87,"de Montjoye YA, Hidalgo CA, Verleysen M, Blondel VD. 2013. Unique in the Crowd: the privacy bounds of human mobility. Scientific Reports.",2013,peer_reviewed,MODERATE,,,,,re-identification from few spatiotemporal points (privacy analogy),,,,no,global-life-tracking; predicting-fish-distributions (inherited)
S88,"Dwork C. 2006. Differential privacy. Automata, Languages and Programming (ICALP 2006). Lecture Notes in Computer Science.",2006,peer_reviewed,MODERATE,,,,,differential privacy (analogy),,,,no,global-life-tracking; predicting-fish-distributions (inherited)
S89,"Sweeney L. 2002. k-anonymity: a model for protecting privacy. International Journal of Uncertainty, Fuzziness and Knowledge-Based Systems.",2002,peer_reviewed,MODERATE,,,,,minimum group size (analogy),,,,no,global-life-tracking; predicting-fish-distributions (inherited)
S90,"Pereira HM, Ferrier S, Walters M, et al. 2013. Essential biodiversity variables. Science.",2013,peer_reviewed,MODERATE,,,,,biodiversity observation variables,,,,no,global-life-tracking; predicting-fish-distributions (inherited)
S91,"Wieczorek J, Bloom D, Guralnick R, et al. 2012. Darwin Core: an evolving community-developed biodiversity data standard. PLoS ONE.",2012,peer_reviewed,MODERATE,,,,,event and occurrence data standard,,,,no,global-life-tracking; predicting-fish-distributions (inherited)
S92,"Abernathey RP, Augspurger T, Banihirwe A, et al. 2021. Cloud-native repositories for big scientific data. Computing in Science & Engineering.",2021,peer_reviewed,MODERATE,,,,,cloud-native array storage and data cubes,,,,no,global-life-tracking; predicting-fish-distributions (inherited)
S93,SpatioTemporal Asset Catalog (STAC) specification.,,specification,MODERATE,,,,,raster asset catalogs,,,https://stacspec.org,no,global-life-tracking; predicting-fish-distributions (inherited)
S94,Zarr storage specification.,,specification,MODERATE,,,,,chunked array storage,,,https://zarr.dev,no,global-life-tracking; predicting-fish-distributions (inherited)
S95,H3 hierarchical hexagonal geospatial indexing system.,,specification,MODERATE,,,,,coarse display cells,,,https://h3geo.org,no,global-life-tracking; predicting-fish-distributions (inherited)
S96,S2 Geometry library.,,specification,MODERATE,,,,,spherical cell index,,,https://s2geometry.io,no,global-life-tracking; predicting-fish-distributions (inherited)
S97,Apache Parquet and GeoParquet specifications.,,specification,MODERATE,,,,,columnar tables,,,https://parquet.apache.org https://geoparquet.org,no,global-life-tracking; predicting-fish-distributions (inherited)
S98,Cloud Optimized GeoTIFF specification.,,specification,MODERATE,,,,,raster access,,,https://cogeo.org,no,global-life-tracking; predicting-fish-distributions (inherited)
S99,PostGIS spatial database extension.,,specification,MODERATE,,,,,spatial database,,,https://postgis.net,no,global-life-tracking; predicting-fish-distributions (inherited)
S100,Fowler M. 2005. Event Sourcing.,2005,program_documentation,MODERATE,,,,,append-only change history,,,https://martinfowler.com/eaaDev/EventSourcing.html,no,global-life-tracking; predicting-fish-distributions (inherited)
S101,"de Koning K, Broekhuijsen J, Kühn I, et al. 2023. Digital twins: dynamic model-data fusion for ecology. Trends in Ecology & Evolution.",2023,peer_reviewed,MODERATE,,,,,ecological digital twins,,,,no,global-life-tracking; predicting-fish-distributions (inherited)
S102,Ocean Biodiversity Information System and Global Biodiversity Information Facility data portals.,,program_documentation,MODERATE,,,,,occurrence data sources used in this repository,,,https://obis.org https://www.gbif.org,repo,global-life-tracking; predicting-fish-distributions (inherited)
S103,NOAA ERDDAP data servers (NCEI and CoastWatch) used in this repository.,,program_documentation,MODERATE,,,,,survey and ocean data access,,,https://www.ncei.noaa.gov/erddap https://coastwatch.pfeg.noaa.gov/erddap,repo,global-life-tracking; predicting-fish-distributions (inherited)
S104,FishAI repository records: audit/prediction-test/PUERTO_RICO_FINAL_REPORT.md; audit/multi-species/EXECUTION_REPORT.md; audit/project-status/HARSH_PRODUCT_AUDIT.md.,,repository_record,MODERATE,,,,,current FishAI state,,,,repo,global-life-tracking; predicting-fish-distributions (inherited)
S105,"Jetz W, Tertitski G, Kays R, et al. 2022. Biological Earth observation with animal sensors. Trends in Ecology & Evolution.",2022,peer_reviewed,MODERATE,,,,,animals as environmental sensors; space-based tracking,,,,no,global-life-tracking; predicting-fish-distributions (inherited)
S106,"Fleming CH, Fagan WF, Mueller T, et al. 2015. Rigorous home range estimation with movement data: a new autocorrelated kernel density estimator. Ecology.",2015,peer_reviewed,MODERATE,,,,,autocorrelated home range,,,,no,global-life-tracking; predicting-fish-distributions (inherited)
S107,Turchin P. 1998. Quantitative Analysis of Movement. Sinauer Associates.,1998,book,MODERATE,,,,,random walks and diffusion models,,,,no,global-life-tracking; predicting-fish-distributions (inherited)
S108,"Deslauriers D, Chipps SR, Breck JE, et al. 2017. Fish Bioenergetics 4.0: an R-based modeling application. Fisheries.",2017,peer_reviewed,MODERATE,,,,,fish bioenergetics,,,,no,global-life-tracking; predicting-fish-distributions (inherited)
S109,"Charnov EL. 1976. Optimal foraging, the marginal value theorem. Theoretical Population Biology.",1976,peer_reviewed,MODERATE,,,,,optimal foraging,,,,no,global-life-tracking; predicting-fish-distributions (inherited)
S110,"Manly BFJ, McDonald LL, Thomas DL, McDonald TL, Erickson WP. 2002. Resource Selection by Animals. 2nd edition. Kluwer Academic.",2002,book,MODERATE,,,,,resource selection functions,,,,no,global-life-tracking; predicting-fish-distributions (inherited)
S111,"MacKenzie DI, Nichols JD, Hines JE, Knutson MG, Franklin AB. 2003. Estimating site occupancy, colonization, and local extinction when a species is detected imperfectly. Ecology.",2003,peer_reviewed,MODERATE,,,,,dynamic occupancy,,,,no,global-life-tracking; predicting-fish-distributions (inherited)
S112,"Loeb SC, Rodhouse TJ, Ellison LE, et al. 2015. A plan for the North American Bat Monitoring Program (NABat). USDA Forest Service General Technical Report SRS-208.",2015,program_documentation,MODERATE,,,,,grid-based sampling design for bat acoustics,,,,no,global-life-tracking; predicting-fish-distributions (inherited)
S113,U.S. Geological Survey Bird Banding Laboratory program documentation.,,program_documentation,MODERATE,,,,,banding and recovery reporting,,,https://www.usgs.gov/labs/bird-banding-laboratory,no,global-life-tracking; predicting-fish-distributions (inherited)
S114,UK Pollinator Monitoring Scheme program documentation.,,program_documentation,MODERATE,,,,,standardized pollinator counts,,,https://ukpoms.org.uk,no,global-life-tracking; predicting-fish-distributions (inherited)
S115,"Stumpf RP, Tomlinson MC, Calkins JA, et al. 2009. Skill assessment for an operational algal bloom forecast system. Journal of Marine Systems.",2009,peer_reviewed,MODERATE,,,,,forecast skill reporting for harmful algal blooms,,,,no,global-life-tracking; predicting-fish-distributions (inherited)
S116,W3C. 2013. PROV-O: The PROV Ontology.,2013,specification,MODERATE,,,,,provenance records,,,https://www.w3.org/TR/prov-o/,no,global-life-tracking; predicting-fish-distributions (inherited)
S117,"Giglio VJ, Adelir-Alves J, Bertoncini AA. 2014. Using scars to photo-identify the goliath grouper, Epinephelus itajara. Marine Biodiversity Records.",2014,peer_reviewed,MODERATE,,,,,photo-identification of a large reef fish,,,,no,global-life-tracking; predicting-fish-distributions (inherited)
S118,"Hays GC, Ferreira LC, Sequeira AMM, et al. 2016. Key questions in marine megafauna movement ecology. Trends in Ecology & Evolution.",2016,peer_reviewed,MODERATE,,,,,marine megafauna movement,,,,no,global-life-tracking; predicting-fish-distributions (inherited)
S119,CalCOFI Continuous Underway Fish Egg Sampler data on NOAA CoastWatch ERDDAP (dataset erdCalCOFIcufes); one cruise sample stored in this repository.,,repository_record,MODERATE,,,,,egg survey data,,,https://coastwatch.pfeg.noaa.gov/erddap,repo,global-life-tracking; predicting-fish-distributions (inherited)
S120,NOAA NCRMP Reef Visual Census ERDDAP datasets (CRCP_Reef_Fish_Surveys_*) used in this repository.,,repository_record,MODERATE,,,,,zero-bearing reef survey frames,,,https://www.ncei.noaa.gov/erddap,repo,global-life-tracking; predicting-fish-distributions (inherited)
S121,Zippin C. 1956. An evaluation of the removal method of estimating animal populations. Biometrics.,1956,peer_reviewed,MODERATE,,,,,removal sampling,,,,no,global-life-tracking; predicting-fish-distributions (inherited)
S122,"Lukacs PM, Burnham KP. 2005. Review of capture–recapture methods applicable to noninvasive genetic sampling. Molecular Ecology.",2005,peer_reviewed,MODERATE,,,,,genetic mark-recapture,,,,no,global-life-tracking; predicting-fish-distributions (inherited)
S123,DuckDB documentation.,,specification,MODERATE,,,,,local analytical catalog,,,https://duckdb.org,no,global-life-tracking; predicting-fish-distributions (inherited)
P001,HYCOM.org Data Server. GOFS 3.1 analysis static 2014-07-01 to 2024-09-04; ESPC-D-V02 active from 2024-08-10.,2026,dataset_documentation,MODERATE,,global,,ocean analysis,Product transition for depth-resolved temperature,Operational pages change; checked 2026-09-27,,https://www.hycom.org/dataserver,yes,UNCERTAINTY_AND_EXTRAPOLATION_POLICY.md; FISHAI_METHOD_RECOMMENDATIONS.md; FISHAI_DATA_GAP_ANALYSIS.md
P002,NWS Public Information Statement 26-17. Soliciting comments on RTOFS v3.0 upgrade. RTOFS v2.5 products on NOMADS. 2026-03-12.,2026,government_report,MODERATE,,global,,ocean forecast,RTOFS remains public on NOMADS even if some CoastWatch ERDDAP ids failed,v3.0 will discontinue some file formats,,https://www.weather.gov/media/notification/pdf_2026/pns26-17_RTOFS_v3.pdf,yes,FISHAI_METHOD_RECOMMENDATIONS.md; FISHAI_DATA_GAP_ANALYSIS.md
P003,"Gneiting T, Raftery AE. 2007. Strictly proper scoring rules, prediction, and estimation. JASA 102: 359-378.",2007,peer_reviewed,STRONG_REPLICATED,,,,,"Proper scores (Brier, log loss, CRPS)","Statistical theory paper, not marine case study",,https://doi.org/10.1198/016214506000001437,no,VALIDATION_AND_BACKTESTING_PROTOCOL.md
P004,"Hirzel AH, Le Lay G, Helfer V, Randin C, Guisan A. 2006. Evaluating the ability of habitat suitability models to predict species presences. Ecological Modelling 199: 142-152.",2006,peer_reviewed,MODERATE,,,,presence-only,Boyce index is for presence-only evaluation,Not appropriate as primary score when true zeros exist,,https://doi.org/10.1016/j.ecolmodel.2006.05.017,no,VALIDATION_AND_BACKTESTING_PROTOCOL.md
P005,"Roberts DR, Bahn V, Ciuti S, et al. 2017. Cross-validation strategies for data with temporal, spatial, hierarchical, or phylogenetic structure. Ecography 40: 913-929.",2017,peer_reviewed,STRONG_REPLICATED,,,,,Blocking in cross-validation,,,https://doi.org/10.1111/ecog.02881,no,VALIDATION_AND_BACKTESTING_PROTOCOL.md
P006,"Yates KL, Bouchet PJ, Caley MJ, et al. 2018. Outstanding challenges in the transferability of ecological models. Trends in Ecology & Evolution 33: 790-802.",2018,peer_reviewed,STRONG_REPLICATED,,,,,Model transfer to novel conditions,Review; species-specific tests still required,,https://doi.org/10.1016/j.tree.2018.08.001,no,VALIDATION_AND_BACKTESTING_PROTOCOL.md; UNCERTAINTY_AND_EXTRAPOLATION_POLICY.md
P007,"Mesgaran MB, Cousens RD, Webber BL. 2014. Here be dragons: a tool for quantifying novelty due to covariate range and correlation change when projecting species distribution models. Diversity and Distributions 20: 1147-1159.",2014,peer_reviewed,MODERATE,,,,,ExDet multivariate novelty,Not implemented in FishAI yet,,https://doi.org/10.1111/ddi.12209,no,UNCERTAINTY_AND_EXTRAPOLATION_POLICY.md
P008,"Meyer H, Pebesma E. 2021. Predicting into unknown space? Estimating the area of applicability of spatial prediction models. Methods in Ecology and Evolution 12: 1620-1633.",2021,peer_reviewed,MODERATE,,,,,Area of applicability / dissimilarity,Not implemented in FishAI yet,,https://doi.org/10.1111/2041-210X.13650,no,UNCERTAINTY_AND_EXTRAPOLATION_POLICY.md
P009,"Muhling BA, Brodie S, Smith JA, et al. 2020. Predictability of species distributions deteriorates under novel environmental conditions in the California Current System. Front. Mar. Sci. 7:589.",2020,peer_reviewed,MODERATE,California Current fishes,California Current,,survey + environment,Skill loss under novel climate,Sardine SST relationship non-stationary in 2014-2018 heatwave; anchovy more stable. Correlative SDMs can lose skill in novel climates.,,https://doi.org/10.3389/fmars.2020.00589,yes,UNCERTAINTY_AND_EXTRAPOLATION_POLICY.md
P010,"Dormann CF, McPherson JM, Araújo MB, et al. 2007. Methods to account for spatial autocorrelation in the analysis of species distributional data: a review. Ecography 30: 609-628.",2007,peer_reviewed,STRONG_REPLICATED,,,,,Spatial autocorrelation inflates apparent precision,,,https://doi.org/10.1111/j.2007.0906-7590.05171.x,no,UNCERTAINTY_AND_EXTRAPOLATION_POLICY.md
P300,"Simpfendorfer CA, Heupel MR, Hueter RE. 2002. Estimation of short-term centers of activity from an array of omnidirectional hydrophones and its use in studying animal movements. Canadian Journal of Fisheries and Aquatic Sciences 59: 23-32.",2002,peer_reviewed,MODERATE,,,,,COA method; 5-60 min windows; successive COA distances 28-42 percent of active tracking,,,https://doi.org/10.1139/f01-191,yes,MOVEMENT_METHOD_MATRIX.csv; GLOBAL_WILDLIFE_ANALOGUES.md
P301,"Kraft S, Gandra M, Lennox RJ, Mourier J, Winkler AC, Abecasis D. 2023. Residency and space use estimation methods based on passive acoustic telemetry data. Movement Ecology 11: 12.",2023,peer_reviewed,MODERATE,,,,,residency COA UD methods for acoustic telemetry; silence is not absence,,,https://doi.org/10.1186/s40462-022-00364-z,yes,MOVEMENT_METHOD_MATRIX.csv; GLOBAL_WILDLIFE_ANALOGUES.md
P302,"Espinoza M, Farrugia TJ, Webber DM, Smith F, Lowe CG. 2011. Testing a new acoustic telemetry technique to quantify long-term, fine-scale movements of aquatic animals. Fisheries Research 108: 364-371.",2011,peer_reviewed,MODERATE,,,,,VPS TDOA; stationary accuracy 2.64 plus or minus 2.32 m; inside vs outside array,,,https://doi.org/10.1016/j.fishres.2011.01.011,yes,MOVEMENT_METHOD_MATRIX.csv; GLOBAL_WILDLIFE_ANALOGUES.md
P303,"Roy R, Beguin J, Argillier C, Tissot L, Smith F, Smedbol S, De Oliveira E. 2014. Testing the VEMCO Positioning System: spatial distribution of the probability of location and the positioning error in a reservoir. Animal Biotelemetry 2: 1.",2014,peer_reviewed,MODERATE,,,,,HPE less than 15 retains 79 percent of positions; mean error 3.3 m (SD 3.3); average location probability about 40 percent; inside vs outside 44 vs 36 percent,,,https://doi.org/10.1186/2050-3385-2-1,yes,MOVEMENT_METHOD_MATRIX.csv; GLOBAL_WILDLIFE_ANALOGUES.md
P304,"Baktoft H, Gjelland KO, Okland F, Thygesen UH. 2017. Positioning of aquatic animals based on time-of-arrival and random walk models using YAPS (Yet Another Positioning Solver). Scientific Reports 7: 14294.",2017,peer_reviewed,MODERATE,,,,,YAPS open-source TOA positioning,,,https://doi.org/10.1038/s41598-017-14278-z,yes,MOVEMENT_METHOD_MATRIX.csv; GLOBAL_WILDLIFE_ANALOGUES.md
P305,"Jonsen ID, Grecian WJ, Phillips L, Carroll G, McMahon C, Harcourt RG, Hindell MA, Patterson TA. 2023. aniMotum, an R package for animal movement data: Rapid quality control, behavioural estimation and simulation. Methods in Ecology and Evolution 14: 806-816.",2023,peer_reviewed,MODERATE,,,,,continuous-time SSM for Argos QC and move persistence,,,https://doi.org/10.1111/2041-210X.14060,yes,MOVEMENT_METHOD_MATRIX.csv; GLOBAL_WILDLIFE_ANALOGUES.md
P306,"Calabrese JM, Fleming CH, Gurarie E. 2016. ctmm: an R package for analyzing animal relocation data as a continuous-time stochastic process. Methods in Ecology and Evolution 7: 1124-1132.",2016,peer_reviewed,MODERATE,,,,,ctmm package; AKDE and occurrence via Kriging,,,https://doi.org/10.1111/2041-210X.12559,yes,MOVEMENT_METHOD_MATRIX.csv; GLOBAL_WILDLIFE_ANALOGUES.md
P307,"Teo SLH, Boustany A, Blackwell S, Walli A, Weng KC, Block BA. 2004. Validation of geolocation estimates based on light level and sea surface temperature from electronic tags. Marine Ecology Progress Series 283: 81-98.",2004,peer_reviewed,MODERATE,,,,,PSAT/archival light and SST geolocation RMSE in degrees,,,https://doi.org/10.3354/meps283081,yes,MOVEMENT_METHOD_MATRIX.csv; GLOBAL_WILDLIFE_ANALOGUES.md
P308,"Hunter E, Aldridge JN, Metcalfe JD, Arnold GP. 2003. Geolocation of free-ranging fish on the European continental shelf as determined from environmental variables. Marine Biology 142: 601-609.",2003,peer_reviewed,MODERATE,,,,,tidal location accuracy; moored 15.7 plus or minus 3.5 km; free fish about 35-37 km of release/recapture,,,https://doi.org/10.1007/s00227-002-0984-5,yes,MOVEMENT_METHOD_MATRIX.csv; GLOBAL_WILDLIFE_ANALOGUES.md
P309,"Hunter E, Metcalfe JD, Arnold GP, Reynolds JD. 2004. Impacts of migratory behaviour on population structure in North Sea plaice. Journal of Animal Ecology 73: 377-385. Companion counts: Hunter et al. 2003 J Fish Biol abstract of 752 tags 145 fish 20403 days.",2004,peer_reviewed,MODERATE,,,,,tidal location method application; no location while off seabed,,,https://doi.org/10.1111/j.0021-8790.2004.00801.x,yes,MOVEMENT_METHOD_MATRIX.csv; GLOBAL_WILDLIFE_ANALOGUES.md
P310,Hilborn R. 1990. Determination of fish movement patterns from tag recoveries using maximum likelihood estimators. Canadian Journal of Fisheries and Aquatic Sciences 47: 635-643.,1990,peer_reviewed,MODERATE,,,,,conventional tag movement rates; need tagging and recapture in each stratum,,,https://doi.org/10.1139/f90-071,yes,MOVEMENT_METHOD_MATRIX.csv; GLOBAL_WILDLIFE_ANALOGUES.md
P311,"Almany GR, Planes S, Thorrold SR, et al. 2017. Larval fish dispersal in a coral-reef seascape. Nature Ecology and Evolution 1: 0148.",2017,peer_reviewed,MODERATE,,,,,parentage kernels; clownfish 10-15 km observed means; butterflyfish 43-64 km,,,https://doi.org/10.1038/s41559-017-0148,yes,MOVEMENT_METHOD_MATRIX.csv; GLOBAL_WILDLIFE_ANALOGUES.md
P312,"Bode M, Leis JM, Mason LB, Williamson DH, Harrison HB, Choukroun S, Jones GP. 2019. Successful validation of a larval dispersal model using genetic parentage data. PLOS Biology 17: e3000380.",2019,peer_reviewed,MODERATE,,,,,biophysical model vs parentage; wrong behaviour worse than passive,,,https://doi.org/10.1371/journal.pbio.3000380,yes,MOVEMENT_METHOD_MATRIX.csv; GLOBAL_WILDLIFE_ANALOGUES.md
P313,"Campana SE. 1999. Chemistry and composition of fish otoliths: pathways, mechanisms and applications. Marine Ecology Progress Series 188: 263-297.",1999,peer_reviewed,MODERATE,,,,,otolith chemistry assumptions and physiological filters,,,https://doi.org/10.3354/meps188263,yes,MOVEMENT_METHOD_MATRIX.csv; GLOBAL_WILDLIFE_ANALOGUES.md
P314,"Dagestad K-F, Rohrs J, Breivik O, Adlandsvik B. 2018. OpenDrift v1.0: a generic framework for trajectory modelling. Geoscientific Model Development 11: 1405-1420.",2018,peer_reviewed,MODERATE,,,,,OpenDrift Lagrangian framework; pelagic egg module; particles are not adult fish,,,https://doi.org/10.5194/gmd-11-1405-2018,yes,MOVEMENT_METHOD_MATRIX.csv; GLOBAL_WILDLIFE_ANALOGUES.md
P315,"Lett C, Verley P, Mullon C, Parada C, Brochier T, Penven P, Blanke B. 2008. A Lagrangian tool for modelling ichthyoplankton dynamics. Environmental Modelling and Software 23: 1210-1214.",2008,peer_reviewed,MODERATE,,,,,Ichthyop eggs and larvae IBM; not adult movement,,,https://doi.org/10.1016/j.envsoft.2008.02.005,yes,MOVEMENT_METHOD_MATRIX.csv; GLOBAL_WILDLIFE_ANALOGUES.md
P316,"Thorson JT, Pinsky ML, Ward EJ. 2016. Model-based inference for estimating shifts in species distribution, area occupied and centre of gravity. Methods in Ecology and Evolution 7: 990-1002.",2016,peer_reviewed,MODERATE,,,,,survey COG; AWA vs SDF; 18 West Coast fishes 1977-2013; 6 north 2 south,,,https://doi.org/10.1111/2041-210X.12567,yes,MOVEMENT_METHOD_MATRIX.csv; GLOBAL_WILDLIFE_ANALOGUES.md
P317,"Neilson JD, Perry RI. 1990. Diel vertical migrations of marine fishes: an obligate or facultative process? Advances in Marine Biology 26: 115-168.",1990,peer_reviewed,MODERATE,,,,,DVM facultative; availability to surveys,,,https://doi.org/10.1016/S0065-2881(08)60200-X,yes,MOVEMENT_METHOD_MATRIX.csv; GLOBAL_WILDLIFE_ANALOGUES.md
P318,Buderman FE and coauthors. 2024. Integrated movement models for individual tracking and species distribution data. bioRxiv preprint 10.1101/2024.06.19.599581. Method-class citation only; no numeric skill figures used.,2024,preprint,MODERATE,,,,,IMM framework linking telemetry and distribution data,,,https://doi.org/10.1101/2024.06.19.599581,yes,MOVEMENT_METHOD_MATRIX.csv; GLOBAL_WILDLIFE_ANALOGUES.md
P319,"Howell EA, Kobayashi DR, Parker DM, Balazs GH, Polovina JJ. 2008. TurtleWatch: a tool to aid in the bycatch reduction of loggerhead turtles Caretta caretta in the Hawaii-based pelagic longline fishery. Endangered Species Research 5: 267-278.",2008,peer_reviewed,MODERATE,,,,,TurtleWatch SST isotherm product; 18.5 C recommendation,,,https://doi.org/10.3354/esr00096,yes,MOVEMENT_METHOD_MATRIX.csv; GLOBAL_WILDLIFE_ANALOGUES.md
P320,"Howell EA, Hoover A, Benson SR, Bailey H, Polovina JJ, Seminoff JA, Dutton PH. 2015. Enhancing the TurtleWatch product for leatherback sea turtles, a dynamic habitat model for ecosystem-based management. Fisheries Oceanography 24: 57-68.",2015,peer_reviewed,MODERATE,,,,,TurtleWatch expanded to leatherback SST zones 17.2 C and 22.9 C,,,https://doi.org/10.1111/fog.12092,yes,MOVEMENT_METHOD_MATRIX.csv; GLOBAL_WILDLIFE_ANALOGUES.md
P321,"Treasure AM, Roquet F, Ansorge IJ, et al. 2017. Marine Mammals Exploring the Oceans Pole to Pole: a review of the MEOP consortium. Oceanography 30(2): 132-138.",2017,peer_reviewed,MODERATE,,,,,MEOP animal-borne CTD; more than 500000 profiles since 2002 at time of review,,,https://doi.org/10.5670/oceanog.2017.234,yes,MOVEMENT_METHOD_MATRIX.csv; GLOBAL_WILDLIFE_ANALOGUES.md
P322,U.S. Animal Telemetry Network Data Assembly Center. Data Management Policy Guidance v.202201; portal.atn.ioos.us.,,program_documentation,MODERATE,,,,,ATN DAC aggregation and owner-controlled public release,,,https://atn.ioos.us/,yes,MOVEMENT_METHOD_MATRIX.csv; GLOBAL_WILDLIFE_ANALOGUES.md
P323,"Noonan MJ, Tucker MA, Fleming CH, et al. 2019. A comprehensive analysis of autocorrelation and bias in home range estimation. Ecological Monographs 89: e01344.",2019,peer_reviewed,MODERATE,,,,,AKDE vs IID KDE; 369 individuals 27 species; mean area factor of 2,,,https://doi.org/10.1002/ecm.1344,yes,MOVEMENT_METHOD_MATRIX.csv; GLOBAL_WILDLIFE_ANALOGUES.md
P324,"Flockhart DTT, Wassenaar LI, Martin TG, Hobson KA, Wunder MB, Norris DR. 2013. Tracking multi-generational colonization of the breeding grounds by monarch butterflies in eastern North America. Proceedings of the Royal Society B 280: 20131087.",2013,peer_reviewed,MODERATE,,,,,monarch occurrence plus isotopes; breeding distribution greater than 12 million km2,,,https://doi.org/10.1098/rspb.2013.1087,yes,MOVEMENT_METHOD_MATRIX.csv; GLOBAL_WILDLIFE_ANALOGUES.md
P325,"Bauer P, Thorpe A, Brunet G. 2015. The quiet revolution of numerical weather prediction. Nature 525: 47-55.",2015,peer_reviewed,MODERATE,,,,,NWP assimilation ensembles; about one extra day of skillful lead time per decade,,,https://doi.org/10.1038/nature14956,yes,MOVEMENT_METHOD_MATRIX.csv; GLOBAL_WILDLIFE_ANALOGUES.md
P326,"Reich NG, McGowan CJ, Yamana TK, et al. 2019. Accuracy of real-time multi-model ensemble forecasts for seasonal influenza in the U.S. PLOS Computational Biology 15: e1007486.",2019,peer_reviewed,MODERATE,,,,,FluSight; 22 teams 2017/18; 21-model stack; beat CDC unweighted ensemble; second in challenge,,,https://doi.org/10.1371/journal.pcbi.1007486,yes,MOVEMENT_METHOD_MATRIX.csv; GLOBAL_WILDLIFE_ANALOGUES.md
P327,"Gneiting T, Raftery AE. 2007. Strictly proper scoring rules, prediction, and estimation. Journal of the American Statistical Association 102: 359-378. Also indexed as P003 in SOURCE_INDEX.csv.",2007,peer_reviewed,MODERATE,,,,,proper scores; honest probabilistic reporting,,,https://doi.org/10.1198/016214506000001437,yes,MOVEMENT_METHOD_MATRIX.csv; GLOBAL_WILDLIFE_ANALOGUES.md
P328,U.S. EPA. PM NowCast fact sheet. Weighted 12-hour average for real-time PM AQI; weight floor 0.5; needs two of last three hours.,,program_documentation,MODERATE,,,,,AirNow NowCast; contemporaneous monitors,,,https://www.epa.gov/sites/default/files/2018-01/documents/nowcastfactsheet.pdf,yes,MOVEMENT_METHOD_MATRIX.csv; GLOBAL_WILDLIFE_ANALOGUES.md
P329,"Chow FK, Yu KA, Young A, James E, Grell GA, Csiszar I, Tsidulko M, Freitas S, Pereira G, Giglio L, Friberg MD, Ahmadov R. 2022. High-resolution smoke forecasting for the 2018 Camp Fire in California. Bulletin of the American Meteorological Society 103: E1531-E1552. HRRR-Smoke operational at NOAA/NCEP December 2020; later underpredicted PM2.5 when satellite FRP was too low.",2022,peer_reviewed,MODERATE,,,,,HRRR-Smoke issue-time FRP; verification against surface PM2.5,,,https://doi.org/10.1175/BAMS-D-20-0329.1,yes,MOVEMENT_METHOD_MATRIX.csv; GLOBAL_WILDLIFE_ANALOGUES.md
P330,FHWA. 2020. The National Performance Management Research Data Set (NPMRDS) and Application for Work Zone Performance Measurement. FHWA-HOP-20-028. Probe speeds on NHS; 5/15/60 min; monthly latency not real-time; 400000-plus TMCs; available since 2013.,2020,program_documentation,MODERATE,,,,,traffic archive with delay; contrast with live traffic APIs,,,https://ops.fhwa.dot.gov/publications/fhwahop20028/,yes,MOVEMENT_METHOD_MATRIX.csv; GLOBAL_WILDLIFE_ANALOGUES.md
P331,MEOP consortium. MEOP-CTD database version 2024-03-08. 872119 profiles; 2086 CTD-SRDL tags; 234 deployments.,2024,program_documentation,MODERATE,,,,,current MEOP-CTD counts checked this pass,,,https://www.meop.net/database/meop-databases/meop-ctd-database.html,yes,MOVEMENT_METHOD_MATRIX.csv; GLOBAL_WILDLIFE_ANALOGUES.md
P332,Cornell Lab of Ornithology. eBird Status Data Products documentation (ebirdst). Estimates for 2980 species for year 2023; weekly 3 km grid; standardized to 1 hour 2 km expert checklist.,2023,program_documentation,MODERATE,,,,,eBird S&T product grain and effort standard; method paper is S79,,,https://ebird.github.io/ebirdst/articles/status.html,yes,MOVEMENT_METHOD_MATRIX.csv; GLOBAL_WILDLIFE_ANALOGUES.md
P333,"Hazen EL, Palacios DM, Forney KA, et al. 2017. WhaleWatch: a dynamic management tool for predicting blue whale density in the California Current. Journal of Applied Ecology 54: 1415-1428. Density product 0-3.5 individuals per 625 km2 cited on journal page.",2017,peer_reviewed,MODERATE,,,,,WhaleWatch monthly habitat-based density; same as S76 with checked density range,,,https://doi.org/10.1111/1365-2664.12820,yes,MOVEMENT_METHOD_MATRIX.csv; GLOBAL_WILDLIFE_ANALOGUES.md
P334,"Abrahms B, Welch H, Brodie S, et al. 2019. Dynamic ensemble models to predict distributions and anthropogenic risk exposure for highly mobile species. Diversity and Distributions 25: 1182-1193.",2019,peer_reviewed,MODERATE,,,,,WhaleWatch 2.0 ensemble lineage,,,https://doi.org/10.1111/ddi.12940,yes,MOVEMENT_METHOD_MATRIX.csv; GLOBAL_WILDLIFE_ANALOGUES.md
P335,"Hu G, Lim KS, Horvitz N, Clark SJ, Reynolds DR, Sapir N, Chapman JW. 2016. Mass seasonal bioflows of high-flying insect migrants. Science 354: 1584-1587.",2016,peer_reviewed,MODERATE,,,,,same as S22 with verified ~3.5 trillion insects and 3200 tons over southern UK annually,,,https://doi.org/10.1126/science.aah4379,yes,MOVEMENT_METHOD_MATRIX.csv; GLOBAL_WILDLIFE_ANALOGUES.md
P336,"Lisovski S, Hewson CM, Klaassen RHG, Korner-Nievergelt F, Kristensen MW, Hahn S. 2012. Geolocation by light: accuracy and precision affected by environmental factors. Methods in Ecology and Evolution 3: 603-612. Same work as S15.",2012,peer_reviewed,MODERATE,,,,,light geolocation shading; calibration dependence; checked this pass,,,https://doi.org/10.1111/j.2041-210X.2012.00185.x,yes,MOVEMENT_METHOD_MATRIX.csv; GLOBAL_WILDLIFE_ANALOGUES.md
P337,"Costa DP, Robinson PW, Arnould JPY, et al. 2010. Accuracy of ARGOS locations of pinnipeds at-sea estimated using Fastloc GPS. PLoS ONE 5: e8677. Same as S13; numbers re-checked this pass.",2010,peer_reviewed,MODERATE,,,,,Argos LC error table; Fastloc 36 m land test,,,https://doi.org/10.1371/journal.pone.0008677,yes,MOVEMENT_METHOD_MATRIX.csv; GLOBAL_WILDLIFE_ANALOGUES.md
P338,"Musyl MK, Domeier ML, Nasby-Lucas N, et al. 2011. Performance of pop-up satellite archival tags. Marine Ecology Progress Series 433: 1-28. Same as S14; reporting rates re-checked this pass.",2011,peer_reviewed,MODERATE,,,,,PSAT reporting 0.79 vs 0.76; retention vs programmed duration,,,https://doi.org/10.3354/meps09202,yes,MOVEMENT_METHOD_MATRIX.csv; GLOBAL_WILDLIFE_ANALOGUES.md
P339,"Paris CB, Helgers J, van Sebille E, Srinivasan A. 2013. Connectivity Modeling System: A probabilistic modeling tool for the multi-scale tracking of biotic and abiotic variability in the ocean. Environmental Modelling and Software 42: 47-54. Same as S63.",2013,peer_reviewed,MODERATE,,,,,CMS citation confirmed,,,https://doi.org/10.1016/j.envsoft.2012.12.006,yes,MOVEMENT_METHOD_MATRIX.csv; GLOBAL_WILDLIFE_ANALOGUES.md
P340,"Van Doren BM, Horton KG. 2018. A continental system for forecasting bird migration. Science 361: 1115-1118. Same as S20; 81 percent and 62-76 percent at 1-7 days re-used from checked global-life-tracking pass.",2018,peer_reviewed,MODERATE,,,,,BirdCast analogue,,,https://doi.org/10.1126/science.aat7526,yes,MOVEMENT_METHOD_MATRIX.csv; GLOBAL_WILDLIFE_ANALOGUES.md
P341,"Fink D, Auer T, Johnston A, Ruiz-Gutierrez V, Hochachka WM, Kelling S. 2020. Modeling avian full annual cycle distribution and population trends with citizen science data. Ecological Applications 30: e02056. Same as S79.",2020,peer_reviewed,MODERATE,,,,,eBird Status and Trends method; Wood Thrush vs BBS trajectory correspondence,,,https://doi.org/10.1002/eap.2056,yes,MOVEMENT_METHOD_MATRIX.csv; GLOBAL_WILDLIFE_ANALOGUES.md
P342,"Kays R, Davidson SC, Berger M, et al. 2022. The Movebank system for studying global animal movement and demography. Methods in Ecology and Evolution 13: 419-431. Same as S04.",2022,peer_reviewed,MODERATE,,,,,Movebank governance embargoes APIs; no unverified animal-count claimed here,,,https://doi.org/10.1111/2041-210X.13767,yes,MOVEMENT_METHOD_MATRIX.csv; GLOBAL_WILDLIFE_ANALOGUES.md
P343,"Iverson SJ, Fisk AT, Hinch SG, Mills Flemming J, Cooke SJ, Whoriskey FG. 2019. The Ocean Tracking Network: advancing frontiers in aquatic science and management. Canadian Journal of Fisheries and Aquatic Sciences 76: 1041-1051. Same as S07; funding figures re-checked this pass.",2019,peer_reviewed,MODERATE,,,,,OTN 2010 launch; 35 million CAD CFI; 10 million CAD NSERC,,,https://doi.org/10.1139/cjfas-2018-0481,yes,MOVEMENT_METHOD_MATRIX.csv; GLOBAL_WILDLIFE_ANALOGUES.md
P344,"Roberts JJ, Best BD, Mannocci L, et al. 2016. Habitat-based cetacean density models for the U.S. Atlantic and Gulf of Mexico. Scientific Reports. Same as S51.",2016,peer_reviewed,MODERATE,,,,,designed-survey marine mammal density surfaces,,,https://doi.org/10.1038/srep22615,yes,MOVEMENT_METHOD_MATRIX.csv; GLOBAL_WILDLIFE_ANALOGUES.md
P345,"Hazen EL, Scales KL, Maxwell SM, et al. 2018. A dynamic ocean management tool to reduce bycatch and support sustainable fisheries. Science Advances 4: eaar3001. Same as S74.",2018,peer_reviewed,MODERATE,,,,,EcoCast shark and turtle bycatch habitat; 2 to 10 times smaller dynamic closures,,,https://doi.org/10.1126/sciadv.aar3001,yes,MOVEMENT_METHOD_MATRIX.csv; GLOBAL_WILDLIFE_ANALOGUES.md
P346,"Scales KL, Hazen EL, Maxwell SM, Dewar H, Kohin S, Jacox MG, et al. 2017. Fit to predict? Eco-informatics for predicting the catchability of a pelagic fish in near real time. Ecological Applications 27: 2313-2329. Same as S75.",2017,peer_reviewed,MODERATE,,,,,data-assimilative ROMS for pelagic nowcasts; swordfish observer data 1990-2014,,,https://doi.org/10.1002/eap.1610,yes,MOVEMENT_METHOD_MATRIX.csv; GLOBAL_WILDLIFE_ANALOGUES.md
P347,"Baumgartner MF, Bonnell J, Van Parijs SM, et al. 2019. Persistent near real-time passive acoustic monitoring for baleen whales from a moored buoy. Methods in Ecology and Evolution 10: 1476-1489. Same as S31.",2019,peer_reviewed,MODERATE,,,,,0 percent false daily detection right/humpback/sei; 12-42 percent missed; right whale match 30-40 km,,,https://doi.org/10.1111/2041-210X.13244,yes,MOVEMENT_METHOD_MATRIX.csv; GLOBAL_WILDLIFE_ANALOGUES.md
P348,"Baumgartner MF, et al. 2020. Slocum gliders provide accurate near real-time estimates of baleen whale presence from human-reviewed passive acoustic detection information. Frontiers in Marine Science 7: 100. Same as S32.",2020,peer_reviewed,MODERATE,,,,,glider missed detections 17-24 percent,,,https://doi.org/10.3389/fmars.2020.00100,yes,MOVEMENT_METHOD_MATRIX.csv; GLOBAL_WILDLIFE_ANALOGUES.md
P349,"Taylor PD, Crewe TL, Mackenzie SA, et al. 2017. The Motus Wildlife Tracking System. Avian Conservation and Ecology 12(1): 8. Same as S03.",2017,peer_reviewed,MODERATE,,,,,Motus more than 9000 individuals over 87 species by 2017,,,https://www.ace-eco.org/vol12/iss1/art8/,yes,MOVEMENT_METHOD_MATRIX.csv; GLOBAL_WILDLIFE_ANALOGUES.md
P350,ICARUS program documentation. ISS receiver 2020 to March 2022; ICARUS 2.0 receivers launched November 2025 and May 2026. Same as S05.,2020,program_documentation,MODERATE,,,,,space-based tracking status; not usable for fully aquatic fish,,,https://www.icarus.mpg.de/28987/iss-receivers-sensors,yes,MOVEMENT_METHOD_MATRIX.csv; GLOBAL_WILDLIFE_ANALOGUES.md
P351,"Stumpf RP, Tomlinson MC, Calkins JA, et al. 2009. Skill assessment for an operational algal bloom forecast system. Journal of Marine Systems 76: 151-161. Same as S115.",2009,peer_reviewed,MODERATE,,,,,HAB forecast skill; match forecast and validation resolution,,,https://doi.org/10.1016/j.jmarsys.2008.05.016,yes,MOVEMENT_METHOD_MATRIX.csv; GLOBAL_WILDLIFE_ANALOGUES.md
P352,"Hobday AJ, Alexander LV, Perkins SE, et al. 2016. A hierarchical approach to defining marine heatwaves. Progress in Oceanography 141: 227-238. Same as S83.",2016,peer_reviewed,MODERATE,,,,,novelty/regime context for failed kelp-bass year,,,https://doi.org/10.1016/j.pocean.2015.12.014,yes,MOVEMENT_METHOD_MATRIX.csv; GLOBAL_WILDLIFE_ANALOGUES.md
P353,"Cooke SJ, Nguyen VM, Kessel ST, et al. 2017. Troubling issues at the frontier of animal tracking for conservation and management. Conservation Biology. Same as S84.",2017,peer_reviewed,MODERATE,,,,,misuse of tracking data,,,https://doi.org/10.1111/cobi.12893,yes,MOVEMENT_METHOD_MATRIX.csv; GLOBAL_WILDLIFE_ANALOGUES.md
P354,"Lennox RJ, Harcourt R, Bergman JN, et al. 2020. A novel framework to protect animal data in a world of ecosurveillance. BioScience. Same as S85.",2020,peer_reviewed,MODERATE,,,,,protecting animal location data,,,https://doi.org/10.1093/biosci/biz137,yes,MOVEMENT_METHOD_MATRIX.csv; GLOBAL_WILDLIFE_ANALOGUES.md
P355,"Jolliffe IT, Stephenson DB, eds. Forecast Verification: A Practitioner's Guide in Atmospheric Science. Wiley. Cited as the NWP verification practice analogue (also named in VALIDATION_AND_BACKTESTING_PROTOCOL.md).",,book,MODERATE,,,,,lead-time scores; references; issue vs valid time,,,https://doi.org/10.1002/9781119960003,no,MOVEMENT_METHOD_MATRIX.csv; GLOBAL_WILDLIFE_ANALOGUES.md
P356,"Kalnay E. 2003. Atmospheric Modeling, Data Assimilation and Predictability. Cambridge University Press.",2003,book,MODERATE,,,,,data assimilation concept for NWP,,,https://doi.org/10.1017/CBO9780511802270,no,MOVEMENT_METHOD_MATRIX.csv; GLOBAL_WILDLIFE_ANALOGUES.md
P357,White J. 2016. PM2.5 Public Reporting and Wildfires in EPA's AirNow Program. EPA/state AQ presentation describing 2013 Reff NowCast targeting a 3-hour average when air quality changes rapidly.,2016,program_documentation,MODERATE,,,,,AirNow wildfire nowcast design,,,https://www.4cleanair.org/wp-content/uploads/Documents/White_2016_CAQ.pdf,yes,MOVEMENT_METHOD_MATRIX.csv; GLOBAL_WILDLIFE_ANALOGUES.md
P358,"Smith SG, Ault JS, Bohnsack JA, Harper DE, Luo J, McClellan DB. 2011. Multispecies survey design for assessing reef-fish stocks. Fisheries Research 109: 25-41. Same as S41.",2011,peer_reviewed,MODERATE,,,,,RVC design constraint on COG,,,https://doi.org/10.1016/j.fishres.2011.01.012,yes,MOVEMENT_METHOD_MATRIX.csv; GLOBAL_WILDLIFE_ANALOGUES.md
P359,"Bravington MV, Skaug HJ, Anderson EC. 2016. Close-kin mark-recapture. Statistical Science 31: 259-274. Same as S47.",2016,peer_reviewed,MODERATE,,,,,CKMR is abundance not location,,,https://doi.org/10.1214/16-STS552,yes,MOVEMENT_METHOD_MATRIX.csv; GLOBAL_WILDLIFE_ANALOGUES.md
P360,"Hillary RM, Bravington MV, Patterson TA, et al. 2018. Genetic relatedness reveals total population size of white sharks in eastern Australia and New Zealand. Scientific Reports. Same as S48.",2018,peer_reviewed,MODERATE,,,,,CKMR counts not maps,,,https://doi.org/10.1038/s41598-018-20593-w,yes,MOVEMENT_METHOD_MATRIX.csv; GLOBAL_WILDLIFE_ANALOGUES.md
P361,"Cowen RK, Sponaugle S. 2009. Larval dispersal and marine population connectivity. Annual Review of Marine Science. Same as S62.",2009,peer_reviewed,MODERATE,,,,,passive particles are not fish behaviour,,,https://doi.org/10.1146/annurev.marine.010908.163757,yes,MOVEMENT_METHOD_MATRIX.csv; GLOBAL_WILDLIFE_ANALOGUES.md
P362,"Hussey NE, Kessel ST, Aarestrup K, et al. 2015. Aquatic animal telemetry. Science. Same as S02.",2015,peer_reviewed,MODERATE,,,,,tags describe tagged individuals,,,https://doi.org/10.1126/science.aaa5646,yes,MOVEMENT_METHOD_MATRIX.csv; GLOBAL_WILDLIFE_ANALOGUES.md
P363,"Hays GC, Ferreira LC, Sequeira AMM, et al. 2016. Key questions in marine megafauna movement ecology. TREE. Same as S118.",2016,peer_reviewed,MODERATE,,,,,representativeness of tagged megafauna,,,https://doi.org/10.1016/j.tree.2016.02.015,yes,MOVEMENT_METHOD_MATRIX.csv; GLOBAL_WILDLIFE_ANALOGUES.md
P364,"MacKenzie DI, Nichols JD, Lachman GB, et al. 2002. Estimating site occupancy rates when detection probabilities are less than one. Ecology. Same as S42.",2002,peer_reviewed,MODERATE,,,,,detection vs occupancy; FishAI Q2,,,https://doi.org/10.1890/0012-9658(2002)083[2248:ESORWT]2.0.CO;2,yes,MOVEMENT_METHOD_MATRIX.csv; GLOBAL_WILDLIFE_ANALOGUES.md
P365,"Thorson JT. 2019. Guidance for decisions using the Vector Autoregressive Spatio-Temporal (VAST) package in stock, ecosystem, habitat and climate assessments. Fisheries Research 210: 143-161. Same as S72.",2019,peer_reviewed,MODERATE,,,,,spatiotemporal survey models; COG/index,,,https://doi.org/10.1016/j.fishres.2018.10.013,yes,MOVEMENT_METHOD_MATRIX.csv; GLOBAL_WILDLIFE_ANALOGUES.md
P366,"Anderson SC, Ward EJ, English PA, Barnett LAK, Thorson JT. 2025. sdmTMB: an R package for fast, flexible, and user-friendly generalized linear mixed effects models with spatial and spatiotemporal random fields. Journal of Statistical Software 115(2): 1-46. Preprint (S73) doi 10.1101/2022.03.24.485545.",2025,peer_reviewed,MODERATE,,,,,sdmTMB COG/index extraction; published JSS Dec 2025,,,https://doi.org/10.18637/jss.v115.i02,yes,MOVEMENT_METHOD_MATRIX.csv; GLOBAL_WILDLIFE_ANALOGUES.md
P367,"Fleming CH, Fagan WF, Mueller T, et al. 2015. Rigorous home range estimation with movement data: a new autocorrelated kernel density estimator. Ecology. Same as S106.",2015,peer_reviewed,MODERATE,,,,,AKDE,,,https://doi.org/10.1890/14-2010.1,yes,MOVEMENT_METHOD_MATRIX.csv; GLOBAL_WILDLIFE_ANALOGUES.md
P368,"Johnson DS, London JM, Lea MA, Durban JW. 2008. Continuous-time correlated random walk model for animal telemetry data. Ecology. Same as S54.",2008,peer_reviewed,MODERATE,,,,,CTCRW/crawl,,,https://doi.org/10.1890/07-1032.1,yes,MOVEMENT_METHOD_MATRIX.csv; GLOBAL_WILDLIFE_ANALOGUES.md
P369,"Langrock R, King R, Matthiopoulos J, et al. 2012. Hidden Markov models and extensions for animal telemetry. Ecology. Same as S55.",2012,peer_reviewed,MODERATE,,,,,HMM/HSMM,,,https://doi.org/10.1890/11-2241.1,yes,MOVEMENT_METHOD_MATRIX.csv; GLOBAL_WILDLIFE_ANALOGUES.md
P370,"Avgar T, Potts JR, Lewis MA, Boyce MS. 2016. Integrated step selection analysis. Methods in Ecology and Evolution. Same as S58.",2016,peer_reviewed,MODERATE,,,,,iSSA,,,https://doi.org/10.1111/2041-210X.12528,yes,MOVEMENT_METHOD_MATRIX.csv; GLOBAL_WILDLIFE_ANALOGUES.md
P371,"Thurfjell H, Ciuti S, Boyce MS. 2014. Applications of step-selection functions. Movement Ecology. Same as S57.",2014,peer_reviewed,MODERATE,,,,,SSF,,,https://doi.org/10.1186/2051-3933-2-4,yes,MOVEMENT_METHOD_MATRIX.csv; GLOBAL_WILDLIFE_ANALOGUES.md
P372,"Horne JS, Garton EO, Krone SM, Lewis JS. 2007. Analyzing animal movements using Brownian bridges. Ecology. Same as S59.",2007,peer_reviewed,MODERATE,,,,,BBMM,,,https://doi.org/10.1890/06-0957.1,yes,MOVEMENT_METHOD_MATRIX.csv; GLOBAL_WILDLIFE_ANALOGUES.md
P373,"Kranstauber B, Kays R, LaPoint SD, Wikelski M, Safi K. 2012. A dynamic Brownian bridge movement model. Journal of Animal Ecology. Same as S60.",2012,peer_reviewed,MODERATE,,,,,dBBMM,,,https://doi.org/10.1111/j.1365-2656.2012.01955.x,yes,MOVEMENT_METHOD_MATRIX.csv; GLOBAL_WILDLIFE_ANALOGUES.md
P374,"Heupel MR, Semmens JM, Hobday AJ. 2006. Automated acoustic tracking of aquatic animals: scales, design and deployment of listening station arrays. Marine and Freshwater Research. Same as S12.",2006,peer_reviewed,MODERATE,,,,,receiver array design,,,https://doi.org/10.1071/MF05091,yes,MOVEMENT_METHOD_MATRIX.csv; GLOBAL_WILDLIFE_ANALOGUES.md
P375,"Kessel ST, Cooke SJ, Heupel MR, et al. 2014. A review of detection range testing in aquatic passive acoustic telemetry studies. Reviews in Fish Biology and Fisheries. Same as S11.",2014,peer_reviewed,MODERATE,,,,,range tests; non-detection meaning,,,https://doi.org/10.1007/s11160-013-9328-4,yes,MOVEMENT_METHOD_MATRIX.csv; GLOBAL_WILDLIFE_ANALOGUES.md
P376,"Block BA, Jonsen ID, Jorgensen SJ, et al. 2011. Tracking apex marine predator movements in a dynamic ocean. Nature. Same as S09.",2011,peer_reviewed,MODERATE,,,,,pelagic tagging synthesis; tagging-site bias,,,https://doi.org/10.1038/nature10082,yes,MOVEMENT_METHOD_MATRIX.csv; GLOBAL_WILDLIFE_ANALOGUES.md
P377,"Sullivan BL, Wood CL, Iliff MJ, et al. 2009. eBird: a citizen-based bird observation network. Biological Conservation. Same as S78.",2009,peer_reviewed,MODERATE,,,,,effort fields; complete checklists,,,https://ebird.org,yes,MOVEMENT_METHOD_MATRIX.csv; GLOBAL_WILDLIFE_ANALOGUES.md
P378,"Johnston A, Hochachka WM, Strimas-Mackey ME, et al. 2021. Analytical guidelines to increase the value of community science data. Diversity and Distributions. Same as S80.",2021,peer_reviewed,MODERATE,,,,,complete checklists as zeros,,,https://doi.org/10.1111/ddi.13271,yes,MOVEMENT_METHOD_MATRIX.csv; GLOBAL_WILDLIFE_ANALOGUES.md
P379,"Dokter AM, Liechti F, Stark H, et al. 2011. Bird migration flight altitudes studied by a network of operational weather radars. Journal of the Royal Society Interface. Same as S21.",2011,peer_reviewed,MODERATE,,,,,weather radar biomass; no species,,,https://doi.org/10.1098/rsif.2010.0116,yes,MOVEMENT_METHOD_MATRIX.csv; GLOBAL_WILDLIFE_ANALOGUES.md
P380,"Chapman JW, Drake VA, Reynolds DR. 2011. Recent insights from radar studies of insect flight. Annual Review of Entomology. Same as S23.",2011,peer_reviewed,MODERATE,,,,,entomological radar,,,https://doi.org/10.1146/annurev-ento-120709-144820,yes,MOVEMENT_METHOD_MATRIX.csv; GLOBAL_WILDLIFE_ANALOGUES.md
P381,"Tomkiewicz SM, Fuller MR, Kie JG, Bates KK. 2010. Global positioning system and associated technologies in animal behaviour and ecological research. Philosophical Transactions of the Royal Society B. Same as S19.",2010,peer_reviewed,MODERATE,,,,,GPS; not underwater,,,https://doi.org/10.1098/rstb.2009.0227,yes,MOVEMENT_METHOD_MATRIX.csv; GLOBAL_WILDLIFE_ANALOGUES.md
P382,"Hammond PS, Macleod K, Berggren P, et al. 2013. Cetacean abundance and distribution in European Atlantic shelf waters. Biological Conservation. Same as S49.",2013,peer_reviewed,MODERATE,,,,,designed cetacean surveys,,,https://doi.org/10.1016/j.biocon.2013.04.010,yes,MOVEMENT_METHOD_MATRIX.csv; GLOBAL_WILDLIFE_ANALOGUES.md
P383,"Isaac NJB, Jarzyna MA, Keil P, et al. 2020. Data integration for large-scale models of species distributions. TREE. Same as S69.",2020,peer_reviewed,MODERATE,,,,,separate observation processes,,,https://doi.org/10.1016/j.tree.2019.11.007,yes,MOVEMENT_METHOD_MATRIX.csv; GLOBAL_WILDLIFE_ANALOGUES.md
P384,"Fletcher RJ Jr, Hefley TJ, Robertson EP, et al. 2019. A practical guide for combining data to model species distributions. Ecology. Same as S70.",2019,peer_reviewed,MODERATE,,,,,data fusion design,,,https://doi.org/10.1002/ecy.2710,yes,MOVEMENT_METHOD_MATRIX.csv; GLOBAL_WILDLIFE_ANALOGUES.md
P385,"MacKenzie DI, Nichols JD, Hines JE, Knutson MG, Franklin AB. 2003. Estimating site occupancy, colonization, and local extinction when a species is detected imperfectly. Ecology. Same as S111.",2003,peer_reviewed,MODERATE,,,,,dynamic occupancy for seasonal change,,,https://doi.org/10.1890/02-3090,yes,MOVEMENT_METHOD_MATRIX.csv; GLOBAL_WILDLIFE_ANALOGUES.md
P386,"Jetz W, Tertitski G, Kays R, et al. 2022. Biological Earth observation with animal sensors. TREE. Same as S105.",2022,peer_reviewed,MODERATE,,,,,space-based tracking context for ICARUS,,,https://doi.org/10.1016/j.tree.2021.11.012,yes,MOVEMENT_METHOD_MATRIX.csv; GLOBAL_WILDLIFE_ANALOGUES.md
P387,USGS Bird Banding Laboratory program documentation. Same as S113.,,program_documentation,MODERATE,,,,,recovery reporting bias analogue,,,https://www.usgs.gov/labs/bird-banding-laboratory,yes,MOVEMENT_METHOD_MATRIX.csv; GLOBAL_WILDLIFE_ANALOGUES.md
P388,NOAA NCRMP RVC ERDDAP datasets used in this repository. Same as S120.,,repository_record,MODERATE,,,,,FishAI zero-bearing frames,,,https://www.ncei.noaa.gov/erddap,yes,MOVEMENT_METHOD_MATRIX.csv; GLOBAL_WILDLIFE_ANALOGUES.md
P389,CalCOFI CUFES one cruise in repository. Same as S119.,,repository_record,MODERATE,,,,,eggs are not adults,,,https://coastwatch.pfeg.noaa.gov/erddap,yes,MOVEMENT_METHOD_MATRIX.csv; GLOBAL_WILDLIFE_ANALOGUES.md
P390,FishAI repository records: audit/prediction-test/PUERTO_RICO_FINAL_REPORT.md; audit/multi-species/EXECUTION_REPORT.md; audit/project-status/HARSH_PRODUCT_AUDIT.md. Same as S104.,,repository_record,MODERATE,,,,,Keys damselfish pass; kelp bass fail; no telemetry,,,fishai/audit/,yes,MOVEMENT_METHOD_MATRIX.csv; GLOBAL_WILDLIFE_ANALOGUES.md
P391,"Simmonds EJ, MacLennan DN. 2005. Fisheries Acoustics. 2nd edition. Same as S34.",2005,book,MODERATE,,,,,echosounder biomass needs species ground truth,,,https://doi.org/10.1002/9780470995303,yes,MOVEMENT_METHOD_MATRIX.csv; GLOBAL_WILDLIFE_ANALOGUES.md
P392,"Patterson TA, Thomas L, Wilcox C, Ovaskainen O, Matthiopoulos J. 2008. State-space models of individual animal movement. TREE. Same as S52.",2008,peer_reviewed,MODERATE,,,,,SSM family,,,https://doi.org/10.1016/j.tree.2007.10.009,yes,MOVEMENT_METHOD_MATRIX.csv; GLOBAL_WILDLIFE_ANALOGUES.md
P393,"Jonsen ID, Flemming JM, Myers RA. 2005. Robust state-space modeling of animal movement data. Ecology. Same as S53.",2005,peer_reviewed,MODERATE,,,,,SSM for noisy tracks,,,https://doi.org/10.1890/04-1852,yes,MOVEMENT_METHOD_MATRIX.csv; GLOBAL_WILDLIFE_ANALOGUES.md
P394,"McClintock BT, Michelot T. 2018. momentuHMM. Methods in Ecology and Evolution. Same as S56.",2018,peer_reviewed,MODERATE,,,,,HMM software,,,https://doi.org/10.1111/2041-210X.12995,yes,MOVEMENT_METHOD_MATRIX.csv; GLOBAL_WILDLIFE_ANALOGUES.md
P395,"Manly BFJ, McDonald LL, Thomas DL, McDonald TL, Erickson WP. 2002. Resource Selection by Animals. 2nd edition. Same as S110.",2002,book,MODERATE,,,,,RSF family vs SSF,,,https://doi.org/10.1007/0-306-48151-0,yes,MOVEMENT_METHOD_MATRIX.csv; GLOBAL_WILDLIFE_ANALOGUES.md
P396,"Lewison R, Hobday AJ, Maxwell S, et al. 2015. Dynamic ocean management. BioScience. Same as S77.",2015,peer_reviewed,MODERATE,,,,,DOM analogue class,,,https://doi.org/10.1093/biosci/biv018,yes,MOVEMENT_METHOD_MATRIX.csv; GLOBAL_WILDLIFE_ANALOGUES.md
P397,"Sequeira AMM, Rodriguez JP, Eguiluz VM, et al. 2018. Convergence of marine megafauna movement patterns. PNAS. Same as S10.",2018,peer_reviewed,MODERATE,,,,,pooled tracks reflect tagging locations,,,https://doi.org/10.1073/pnas.1716137115,yes,MOVEMENT_METHOD_MATRIX.csv; GLOBAL_WILDLIFE_ANALOGUES.md
P398,"Portugal SJ, White CR. 2018. Miniaturization of biologgers is not alleviating the 5 percent rule. Methods in Ecology and Evolution. Same as S17.",2018,peer_reviewed,MODERATE,,,,,tag mass limits,,,https://doi.org/10.1111/2041-210X.12998,yes,MOVEMENT_METHOD_MATRIX.csv; GLOBAL_WILDLIFE_ANALOGUES.md
P399,Chapman AD. 2020. Current Best Practices for Generalizing Sensitive Species Occurrence Data. GBIF Secretariat. Same as S86.,2020,program_documentation,MODERATE,,,,,coarsen before display,,,https://www.gbif.org,yes,MOVEMENT_METHOD_MATRIX.csv; GLOBAL_WILDLIFE_ANALOGUES.md
P400,NOAA CoastWatch. TurtleWatch product page. Loggerhead preferred band cooler than 65.5 F and warmer than 63.5 F; more than 50 percent of first-quarter interactions historically in the red band.,,program_documentation,MODERATE,,,,,operational TurtleWatch map definition,,,https://coastwatch.noaa.gov/cwn/news/2019-02-15/turtlewatch-tool-reducing-loggerhead-turtle-bycatch.html,yes,MOVEMENT_METHOD_MATRIX.csv; GLOBAL_WILDLIFE_ANALOGUES.md
P700,IHO. S-66 Facts about electronic charts and carriage requirements. Ed. 2.0.0.,2018,specification,LIMITED,,,,,official ENC vs unofficial vector charts; SOLAS carriage,,,https://iho.int/uploads/user/pubs/standards/s-66/S-66%20Ed%202.0.0_Final.pdf,yes,COMMERCIAL_FISHING_SOFTWARE_ANALYSIS.md; COMMERCIAL_TOOL_CAPABILITY_MATRIX.csv
P701,International Hydrographic Organization. Definition of ENC for ECDIS (quoted in S-66): issued by or on the authority of a government hydrographic office.,2018,specification,LIMITED,,,,,navigational charts are not fish maps,,,https://iho.int/uploads/user/pubs/standards/s-66/S-66%20Ed%202.0.0_Final.pdf,yes,COMMERCIAL_FISHING_SOFTWARE_ANALYSIS.md; COMMERCIAL_TOOL_CAPABILITY_MATRIX.csv
P702,IHO Crowdsourced Bathymetry Working Group. IHO publication B-12 guidelines on crowdsourced bathymetry (CSBWG materials).,2019,specification,LIMITED,,,,,CSB unofficial; not ENC content,,,https://iho.int/en/crowdsourced-bathymetry,yes,COMMERCIAL_FISHING_SOFTWARE_ANALYSIS.md; COMMERCIAL_TOOL_CAPABILITY_MATRIX.csv
P703,"Kasum J, et al. Analysis of Crowdsourced Bathymetry Concept and Its Potential Implications on Safety of Navigation. TransNav.",2019,peer_reviewed,MODERATE,,,,,CSB cannot enter ENC; possible CATZOC C analogue,,,"https://www.transnav.eu/files/Analysis_of_Crowdsourced_Bathymetry_Concept_and_It's_Potential_Implications_on_Safety_of_Navigation,1051.pdf",yes,COMMERCIAL_FISHING_SOFTWARE_ANALYSIS.md; COMMERCIAL_TOOL_CAPABILITY_MATRIX.csv
P704,IHO. S-44 Standards for Hydrographic Surveys.,2022,specification,LIMITED,,,,,survey accuracy orders vs crowd sonar,,,https://iho.int/en/standards-and-specifications,yes,COMMERCIAL_FISHING_SOFTWARE_ANALYSIS.md; COMMERCIAL_TOOL_CAPABILITY_MATRIX.csv
P705,IHO. S-57 IHO Transfer Standard for Digital Hydrographic Data.,2014,specification,LIMITED,,,,,ENC object model,,,https://iho.int/en/standards-and-specifications,yes,COMMERCIAL_FISHING_SOFTWARE_ANALYSIS.md; COMMERCIAL_TOOL_CAPABILITY_MATRIX.csv
P706,IHO. Category Zone of Confidence (CATZOC) in ENC (S-57/S-66 guidance).,2018,specification,LIMITED,,,,,uncertainty of charted depth,,,https://iho.int/uploads/user/pubs/standards/s-66/S-66%20Ed%202.0.0_Final.pdf,yes,COMMERCIAL_FISHING_SOFTWARE_ANALYSIS.md; COMMERCIAL_TOOL_CAPABILITY_MATRIX.csv
P707,SevenCs / Hydro International. Applications ready for bathymetric ENCs (bENC as complement not replacement of official ENC).,2012,program_documentation,WEAK,,,,,high-density bathy overlay vs official ENC,,,https://www.hydro-international.com/content/article/applications-ready-for-bathymetric-encs,yes,COMMERCIAL_FISHING_SOFTWARE_ANALYSIS.md; COMMERCIAL_TOOL_CAPABILITY_MATRIX.csv
P708,IHO CSBWG7. Final report noting Garmin/Navionics/TIMEZERO as CSB product providers.,2019,working_paper,MODERATE,,,,,vendors in IHO CSB discussion,,,https://iho.int/uploads/user/Inter-Regional%20Coordination/CSBWG/CSBWG7/CSBWG7-7.3-Final_Report-Full.pdf,yes,COMMERCIAL_FISHING_SOFTWARE_ANALYSIS.md; COMMERCIAL_TOOL_CAPABILITY_MATRIX.csv
P709,GEBCO. Terms of use: public-domain bathymetry; not for navigation.,2024,specification,LIMITED,,,,,gridded bathy is not a navigational chart,,,https://www.gebco.net/data-products/gridded-bathymetry/terms-of-use,yes,COMMERCIAL_FISHING_SOFTWARE_ANALYSIS.md; COMMERCIAL_TOOL_CAPABILITY_MATRIX.csv
P710,Garmin. Common questions from new ActiveCaptain users.,2024,vendor_page,WEAK,,,,,Quickdraw community contribute toggle,,,https://www.garmin.com/en-US/blog/marine/common-questions-new-activecaptain-users/,yes,COMMERCIAL_FISHING_SOFTWARE_ANALYSIS.md; COMMERCIAL_TOOL_CAPABILITY_MATRIX.csv
P711,Garmin. Beyond the charts: how Garmin develops its leading marine mapping.,2024,vendor_page,WEAK,,,,,survey teams plus crowd sonar; SonarChart,,,https://www.garmin.com/en-US/blog/marine/beyond-the-charts-how-garmin-develops-its-leading-marine-mapping/,yes,COMMERCIAL_FISHING_SOFTWARE_ANALYSIS.md; COMMERCIAL_TOOL_CAPABILITY_MATRIX.csv
P712,Garmin. Types of updates (Garmin Navionics+ / Vision+; 0.5 m HD bathymetry from sonar logs).,2025,vendor_page,WEAK,,,,,claimed 0.5 m bathymetry; 15-30 day official data integration,,,https://www.garmin.sa/types-of-updates/,yes,COMMERCIAL_FISHING_SOFTWARE_ANALYSIS.md; COMMERCIAL_TOOL_CAPABILITY_MATRIX.csv
P713,Garmin. Garmin data reveals popular boating spots (Quickdraw Community).,2023,vendor_page,WEAK,,,,,community maps; coverage follows users,,,https://www.garmin.com/en-US/blog/marine/garmin-data-reveals-popular-boating-spots/,yes,COMMERCIAL_FISHING_SOFTWARE_ANALYSIS.md; COMMERCIAL_TOOL_CAPABILITY_MATRIX.csv
P714,Garmin Developers. Navionics mobile SDK (SonarChart HD bathymetry for third-party apps).,2025,vendor_page,WEAK,,,,,SonarChart licensed into apps including fishing apps,,,https://developer.garmin.com/marine-charts/mobile/,yes,COMMERCIAL_FISHING_SOFTWARE_ANALYSIS.md; COMMERCIAL_TOOL_CAPABILITY_MATRIX.csv
P715,Garmin Support. How to record sonar logs with your Garmin plotter.,2024,support_page,WEAK,,,,,sonar log for SonarChart; ~1 week integration claimed,,,https://support.garmin.com/en-IN/?faq=u3ZNQ4L2j1ArSePmkJBgaA,yes,COMMERCIAL_FISHING_SOFTWARE_ANALYSIS.md; COMMERCIAL_TOOL_CAPABILITY_MATRIX.csv
P716,IHO CSBWG7 final report (2019) records Navionics as now owned by Garmin; Garmin mapping blog treats SonarChart as a Garmin product.,2019,program_documentation,MODERATE,,,,,Navionics under Garmin since 2017 acquisition era,,,https://iho.int/uploads/user/Inter-Regional%20Coordination/CSBWG/CSBWG7/CSBWG7-7.3-Final_Report-Full.pdf,yes,COMMERCIAL_FISHING_SOFTWARE_ANALYSIS.md; COMMERCIAL_TOOL_CAPABILITY_MATRIX.csv
P717,West Marine. How to make your own sonar maps (Quickdraw vs Genesis vs SonarChart).,2018,vendor_page,WEAK,,,,,three crowd-bathy workflows,,,https://www.westmarine.com/west-advisor/Making-Your-Own-Contour-Maps.html,yes,COMMERCIAL_FISHING_SOFTWARE_ANALYSIS.md; COMMERCIAL_TOOL_CAPABILITY_MATRIX.csv
P718,TIMEZERO. About us (MaxSea founded 1980s; TIMEZERO brand-only from 2016; Nobeltec joined 2009).,2024,vendor_page,WEAK,,,,,MaxSea product name retired; company continues,,,https://mytimezero.com/about,yes,COMMERCIAL_FISHING_SOFTWARE_ANALYSIS.md; COMMERCIAL_TOOL_CAPABILITY_MATRIX.csv
P719,"TIMEZERO. Commercial fishing / TZ Professional (PBG, oceanography overlays, sounder module).",2025,vendor_page,WEAK,,,,,bathymetry + SST/chl overlays; fishing workspace,,,https://mytimezero.com/tz-professional/solution-for-commercial-fishing/,yes,COMMERCIAL_FISHING_SOFTWARE_ANALYSIS.md; COMMERCIAL_TOOL_CAPABILITY_MATRIX.csv
P720,TIMEZERO. TZ Professional product page (AIS module; fishing workspace).,2025,vendor_page,WEAK,,,,,AIS configuration and fishing workspace,,,https://mytimezero.com/tz-professional,yes,COMMERCIAL_FISHING_SOFTWARE_ANALYSIS.md; COMMERCIAL_TOOL_CAPABILITY_MATRIX.csv
P721,TIMEZERO Blog. Nobeltec and MaxSea unite under TIMEZERO.,2016,vendor_page,WEAK,,,,,legacy Navtrek/Nobeltec merged,,,https://blog.mytimezero.com/nobeltec-maxsea-unite/,yes,COMMERCIAL_FISHING_SOFTWARE_ANALYSIS.md; COMMERCIAL_TOOL_CAPABILITY_MATRIX.csv
P722,Furuno Norge. TimeZero Professional V5 (AIS fishing mode colours targets in speed bands; BathyVision; TZ MAPS).,2023,vendor_page,WEAK,,,,,AIS fishing mode is kinematics not biomass,,,https://www.furuno.no/no/aktuelt/timezero-professional-v5-er-her/,yes,COMMERCIAL_FISHING_SOFTWARE_ANALYSIS.md; COMMERCIAL_TOOL_CAPABILITY_MATRIX.csv
P723,BoatNews. MaxSea marks 40 years of marine navigation software evolution with TIMEZERO.,2025,news,LIMITED,,,,,company alive 2025 under TIMEZERO brand,,,https://www.boatnews.com/story/50767/maxsea-marks-40-years-of-marine-navigation-software-evolution-with-timezero,yes,COMMERCIAL_FISHING_SOFTWARE_ANALYSIS.md; COMMERCIAL_TOOL_CAPABILITY_MATRIX.csv
P724,Furuno Europe. MaxSea celebrates 40 years of innovation.,2025,vendor_page,WEAK,,,,,Furuno-MaxSea partnership; TIMEZERO series,,,https://furuno.eu/en/news/maxsea-celebrates-40-years-of-innovation,yes,COMMERCIAL_FISHING_SOFTWARE_ANALYSIS.md; COMMERCIAL_TOOL_CAPABILITY_MATRIX.csv
P725,METSTRADE. MaxSea exhibitor listing pointing to mytimezero.com.,2025,vendor_page,WEAK,,,,,MaxSea company at METSTRADE 2025,,,https://www.metstrade.com/products-and-services/maxsea,yes,COMMERCIAL_FISHING_SOFTWARE_ANALYSIS.md; COMMERCIAL_TOOL_CAPABILITY_MATRIX.csv
P726,"Electronic Navigation Ltd. TZ Professional v5 bulletin (TZ MAPS, AIS Fishing Mode, DFF3-UHD).",2023,vendor_page,WEAK,,,,,v5 feature list,,,https://hail.to/enl-technology-hub/publication/AxFHwK3/article/7QxRdJc,yes,COMMERCIAL_FISHING_SOFTWARE_ANALYSIS.md; COMMERCIAL_TOOL_CAPABILITY_MATRIX.csv
P727,MySailing. New features for Australia and New Zealand Navionics chart customers (SonarChart 0.5 m to 30 m; daily rebuild; Garmin logs ~1 week).,2016,news,WEAK,,,,,SonarChart contour claim and processing lag,,,https://www.mysailing.com.au/new-features-for-australia-and-new-zealand-navionics-chart-customers/,yes,COMMERCIAL_FISHING_SOFTWARE_ANALYSIS.md; COMMERCIAL_TOOL_CAPABILITY_MATRIX.csv
P728,Furuno USA. DFF3D multibeam sonar product page (165 kHz; 300 m down / 200 m sidebar claimed).,2025,vendor_page,WEAK,,,,,claimed ranges; 3D fish-finding language,,,https://www.furunousa.com/en/products/dff3d,yes,COMMERCIAL_FISHING_SOFTWARE_ANALYSIS.md; COMMERCIAL_TOOL_CAPABILITY_MATRIX.csv
P729,Furuno. Network multi beam sonar DFF-3D (PBG up to 5 m cells with TZ; switch to single-beam >200 m).,2023,vendor_page,WEAK,,,,,personal bathymetry from multibeam,,,https://www.furuno.com/en/products/multibeamsonar/dff-3d/index.html,yes,COMMERCIAL_FISHING_SOFTWARE_ANALYSIS.md; COMMERCIAL_TOOL_CAPABILITY_MATRIX.csv
P730,Furuno. WASSP F3 series (224 beams; 120°; 160 or 80 kHz; mapping licences).,2024,vendor_page,WEAK,,,,,professional multibeam mapping,,,https://www.furuno.com/en/products/multibeamsonar/f3-series/index.html,yes,COMMERCIAL_FISHING_SOFTWARE_ANALYSIS.md; COMMERCIAL_TOOL_CAPABILITY_MATRIX.csv
P731,Furuno USA. DFF3D overview PDF (41 beams; 120°; four presentation modes).,2016,vendor_page,WEAK,,,,,beam count and display modes,,,https://www.furunousa.com/-/media/sites/furuno/document_library/documents/manuals/public_manuals/dff3d_overview.pdf,yes,COMMERCIAL_FISHING_SOFTWARE_ANALYSIS.md; COMMERCIAL_TOOL_CAPABILITY_MATRIX.csv
P732,"Simrad. Sonar imaging (Active Imaging, StructureScan 3D, ForwardScan).",2025,vendor_page,WEAK,,,,,recreational structure sonar claims,,,https://www.simrad-yachting.com/en-au/sonar-and-transducers/sonar-imaging/,yes,COMMERCIAL_FISHING_SOFTWARE_ANALYSIS.md; COMMERCIAL_TOOL_CAPABILITY_MATRIX.csv
P733,Simrad. StructureScan 3D (up to 180 m each side claimed).,2025,vendor_page,WEAK,,,,,side-scan range claim,,,https://www.simrad-yachting.com/en-gb/sonar-and-transducers/structurescan-3d/,yes,COMMERCIAL_FISHING_SOFTWARE_ANALYSIS.md; COMMERCIAL_TOOL_CAPABILITY_MATRIX.csv
P734,Simrad. StructureScan HD imaging module (SideScan/DownScan; depths to 100 m claimed).,2024,vendor_page,WEAK,,,,,HD module specs,,,https://www.simrad-yachting.com/simrad/type/sonar-and-transducer/structure-scan-hd-no-xdcr-lss-2/,yes,COMMERCIAL_FISHING_SOFTWARE_ANALYSIS.md; COMMERCIAL_TOOL_CAPABILITY_MATRIX.csv
P735,Simrad. Sonar and transducers (ForwardScan 4-5x nominal and 8x max current depth).,2025,vendor_page,WEAK,,,,,forward-looking sonar for navigation not ecology,,,https://www.simrad-yachting.com/simrad/type/sonar-and-transducers/,yes,COMMERCIAL_FISHING_SOFTWARE_ANALYSIS.md; COMMERCIAL_TOOL_CAPABILITY_MATRIX.csv
P736,Garmin. Quickdraw Contours product page (1-foot contours; optional community share).,2024,vendor_page,WEAK,,,,,on-device crowd bathy,,,https://www.garmin.com.sg/products/onthewater/garmin-quickdraw-contours/,yes,COMMERCIAL_FISHING_SOFTWARE_ANALYSIS.md; COMMERCIAL_TOOL_CAPABILITY_MATRIX.csv
P737,Garmin. GPSMAP owner's manual: mapping a body of water using Quickdraw Contours.,2024,support_page,WEAK,,,,,requires sonar depth + GPS + card,,,https://www8.garmin.com/manuals/webhelp/gpsmap_touch/EN-US/GUID-F234EE47-8382-4E67-9795-187A059C4FA1.html,yes,COMMERCIAL_FISHING_SOFTWARE_ANALYSIS.md; COMMERCIAL_TOOL_CAPABILITY_MATRIX.csv
P738,C-MAP. Genesis How it works FAQ (social vs private maps; .GSD depth-only vs .SL* with vegetation).,2024,vendor_page,WEAK,,,,,inputs and social map,,,https://www.genesismaps.com/HowItWorks/Faq,yes,COMMERCIAL_FISHING_SOFTWARE_ANALYSIS.md; COMMERCIAL_TOOL_CAPABILITY_MATRIX.csv
P739,"C-MAP. Genesis How it works (record, upload, download contours).",2024,vendor_page,WEAK,,,,,workflow; 1-foot fishing-map language,,,https://www.genesismaps.com/HowItWorks/,yes,COMMERCIAL_FISHING_SOFTWARE_ANALYSIS.md; COMMERCIAL_TOOL_CAPABILITY_MATRIX.csv
P740,C-MAP. Genesis Social Map (1-foot contours claimed; vegetation and hardness on Edge).,2025,vendor_page,WEAK,,,,,product still sold 2026-09-27,,,https://www.c-map.com/social-map/,yes,COMMERCIAL_FISHING_SOFTWARE_ANALYSIS.md; COMMERCIAL_TOOL_CAPABILITY_MATRIX.csv
P741,Lowrance. Why use Genesis Live on your C-MAP chart.,2018,vendor_page,WEAK,,,,,Genesis Live launched Sept 2018,,,https://www.lowrance.com/en-gb/news--videos/blog-why-use-genesis/,yes,COMMERCIAL_FISHING_SOFTWARE_ANALYSIS.md; COMMERCIAL_TOOL_CAPABILITY_MATRIX.csv
P742,C-MAP Fishing blog. Genesis Live .GSD can be uploaded (depth and GPS only).,2023,vendor_page,WEAK,,,,,Live file lacks vegetation/hardness,,,https://insightgenesis.wordpress.com/2023/04/19/the-genesis-live-file-gsd-can-now-be-uploaded-to-your-account/,yes,COMMERCIAL_FISHING_SOFTWARE_ANALYSIS.md; COMMERCIAL_TOOL_CAPABILITY_MATRIX.csv
P743,"Helminen J, Linnansaari T. 2019. Accuracy and precision of low-cost echosounder and automated data processing software for habitat mapping in a large river. Diversity 11(7): 116.",2019,peer_reviewed,MODERATE,,,,,BioBase/Lowrance independent depth and vegetation test,,,https://doi.org/10.3390/d11070116,yes,COMMERCIAL_FISHING_SOFTWARE_ANALYSIS.md; COMMERCIAL_TOOL_CAPABILITY_MATRIX.csv
P744,BioBase. Paper published: accuracy and precision of low-cost echosounder (summary of Helminen et al. 2019).,2019,vendor_page,WEAK,,,,,vendor pointer to independent paper,,,https://blog.biobasemaps.com/2019/07/19/biobase-paper-published-accuracy-and-precision-of-low-cost-echosounder-and-automated-data-processing-software-for-habitat-mapping-in-a-large-river/,yes,COMMERCIAL_FISHING_SOFTWARE_ANALYSIS.md; COMMERCIAL_TOOL_CAPABILITY_MATRIX.csv
P745,BioBase. EcoSound FAQs (WAAS GPS; 200 kHz vegetation; hardness algorithm).,2024,vendor_page,WEAK,,,,,scientific use of same backend as Genesis,,,https://www.biobasemaps.com/Faqs/EcoSound,yes,COMMERCIAL_FISHING_SOFTWARE_ANALYSIS.md; COMMERCIAL_TOOL_CAPABILITY_MATRIX.csv
P746,BioBase. EcoSound vegetation and bottom hardness algorithms improved.,2021,vendor_page,WEAK,,,,,shared backend with C-MAP Genesis,,,https://blog.biobasemaps.com/2021/02/26/biobase-ecosound-vegetation-and-bottom-hardness-algorithms-improved/,yes,COMMERCIAL_FISHING_SOFTWARE_ANALYSIS.md; COMMERCIAL_TOOL_CAPABILITY_MATRIX.csv
P747,"Simmonds EJ, MacLennan DN. 2005. Fisheries Acoustics: Theory and Practice. 2nd ed. Blackwell.",2005,book,MODERATE,,,,,acoustic biomass needs TS and survey design,,,,yes,COMMERCIAL_FISHING_SOFTWARE_ANALYSIS.md; COMMERCIAL_TOOL_CAPABILITY_MATRIX.csv
P748,Fishbrain. Fishing app and fishing tools (homepage; catch locations; Garmin charts; AI spot prediction).,2026,vendor_page,WEAK,,,,,product live 2026-09-27,,,https://fishbrain.com/,yes,COMMERCIAL_FISHING_SOFTWARE_ANALYSIS.md; COMMERCIAL_TOOL_CAPABILITY_MATRIX.csv
P749,"Fishbrain. Features (BiteGuide, depth maps, logbook).",2026,vendor_page,WEAK,,,,,forecast and catch-log claims,,,https://fishbrain.com/features,yes,COMMERCIAL_FISHING_SOFTWARE_ANALYSIS.md; COMMERCIAL_TOOL_CAPABILITY_MATRIX.csv
P750,Fishbrain Support. How can I use the Pro features? (exact pins; 1-mile radius; C-Map/Navionics; AI spots).,2025,support_page,WEAK,,,,,exact catch positions; coverage bias note,,,https://support.fishbrain.com/hc/en-us/articles/22539037330076-How-can-I-use-the-Pro-features,yes,COMMERCIAL_FISHING_SOFTWARE_ANALYSIS.md; COMMERCIAL_TOOL_CAPABILITY_MATRIX.csv
P751,"Fishbrain Support. What is BiteGuide? (BiteScore, BiteTime, Best Baits).",2025,support_page,WEAK,,,,,activity score is not occurrence,,,https://support.fishbrain.com/hc/en-us/articles/26183937487900-What-is-BiteGuide,yes,COMMERCIAL_FISHING_SOFTWARE_ANALYSIS.md; COMMERCIAL_TOOL_CAPABILITY_MATRIX.csv
P752,Fishbrain Help Center. The Fishbrain map.,2024,support_page,WEAK,,,,,map layers including spot predictions,,,https://fishbrain.helpshift.com/hc/en/3-fishbrain---social-fishing-forecast-app/faq/465-the-fishbrain-map---what-it-is-and-how-to-use-it-1706531639/?l=en,yes,COMMERCIAL_FISHING_SOFTWARE_ANALYSIS.md; COMMERCIAL_TOOL_CAPABILITY_MATRIX.csv
P753,"Helms A, et al. 2024. The potential for crowdsourced data from the Fishbrain app to inform fish stock assessments. AGU Ocean Sciences abstract OS44A-0337.",2024,preprint_or_abstract,MODERATE,,,,,cabezon ID 95.3%; RecFIN size trends not reproduced,,,https://ui.adsabs.harvard.edu/abs/2024AGUOSF44A.0337H/abstract,yes,COMMERCIAL_FISHING_SOFTWARE_ANALYSIS.md; COMMERCIAL_TOOL_CAPABILITY_MATRIX.csv
P754,"Gundelund C, et al. 2021. Evaluation of a citizen science platform for collecting fisheries data from coastal sea trout anglers. Canadian Journal of Fisheries and Aquatic Sciences.",2021,peer_reviewed,MODERATE,,,,,app data vs creel/aerial; missing zeros and avidity,,,https://doi.org/10.1139/cjfas-2020-0364,yes,COMMERCIAL_FISHING_SOFTWARE_ANALYSIS.md; COMMERCIAL_TOOL_CAPABILITY_MATRIX.csv
P755,NOAA Fisheries. Citizen science in fishery stock assessments: review and recommendations. NOAA Tech. Memo. NMFS-F/SPO-253.,2024,program_documentation,MODERATE,,,,,biases in volunteer catch data,,,https://spo.nmfs.noaa.gov/sites/default/files/NMFS-FSPO-253-Citizen-Sci-web.pdf,yes,COMMERCIAL_FISHING_SOFTWARE_ANALYSIS.md; COMMERCIAL_TOOL_CAPABILITY_MATRIX.csv
P756,"Tate A, et al. 2025. Coverage matters: identifying and mitigating sampling frame issues in recreational fishing surveys. Reviews in Fish Biology and Fisheries.",2025,peer_reviewed,MODERATE,,,,,smartphone apps often non-probabilistic,,,https://doi.org/10.1007/s11160-025-09921-2,yes,COMMERCIAL_FISHING_SOFTWARE_ANALYSIS.md; COMMERCIAL_TOOL_CAPABILITY_MATRIX.csv
P757,"Johnston A, Hochachka WM, Strimas-Mackey ME, et al. 2021. Analytical guidelines to increase the value of community science data. Diversity and Distributions.",2021,peer_reviewed,MODERATE,,,,,effort and complete checklists; analogue for catch apps,,,,yes,COMMERCIAL_FISHING_SOFTWARE_ANALYSIS.md; COMMERCIAL_TOOL_CAPABILITY_MATRIX.csv
P758,SatFish. About SatFish offshore fishing maps.,2026,vendor_page,WEAK,,,,,SST and chlorophyll over bathymetry; bite-zone language,,,https://www.satfish.com/about-satfish-offshore-fishing-maps/,yes,COMMERCIAL_FISHING_SOFTWARE_ANALYSIS.md; COMMERCIAL_TOOL_CAPABILITY_MATRIX.csv
P759,SatFish. Frequently asked questions (update rates; clouds; composites).,2026,vendor_page,WEAK,,,,,4-8 h SST if clear; composites daily,,,https://www.satfish.com/frequently-asked-questions/,yes,COMMERCIAL_FISHING_SOFTWARE_ANALYSIS.md; COMMERCIAL_TOOL_CAPABILITY_MATRIX.csv
P760,SatFish. Sea surface temperature charts.,2026,vendor_page,WEAK,,,,,IR SST; cloud masking; up to 8-12 images/day claimed,,,https://www.satfish.com/sea-surface-temperature/,yes,COMMERCIAL_FISHING_SOFTWARE_ANALYSIS.md; COMMERCIAL_TOOL_CAPABILITY_MATRIX.csv
P761,SatFish. Chlorophyll concentration maps.,2026,vendor_page,WEAK,,,,,daytime ocean colour; composites,,,https://www.satfish.com/chlorophyll/,yes,COMMERCIAL_FISHING_SOFTWARE_ANALYSIS.md; COMMERCIAL_TOOL_CAPABILITY_MATRIX.csv
P762,SatFish. Map features table.,2026,vendor_page,WEAK,,,,,layer list and claimed cadences,,,https://www.satfish.com/satfish-map-features/,yes,COMMERCIAL_FISHING_SOFTWARE_ANALYSIS.md; COMMERCIAL_TOOL_CAPABILITY_MATRIX.csv
P763,Terrafin. SST-View home (since 1998; NOAA and European satellites; membership).,2026,vendor_page,WEAK,,,,,product live; quality stars; last 20 images,,,https://terrafin.com/sstview/index.php,yes,COMMERCIAL_FISHING_SOFTWARE_ANALYSIS.md; COMMERCIAL_TOOL_CAPABILITY_MATRIX.csv
P764,Terrafin. SST-View FAQ (POES processing; chlorophyll ~1 shot/day; NASA lag ~18 h).,2024,vendor_page,WEAK,,,,,inputs and lag,,,https://terrafin.com/sstview/faq.php,yes,COMMERCIAL_FISHING_SOFTWARE_ANALYSIS.md; COMMERCIAL_TOOL_CAPABILITY_MATRIX.csv
P765,Terrafin. Chlorophyll charts info (update limits; colour as chlorophyll proxy).,2024,vendor_page,WEAK,,,,,optical limits,,,https://terrafin.com/sstview/chlorhelp.php,yes,COMMERCIAL_FISHING_SOFTWARE_ANALYSIS.md; COMMERCIAL_TOOL_CAPABILITY_MATRIX.csv
P766,Hilton's Fishing Charts LLC. Realtime-Navigator home (launched May 2004; 34 regions claimed).,2026,vendor_page,WEAK,,,,,SST 6-12/day; chlorophyll composites; user interpretation,,,https://realtime-navigator.com/,yes,COMMERCIAL_FISHING_SOFTWARE_ANALYSIS.md; COMMERCIAL_TOOL_CAPABILITY_MATRIX.csv
P767,Hilton's Realtime-Navigator. Info page (36 regions; SAT2NAV offline nav).,2026,vendor_page,WEAK,,,,,product live 2026-09-27,,,https://www.realtime-navigator.com/info.php,yes,COMMERCIAL_FISHING_SOFTWARE_ANALYSIS.md; COMMERCIAL_TOOL_CAPABILITY_MATRIX.csv
P768,Hilton's Realtime-Navigator. Tutorial (cross-reference layers; overlapping favourable areas).,2023,vendor_page,WEAK,,,,,product teaches angler inference not a model score,,,https://www.realtime-navigator.com/tutorial.php,yes,COMMERCIAL_FISHING_SOFTWARE_ANALYSIS.md; COMMERCIAL_TOOL_CAPABILITY_MATRIX.csv
P769,Hilton's Realtime-Navigator. Legacy RTN introduction page.,2005,vendor_page,WEAK,,,,,early product description,,,http://www.realtime-navigator.com/RTN.htm,yes,COMMERCIAL_FISHING_SOFTWARE_ANALYSIS.md; COMMERCIAL_TOOL_CAPABILITY_MATRIX.csv
P770,"FishTrack. Homepage (cloud-free SST, chlorophyll, currents, weather).",2026,vendor_page,WEAK,,,,,product live 2026-09-27,,,https://fishtrack.com/,yes,COMMERCIAL_FISHING_SOFTWARE_ANALYSIS.md; COMMERCIAL_TOOL_CAPABILITY_MATRIX.csv
P771,FishTrack. Fishing charts (update several times/day claimed; bullseye lat/lon/depth/temp).,2026,vendor_page,WEAK,,,,,ocean-condition layers plus bite-zone language,,,https://www.fishtrack.com/fishing-charts,yes,COMMERCIAL_FISHING_SOFTWARE_ANALYSIS.md; COMMERCIAL_TOOL_CAPABILITY_MATRIX.csv
P772,Google Play. FishTrack - Fishing Charts listing (updated Jan 2025).,2025,vendor_page,WEAK,,,,,app still distributed,,,https://play.google.com/store/apps/details?id=com.fishtrack.android&hl=en,yes,COMMERCIAL_FISHING_SOFTWARE_ANALYSIS.md; COMMERCIAL_TOOL_CAPABILITY_MATRIX.csv
P773,Apple App Store. FishTrack - Charts and Forecasts.,2026,vendor_page,WEAK,,,,,iOS app live,,,https://apps.apple.com/us/app/fishtrack-charts-forecasts/id952022603,yes,COMMERCIAL_FISHING_SOFTWARE_ANALYSIS.md; COMMERCIAL_TOOL_CAPABILITY_MATRIX.csv
P774,FishTrack Support. How do I upgrade to Premium in the app?,2023,support_page,WEAK,,,,,subscription still offered,,,https://support.fishtrack.com/hc/en-us/articles/360023105811-How-do-I-upgrade-to-Premium-in-the-app,yes,COMMERCIAL_FISHING_SOFTWARE_ANALYSIS.md; COMMERCIAL_TOOL_CAPABILITY_MATRIX.csv
P775,"Forecast Ocean Plus, Inc. Home (JAMSTEC venture; ocean forecast and consulting including fishing industries).",2026,vendor_page,WEAK,,,,,product live; ocean state not species,,,https://www.forecastocean.com/e/,yes,COMMERCIAL_FISHING_SOFTWARE_ANALYSIS.md; COMMERCIAL_TOOL_CAPABILITY_MATRIX.csv
P776,Forecast Ocean Plus. Corporate profile (founded March 2009; Tokyo).,2024,vendor_page,WEAK,,,,,company exists,,,http://forecastocean.com/e/company.html,yes,COMMERCIAL_FISHING_SOFTWARE_ANALYSIS.md; COMMERCIAL_TOOL_CAPABILITY_MATRIX.csv
P777,Forecast Ocean Plus. R&D Alliance (JCOPE 1/12° NW Pacific; FGO ~10 km).,2024,vendor_page,WEAK,,,,,claimed model resolutions,,,https://www.forecastocean.com/e/research.html,yes,COMMERCIAL_FISHING_SOFTWARE_ANALYSIS.md; COMMERCIAL_TOOL_CAPABILITY_MATRIX.csv
P778,LinkedIn. OceanPlus Ltd (UK weather routing; not a satellite fishing map).,2024,vendor_page,WEAK,,,,,different OceanPlus; do not conflate,,,https://linkedin.com/company/oceanplus-ltd,yes,COMMERCIAL_FISHING_SOFTWARE_ANALYSIS.md; COMMERCIAL_TOOL_CAPABILITY_MATRIX.csv
P779,CLS Fisheries. CATSAT: smart fishing intelligence.,2026,vendor_page,WEAK,,,,,>1200 vessels claimed; micronekton maps,,,https://fisheries.groupcls.com/fishermen/catsat-smart-fishing-intelligence/,yes,COMMERCIAL_FISHING_SOFTWARE_ANALYSIS.md; COMMERCIAL_TOOL_CAPABILITY_MATRIX.csv
P780,"Thalos. CATSAT oceanographic solution (SST, SLA, plankton, zooplankton, micronekton, AIS).",2025,vendor_page,WEAK,,,,,onboard layers,,,https://www.thalos.fr/en/digital-solutions/operational-efficiency/catsat/,yes,COMMERCIAL_FISHING_SOFTWARE_ANALYSIS.md; COMMERCIAL_TOOL_CAPABILITY_MATRIX.csv
P781,CATSAT. What is CATSAT (40+ ocean products claimed).,2025,vendor_page,WEAK,,,,,product site live,,,https://www.catsat.com/catsat-fish-software/,yes,COMMERCIAL_FISHING_SOFTWARE_ANALYSIS.md; COMMERCIAL_TOOL_CAPABILITY_MATRIX.csv
P782,CLS Fisheries. CATSAT for longliners (v7; fronts; hook-depth tools).,2026,vendor_page,WEAK,,,,,fishing-decision module,,,https://fisheries.groupcls.com/fishermen/catsat-smart-fishing-intelligence/catsat-for-longliners/,yes,COMMERCIAL_FISHING_SOFTWARE_ANALYSIS.md; COMMERCIAL_TOOL_CAPABILITY_MATRIX.csv
P783,CLS Datastore. Marine productivity / pelagic fishing products.,2025,vendor_page,WEAK,,,,,satellite+model maps for vessels,,,https://datastore.groupcls.com/products/fisheries/,yes,COMMERCIAL_FISHING_SOFTWARE_ANALYSIS.md; COMMERCIAL_TOOL_CAPABILITY_MATRIX.csv
P784,ROFFS. About (West Melbourne FL; satellite fishing analyses).,2026,vendor_page,WEAK,,,,,analyst-interpreted fishing charts; product live,,,https://roffs.com/about/,yes,COMMERCIAL_FISHING_SOFTWARE_ANALYSIS.md; COMMERCIAL_TOOL_CAPABILITY_MATRIX.csv
P785,ROFFS. Using satellite imagery to aid the fishing community (IDL/ENVI processing; custom dots).,2019,vendor_page,WEAK,,,,,pinpoint locations; no skill score,,,https://roffs.com/2019/01/using-satellite-imagery-aid-fishing-community/,yes,COMMERCIAL_FISHING_SOFTWARE_ANALYSIS.md; COMMERCIAL_TOOL_CAPABILITY_MATRIX.csv
P786,NASA Spinoff. Forecasting fish from space (ROFFS history from 1987).,2018,news,WEAK,,,,,NASA data use; not an independent skill test,,,https://spinoff.nasa.gov/Forecasting_Fish_from_Space,yes,COMMERCIAL_FISHING_SOFTWARE_ANALYSIS.md; COMMERCIAL_TOOL_CAPABILITY_MATRIX.csv
P787,HySpeed Computing. ROFFS fishing services (Sentinel-3 ingest testimonial).,2020,vendor_page,WEAK,,,,,customer testimonial only,,,https://www.hyspeedcomputing.com/roffs-fishing.html,yes,COMMERCIAL_FISHING_SOFTWARE_ANALYSIS.md; COMMERCIAL_TOOL_CAPABILITY_MATRIX.csv
P788,"ROFFS. Oil and gas oceanographic analyses (IR, colour, altimeter).",2026,vendor_page,WEAK,,,,,same remote-sensing stack used outside fishing,,,https://roffs.com/oil-gas/,yes,COMMERCIAL_FISHING_SOFTWARE_ANALYSIS.md; COMMERCIAL_TOOL_CAPABILITY_MATRIX.csv
P789,"Solanki HU, et al. Validation of integrated potential fishing zone forecast using satellite based chlorophyll and SST along the east coast of India. International Journal of Remote Sensing.",2005,peer_reviewed,MODERATE,,,,,INCOIS-style PFZ CPUE higher in advised zones,,,,yes,COMMERCIAL_FISHING_SOFTWARE_ANALYSIS.md; COMMERCIAL_TOOL_CAPABILITY_MATRIX.csv
P790,"Tummala SK, et al. Validations on satellite based potential fishing zone advisories along Goa. Indian Journal of Geo-Marine Sciences / related PFZ validation literature.",2014,peer_reviewed,MODERATE,,,,,PFZ as catch-rate not occurrence test,,,,yes,COMMERCIAL_FISHING_SOFTWARE_ANALYSIS.md; COMMERCIAL_TOOL_CAPABILITY_MATRIX.csv
P791,"George G, et al. Validation of Potential Fishing Zone forecasts from Andaman and Nicobar Islands. Fishery Technology.",2013,peer_reviewed,MODERATE,,,,,paired-gear CPUE inside vs outside PFZ,,,https://epubs.icar.org.in/index.php/FT/article/download/31605/14168/71338,yes,COMMERCIAL_FISHING_SOFTWARE_ANALYSIS.md; COMMERCIAL_TOOL_CAPABILITY_MATRIX.csv
P792,"Nayak S, et al. / INCOIS. Forecasting the oceans: oceanographic services from INCOIS (PFZ search-time and CPUE claims).",2010,program_documentation,MODERATE,,,,,government PFZ operational since ~1990s/1999,,,,yes,COMMERCIAL_FISHING_SOFTWARE_ANALYSIS.md; COMMERCIAL_TOOL_CAPABILITY_MATRIX.csv
P793,"Sarma VVSS, et al. Modelling of marine ecosystem in regional scale for short term prediction of satellite-aided operational fishery advisories. Journal of Operational Oceanography.",2019,peer_reviewed,MODERATE,,,,,PFZ front detection vs models,,,https://doi.org/10.1080/1755876X.2019.1574951,yes,COMMERCIAL_FISHING_SOFTWARE_ANALYSIS.md; COMMERCIAL_TOOL_CAPABILITY_MATRIX.csv
P794,"Laurs RM, Fiedler PC, Montgomery DR. 1984. Albacore tuna catch distributions relative to environmental features observed from satellites. Deep-Sea Research.",1984,peer_reviewed,MODERATE,,,,,classic SST/colour-catch association; catchability,,,,yes,COMMERCIAL_FISHING_SOFTWARE_ANALYSIS.md; COMMERCIAL_TOOL_CAPABILITY_MATRIX.csv
P795,"Fiedler PC, Bernard HJ. 1987. Tuna aggregation and feeding near fronts observed in satellite imagery. Continental Shelf Research.",1987,peer_reviewed,MODERATE,,,,,fronts concentrate catchable tuna,,,,yes,COMMERCIAL_FISHING_SOFTWARE_ANALYSIS.md; COMMERCIAL_TOOL_CAPABILITY_MATRIX.csv
P796,Satlink. Smart selective buoy ISD+ (dual echosounder; species composition claims).,2025,vendor_page,WEAK,,,,,FAD buoy species-mix marketing,,,https://satlink.es/en/solutions/solutions-for-the-fishing-industry/satellite-echosounder-buoys/smart-selective-buoy-isd,yes,COMMERCIAL_FISHING_SOFTWARE_ANALYSIS.md; COMMERCIAL_TOOL_CAPABILITY_MATRIX.csv
P797,Marine Instruments. Echo sounder satellite buoy M3i+ (50/200 kHz; 150 m; 3 m layers; 6 m blind zone).,2025,vendor_page,WEAK,,,,,direct acoustic specs,,,https://www.marineinstruments.es/products/echo-sounder-satellite-buoy/,yes,COMMERCIAL_FISHING_SOFTWARE_ANALYSIS.md; COMMERCIAL_TOOL_CAPABILITY_MATRIX.csv
P798,Marine Instruments. Echo sounder satellite buoy M3i (50 kHz).,2025,vendor_page,WEAK,,,,,presence/absence sounding,,,https://www.marineinstruments.es/products/echo-sounder-satellite-buoy-2/,yes,COMMERCIAL_FISHING_SOFTWARE_ANALYSIS.md; COMMERCIAL_TOOL_CAPABILITY_MATRIX.csv
P799,Marine Instruments. M3iGO brochure (AI tuna tonnage claims; dual frequency).,2023,vendor_page,WEAK,,,,,AI biomass WEAK,,,https://www.nautical.es/wp-content/uploads/2023/09/Brochure-M3iGO-EN-1.pdf,yes,COMMERCIAL_FISHING_SOFTWARE_ANALYSIS.md; COMMERCIAL_TOOL_CAPABILITY_MATRIX.csv
P800,Zunibal. Tuna8 Xtreme (4320 soundings/day claimed; 120 m scale).,2025,vendor_page,WEAK,,,,,FAD buoy specs,,,https://zunibal.com/en/tuna-fishing/tuna8xtrene/,yes,COMMERCIAL_FISHING_SOFTWARE_ANALYSIS.md; COMMERCIAL_TOOL_CAPABILITY_MATRIX.csv
P801,"Lopez J, Moreno G, Sancristobal I, Murua J. 2014. Evolution and current state of the technology of echo-sounder buoys used by Spanish tropical tuna purse seiners. Fisheries Research.",2014,peer_reviewed,MODERATE,,,,,FAD buoy technology review,,,https://doi.org/10.1016/j.fishres.2014.03.013,yes,COMMERCIAL_FISHING_SOFTWARE_ANALYSIS.md; COMMERCIAL_TOOL_CAPABILITY_MATRIX.csv
P802,"Lopez J, Moreno G, Boyra G, Dagorn L. 2016. A model based on data from echosounder buoys to estimate biomass of fish species associated with FADs. Fishery Bulletin 114: 166-178.",2016,peer_reviewed,MODERATE,,,,,manufacturer biomass r=0.50; behaviour model r=0.90 on fitted sets,,,https://doi.org/10.7755/FB.114.2.4,yes,COMMERCIAL_FISHING_SOFTWARE_ANALYSIS.md; COMMERCIAL_TOOL_CAPABILITY_MATRIX.csv
P803,"Santiago J, Lopez J, Moreno G, Murua H, Quincoces I, Soto M. 2016. Towards a tropical tuna buoy-derived abundance index (TT-BAI). ICCAT Coll. Vol. Sci. Pap. 72(3): 714-724.",2016,working_paper,MODERATE,,,,,BAI concept; GLMM standardisation,,,https://www.iccat.int/Documents/CVSP/CV072_2016/n_3/CV072030714.pdf,yes,COMMERCIAL_FISHING_SOFTWARE_ANALYSIS.md; COMMERCIAL_TOOL_CAPABILITY_MATRIX.csv
P804,"Santiago J, et al. 2019. A novel index of abundance of juvenile yellowfin tuna in the Indian Ocean derived from echosounder buoys. IOTC-2019-WPTT21-45.",2019,working_paper,MODERATE,,,,,RFMO BAI application,,,https://iotc.org/sites/default/files/documents/2019/10/IOTC-2019-WPTT21-45.pdf,yes,COMMERCIAL_FISHING_SOFTWARE_ANALYSIS.md; COMMERCIAL_TOOL_CAPABILITY_MATRIX.csv
P805,"Santiago J, et al. 2021. Novel index of abundance of juvenile bigeye tuna in the Atlantic from echosounder buoys 2010-2020. ICCAT Coll. Vol. Sci. Pap.",2021,working_paper,MODERATE,,,,,single acoustic value; species split from fishery data,,,https://www.iccat.int/Documents/CVSP/CV078_2021/n_2/CV078020231.pdf,yes,COMMERCIAL_FISHING_SOFTWARE_ANALYSIS.md; COMMERCIAL_TOOL_CAPABILITY_MATRIX.csv
P806,"Uranga J, et al. 2024. Index of abundance of yellowfin tuna in the Atlantic derived from echosounder buoys 2010-2023. ICCAT Coll. Vol. Sci. Pap.",2024,working_paper,MODERATE,,,,,updated BAI; 0.9 quantile virgin segments,,,https://www.iccat.int/Documents/CVSP/CV081_2024/n_2/CV08102044.pdf,yes,COMMERCIAL_FISHING_SOFTWARE_ANALYSIS.md; COMMERCIAL_TOOL_CAPABILITY_MATRIX.csv
P807,"Uranga J, Lopez J, et al. Tropical tuna biomass indicators from echosounder buoys in the EPO 2012-2020. IATTC FAD-05a presentation.",2021,working_paper,MODERATE,,,,,Satlink records; GLMM lognormal,,,https://www.iattc.org/GetAttachment/13327aa2-0139-47bd-8fab-4e920c90e76a/FAD-05a-PRES_Buoy-abundance-index.pdf,yes,COMMERCIAL_FISHING_SOFTWARE_ANALYSIS.md; COMMERCIAL_TOOL_CAPABILITY_MATRIX.csv
P808,IATTC. Tropical tuna biomass indicators from echosounder buoys in the EPO. FAD-07 presentation.,2023,working_paper,MODERATE,,,,,~27 million Satlink records; brand mixing caution,,,https://www.iattc.org/GetAttachment/70feaf89-e857-41b7-b9f8-a3089c087ce4/FAD-07-PRES_Biomass-indicators-from-echosounder-buoys-in-EPO-2023.pdf,yes,COMMERCIAL_FISHING_SOFTWARE_ANALYSIS.md; COMMERCIAL_TOOL_CAPABILITY_MATRIX.csv
P809,"Orue B, et al. / IATTC. Treatment of acoustic data obtained from echosounder buoys for tuna biomass estimates. OTM-33-11a.",2019,working_paper,MODERATE,,,,,harmonise Satlink tonnes vs Marine Instruments 0-7/0-15 index to Sv,,,https://www.iattc.org/getattachment/ef351a28-385e-4575-9137-57059f476f83/OTM-33-11a_Treatment-of-acoustic-data-obtained-from-echosounder-buoys.pdf,yes,COMMERCIAL_FISHING_SOFTWARE_ANALYSIS.md; COMMERCIAL_TOOL_CAPABILITY_MATRIX.csv
P810,"Escalle L, et al. Report on preliminary analyses of FAD acoustic data. WCPFC16-2019-IP07.",2019,working_paper,MODERATE,,,,,Satlink and Zunibal; 3.5 million transmissions; weak catch link,,,https://meetings.wcpfc.int/file/7527/download,yes,COMMERCIAL_FISHING_SOFTWARE_ANALYSIS.md; COMMERCIAL_TOOL_CAPABILITY_MATRIX.csv
P811,"Escalle L, et al. WCPFC Scientific Committee Project 88 first 6 months (Satlink, Zunibal, Kato).",2020,working_paper,MODERATE,,,,,Kato brand in 2016-2018 data; species unresolved,,,https://meetings.wcpfc.int/file/7852/download,yes,COMMERCIAL_FISHING_SOFTWARE_ANALYSIS.md; COMMERCIAL_TOOL_CAPABILITY_MATRIX.csv
P812,"Baidai Y, Dagorn L, Amande MJ, Gaertner D, Capello M. 2020. Machine learning from schools of tuna associated with drifting FADs. / related echosounder-ML papers in IOTC/ICCAT.",2020,peer_reviewed,MODERATE,,,,,acoustic discrimination research; not vendor app,,,,yes,COMMERCIAL_FISHING_SOFTWARE_ANALYSIS.md; COMMERCIAL_TOOL_CAPABILITY_MATRIX.csv
P813,"Orue B, Lopez J, Moreno G, Santiago J, Soto M, Murua H. 2019. Aggregation process of drifting fish aggregating devices (DFADs) in the Western Indian Ocean. PLoS ONE.",2019,peer_reviewed,MODERATE,,,,,colonisation vs acoustic index,,,https://doi.org/10.1371/journal.pone.0215844,yes,COMMERCIAL_FISHING_SOFTWARE_ANALYSIS.md; COMMERCIAL_TOOL_CAPABILITY_MATRIX.csv
P814,"Capello M, et al. 2016. Population assessment of tropical tuna based on their associative behaviour around floating objects. Scientific Reports.",2016,peer_reviewed,MODERATE,,,,,associative behaviour index alternative to raw echo,,,,yes,COMMERCIAL_FISHING_SOFTWARE_ANALYSIS.md; COMMERCIAL_TOOL_CAPABILITY_MATRIX.csv
P815,"Kroodsma DA, Mayorga J, Hochberg T, et al. 2018. Tracking the global footprint of fisheries. Science 361: 904-908.",2018,peer_reviewed,MODERATE,,,,,AIS apparent fishing; >55% ocean; not fish location,,,https://doi.org/10.1126/science.aao5646,yes,COMMERCIAL_FISHING_SOFTWARE_ANALYSIS.md; COMMERCIAL_TOOL_CAPABILITY_MATRIX.csv
P816,Global Fishing Watch. Tracking the global footprint of fisheries (data companion to Kroodsma 2018).,2018,program_documentation,MODERATE,,,,,open research data; noncommercial terms,,,https://globalfishingwatch.org/research/global-footprint-of-fisheries/,yes,COMMERCIAL_FISHING_SOFTWARE_ANALYSIS.md; COMMERCIAL_TOOL_CAPABILITY_MATRIX.csv
P817,Global Fishing Watch. Tracking fishing from space press release.,2018,press_release,LIMITED,,,,,70k+ vessels; CC noncommercial later,,,https://globalfishingwatch.org/press-release/tracking-fishing-from-space/,yes,COMMERCIAL_FISHING_SOFTWARE_ANALYSIS.md; COMMERCIAL_TOOL_CAPABILITY_MATRIX.csv
P818,"Kroodsma DA, et al. 2016. A global view of large-scale commercial fishing. AGU Fall Meeting OS14A-04.",2016,preprint_or_abstract,MODERATE,,,,,0.1° daily apparent fishing precursor,,,https://ui.adsabs.harvard.edu/abs/2016AGUFMOS14A..04K/abstract,yes,COMMERCIAL_FISHING_SOFTWARE_ANALYSIS.md; COMMERCIAL_TOOL_CAPABILITY_MATRIX.csv
P819,"Paolo FS, Kroodsma D, Raynor J, et al. 2024. Satellite mapping reveals extensive industrial activity at sea. Nature 625: 85-91.",2024,peer_reviewed,MODERATE,,,,,72-76% industrial fishing vessels not in public AIS,,,https://doi.org/10.1038/s41586-023-06825-8,yes,COMMERCIAL_FISHING_SOFTWARE_ANALYSIS.md; COMMERCIAL_TOOL_CAPABILITY_MATRIX.csv
P820,Global Fishing Watch. Press release on Paolo et al. 2024.,2024,press_release,LIMITED,,,,,2 PB imagery 2017-2021,,,https://globalfishingwatch.org/press-release/new-research-harnesses-ai-and-satellite-imagery-to-reveal-the-expanding-footprint-of-human-activity-at-sea/,yes,COMMERCIAL_FISHING_SOFTWARE_ANALYSIS.md; COMMERCIAL_TOOL_CAPABILITY_MATRIX.csv
P821,"Paolo FS, et al. Training data for satellite mapping of industrial activity at sea. Figshare.",2024,repository_record,MODERATE,,,,,classifier accuracies on paper test tiles,,,https://figshare.com/articles/journal_contribution/Satellite_mapping_reveals_extensive_industrial_activity_at_sea_-_training_data/24309469,yes,COMMERCIAL_FISHING_SOFTWARE_ANALYSIS.md; COMMERCIAL_TOOL_CAPABILITY_MATRIX.csv
P822,Global Fishing Watch. Map user guide (apparent fishing from AIS speed/course; CC BY-NC).,2026,program_documentation,MODERATE,,,,,product live; fishing algorithm described,,,https://globalfishingwatch.org/user-guide/,yes,COMMERCIAL_FISHING_SOFTWARE_ANALYSIS.md; COMMERCIAL_TOOL_CAPABILITY_MATRIX.csv
P823,Global Fishing Watch. API license and rate limits (CC BY-NC 4.0).,2026,program_documentation,MODERATE,,,,,no commercial FishAI ingest without licence,,,https://globalfishingwatch.org/our-apis/documentation/docs/license-rate-limits,yes,COMMERCIAL_FISHING_SOFTWARE_ANALYSIS.md; COMMERCIAL_TOOL_CAPABILITY_MATRIX.csv
P824,Global Fishing Watch. Downloadable fishing effort data (0.01° daily / 0.1° monthly products).,2025,program_documentation,MODERATE,,,,,claimed spatial/temporal grids,,,https://globalfishingwatch.org/dataset-and-code-fishing-effort/,yes,COMMERCIAL_FISHING_SOFTWARE_ANALYSIS.md; COMMERCIAL_TOOL_CAPABILITY_MATRIX.csv
P825,Global Fishing Watch. Version 4 data pipeline release (26 Feb 2026).,2026,program_documentation,MODERATE,,,,,still operating 2026; Belize VMS fishing hours paused,,,https://globalfishingwatch.org/platform-update/version-4-data-pipeline-release/,yes,COMMERCIAL_FISHING_SOFTWARE_ANALYSIS.md; COMMERCIAL_TOOL_CAPABILITY_MATRIX.csv
P826,Global Fishing Watch. Global AIS-based apparent fishing effort dataset v3.0 README. Zenodo.,2025,repository_record,MODERATE,,,,,CC BY-NC; vessel list methods,,,https://zenodo.org/records/14982712,yes,COMMERCIAL_FISHING_SOFTWARE_ANALYSIS.md; COMMERCIAL_TOOL_CAPABILITY_MATRIX.csv
P827,"Vantor. Sentry / Maritime Sentry product page (EO, SAR, AIS; dark vessels).",2026,vendor_page,WEAK,,,,,Maxar successor product live,,,https://vantor.com/product/mission-solutions/sentry/,yes,COMMERCIAL_FISHING_SOFTWARE_ANALYSIS.md; COMMERCIAL_TOOL_CAPABILITY_MATRIX.csv
P828,Vantor. Awarded NIWC Pacific maritime domain awareness contract (1 Sep 2026 announcement).,2026,press_release,LIMITED,,,,,Maritime Sentry still sold 2026,,,https://vantor.com/blog/vantor-awarded-naval-information-warfare-center-contract-to-support-maritime-domain-awareness-in-the-indo-pacific/,yes,COMMERCIAL_FISHING_SOFTWARE_ANALYSIS.md; COMMERCIAL_TOOL_CAPABILITY_MATRIX.csv
P829,Vincent B. U.S. Navy Quad partners fingerprint dark fleets with Vantor AI. DefenseScoop.,2026,news,LIMITED,,,,,Maxar rebranded Vantor Oct 2025,,,https://defensescoop.com/2026/09/04/us-navy-quad-partners-fingerprint-dark-fleets-pacific-vantor-ai/,yes,COMMERCIAL_FISHING_SOFTWARE_ANALYSIS.md; COMMERCIAL_TOOL_CAPABILITY_MATRIX.csv
P830,Maxar. SENTRY launch blog (Site Sentry and Maritime Sentry; later Vantor).,2024,vendor_page,WEAK,,,,,pre-rebrand product description,,,https://vantor.com/blog/maxar-launches-sentry-a-breakthrough-persistent-monitoring-suite-that-delivers-predictive-intelligence-at-global-scale/,yes,COMMERCIAL_FISHING_SOFTWARE_ANALYSIS.md; COMMERCIAL_TOOL_CAPABILITY_MATRIX.csv
P831,Intelligence Community News. Vantor secures NIWC Pacific contract.,2026,news,LIMITED,,,,,API into SeaVision,,,https://intelligencecommunitynews.com/vantor-secures-niwc-pacific-contract/,yes,COMMERCIAL_FISHING_SOFTWARE_ANALYSIS.md; COMMERCIAL_TOOL_CAPABILITY_MATRIX.csv
P832,"Hazen EL, Scales KL, Maxwell SM, et al. 2018. A dynamic ocean management tool to reduce bycatch and support sustainable fisheries. Science Advances 4: eaar3001.",2018,peer_reviewed,MODERATE,,,,,EcoCast; daily satellite + observer/tag models; 2-10x smaller closures,,,https://doi.org/10.1126/sciadv.aar3001,yes,COMMERCIAL_FISHING_SOFTWARE_ANALYSIS.md; COMMERCIAL_TOOL_CAPABILITY_MATRIX.csv
P833,NOAA CoastWatch West Coast. EcoCast home.,2026,government_page,MODERATE,,,,,tool still served 2026-09-27,,,https://coastwatch.pfeg.noaa.gov/ecocast/,yes,COMMERCIAL_FISHING_SOFTWARE_ANALYSIS.md; COMMERCIAL_TOOL_CAPABILITY_MATRIX.csv
P834,NOAA CoastWatch West Coast. EcoCast about (DOM definition; not a legal fishing chart).,2026,government_page,MODERATE,,,,,disclaimer; contacts Welch/Hazen,,,https://coastwatch.pfeg.noaa.gov/ecocast/about.html,yes,COMMERCIAL_FISHING_SOFTWARE_ANALYSIS.md; COMMERCIAL_TOOL_CAPABILITY_MATRIX.csv
P835,NOAA FIT. EcoCast tool card (Welch/Hazen/Scales; references).,2024,government_page,MODERATE,,,,,operationalisation citations,,,https://nmfs-ost.github.io/noaa-fit/EcoCast,yes,COMMERCIAL_FISHING_SOFTWARE_ANALYSIS.md; COMMERCIAL_TOOL_CAPABILITY_MATRIX.csv
P836,"Scales KL, Hazen EL, Jacox MG, et al. 2017. Fit to predict? Eco-informatics for predicting the catchability of a pelagic fish in near real time. Ecological Applications.",2017,peer_reviewed,MODERATE,,,,,data-assimilative ocean fields for catchability not abundance,,,,yes,COMMERCIAL_FISHING_SOFTWARE_ANALYSIS.md; COMMERCIAL_TOOL_CAPABILITY_MATRIX.csv
P837,"Welch H, Hazen EL, Bograd SJ, et al. 2019. Practical considerations for operationalizing dynamic management tools. Journal of Applied Ecology 56: 459-469.",2019,peer_reviewed,MODERATE,,,,,Acquisition-Prediction-Dissemination-Automation; missing data,,,https://doi.org/10.1111/1365-2664.13281,yes,COMMERCIAL_FISHING_SOFTWARE_ANALYSIS.md; COMMERCIAL_TOOL_CAPABILITY_MATRIX.csv
P838,"Welch H, Brodie S, Jacox MG, Bograd SJ, Hazen EL. 2019. Decision-support tools for dynamic management. Conservation Biology 34: 589-599.",2019,peer_reviewed,MODERATE,,,,,EcoCast vs daily Marxan,,,https://doi.org/10.1111/cobi.13417,yes,COMMERCIAL_FISHING_SOFTWARE_ANALYSIS.md; COMMERCIAL_TOOL_CAPABILITY_MATRIX.csv
P839,"Welch H, Brodie S, Jacox MG, et al. 2020. Considerations for transferring an operational dynamic ocean management tool between ocean color products. Remote Sensing of Environment 242: 111753.",2020,peer_reviewed,MODERATE,,,,,sensor-switch sensitivity,,,https://doi.org/10.1016/j.rse.2020.111753,yes,COMMERCIAL_FISHING_SOFTWARE_ANALYSIS.md; COMMERCIAL_TOOL_CAPABILITY_MATRIX.csv
P840,"Seary R, et al. Can DOM tools prove useful for a fishery about to sunset? PICES 2024 presentation (EcoCast vs skipper evaluations; DGN phase-out 2027).",2024,working_paper,MODERATE,,,,,efficacy still being measured; fishery sunset,,,https://dev.pices.int/publications/Presentations/PICES-2024/S7-Seary.pdf,yes,COMMERCIAL_FISHING_SOFTWARE_ANALYSIS.md; COMMERCIAL_TOOL_CAPABILITY_MATRIX.csv
P841,Nazario et al. NASA impact assessment slides on EcoCast and WhaleWatch.,2025,working_paper,MODERATE,,,,,manager vs fisher utility,,,https://cce.nasa.gov/files/bdec_2025_presentations/day3/0900_1_Nazario.pdf,yes,COMMERCIAL_FISHING_SOFTWARE_ANALYSIS.md; COMMERCIAL_TOOL_CAPABILITY_MATRIX.csv
P842,"Howell EA, Kobayashi DR, Parker DM, Balazs GH, Polovina JJ. 2008. TurtleWatch: a tool to aid in the bycatch reduction of loggerhead turtles in the Hawaii-based pelagic longline fishery. Endangered Species Research 5: 267-278.",2008,peer_reviewed,MODERATE,,,,,SST isotherm product; 18.5°C advice,,,https://www.int-res.com/journals/esr/articles/esr00096,yes,COMMERCIAL_FISHING_SOFTWARE_ANALYSIS.md; COMMERCIAL_TOOL_CAPABILITY_MATRIX.csv
P843,NOAA Fisheries. TurtleWatch map resource.,2026,government_page,MODERATE,,,,,product still posted,,,https://www.fisheries.noaa.gov/resource/map/turtlewatch,yes,COMMERCIAL_FISHING_SOFTWARE_ANALYSIS.md; COMMERCIAL_TOOL_CAPABILITY_MATRIX.csv
P844,NOAA CoastWatch. TurtleWatch: a tool for reducing loggerhead turtle bycatch.,2019,government_page,MODERATE,,,,,63.5-65.5 F band; currents,,,https://coastwatch.noaa.gov/cwn/news/2019-02-15/turtlewatch-tool-reducing-loggerhead-turtle-bycatch.html,yes,COMMERCIAL_FISHING_SOFTWARE_ANALYSIS.md; COMMERCIAL_TOOL_CAPABILITY_MATRIX.csv
P845,"Howell EA, Hoover A, Benson SR, et al. 2015. Enhancing the TurtleWatch product for leatherback sea turtles. Fisheries Oceanography 24: 57-68.",2015,peer_reviewed,MODERATE,,,,,second species band,,,https://doi.org/10.1111/fog.12092,yes,COMMERCIAL_FISHING_SOFTWARE_ANALYSIS.md; COMMERCIAL_TOOL_CAPABILITY_MATRIX.csv
P846,"Siders ZA, Ahrens RNM, Martin S, et al. Evaluation of a long-term information tool reveals continued suitability for identifying bycatch hotspots but little effect on fisher location choice. Biological Conservation.",2023,peer_reviewed,MODERATE,,,,,TurtleWatch unused; shared cap disincentivised avoidance,,,https://www.fisheries.noaa.gov/resource/peer-reviewed-research/evaluation-long-term-information-tool-reveals-continued-suitability,yes,COMMERCIAL_FISHING_SOFTWARE_ANALYSIS.md; COMMERCIAL_TOOL_CAPABILITY_MATRIX.csv
P847,"Hazen EL, Palacios DM, Forney KA, et al. 2017. WhaleWatch: a dynamic management tool for predicting blue whale density in the California Current. Journal of Applied Ecology 54: 1415-1428.",2017,peer_reviewed,MODERATE,,,,,monthly 25 km; density 0-3.5 per 625 km2; uncertainty,,,https://doi.org/10.1111/1365-2664.12820,yes,COMMERCIAL_FISHING_SOFTWARE_ANALYSIS.md; COMMERCIAL_TOOL_CAPABILITY_MATRIX.csv
P848,NOAA Fisheries. WhaleWatch (West Coast; monthly model; daily 10 km update noted).,2026,government_page,MODERATE,,,,,original product page still live,,,https://www.fisheries.noaa.gov/west-coast/marine-mammal-protection/whalewatch,yes,COMMERCIAL_FISHING_SOFTWARE_ANALYSIS.md; COMMERCIAL_TOOL_CAPABILITY_MATRIX.csv
P849,NOAA CoastWatch. WhaleWatch 2.0 about.,2026,government_page,MODERATE,,,,,successor daily habitat model,,,https://coastwatch.pfeg.noaa.gov/projects/whalewatch2/about_whalewatch2.html,yes,COMMERCIAL_FISHING_SOFTWARE_ANALYSIS.md; COMMERCIAL_TOOL_CAPABILITY_MATRIX.csv
P850,"Abrahms B, Welch H, Brodie S, et al. 2019. Dynamic ensemble models to predict distributions and anthropogenic risk exposure for highly mobile species. Diversity and Distributions 25: 1182-1193.",2019,peer_reviewed,MODERATE,,,,,WhaleWatch 2.0 lineage,,,https://doi.org/10.1111/ddi.12940,yes,COMMERCIAL_FISHING_SOFTWARE_ANALYSIS.md; COMMERCIAL_TOOL_CAPABILITY_MATRIX.csv
P851,"Maxwell SM, Hazen EL, Lewison RL, et al. 2015. Dynamic ocean management: defining and conceptualizing real-time management of the ocean. Marine Policy 58: 42-50.",2015,peer_reviewed,MODERATE,,,,,34-82% less area than static in simulation,,,https://doi.org/10.1016/j.marpol.2015.03.014,yes,COMMERCIAL_FISHING_SOFTWARE_ANALYSIS.md; COMMERCIAL_TOOL_CAPABILITY_MATRIX.csv
P852,"Dunn DC, Maxwell SM, Boustany AM, Halpin PN. 2016. Dynamic ocean management increases the efficiency and efficacy of fisheries management. PNAS 113: 668-673.",2016,peer_reviewed,MODERATE,,,,,static closures 4-5x catch displacement; 100-200x km-days,,,https://doi.org/10.1073/pnas.1513626113,yes,COMMERCIAL_FISHING_SOFTWARE_ANALYSIS.md; COMMERCIAL_TOOL_CAPABILITY_MATRIX.csv
P853,"Lewison R, Hobday AJ, Maxwell S, et al. 2015. Dynamic ocean management: identifying the critical ingredients of dynamic approaches to ocean resource management. BioScience 65: 486-498.",2015,peer_reviewed,MODERATE,,,,,"regulation, incentives, tech, stakeholders",,,https://doi.org/10.1093/biosci/biv018,yes,COMMERCIAL_FISHING_SOFTWARE_ANALYSIS.md; COMMERCIAL_TOOL_CAPABILITY_MATRIX.csv
P854,"Hobday AJ, Hartmann K. 2006. Near real-time spatial management based on habitat predictions for a longline bycatch species. Fisheries Management and Ecology 13: 365-380.",2006,peer_reviewed,MODERATE,,,,,SBT habitat nowcast origin,,,https://doi.org/10.1111/j.1365-2400.2006.00515.x,yes,COMMERCIAL_FISHING_SOFTWARE_ANALYSIS.md; COMMERCIAL_TOOL_CAPABILITY_MATRIX.csv
P855,"Hobday AJ, Hartog JR, Timmiss T, Fielding J. 2010. Dynamic spatial zoning to manage southern bluefin tuna capture in a multi-species longline fishery. Fisheries Oceanography 19: 243-253.",2010,peer_reviewed,MODERATE,,,,,AFMA zoning since 2003; CPUE related to habitat type,,,https://doi.org/10.1111/j.1365-2419.2010.00540.x,yes,COMMERCIAL_FISHING_SOFTWARE_ANALYSIS.md; COMMERCIAL_TOOL_CAPABILITY_MATRIX.csv
P856,"Hobday AJ, Hartog JR, Spillman CM, Alves O. 2011. Seasonal forecasting of tuna habitat for dynamic spatial management. Canadian Journal of Fisheries and Aquatic Sciences 68: 898-911.",2011,peer_reviewed,MODERATE,,,,,POAMA skill 3-4 months for habitat boundary,,,https://doi.org/10.1139/f2011-031,yes,COMMERCIAL_FISHING_SOFTWARE_ANALYSIS.md; COMMERCIAL_TOOL_CAPABILITY_MATRIX.csv
P857,"Eveson JP, Hobday AJ, Hartog JR, Spillman CM, Rough KM. 2015. Seasonal forecasting of tuna habitat in the Great Australian Bight. Fisheries Research 170: 39-49.",2015,peer_reviewed,MODERATE,,,,,GAB SBT habitat; skill ~2 months in season,,,https://doi.org/10.1016/j.fishres.2015.05.008,yes,COMMERCIAL_FISHING_SOFTWARE_ANALYSIS.md; COMMERCIAL_TOOL_CAPABILITY_MATRIX.csv
P858,CSIRO. GAB SBT forecasting project page (FRDC 2012/239 and 2018/194; site live).,2026,government_page,MODERATE,,,,,forecast maps still linked 2026-09-27,,,http://www.cmar.csiro.au/gab-forecasts/index.html,yes,COMMERCIAL_FISHING_SOFTWARE_ANALYSIS.md; COMMERCIAL_TOOL_CAPABILITY_MATRIX.csv
P859,CAWCR. Forecasting of tuna habitat (POAMA + tag habitat; daily updates claimed).,2016,program_documentation,MODERATE,,,,,industry delivery,,,https://www.cawcr.gov.au/tuna-habitat/,yes,COMMERCIAL_FISHING_SOFTWARE_ANALYSIS.md; COMMERCIAL_TOOL_CAPABILITY_MATRIX.csv
P860,"Hobday AJ, Alexander LV, Perkins SE, et al. 2016. A hierarchical approach to defining marine heatwaves. Progress in Oceanography.",2016,peer_reviewed,MODERATE,,,,,non-stationarity context for habitat models,,,,yes,COMMERCIAL_FISHING_SOFTWARE_ANALYSIS.md; COMMERCIAL_TOOL_CAPABILITY_MATRIX.csv
P861,"Polovina JJ, Howell E, Kobayashi DR, Seki MP. 2001. The transition zone chlorophyll front, a dynamic global feature defining migration and forage habitat for marine resources. Progress in Oceanography.",2001,peer_reviewed,MODERATE,,,,,ocean-colour front as habitat not a fish pin,,,,yes,COMMERCIAL_FISHING_SOFTWARE_ANALYSIS.md; COMMERCIAL_TOOL_CAPABILITY_MATRIX.csv
P862,"Stumpf RP, Tomlinson MC, Calkins JA, et al. 2009. Skill assessment for an operational algal bloom forecast system. Journal of Marine Systems.",2009,peer_reviewed,MODERATE,,,,,forecast skill reporting analogue,,,,yes,COMMERCIAL_FISHING_SOFTWARE_ANALYSIS.md; COMMERCIAL_TOOL_CAPABILITY_MATRIX.csv
P863,"MacKenzie DI, Nichols JD, Lachman GB, et al. 2002. Estimating site occupancy rates when detection probabilities are less than one. Ecology.",2002,peer_reviewed,MODERATE,,,,,catch and sonar are detection processes,,,,yes,COMMERCIAL_FISHING_SOFTWARE_ANALYSIS.md; COMMERCIAL_TOOL_CAPABILITY_MATRIX.csv
P864,"Phillips SJ, Dudik M, Elith J, et al. 2009. Sample selection bias and presence-only distribution models. Ecological Modelling.",2009,peer_reviewed,MODERATE,,,,,catch pins cannot yield occurrence without bias model,,,,yes,COMMERCIAL_FISHING_SOFTWARE_ANALYSIS.md; COMMERCIAL_TOOL_CAPABILITY_MATRIX.csv
P865,"Cooke SJ, Nguyen VM, Kessel ST, et al. 2017. Troubling issues at the frontier of animal tracking for conservation and management. Conservation Biology.",2017,peer_reviewed,MODERATE,,,,,fine locations enable harm,,,,yes,COMMERCIAL_FISHING_SOFTWARE_ANALYSIS.md; COMMERCIAL_TOOL_CAPABILITY_MATRIX.csv
P866,"Lennox RJ, Harcourt R, Bergman JN, et al. 2020. A novel framework to protect animal data in a world of ecosurveillance. BioScience.",2020,peer_reviewed,MODERATE,,,,,do not publish FAD or aggregation coordinates,,,,yes,COMMERCIAL_FISHING_SOFTWARE_ANALYSIS.md; COMMERCIAL_TOOL_CAPABILITY_MATRIX.csv
P867,Chapman AD. 2020. Current best practices for generalizing sensitive species occurrence data. GBIF Secretariat.,2020,program_documentation,MODERATE,,,,,coarsen public biology,,,https://www.gbif.org,yes,COMMERCIAL_FISHING_SOFTWARE_ANALYSIS.md; COMMERCIAL_TOOL_CAPABILITY_MATRIX.csv
P868,"Hazen EL, et al. EcoCast repository / operational code pointers via NOAA FIT.",2018,repository_record,MODERATE,,,,,daily automation exists,,,https://nmfs-ost.github.io/noaa-fit/EcoCast,yes,COMMERCIAL_FISHING_SOFTWARE_ANALYSIS.md; COMMERCIAL_TOOL_CAPABILITY_MATRIX.csv
P869,"Heather Welch. Decision-support tools for dynamic management GitHub (EcoCast.R, Marxan.R).",2019,repository_record,MODERATE,,,,,reproducible DOM comparison,,,https://github.com/HeatherWelch/Decision-support-tools-for-dynamic-management,yes,COMMERCIAL_FISHING_SOFTWARE_ANALYSIS.md; COMMERCIAL_TOOL_CAPABILITY_MATRIX.csv
P870,NOAA / California Driftnet Modernization and Bycatch Reduction Act context in Seary 2024 (fishery sunset ~2027).,2024,working_paper,MODERATE,,,,,EcoCast fishery context changing,,,https://dev.pices.int/publications/Presentations/PICES-2024/S7-Seary.pdf,yes,COMMERCIAL_FISHING_SOFTWARE_ANALYSIS.md; COMMERCIAL_TOOL_CAPABILITY_MATRIX.csv
P871,IHO. S-100 Universal Hydrographic Data Model (successor to S-57).,2024,specification,LIMITED,,,,,future ENC; still not fish,,,https://iho.int/en/s-100-universal-hydrographic-data-model,yes,COMMERCIAL_FISHING_SOFTWARE_ANALYSIS.md; COMMERCIAL_TOOL_CAPABILITY_MATRIX.csv
P872,IMO SOLAS Chapter V regulation 19 (ECDIS carriage).,2009,specification,LIMITED,,,,,official charts for navigation safety,,,,yes,COMMERCIAL_FISHING_SOFTWARE_ANALYSIS.md; COMMERCIAL_TOOL_CAPABILITY_MATRIX.csv
P873,Garmin. echoMAP CHIRP Quickdraw manual note.,2017,support_page,WEAK,,,,,feature not on all models,,,https://www8.garmin.com/manuals/webhelp/echomapchirp/EN-US/GUID-F234EE47-8382-4E67-9795-187A059C4FA1.html,yes,COMMERCIAL_FISHING_SOFTWARE_ANALYSIS.md; COMMERCIAL_TOOL_CAPABILITY_MATRIX.csv
P874,Brunswick / Navico. C-MAP brand (Genesis under C-MAP; Lowrance Simrad B&G hardware).,2025,vendor_page,WEAK,,,,,vendor family,,,https://www.c-map.com/social-map/,yes,COMMERCIAL_FISHING_SOFTWARE_ANALYSIS.md; COMMERCIAL_TOOL_CAPABILITY_MATRIX.csv
P875,"Furuno USA Community. DFF3D beam-count clarification (41 beams, 8 RX).",2022,support_page,WEAK,,,,,beam geometry,,,https://furunousaforum.com/threads/dff3d-multibeam-question.10340/,yes,COMMERCIAL_FISHING_SOFTWARE_ANALYSIS.md; COMMERCIAL_TOOL_CAPABILITY_MATRIX.csv
P876,Fishare. Hilton vs Fishare comparison page (July 2026; competitor marketing).,2026,vendor_page,WEAK,,,,,confirms Hilton still described as live; WEAK,,,https://fishare.app/vs/hiltons/,yes,COMMERCIAL_FISHING_SOFTWARE_ANALYSIS.md; COMMERCIAL_TOOL_CAPABILITY_MATRIX.csv
P877,NOAA CoastWatch. West Coast node serving EcoCast and WhaleWatch.,2026,government_page,MODERATE,,,,,operational host,,,https://coastwatch.pfeg.noaa.gov/ecocast/,yes,COMMERCIAL_FISHING_SOFTWARE_ANALYSIS.md; COMMERCIAL_TOOL_CAPABILITY_MATRIX.csv
P878,"Hobday AJ, Spillman CM, Eveson JP, Hartog JR. 2016. Seasonal forecasting for decision support in marine fisheries and aquaculture. Fisheries Oceanography.",2016,peer_reviewed,MODERATE,,,,,seasonal habitat forecast review,,,,yes,COMMERCIAL_FISHING_SOFTWARE_ANALYSIS.md; COMMERCIAL_TOOL_CAPABILITY_MATRIX.csv
P879,"Spillman CM, Hobday AJ. 2014. Dynamical seasonal ocean forecasts to aid salmon farm management in a climate hotspot. Climate Risk Management.",2014,peer_reviewed,MODERATE,,,,,ocean forecast skill analogue (aquaculture not targeting),,,,yes,COMMERCIAL_FISHING_SOFTWARE_ANALYSIS.md; COMMERCIAL_TOOL_CAPABILITY_MATRIX.csv
P880,"Brodie S, et al. papers on dynamic species distribution in the California Current used by EcoCast lineage.",2018,peer_reviewed,MODERATE,,,,,environmental SDMs behind DOM,,,,yes,COMMERCIAL_FISHING_SOFTWARE_ANALYSIS.md; COMMERCIAL_TOOL_CAPABILITY_MATRIX.csv
P881,"Jacox MG, et al. California Current ocean models used as EcoCast covariates.",2018,peer_reviewed,MODERATE,,,,,issue-time ocean analyses,,,,yes,COMMERCIAL_FISHING_SOFTWARE_ANALYSIS.md; COMMERCIAL_TOOL_CAPABILITY_MATRIX.csv
P882,"Becker EA, Forney KA, Foley DG, Smith RC, Moore TJ, Barlow J. 2014. Predicting seasonal density of cetaceans in the California Current. Deep-Sea Research II.",2014,peer_reviewed,MODERATE,,,,,density from surveys not AIS,,,,yes,COMMERCIAL_FISHING_SOFTWARE_ANALYSIS.md; COMMERCIAL_TOOL_CAPABILITY_MATRIX.csv
P883,"Block BA, Jonsen ID, Jorgensen SJ, et al. 2011. Tracking apex marine predator movements in a dynamic ocean. Nature.",2011,peer_reviewed,MODERATE,,,,,tag data behind pelagic habitat models,,,,yes,COMMERCIAL_FISHING_SOFTWARE_ANALYSIS.md; COMMERCIAL_TOOL_CAPABILITY_MATRIX.csv
P884,"Bailey H, et al. / leatherback tracking used in EcoCast bycatch models.",2012,peer_reviewed,MODERATE,,,,,telemetry is tagged animals only,,,,yes,COMMERCIAL_FISHING_SOFTWARE_ANALYSIS.md; COMMERCIAL_TOOL_CAPABILITY_MATRIX.csv
P885,"Dewar H, et al. swordfish observer and tag inputs to EcoCast.",2011,peer_reviewed,MODERATE,,,,,observer sets define zeros within observed effort,,,,yes,COMMERCIAL_FISHING_SOFTWARE_ANALYSIS.md; COMMERCIAL_TOOL_CAPABILITY_MATRIX.csv
P886,"Eguchi T, Benson SR, Foley DG, Forney KA. 2017. Predicting overlap between leatherback turtle habitat and fisheries. Endangered Species Research.",2017,peer_reviewed,MODERATE,,,,,bycatch habitat not harvest map,,,,yes,COMMERCIAL_FISHING_SOFTWARE_ANALYSIS.md; COMMERCIAL_TOOL_CAPABILITY_MATRIX.csv
P887,"Moreno G, et al. 2016. Fish aggregating devices (FADs) as scientific platforms. Fisheries Research.",2016,peer_reviewed,MODERATE,,,,,FAD as sensor not a public hotspot,,,,yes,COMMERCIAL_FISHING_SOFTWARE_ANALYSIS.md; COMMERCIAL_TOOL_CAPABILITY_MATRIX.csv
P888,"Dagorn L, Holland KN, Restrepo V, et al. 2013. Is it good or bad to fish with FADs? Fish and Fisheries.",2013,peer_reviewed,MODERATE,,,,,FAD association is behaviour not regional density,,,,yes,COMMERCIAL_FISHING_SOFTWARE_ANALYSIS.md; COMMERCIAL_TOOL_CAPABILITY_MATRIX.csv
P889,ISSF. FAD management and echosounder buoy science collaborations with AZTI/OPAGAC.,2020,program_documentation,MODERATE,,,,,restricted industry acoustic archives,,,,yes,COMMERCIAL_FISHING_SOFTWARE_ANALYSIS.md; COMMERCIAL_TOOL_CAPABILITY_MATRIX.csv
P890,"Skov C, et al. 2021. Expert opinion on using angler smartphone apps. / ICES angling-app reviews.",2021,peer_reviewed,MODERATE,,,,,apps poor substitutes for probability surveys,,,,yes,COMMERCIAL_FISHING_SOFTWARE_ANALYSIS.md; COMMERCIAL_TOOL_CAPABILITY_MATRIX.csv
P891,"Venturelli PA, Hyder K, Skov C. 2017. Angler apps as a source of recreational fisheries data: opportunities, challenges and proposed standards. Fish and Fisheries.",2017,peer_reviewed,MODERATE,,,,,catch apps need effort and zeros,,,https://doi.org/10.1111/faf.12189,yes,COMMERCIAL_FISHING_SOFTWARE_ANALYSIS.md; COMMERCIAL_TOOL_CAPABILITY_MATRIX.csv
P892,"Jiorle RP, Ahrens RNM, Allen MS. 2016. Assessing the utility of a smartphone app for recreational fishery surveys. Fisheries.",2016,peer_reviewed,MODERATE,,,,,self-selection bias,,,,yes,COMMERCIAL_FISHING_SOFTWARE_ANALYSIS.md; COMMERCIAL_TOOL_CAPABILITY_MATRIX.csv
P893,NOAA. Reef Visual Census / NCRMP as contrast: designed zeros vs catch pins.,2011,peer_reviewed,MODERATE,,,,,Smith et al. 2011 survey design; not a commercial app,,,,yes,COMMERCIAL_FISHING_SOFTWARE_ANALYSIS.md; COMMERCIAL_TOOL_CAPABILITY_MATRIX.csv
P894,NASA OB.DAAC. Ocean color and SST archives used by ROFFS/Terrafin/SatFish.,2024,program_documentation,MODERATE,,,,,public geophysical inputs; vendors add interpretation,,,https://oceancolor.gsfc.nasa.gov/,yes,COMMERCIAL_FISHING_SOFTWARE_ANALYSIS.md; COMMERCIAL_TOOL_CAPABILITY_MATRIX.csv
P895,NOAA POES AVHRR / VIIRS SST documentation.,2024,program_documentation,MODERATE,,,,,IR SST cloud-limited,,,https://www.star.nesdis.noaa.gov/star/index.php,yes,COMMERCIAL_FISHING_SOFTWARE_ANALYSIS.md; COMMERCIAL_TOOL_CAPABILITY_MATRIX.csv
P896,EUMETSAT Sentinel-3 OLCI/SLSTR ocean colour and SST.,2024,program_documentation,MODERATE,,,,,ROFFS Sentinel-3 ingest,,,https://www.eumetsat.int/sentinel-3,yes,COMMERCIAL_FISHING_SOFTWARE_ANALYSIS.md; COMMERCIAL_TOOL_CAPABILITY_MATRIX.csv
P897,"CMEMS / AVISO altimetry user manuals (SSH, geostrophic currents).",2024,program_documentation,MODERATE,,,,,altimetry in Hilton/CATSAT/TZ overlays,,,https://www.aviso.altimetry.fr/,yes,COMMERCIAL_FISHING_SOFTWARE_ANALYSIS.md; COMMERCIAL_TOOL_CAPABILITY_MATRIX.csv
P898,Global Fishing Watch Terms of Use (CC BY-NC; no scraping).,2026,program_documentation,MODERATE,,,,,licence barrier for commercial FishAI,,,https://globalfishingwatch.org/terms-of-use/,yes,COMMERCIAL_FISHING_SOFTWARE_ANALYSIS.md; COMMERCIAL_TOOL_CAPABILITY_MATRIX.csv
P899,FishAI CORE_PROBLEM_DEFINITION.md nine questions (this repository).,2026,repository_record,MODERATE,,,,,evaluation frame for all commercial tools,,,,yes,COMMERCIAL_FISHING_SOFTWARE_ANALYSIS.md; COMMERCIAL_TOOL_CAPABILITY_MATRIX.csv
P500,HYCOM.org Data Server. GOFS 3.1: 41-layer HYCOM + NCODA Global 1/12 Analysis (GLBy0.08). Date/data range 2014-July to 2024-09-04; experiment sequence 56.3 to 93.0. Daily nowcast through a 7-day forecast; typically available within two days.,2026,dataset_documentation,MODERATE,,,,,NOWCAST_METHOD_MATRIX; FORECAST_METHOD_MATRIX; FISH_BEHAVIOR_VARIABLE_MATRIX; NOTES_C,GLBy0.08 0.08 deg lon x 0.04 deg lat; 40 standard z-levels 0-5000 m; 7-day forecast; archive ends 2024-09-04 on this page. FishAI preregistration used 2024-09-05 as experiment-end; do not collapse the two dates.; Successor is ESPC-D-V02. Not interchangeable with GOFS 3.1 without a product-shift test.,,https://www.hycom.org/dataserver/gofs-3pt1/analysis,yes,NOWCAST_METHOD_MATRIX.csv; FORECAST_METHOD_MATRIX.csv; FISH_BEHAVIOR_VARIABLE_MATRIX.csv
P501,HYCOM.org Data Server. ESPC-D-V02: Global 1/12 Analysis output on the GLBy0.08 grid. FNMOC. Date/data range 2024-Aug-10 to Present with 8-day forecast [missing data]. Experiment 03.1. HYCOM 2.2.99 + CICE; native 1/25 deg run decimated to GLBy0.08. Forecast folder retains last 8 runs then scrubbed.,2026,dataset_documentation,MODERATE,,,,,NOWCAST_METHOD_MATRIX; FORECAST_METHOD_MATRIX; NOTES_C,Start 2024-08-10; 8-day forecast; last 8 full runs only in forecasts/; z-levels 0-5000 m. Page flag: missing data (do not claim a complete archive).; Navy ESPC-D v2 operational Aug 2024 (Rushley 2025 EPIC briefing). Public via tds.hycom.org. Product shift vs GOFS 3.1.,,https://www.hycom.org/dataserver/espc-d-v02/global-analysis,yes,NOWCAST_METHOD_MATRIX.csv; FORECAST_METHOD_MATRIX.csv; FISH_BEHAVIOR_VARIABLE_MATRIX.csv
P502,"Barton N, Metzger EJ, Reynolds CA, Ruston B, Rowley C, Smedstad OM, et al. 2021. The Navy's Earth System Prediction Capability: a new global coupled atmosphere-ocean-sea ice prediction system designed for daily to subseasonal forecasting. Earth and Space Science 8: e2020EA001199.",2021,peer_reviewed,MODERATE,,,,,NOWCAST_METHOD_MATRIX; FORECAST_METHOD_MATRIX,"none_extracted_this_pass (system description cited from HYCOM ESPC-D-V02 page referencing this paper); Describes ESPC-D V01; V02 upgrades listed on hycom.org (tides, CICE, WW3 one-way).",,https://doi.org/10.1029/2020EA001199,yes,NOWCAST_METHOD_MATRIX.csv; FORECAST_METHOD_MATRIX.csv; FISH_BEHAVIOR_VARIABLE_MATRIX.csv
P503,Rushley S. 2025. The US Navy Earth System Prediction Capability (Navy ESPC): Overview and Future Developments. EPIC briefing 2025-09-11. ESPC-D v2 operational August 2024; ESPC-E v2 transition underway; ESPC v2.1 planned 2026.,2025,program_documentation,MODERATE,,,,,NOWCAST_METHOD_MATRIX; NOTES_C,ESPC-D v2 operational August 2024; comparable or better than stand-alone systems for most (not all) metrics (briefing claim; no per-variable RMSE extracted here).; Briefing not a QUID. Do not invent ocean RMSE from this PDF.,,https://epic.noaa.gov/wp-content/uploads/2025/09/65.-2025_09_11_Stephanie-Rushley.pdf,yes,NOWCAST_METHOD_MATRIX.csv; FORECAST_METHOD_MATRIX.csv; FISH_BEHAVIOR_VARIABLE_MATRIX.csv
P504,NCEP/EMC. Global RTOFS operational verification page. Global RTOFS is 1/12 deg HYCOM/CICE4 with RTOFS-DA 3DVar. Runs once a day; nowcast plus 8 days of forecasts. Operational version 2.3 as of 2022-08-02 on this page; later NWS notices describe v2.5 (2026).,2026,dataset_documentation,MODERATE,,,,,NOWCAST_METHOD_MATRIX; FORECAST_METHOD_MATRIX,8-day forecast; 1/12 deg; daily cycle. Page still lists v2.3 (2022-08-02); treat version as needing the 2026 PNS for current ops.; Verification plots exist; no single RMSE transcribed this pass.,,https://www.emc.ncep.noaa.gov/users/verification/ocean_lake/rtofs/prod/main.php,yes,NOWCAST_METHOD_MATRIX.csv; FORECAST_METHOD_MATRIX.csv; FISH_BEHAVIOR_VARIABLE_MATRIX.csv
P505,NWS Headquarters. Public Information Statement 26-17. Soliciting comments through 2026-04-15 on upgrading RTOFS to version 3.0. Current operational RTOFS v2.5 products on NOMADS. v3.0 would replace HYCOM/CICE4 with UFS MOM6/CICE6 and discontinue native HYCOM .a/.b archives.,2026,government_report,MODERATE,,,,,NOWCAST_METHOD_MATRIX; NOTES_C,RTOFS v2.5 current as of 2026-03-12 notice; hourly 2D and six-hourly 3D archives. v3.0 not stated as implemented on this notice.; Reused alongside SOURCE_INDEX P002. This pass fetched the PDF.,,https://www.weather.gov/media/notification/pdf_2026/pns26-17_RTOFS_v3.pdf,yes,NOWCAST_METHOD_MATRIX.csv; FORECAST_METHOD_MATRIX.csv; FISH_BEHAVIOR_VARIABLE_MATRIX.csv
P506,NWS. Service Change Notice 25-81 Updated. Termination of OpenDAP format files on nomads.ncep.noaa.gov effective on or about 1200 UTC 2026-02-23. Users directed to grib filter or HTTPS. Impact list includes RTOFS Global.,2025,government_report,MODERATE,,,,,NOWCAST_METHOD_MATRIX; NOTES_C,OpenDAP retirement date 2026-02-23; HTTPS path https://nomads.ncep.noaa.gov/pub/data/nccf/com/; Explains FishAI CoastWatch ERDDAP 404 vs remaining NOMADS HTTPS.,,https://www.weather.gov/media/notification/pdf_2025/scn25-81_UPDATED_NOMADS_Consolidate_Subsetting_Services_aaa.pdf,yes,NOWCAST_METHOD_MATRIX.csv; FORECAST_METHOD_MATRIX.csv; FISH_BEHAVIOR_VARIABLE_MATRIX.csv
P507,NOMADS production directory listing for RTOFS. Observed 2026-09-27: rtofs.20260926 and rtofs.20260927 present under /pub/data/nccf/com/rtofs/prod/.,2026,dataset_documentation,MODERATE,,,,,NOWCAST_METHOD_MATRIX; NOTES_C,Directories dated 26-Sep-2026 and 27-Sep-2026 present (search snippet). Rolling operational window not a multi-year hindcast archive.; Confirms RTOFS still public on NOMADS HTTPS the same day CoastWatch ERDDAP search returned 404.,,https://nomads.ncep.noaa.gov/pub/data/nccf/com/rtofs/prod/,yes,NOWCAST_METHOD_MATRIX.csv; FORECAST_METHOD_MATRIX.csv; FISH_BEHAVIOR_VARIABLE_MATRIX.csv
P508,This pass: GET https://coastwatch.pfeg.noaa.gov/erddap/search/index.json?searchFor=RTOFS returned HTTP 404 (curl 2026-09-27). Matches earlier FishAI CoastWatch RTOFS search failure. Dataset IDs such as ncepRtofsG3DForeDaily are not currently resolvable on that ERDDAP.,2026,repository_record,LIMITED,,,,,NOWCAST_METHOD_MATRIX; NOTES_C,HTTP 404. No CoastWatch RTOFS dataset id recovered this pass. Do not invent one.; RTOFS itself is not dead; the CoastWatch ERDDAP id path is gone. Use NOMADS/NCEI/hycom.org instead.,,https://coastwatch.pfeg.noaa.gov/erddap/search/index.json?searchFor=RTOFS,yes,NOWCAST_METHOD_MATRIX.csv; FORECAST_METHOD_MATRIX.csv; FISH_BEHAVIOR_VARIABLE_MATRIX.csv
P509,NOAA CO-OPS. Operational Forecast System FAQ. WCOFS: ROMS; 1 cycle/day at 03Z; 24-hour nowcast; 72-hour forecast; fields every 3 hours.,2026,dataset_documentation,MODERATE,,,,,NOWCAST_METHOD_MATRIX; FORECAST_METHOD_MATRIX,WCOFS nowcast 24 h; forecast 72 h; cycle 03Z; field interval 3 h.; US West Coast only. Not a Keys/Puerto Rico product.,,https://www.tidesandcurrents.noaa.gov/ofs/ofs_faq.html,yes,NOWCAST_METHOD_MATRIX.csv; FORECAST_METHOD_MATRIX.csv; FISH_BEHAVIOR_VARIABLE_MATRIX.csv
P510,"Peng M, et al. 2022. Implementation of the West Coast Operational Forecast System (WCOFS) and the Semi-Operational Nowcast/Forecast Skill Assessment. NOAA NOS CO-OPS Technical Report 097. Operational 2021-03-22. Domain 24N-54N to >1000 km offshore. Assimilates satellite SST, SSH, and HF radar currents via ROMS 4DVAR.",2022,government_report,MODERATE,,,,,NOWCAST_METHOD_MATRIX; FORECAST_METHOD_MATRIX,DA reduced mean absolute errors in day-1 forecast alongshore currents by 1 to 2 cm/s (15%-40% error reduction vs free run). Temperature forecast skill held throughout the 3-day forecast period (report statement; station RMSE values not transcribed from figures).; 2 km grid was too expensive; operational grid ~4 km class per later listings. Not acquired in FishAI.,,https://tidesandcurrents.noaa.gov/ofs/publications/CO-OPS_Techrpt_097_WCOFS_2022.pdf,yes,NOWCAST_METHOD_MATRIX.csv; FORECAST_METHOD_MATRIX.csv; FISH_BEHAVIOR_VARIABLE_MATRIX.csv
P511,NOMADS NOS OFS production log. wcofs.t03z.20260922.forecast.log: operational ROMS forecast RUN; grid 346x1014x40.,2026,dataset_documentation,MODERATE,,,,,NOWCAST_METHOD_MATRIX,Cycle dated 2026-09-22 still running operationally; 40 vertical levels.; Confirms WCOFS is live in 2026. No FishAI subset.,,https://nomads.ncep.noaa.gov/pub/data/nccf/com/nosofs/prod/wcofs.20260922/wcofs.t03z.20260922.forecast.log,yes,NOWCAST_METHOD_MATRIX.csv; FORECAST_METHOD_MATRIX.csv; FISH_BEHAVIOR_VARIABLE_MATRIX.csv
P512,"UC Santa Cruz Ocean Modeling Group. Operational ocean state estimation for the California Current. ROMS 4D-Var; domain mid-Baja to Washington, offshore to 134W; ~10 km; assimilates satellite SST/SSH, gliders/Argo T/S, HF radar. Focus hindcast/nowcast; short forecasts of a few days only at times. Public THREDDS.",2023,program_documentation,MODERATE,,,,,NOWCAST_METHOD_MATRIX,~10 km; 42 levels in related COMT description; NRT from ~2011; BGC NRT from ~2014. No RMSE extracted from poster.; Also IOOS COMT US West Coast intercomparison page. Not a global product; no rivers/tides in the UCSC CCS configuration described there.,,https://www.unoceanprediction.org/sites/default/files/halls/files/2023-11/ucsc_ccs_poster.pdf,yes,NOWCAST_METHOD_MATRIX.csv; FORECAST_METHOD_MATRIX.csv; FISH_BEHAVIOR_VARIABLE_MATRIX.csv
P513,"Copernicus Marine. GLOBAL_MULTIYEAR_PHY_001_030 (GLORYS12V1). Global eddy-resolving reanalysis 1/12 deg, 50 vertical levels, altimetry era 1993 onward. Daily and monthly means. Registration required.",2026,dataset_documentation,MODERATE,,,,,NOWCAST_METHOD_MATRIX; FISH_BEHAVIOR_VARIABLE_MATRIX; NOTES_C,0.083 deg; 50 levels; catalog temporal extent shown as 1 Jan 1993 to 23 Jun 2026 on the viewer page this pass. Reanalysis not a forecast.; QUID CMEMS-GLO-QUID-001-030. FishAI Copernicus account exists; product not ingested this workstream. Using GLORYS as if it were an issued forecast is leakage.,,https://data.marine.copernicus.eu/product/GLOBAL_MULTIYEAR_PHY_001_030/description,yes,NOWCAST_METHOD_MATRIX.csv; FORECAST_METHOD_MATRIX.csv; FISH_BEHAVIOR_VARIABLE_MATRIX.csv
P514,"Copernicus Marine. GLOBAL_ANALYSISFORECAST_PHY_001_024. Global physics analysis/forecast ~1/12 deg, 50 levels; hourly surface; 6-hourly 3D; 10-day forecast. QUID issue May 2025 (1.3).",2025,dataset_documentation,MODERATE,,,,,NOWCAST_METHOD_MATRIX; FORECAST_METHOD_MATRIX,10-day forecast class stated in product family documentation. No RMSE transcribed from QUID tables this pass.; FishAI account exists; not acquired. Estuaries unresolved.,,https://documentation.marine.copernicus.eu/QUID/CMEMS-GLO-QUID-001-024.pdf,yes,NOWCAST_METHOD_MATRIX.csv; FORECAST_METHOD_MATRIX.csv; FISH_BEHAVIOR_VARIABLE_MATRIX.csv
P515,"Chin TM, Vazquez-Cuervo J, Armstrong EM. GHRSST Level 4 MUR Global Foundation SST Analysis v4.1. JPL PO.DAAC. 0.01 deg grid. Near-real-time ~1-day latency; retrospective ~4-day latency.",2017,dataset_documentation,MODERATE,,,,,NOWCAST_METHOD_MATRIX; FISH_BEHAVIOR_VARIABLE_MATRIX,1 km / 0.01 deg; NRT 1-day latency; retrospective 4-day latency. Nighttime foundation-like analysis.; FishAI dataset id jplMURSST41. Puerto Rico join untrusted (future-day leakage). Skin/near-surface; not bottom temperature.,,https://podaac.jpl.nasa.gov/dataset/MUR-JPL-L4-GLOB-v4.1,yes,NOWCAST_METHOD_MATRIX.csv; FORECAST_METHOD_MATRIX.csv; FISH_BEHAVIOR_VARIABLE_MATRIX.csv
P516,NOAA NCEI. Daily Optimum Interpolation Sea Surface Temperature (OISST) v2.1. 0.25 deg; daily; from 1981-09-01. AVHRR + in situ optimal interpolation.,2026,dataset_documentation,MODERATE,,,,,NOWCAST_METHOD_MATRIX; FISH_BEHAVIOR_VARIABLE_MATRIX,0.25 degree; daily; start 1981-09-01. Latency about 1 day class.; FishAI id ncdcOisst21Agg_LonPM180. Puerto Rico SST_ADDS_NO_VALUE and untrusted leakage. Too coarse for reef structure.,,https://www.ncei.noaa.gov/products/optimum-interpolation-sst,yes,NOWCAST_METHOD_MATRIX.csv; FORECAST_METHOD_MATRIX.csv; FISH_BEHAVIOR_VARIABLE_MATRIX.csv
P517,NOAA Coral Reef Watch. CoralTemp daily global 5 km nighttime foundation SST. Version 3.1 of the CRW suite. Record from 1985-01-01. Updated each afternoon ~13:30 US Eastern on the product page fetched this pass.,2026,dataset_documentation,MODERATE,,,,,NOWCAST_METHOD_MATRIX; FISH_BEHAVIOR_VARIABLE_MATRIX,"5 km; daily; 1985-present; afternoon update. Geo-Polar blend + OSTIA heritage.; SST/DHW is heat-stress context, not reef-fish detection. Do not equate CoralTemp with in situ reef temperature.",,https://coralreefwatch.noaa.gov/product/5km/index_5km_sst.php,yes,NOWCAST_METHOD_MATRIX.csv; FORECAST_METHOD_MATRIX.csv; FISH_BEHAVIOR_VARIABLE_MATRIX.csv
P518,NOAA CoastWatch / NASA OB.DAAC ocean color course notes. Optically shallow waters: seafloor reflectance biases chlorophyll-a. Recommendation: remove shallow pixels (<30 m) before ocean-color metrics.,2025,program_documentation,MODERATE,,,,,NOWCAST_METHOD_MATRIX; FISH_BEHAVIOR_VARIABLE_MATRIX; NOTES_C,Shallow-pixel cutoff stated as <30 m in this course. Not a skill score.; Aligns with FishAI Keys VIIRS chl mostly masked/contaminated over shallow reef.,,https://coastwatch.gitbook.io/satellite-course/lectures/ocean-color,yes,NOWCAST_METHOD_MATRIX.csv; FORECAST_METHOD_MATRIX.csv; FISH_BEHAVIOR_VARIABLE_MATRIX.csv
P519,NMFS OpenSci HackDays 2025. Mask shallow pixels for satellite ocean color. Optically deep waters in tropical Pacific typically deeper than 15-30 m. Couch et al. 2023 cited: remove pixels with more than 5% shallow (<30 m) area. ESA CCI chl monthly example ~4 km.,2025,program_documentation,MODERATE,,,,,NOWCAST_METHOD_MATRIX; FISH_BEHAVIOR_VARIABLE_MATRIX,"5% shallow-area threshold; 30 m depth; 15-30 m optically-deep rule of thumb for tropical Pacific.; OC-CCI is a climate record, not a nowcast of fish. Account/registration as required by distributor.",,https://nmfs-opensci.github.io/NMFSHackDays-2025/topics-2025/2025-03-07-ERDDAP-R/mask-shallow-ocean-color.html,yes,NOWCAST_METHOD_MATRIX.csv; FORECAST_METHOD_MATRIX.csv; FISH_BEHAVIOR_VARIABLE_MATRIX.csv
P520,Copernicus Marine. SEALEVEL_GLO_PHY_L4_NRT_008_046 DUACS gridded SSH NRT. Daily L4. Viewer this pass: 0.125 deg; update daily ~11:30. Delayed-time/MY products are the climate-quality series from 1993.,2026,dataset_documentation,MODERATE,,,,,NOWCAST_METHOD_MATRIX; FISH_BEHAVIOR_VARIABLE_MATRIX,"NRT L4 daily; 0.125 deg on current catalog page (historical 0.25 deg datasets being retired per roadmap). NRT mapping uses a non-centered window; delayed-time uses future observations and must not be used as an issued nowcast.; QUID CMEMS-SL-QUID-008-032-068. SSH is a front/eddy proxy, not fish presence.",,https://data.marine.copernicus.eu/product/SEALEVEL_GLO_PHY_L4_NRT_008_046/description,yes,NOWCAST_METHOD_MATRIX.csv; FORECAST_METHOD_MATRIX.csv; FISH_BEHAVIOR_VARIABLE_MATRIX.csv
P521,"Jacox MG, Edwards CA, Hazen EL, Bograd SJ. 2018. Coastal upwelling revisited: Ekman, Bakun, and improved upwelling indices for the U.S. West Coast. J. Geophys. Res. Oceans 123: 7332-7350. CUTI (vertical volume transport) and BEUTI (vertical nitrate flux); 31-47N; 1 deg latitude bins; 1988-present in the paper.",2018,peer_reviewed,MODERATE,,,,,FISH_BEHAVIOR_VARIABLE_MATRIX; NOWCAST_METHOD_MATRIX,31-47 N; 1 deg latitude; 75 km offshore bins in the paper. Public ERDDAP ids erdCUTIdaily / erdCUTImonthly on oceanview.pfeg.noaa.gov.; US West Coast only. Derived from a CCS reanalysis; not a global nowcast field.,,https://doi.org/10.1029/2018JC014187,yes,NOWCAST_METHOD_MATRIX.csv; FORECAST_METHOD_MATRIX.csv; FISH_BEHAVIOR_VARIABLE_MATRIX.csv
P522,"Hazen EL, Scales KL, Maxwell SM, et al. 2018. A dynamic ocean management tool to reduce bycatch and support sustainable fisheries. Science Advances 4: eaar3001. EcoCast.",2018,peer_reviewed,MODERATE,,,,,NOWCAST_METHOD_MATRIX; FORECAST_METHOD_MATRIX; NOTES_C,Dynamic closures 2 to 10 times smaller than static closures (S74; checked in RESEARCH_SOURCES). Observer data 1990-2014 plus telemetry. Not individual locations.; Reuse S74. Analysis-driven SDM analogue. FishAI has no observer program.,,https://doi.org/10.1126/sciadv.aar3001,yes,NOWCAST_METHOD_MATRIX.csv; FORECAST_METHOD_MATRIX.csv; FISH_BEHAVIOR_VARIABLE_MATRIX.csv
P523,"Scales KL, Hazen EL, Jacox MG, et al. 2017. Fit to predict? Eco-informatics for predicting the catchability of a pelagic fish in near real time. Ecological Applications.",2017,peer_reviewed,MODERATE,,,,,NOWCAST_METHOD_MATRIX,none_extracted_this_pass; citation reused from S75 without a new numeric extract; Reuse S75. Near-real-time swordfish catchability with data-assimilative ocean model output.,,,no,NOWCAST_METHOD_MATRIX.csv; FORECAST_METHOD_MATRIX.csv; FISH_BEHAVIOR_VARIABLE_MATRIX.csv
P524,"Muhling BA, Brodie S, Smith JA, Tommasi D, Gaitan CF, Hazen EL, Jacox MG, Auth T, Brodeur R. 2020. Predictability of species distributions deteriorates under novel environmental conditions in the California Current System. Front. Mar. Sci. 7: 589.",2020,peer_reviewed,MODERATE,,,,,FORECAST_METHOD_MATRIX; FISH_BEHAVIOR_VARIABLE_MATRIX; NOTES_C,"Train 2003-2013: AUCs > 0.7 for sardine and anchovy adults and larvae. Validation 2014-2018 (heatwave): adult sardine AUCs close to 0.5; adult anchovy TNM mean AUCs still < 0.7; larval anchovy retained more skill via geospatial predictors. Some larval sardine summer AUCs averaged > 0.75 (all configuration) vs generally < 0.6 in spring. Experiment 2 (train including heatwave, validate 2003-2007) generally higher AUCs than Experiment 1. Coarsening to 2x2 deg raised some AUCs to > 0.75.; Also SOURCE_INDEX P009. Do not treat correlative SDM as climate-proof.",,https://doi.org/10.3389/fmars.2020.00589,yes,NOWCAST_METHOD_MATRIX.csv; FORECAST_METHOD_MATRIX.csv; FISH_BEHAVIOR_VARIABLE_MATRIX.csv
P525,"Tommasi D, Stock CA, Hobday AJ, et al. 2017. Managing living marine resources in a dynamic environment: the role of seasonal to decadal climate forecasts. Progress in Oceanography 152: 15-49.",2017,peer_reviewed,MODERATE,,,,,FORECAST_METHOD_MATRIX; NOTES_C,"Review; no single skill number extracted as a universal constant. Case studies at months-to-decades leads. Limits: mechanistic links, fine regional scale, multi-driver context.; Framework paper. Do not invent a global SST skill number from the review.",,https://doi.org/10.1016/j.pocean.2016.12.011,yes,NOWCAST_METHOD_MATRIX.csv; FORECAST_METHOD_MATRIX.csv; FISH_BEHAVIOR_VARIABLE_MATRIX.csv
P526,"Tommasi D, Stock CA, Pegion K, Alexander MA, Saba VS, et al. 2017. Improved management of small pelagic fisheries through seasonal climate prediction. Ecological Applications 27: 378-388.",2017,peer_reviewed,MODERATE,,,,,FORECAST_METHOD_MATRIX,"Pacific sardine harvest-guideline simulation: SST-informed biomass forecasts increased stock biomass and yield and reduced probability of yield/biomass falling below thresholds in the paper's experiments; still required low-biomass harvest restrictions if the forecast is wrong. Exact yield percentages not transcribed this pass.; Seasonal SST for quota, not a daily fish map. Different question from FishAI survey detection.",,https://doi.org/10.1002/eap.1458,yes,NOWCAST_METHOD_MATRIX.csv; FORECAST_METHOD_MATRIX.csv; FISH_BEHAVIOR_VARIABLE_MATRIX.csv
P527,"Jacox MG, Alexander MA, Siedlecki S, Chen K, Kwon YO, Brodie S, et al. 2020. Seasonal-to-interannual prediction of North American coastal marine ecosystems: forecast methods, mechanisms of predictability, and priority developments. Progress in Oceanography 183: 102307.",2020,peer_reviewed,MODERATE,,,,,FORECAST_METHOD_MATRIX; NOTES_C,"Lead class 1-24 months. Review of statistical and dynamical methods; no single FishAI-transferable skill score extracted. Mechanisms: ENSO teleconnections, ocean memory, biogeochemical lag.; Priority: verify physics skill before biological translation; report conditional skill.",,https://doi.org/10.1016/j.pocean.2020.102307,yes,NOWCAST_METHOD_MATRIX.csv; FORECAST_METHOD_MATRIX.csv; FISH_BEHAVIOR_VARIABLE_MATRIX.csv
P528,"Siedlecki SA, Kaplan IC, Hermann AJ, et al. 2016. Experiments with seasonal forecasts of ocean conditions for the Northern region of the California Current upwelling system. Scientific Reports 6: 27203. J-SCOPE.",2016,peer_reviewed,MODERATE,,,,,FORECAST_METHOD_MATRIX; NOWCAST_METHOD_MATRIX; NOTES_C,CFS Jan-initialized July SST in J-SCOPE domain: useful skill r~0.4-0.6 vs persistence r~0.0-0.4. Density at 40 m Jan-July change skill 0.6-0.8 in PNW domain. Maps treated as skillful when R>0.5. 2013 shortwave bias ~50 W/m2 (2009 nearly 100 W/m2). 20% shortwave reduction cut SST 2-3 C in a hindcast sensitivity. Bottom oxygen among the more predictable fields; forecasts biased low. SST often poorly forecasted on the shelf except some 2009 reforecasts.; Washington/Oregon shelf. Fall transition poorly predicted. NANOOS portal still serving 2026 forecasts.,,https://doi.org/10.1038/srep27203,yes,NOWCAST_METHOD_MATRIX.csv; FORECAST_METHOD_MATRIX.csv; FISH_BEHAVIOR_VARIABLE_MATRIX.csv
P529,"Siedlecki S, et al. Can seasonal forecasts of ocean conditions aid fishery managers? Experiences from 10 years of J-SCOPE. Oceanography. January-initialized forecasts delivered to PFMC since 2019. Products: T, chl, O2, Omega_ar, pH, sardine/hake/crab habitat indices.",2023,peer_reviewed,MODERATE,,,,,FORECAST_METHOD_MATRIX,"Lead 6-9 months. Quinault Indian Nation closed 2018 crab fishery early using observations plus J-SCOPE (article statement). Preliminary: best skill for bottom conditions, mainly during ENSO-neutral years (article; not a numeric table extract).; Operational seasonal ecosystem forecast. Not transferable to Caribbean reef detection without a new model.",,https://tos.org/oceanography/article/can-seasonal-forecasts-of-ocean-conditions-aid-fishery-managers-experiences-from-10-years-of-j-scope,yes,NOWCAST_METHOD_MATRIX.csv; FORECAST_METHOD_MATRIX.csv; FISH_BEHAVIOR_VARIABLE_MATRIX.csv
P530,"Hobday AJ, Hartog JR, Spillman CM, Alves O. 2011. Seasonal forecasting of tuna habitat for dynamic spatial management. Can. J. Fish. Aquat. Sci. 68: 898-911.",2011,peer_reviewed,MODERATE,,,,,FORECAST_METHOD_MATRIX; NOWCAST_METHOD_MATRIX,"POAMA + habitat model: skill in predicting southern bluefin tuna habitat boundaries out to lead times of 3-4 months versus operational nowcasts (abstract; finer skill table not extracted from paywalled body).; Nowcasts used since 2003 from tags + reanalysis. Management zoning, not a public fish-finder.",,https://doi.org/10.1139/f2011-031,yes,NOWCAST_METHOD_MATRIX.csv; FORECAST_METHOD_MATRIX.csv; FISH_BEHAVIOR_VARIABLE_MATRIX.csv
P531,"Eveson JP, Hobday AJ, Hartog JR, Spillman CM, Rough KM. 2015. Seasonal forecasting of tuna habitat in the Great Australian Bight. Fisheries Research 170: 39-49.",2015,peer_reviewed,MODERATE,,,,,FORECAST_METHOD_MATRIX,Preferred SST 19-22 C in the GAB habitat model. Habitat model informative (scores >1) in 48 of 50 month-year aerial-survey combinations. POAMA SST skill in GAB described as useful up to two months in related FRDC text; do not treat 2 months as a Hobday 2011 3-4 month result.; Juvenile SBT ranching planning. ACCESS-S later replaced POAMA.,,https://doi.org/10.1016/j.fishres.2015.05.008,yes,NOWCAST_METHOD_MATRIX.csv; FORECAST_METHOD_MATRIX.csv; FISH_BEHAVIOR_VARIABLE_MATRIX.csv
P532,"Brodie S, Hobday AJ, Smith JA, Spillman CM, Hartog JR, Everett JD, et al. 2017. Seasonal forecasting of dolphinfish distribution in eastern Australia to aid recreational fishers and managers. Deep-Sea Research II 140: 229-239.",2017,peer_reviewed,MODERATE,,,,,FORECAST_METHOD_MATRIX; NOTES_C,"POAMA SST-based habitat/density forecast for Coryphaena hippurus off NSW. Habitat information coarsened to limit targeting. Numeric AUC/RMSE not extracted from the paywalled body this pass.; User-requested dolphinfish seasonal row. Presence-only recreational tags in the related Brodie 2015 habitat model (SST, SLA, SST front, EKE).",,https://doi.org/10.1016/j.dsr2.2017.03.004,yes,NOWCAST_METHOD_MATRIX.csv; FORECAST_METHOD_MATRIX.csv; FISH_BEHAVIOR_VARIABLE_MATRIX.csv
P533,"Kirtman BP, Min D, Infanti JM, et al. 2014. The North American Multimodel Ensemble: phase-1 seasonal-to-interannual prediction; phase-2 toward developing intra-seasonal prediction. Bulletin of the American Meteorological Society.",2014,peer_reviewed,MODERATE,,,,,FORECAST_METHOD_MATRIX,Multimodel ensemble mean generally smaller SST errors than individual models (26%-48% of points where a single model beat the multimodel in the tropical SST example described). Not a fish skill score.; SST/T2m/prate. Biological translation is a separate model.,,https://doi.org/10.1175/BAMS-D-12-00013.1,yes,NOWCAST_METHOD_MATRIX.csv; FORECAST_METHOD_MATRIX.csv; FISH_BEHAVIOR_VARIABLE_MATRIX.csv
P534,"Hervieux G, Alexander MA, Stock CA, Jacox MG, Pegion K, Becker E, Castruccio F, Tommasi D. 2017/2019. More reliable coastal SST forecasts from the North American Multimodel Ensemble. Climate Dynamics 53: 7153-7168.",2017,peer_reviewed,MODERATE,,,,,FORECAST_METHOD_MATRIX,"NMME ensemble more skillful than the best single model for many North American LME SST anomalies; improvement especially for probabilistic tercile forecasts (PSL highlight). Per-LME ACC table not transcribed this pass.; Often cited as Hervieux et al. 2019 from the 2019 journal issue date. Coastal SST, not fish.",,https://doi.org/10.1007/s00382-017-3652-7,yes,NOWCAST_METHOD_MATRIX.csv; FORECAST_METHOD_MATRIX.csv; FISH_BEHAVIOR_VARIABLE_MATRIX.csv
P535,"Shin S-I, Newman M, Alexander MA, et al. 2022-class. Seasonal predictability of global and North American coastal SST and sea-surface height using a Linear Inverse Model versus NMME. NOAA IR.",2022,peer_reviewed,MODERATE,,,,,FORECAST_METHOD_MATRIX,LIM and NMME-mean coastal SST skill generally comparable along many coastlines; differences statistically significant only for some LMEs/seasons (e.g. NMME better in some Alaska LMEs in winter; LIM better in California Current / Gulf of California in spring). No universal ACC quoted.; LIM is a cheap statistical baseline. SSH skill also assessed in that paper; numbers not extracted.,,https://repository.library.noaa.gov/view/noaa/44541,yes,NOWCAST_METHOD_MATRIX.csv; FORECAST_METHOD_MATRIX.csv; FISH_BEHAVIOR_VARIABLE_MATRIX.csv
P536,"Payne MR, Hobday AJ, MacKenzie BR, Tommasi D, et al. 2017. Lessons from the first generation of marine ecological forecast products. Front. Mar. Sci. 4: 289.",2017,peer_reviewed,MODERATE,,,,,FORECAST_METHOD_MATRIX; NOTES_C,Qualitative: most first-generation products forecast spatial distributions; physics skill exists at seasonal (3 months) to decadal (5-10 years) scales in earth-system models. No FishAI-applicable Brier extracted.; Balance feasible vs useful; co-develop with users; verify against persistence/climatology.,,https://doi.org/10.3389/fmars.2017.00289,yes,NOWCAST_METHOD_MATRIX.csv; FORECAST_METHOD_MATRIX.csv; FISH_BEHAVIOR_VARIABLE_MATRIX.csv
P537,"Deutsch C, Ferrel A, Seibel B, Portner HO, Huey RB. 2015. Climate change tightens a metabolic constraint on marine habitats. Science 348: 1132-1135.",2015,peer_reviewed,MODERATE,,,,,FISH_BEHAVIOR_VARIABLE_MATRIX; FORECAST_METHOD_MATRIX; NOTES_C,Equatorward range edges bounded by metabolic index Phi of about 2 to 5. Combined warming and O2 loss this century projected to reduce upper-ocean metabolic index by ~20% globally and ~50% in northern high-latitude regions.; Oxygen x temperature; surface SST is not a substitute for Phi at occupied depth.,,https://doi.org/10.1126/science.aaa1605,yes,NOWCAST_METHOD_MATRIX.csv; FORECAST_METHOD_MATRIX.csv; FISH_BEHAVIOR_VARIABLE_MATRIX.csv
P538,"Liu Y, Long MC, et al. 2024. Skillful multiyear prediction of marine habitat shifts jointly constrained by ocean temperature and dissolved oxygen. Nature Communications 15.",2024,peer_reviewed,MODERATE,,,,,FORECAST_METHOD_MATRIX; FISH_BEHAVIOR_VARIABLE_MATRIX,"Metabolic-index habitat; occurrences only where Phi exceeds Phi_crit. Paper claims skillful multiyear prediction of habitat shifts; specific ACC values not transcribed this pass (do not invent).; Supports O2+T over T-only for some taxa. Decadal/climate class, not a 1-10 day SDM.",,https://doi.org/10.1038/s41467-024-45016-5,yes,NOWCAST_METHOD_MATRIX.csv; FORECAST_METHOD_MATRIX.csv; FISH_BEHAVIOR_VARIABLE_MATRIX.csv
P539,"Morley JW, Selden RL, Latour RJ, Frolicher TL, Seagraves RJ, Pinsky ML. 2018. Projecting shifts in thermal habitat for 686 species on the North American continental shelf. PLoS ONE 13: e0196127.",2018,peer_reviewed,MODERATE,,,,,FORECAST_METHOD_MATRIX; FISH_BEHAVIOR_VARIABLE_MATRIX,"686 species; 16 GCMs; RCP 8.5 and 2.6; 32 outcomes. Models agreed on magnitude and direction for 448 (RCP8.5) or 429 (RCP2.6) species; strongly disagreed for 116 or 120. Many US/Canada west coast and GOA species shifted more than 1000 km under RCP 8.5.; Thermal habitat projection, not a year-specific forecast. Ensemble disagreement is the point.",,https://doi.org/10.1371/journal.pone.0196127,yes,NOWCAST_METHOD_MATRIX.csv; FORECAST_METHOD_MATRIX.csv; FISH_BEHAVIOR_VARIABLE_MATRIX.csv
P540,"Nye JA, Link JS, Hare JA, Overholtz WJ. 2009. Changing spatial distribution of fish stocks in relation to climate and population size on the Northeast United States continental shelf. Mar. Ecol. Prog. Ser. 393: 111-129.",2009,peer_reviewed,MODERATE,,,,,FISH_BEHAVIOR_VARIABLE_MATRIX; NOTES_C,"36 stocks; 1968-2007. Many poleward and deeper. AMO/large-scale temperature most associated with center-of-biomass shifts; stock size more with area occupied. Do not cite a single km/year rate not extracted here.; Demersal/shelf. Bottom climate, not SST-as-bottom.",,https://doi.org/10.3354/meps08220,yes,NOWCAST_METHOD_MATRIX.csv; FORECAST_METHOD_MATRIX.csv; FISH_BEHAVIOR_VARIABLE_MATRIX.csv
P541,"Prince ED, Goodyear CP. 2006. Hypoxia-based habitat compression of tropical pelagic fishes. Fisheries Oceanography 15: 451-464.",2006,peer_reviewed,MODERATE,,,,,FISH_BEHAVIOR_VARIABLE_MATRIX; NOTES_C,ETP hypoxic boundary often ~25 m. 19 billfish / 801 days WNA vs 13 billfish / 429 days ETP. Vertical habitat shallower in ETP than WNA where DO is not limiting.; SST alone misses oxygen compression for tunas/billfishes.,,https://doi.org/10.1111/j.1365-2419.2005.00393.x,yes,NOWCAST_METHOD_MATRIX.csv; FORECAST_METHOD_MATRIX.csv; FISH_BEHAVIOR_VARIABLE_MATRIX.csv
P542,"Smith SG, Ault JS, Bohnsack JA, Harper DE, Luo J, McClellan DB. 2011. Multispecies survey design for assessing reef-fish stocks. Fisheries Research 109: 25-41.",2011,peer_reviewed,MODERATE,,,,,FISH_BEHAVIOR_VARIABLE_MATRIX; NOWCAST_METHOD_MATRIX,Keys+Tortugas domain 885 km2 in this paper; 200 m cells; 15 m diameter plots. CV about 7-20% for 13 exploited species (1999-2008) as reported in research/FINDINGS.md.; Reuse S41. Habitat-stratified visual census; occurrence vs density vs abundance kept separate.,,https://doi.org/10.1016/j.fishres.2011.01.012,yes,NOWCAST_METHOD_MATRIX.csv; FORECAST_METHOD_MATRIX.csv; FISH_BEHAVIOR_VARIABLE_MATRIX.csv
P543,"MacKenzie DI, Nichols JD, Lachman GB, et al. 2002. Estimating site occupancy rates when detection probabilities are less than one. Ecology.",2002,peer_reviewed,MODERATE,,,,,FISH_BEHAVIOR_VARIABLE_MATRIX; NOWCAST_METHOD_MATRIX,none_extracted; occupancy vs detection separation is the used claim; Reuse S42. Visibility is an observation covariate.,,,no,NOWCAST_METHOD_MATRIX.csv; FORECAST_METHOD_MATRIX.csv; FISH_BEHAVIOR_VARIABLE_MATRIX.csv
P544,"Elith J, Leathwick JR. 2009. Species distribution models: ecological explanation and prediction across space and time. Annu. Rev. Ecol. Evol. Syst.",2009,peer_reviewed,MODERATE,,,,,NOWCAST_METHOD_MATRIX; FORECAST_METHOD_MATRIX,none; Reuse S66.,,,no,NOWCAST_METHOD_MATRIX.csv; FORECAST_METHOD_MATRIX.csv; FISH_BEHAVIOR_VARIABLE_MATRIX.csv
P545,"Cowen RK, Sponaugle S. 2009. Larval dispersal and marine population connectivity. Annu. Rev. Mar. Sci.",2009,peer_reviewed,MODERATE,,,,,FISH_BEHAVIOR_VARIABLE_MATRIX,none; Reuse S62. Currents + larval behavior; particles are not adults.,,,no,NOWCAST_METHOD_MATRIX.csv; FORECAST_METHOD_MATRIX.csv; FISH_BEHAVIOR_VARIABLE_MATRIX.csv
P546,"Paris CB, Helgers J, van Sebille E, Srinivasan A. 2013. Connectivity Modeling System. Environmental Modelling & Software.",2013,peer_reviewed,MODERATE,,,,,FISH_BEHAVIOR_VARIABLE_MATRIX,none; Reuse S63.,,,no,NOWCAST_METHOD_MATRIX.csv; FORECAST_METHOD_MATRIX.csv; FISH_BEHAVIOR_VARIABLE_MATRIX.csv
P547,"Phillips SJ, Dudik M, Elith J, et al. 2009. Sample selection bias and presence-only distribution models. Ecological Applications.",2009,peer_reviewed,MODERATE,,,,,NOWCAST_METHOD_MATRIX,none; Reuse S67. Presence-only is not occurrence probability.,,,no,NOWCAST_METHOD_MATRIX.csv; FORECAST_METHOD_MATRIX.csv; FISH_BEHAVIOR_VARIABLE_MATRIX.csv
P548,FishAI locked tests. Florida Keys Stegastes partitus 2022: habitat+depth+visibility beat prevalence (Brier 0.09537 vs 0.12475; AUC 0.8574) but miscalibrated (mean predicted 0.9075 vs observed 0.8549). HYCOM water_temp at dive depth dropped: train CV Brier 0.08145 with temp vs 0.08115 survey-only.,2026,repository_record,LIMITED,,,,,FISH_BEHAVIOR_VARIABLE_MATRIX; NOWCAST_METHOD_MATRIX; NOTES_C,Brier 0.09537 vs 0.12475; log loss 0.31880 vs 0.41736; AUC 0.8574; mean p 0.9075 vs 0.8549; CV temp 0.08145 vs 0.08115. Train 2500 events; test 648.; Reuse S104/S120. Question 2 only. Not a nowcast.,,audit/florida-keys-one-species/REPORT.md,yes,NOWCAST_METHOD_MATRIX.csv; FORECAST_METHOD_MATRIX.csv; FISH_BEHAVIOR_VARIABLE_MATRIX.csv
P549,FishAI locked tests. SBC LTER kelp bass 2022: HYCOM temp at site-depth midpoint kept on CV then failed (Brier 0.29604 vs prevalence 0.24366; mean predicted 0.379 vs observed 0.605). 2022 cooler (15.8 C vs 17.3 C training) but detections stayed high (~60%). Barred sand bass temp dropped on CV.,2026,repository_record,LIMITED,,,,,FISH_BEHAVIOR_VARIABLE_MATRIX; NOTES_C,Kelp bass: predicted 0.379 vs 0.605; Brier 0.2960 vs 0.2437; AUC 0.520. Training temp kept CV Brier 0.2308 vs 0.2385. 11 sites; 43 test rows.; Non-stationary year effect. Depth is EML midpoint not per-transect.,,audit/socal-kelp-bass/SUMMARY.md,yes,NOWCAST_METHOD_MATRIX.csv; FORECAST_METHOD_MATRIX.csv; FISH_BEHAVIOR_VARIABLE_MATRIX.csv
P550,FishAI Puerto Rico MUR/OISST joins. Future-day SST leakage; 2023 holdout reused. Decision SST_ADDS_NO_VALUE. Numbers untrusted as generalization.,2026,repository_record,LIMITED,,,,,NOWCAST_METHOD_MATRIX; FISH_BEHAVIOR_VARIABLE_MATRIX; NOTES_C,"Do not cite PR 2023 Briers as independent skill. missing_fraction=0 on 174 dates is a join fact, not skill.; Issue time vs valid time. MUR/OISST untrusted for FishAI skill claims.",,audit/prediction-test/PUERTO_RICO_FINAL_REPORT.md,yes,NOWCAST_METHOD_MATRIX.csv; FORECAST_METHOD_MATRIX.csv; FISH_BEHAVIOR_VARIABLE_MATRIX.csv
P551,"FishAI VIIRS SNPP weekly chlorophyll, Florida Keys box, 136 weeks. Mostly masked or bottom-contaminated over shallow reef. Not used in a locked model.",2026,repository_record,LIMITED,,,,,NOWCAST_METHOD_MATRIX; FISH_BEHAVIOR_VARIABLE_MATRIX; NOTES_C,136 weeks acquired; not used. No chl skill number exists.; Matches P518/P519 optically shallow warning.,,research/predicting-fish-distributions/FISHAI_DATA_GAP_ANALYSIS.md,yes,NOWCAST_METHOD_MATRIX.csv; FORECAST_METHOD_MATRIX.csv; FISH_BEHAVIOR_VARIABLE_MATRIX.csv
P552,"Hobday AJ, Alexander LV, Perkins SE, et al. 2016. A hierarchical approach to defining marine heatwaves. Progress in Oceanography.",2016,peer_reviewed,MODERATE,,,,,FORECAST_METHOD_MATRIX; NOTES_C,none; Reuse S83. Novelty flag for nowcast/forecast.,,,no,NOWCAST_METHOD_MATRIX.csv; FORECAST_METHOD_MATRIX.csv; FISH_BEHAVIOR_VARIABLE_MATRIX.csv
P553,Thorson JT. 2019. Guidance for decisions using VAST. Fisheries Research.,2019,peer_reviewed,MODERATE,,,,,NOWCAST_METHOD_MATRIX,"none; Reuse S72. Seasonal spatiotemporal SDM from surveys, not a daily nowcast.",,,no,NOWCAST_METHOD_MATRIX.csv; FORECAST_METHOD_MATRIX.csv; FISH_BEHAVIOR_VARIABLE_MATRIX.csv
P554,"Hazen EL, Palacios DM, Forney KA, et al. 2017. WhaleWatch: a dynamic management tool for predicting blue whale density in the California Current. Journal of Applied Ecology.",2017,peer_reviewed,MODERATE,,,,,NOWCAST_METHOD_MATRIX,none_extracted_this_pass; Reuse S76. NRT biological/habitat product analogue.,,,no,NOWCAST_METHOD_MATRIX.csv; FORECAST_METHOD_MATRIX.csv; FISH_BEHAVIOR_VARIABLE_MATRIX.csv
P555,"Stumpf RP, Tomlinson MC, Calkins JA, et al. 2009. Skill assessment for an operational algal bloom forecast system. Journal of Marine Systems.",2009,peer_reviewed,MODERATE,,,,,FORECAST_METHOD_MATRIX; NOWCAST_METHOD_MATRIX,none_extracted_this_pass; Reuse S115. Example of publishing forecast skill. Not a fish SDM.,,,no,NOWCAST_METHOD_MATRIX.csv; FORECAST_METHOD_MATRIX.csv; FISH_BEHAVIOR_VARIABLE_MATRIX.csv
P556,"Kleisner KM, Fogarty MJ, McGee S, et al. 2017. Marine species distribution shifts on the US Northeast Continental Shelf. related to Nye lineage / climate-velocity literature cited by Muhling 2020.",2017,peer_reviewed,MODERATE,,,,,FISH_BEHAVIOR_VARIABLE_MATRIX,"none_extracted_this_pass; cited as supporting demersal climate redistribution, not as a numeric table; Do not invent km shifts. Pair with Nye 2009 (P540) and Morley 2018 (P539).",,,no,NOWCAST_METHOD_MATRIX.csv; FORECAST_METHOD_MATRIX.csv; FISH_BEHAVIOR_VARIABLE_MATRIX.csv
P557,"Fossheim M, Primicerio R, Johannesen E, et al. 2015. Recent warming leads to a rapid borealization of fish communities in the Arctic. Nature Climate Change.",2015,peer_reviewed,MODERATE,,,,,FISH_BEHAVIOR_VARIABLE_MATRIX,none_extracted_this_pass; Polar fish guild. Title/claim verified via literature identity; rates not invented.,,https://doi.org/10.1038/nclimate2647,no,NOWCAST_METHOD_MATRIX.csv; FORECAST_METHOD_MATRIX.csv; FISH_BEHAVIOR_VARIABLE_MATRIX.csv
P558,"Nagelkerken I, et al. 2000s mangrove/seagrass nursery function reviews; Beck MW et al. 2001. The identification, conservation, and management of estuarine and marine nurseries for fish and invertebrates. BioScience.",2001,peer_reviewed,MODERATE,,,,,FISH_BEHAVIOR_VARIABLE_MATRIX,none; Nursery habitat is life-stage specific. Do not publish precise nursery pins (behavior catalog).,,,no,NOWCAST_METHOD_MATRIX.csv; FORECAST_METHOD_MATRIX.csv; FISH_BEHAVIOR_VARIABLE_MATRIX.csv
P559,"Wedding LM, Friedlander AM, McGranaghan M, Yost RS, Monaco ME. 2008. Using bathymetric lidar to define nearshore benthic habitat complexity. implications for fish ecology / rugosity literature.",2008,peer_reviewed,MODERATE,,,,,FISH_BEHAVIOR_VARIABLE_MATRIX,none_extracted_this_pass; Rugosity/BPI are habitat structure. GEBCO is not reef evidence (hypotheses warnings).,,,no,NOWCAST_METHOD_MATRIX.csv; FORECAST_METHOD_MATRIX.csv; FISH_BEHAVIOR_VARIABLE_MATRIX.csv
P560,"SBC LTER giant kelp abundance knb-lter-sbc.18.30 and fish knb-lter-sbc.17.41. Same-day kelp is a survey-time covariate, not a forecast input.",2026,repository_record,LIMITED,,,,,FISH_BEHAVIOR_VARIABLE_MATRIX; NOWCAST_METHOD_MATRIX,On disk for SBC tests. Kelp not a forecast field.; Satellite kelp canopy products exist in the literature but are not in FishAI habitat/.,,https://doi.org/10.6073/pasta/c05388280c63f9effa0c71bf5908be1e,yes,NOWCAST_METHOD_MATRIX.csv; FORECAST_METHOD_MATRIX.csv; FISH_BEHAVIOR_VARIABLE_MATRIX.csv
P561,"Cayula J-F, Cornillon P. 1992. Edge detection algorithm for SST images. Journal of Atmospheric and Oceanic Technology. Foundation for many satellite front detectors.",1992,peer_reviewed,MODERATE,,,,,NOWCAST_METHOD_MATRIX,"none; Front detection is a derived product from SST/SSH/chl. Skill is for the front, not for fish.",,,no,NOWCAST_METHOD_MATRIX.csv; FORECAST_METHOD_MATRIX.csv; FISH_BEHAVIOR_VARIABLE_MATRIX.csv
P562,"Belkin IM, Cornillon PC, Sherman K. 2009. Fronts in Large Marine Ecosystems. Progress in Oceanography. Scales KL et al. on pelagic association with fronts (fit-to-predict lineage).",2009,peer_reviewed,MODERATE,,,,,FISH_BEHAVIOR_VARIABLE_MATRIX; NOWCAST_METHOD_MATRIX,none_extracted; H_PELAGIC_FRONTS. Region- and stock-specific.,,,no,NOWCAST_METHOD_MATRIX.csv; FORECAST_METHOD_MATRIX.csv; FISH_BEHAVIOR_VARIABLE_MATRIX.csv
P563,"Koslow JA, Goericke R, Lara-Lopez A, Watson W. 2011. Impact of declining intermediate-water oxygen on deepwater fishes in the California Current. Mar. Ecol. Prog. Ser.",2011,peer_reviewed,MODERATE,,,,,FISH_BEHAVIOR_VARIABLE_MATRIX,none_extracted_this_pass; Mesopelagic/deep oxygen. Surface chl/SST weak.,,,no,NOWCAST_METHOD_MATRIX.csv; FORECAST_METHOD_MATRIX.csv; FISH_BEHAVIOR_VARIABLE_MATRIX.csv
P564,"Domeier ML, Colin PL. 1997. Tropical reef fish spawning aggregations: defined and reviewed. Bulletin of Marine Science. Lunar and seasonal timing of spawning aggregations.",1997,peer_reviewed,MODERATE,,,,,FISH_BEHAVIOR_VARIABLE_MATRIX,none; Spawning adults guild. Sensitive sites: do not publish pins.,,,no,NOWCAST_METHOD_MATRIX.csv; FORECAST_METHOD_MATRIX.csv; FISH_BEHAVIOR_VARIABLE_MATRIX.csv
P565,Cushing DH. 1990. Plankton production and year-class strength in fish populations: an update of the match/mismatch hypothesis. Adv. Mar. Biol. Hjort 1914 critical period. Lasker 1975/1978 stable ocean.,1990,peer_reviewed,MODERATE,,,,,FISH_BEHAVIOR_VARIABLE_MATRIX,none; Eggs/larvae. Chl/PP lags and MLD/stability. Not adult maps.,,,no,NOWCAST_METHOD_MATRIX.csv; FORECAST_METHOD_MATRIX.csv; FISH_BEHAVIOR_VARIABLE_MATRIX.csv
P566,"Bakun A. 1996. Patterns in the Ocean. Upwelling triad (enrichment, concentration, retention) for pelagic fish and larvae.",1996,book,MODERATE,,,,,FISH_BEHAVIOR_VARIABLE_MATRIX,none; CUTI/BEUTI operationalize part of this for the CCS.,,,no,NOWCAST_METHOD_MATRIX.csv; FORECAST_METHOD_MATRIX.csv; FISH_BEHAVIOR_VARIABLE_MATRIX.csv
P567,"Pinsky ML, Worm B, Fogarty MJ, Sarmiento JL, Pacala SW. 2013. Marine taxa track local climate velocities. Science.",2013,peer_reviewed,MODERATE,,,,,FORECAST_METHOD_MATRIX; FISH_BEHAVIOR_VARIABLE_MATRIX,none_extracted_this_pass; Climate-velocity context for CMIP range-shift row. Not a seasonal forecast.,,,no,NOWCAST_METHOD_MATRIX.csv; FORECAST_METHOD_MATRIX.csv; FISH_BEHAVIOR_VARIABLE_MATRIX.csv
P568,"Cheung WWL, Lam VWY, Sarmiento JL, et al. 2009/2010. Projecting global marine biodiversity impacts under climate change. Fish and Fisheries / related.",2010,peer_reviewed,MODERATE,,,,,FORECAST_METHOD_MATRIX,none_extracted_this_pass; Envelope/CMIP lineage. Ensemble and scenario required (CLIMATE_MODEL_MATRIX).,,,no,NOWCAST_METHOD_MATRIX.csv; FORECAST_METHOD_MATRIX.csv; FISH_BEHAVIOR_VARIABLE_MATRIX.csv
P569,"Hobday AJ, Spillman CM, Eveson JP, Hartog JR. 2016. Seasonal forecasting for decision support in marine fisheries and aquaculture. Fisheries Oceanography 25(S1): 45-56.",2016,peer_reviewed,MODERATE,,,,,FORECAST_METHOD_MATRIX,"Lead times of up to about 3 months in the applications reviewed (paper/secondary cites). Not a universal skill curve.; Connects SBT, aquaculture, and recreational forecast products.",,https://doi.org/10.1111/fog.12083,yes,NOWCAST_METHOD_MATRIX.csv; FORECAST_METHOD_MATRIX.csv; FISH_BEHAVIOR_VARIABLE_MATRIX.csv
P570,NANOOS J-SCOPE forecast portal. 2026-04 oxygen forecast page: relative uncertainty ~10% first half of upwelling season (May-Jun) increasing up to ~50% on the shelf later (Jul-Aug) as stated on the product page. Hypoxia defined O2 < 2 mg/l on that page.,2026,dataset_documentation,MODERATE,,,,,FORECAST_METHOD_MATRIX; NOTES_C,"Uncertainty language 10% then up to ~50% is a 2026 product statement, not a published RMSE. Hypoxia threshold 2 mg/l as displayed.; Use as operational example of communicating decaying confidence, not as a transferable number for FishAI.",,https://www.nanoos.org/products/j-scope/forecasts.php?forecast=2026-04&var=oxygen,yes,NOWCAST_METHOD_MATRIX.csv; FORECAST_METHOD_MATRIX.csv; FISH_BEHAVIOR_VARIABLE_MATRIX.csv
P571,"Stock CA, Pegion K, Vecchi GA, et al. 2015. Seasonal sea surface temperature anomaly prediction for coastal ecosystems. associated with Hervieux/Jacox CCS SST prediction papers.",2015,peer_reviewed,MODERATE,,,,,FORECAST_METHOD_MATRIX,none_extracted_this_pass; cited by Jacox 2020 and Hervieux as showing usable LME SST skill from coarse GCMs; Do not invent ACC. Pair with P534.,,,no,NOWCAST_METHOD_MATRIX.csv; FORECAST_METHOD_MATRIX.csv; FISH_BEHAVIOR_VARIABLE_MATRIX.csv
P572,"Jacox MG, et al. 2017. On the skill of seasonal sea surface temperature forecasts in the California Current System and its connection to ENSO variability. Climate Dynamics / related (cited in Hobday 2011 reference dump and Siedlecki 2016).",2017,peer_reviewed,MODERATE,,,,,FORECAST_METHOD_MATRIX; NOTES_C,"Siedlecki 2016 cites that CCS spatial-mean SST skill is typically greater than persistence when predicting spring temperatures from previous months, and that skill is higher during El Nino in related work. Exact ACC table not extracted.; Conditional skill. Persistence is the reference.",,,no,NOWCAST_METHOD_MATRIX.csv; FORECAST_METHOD_MATRIX.csv; FISH_BEHAVIOR_VARIABLE_MATRIX.csv
P573,"Yates KL, Bouchet PJ, Caley MJ, et al. 2018. Outstanding challenges in the transferability of ecological models. Trends in Ecology & Evolution 33: 790-802.",2018,peer_reviewed,MODERATE,,,,,FORECAST_METHOD_MATRIX; NOTES_C,none (review); Also SOURCE_INDEX P006. Novel climate transfer failure mode.,,https://doi.org/10.1016/j.tree.2018.08.001,yes,NOWCAST_METHOD_MATRIX.csv; FORECAST_METHOD_MATRIX.csv; FISH_BEHAVIOR_VARIABLE_MATRIX.csv
P574,"Roberts DR, Bahn V, Ciuti S, et al. 2017. Cross-validation strategies for data with temporal, spatial, hierarchical, or phylogenetic structure. Ecography 40: 913-929.",2017,peer_reviewed,MODERATE,,,,,NOWCAST_METHOD_MATRIX; FORECAST_METHOD_MATRIX,none (methods); Also SOURCE_INDEX P005. Blocked CV required.,,https://doi.org/10.1111/ecog.02881,yes,NOWCAST_METHOD_MATRIX.csv; FORECAST_METHOD_MATRIX.csv; FISH_BEHAVIOR_VARIABLE_MATRIX.csv
P575,"Gneiting T, Raftery AE. 2007. Strictly proper scoring rules, prediction, and estimation. JASA 102: 359-378.",2007,peer_reviewed,MODERATE,,,,,NOWCAST_METHOD_MATRIX; FORECAST_METHOD_MATRIX,none (theory); Also SOURCE_INDEX P003. Brier/log loss vs accuracy.,,https://doi.org/10.1198/016214506000001437,yes,NOWCAST_METHOD_MATRIX.csv; FORECAST_METHOD_MATRIX.csv; FISH_BEHAVIOR_VARIABLE_MATRIX.csv
P576,FishAI data gap analysis 2026-09-27. No habitat rasters on disk. No archived forecasts with issue time. No contemporaneous independent biological observations. HYCOM GLBy experiment 93.0 ends 2024-09-05 in FishAI manifests. Copernicus account exists.,2026,repository_record,LIMITED,,,,,all C matrices; NOTES_C,Keys HYCOM 260 of 279 dates; SBC 166/166 dates. Habitat dir empty.; User-stated Copernicus account exists (updates older no-credentials notes).,,research/predicting-fish-distributions/FISHAI_DATA_GAP_ANALYSIS.md,yes,NOWCAST_METHOD_MATRIX.csv; FORECAST_METHOD_MATRIX.csv; FISH_BEHAVIOR_VARIABLE_MATRIX.csv
