X,Y,cell_id,T3m,S3m,MLD_m,sst_grad,front_distance_km,upwelling,bottom_depth_m,log_depth
127.33363078463881,3552.2441671706633,g12_355,10.415103858201784,33.48505699064602,46.42797649730255,0.044380018761180716,233.10668406201847,,3837.656649553227,8.252617211792792
137.54361733451498,3551.8756117348116,g13_355,10.389276546796895,33.47713920678825,45.15911065536912,0.04596065223085886,230.89872584468995,,3925.5036947241683,8.275249951848966
147.75303745586152,3551.517337407582,g14_355,10.335312478782017,33.46602549373779,44.74050890918964,0.042604482233065594,228.93284051654643,,3945.9524686683053,8.280445641063563
157.9619070404292,3551.169339923172,g15_355,10.189420892036216,33.45341423621261,43.10056657194068,0.026408307678331182,225.75181216422,,3870.1654504921717,8.261052537175145
168.17024198455124,3550.831615138594,g16_355,10.106711272259137,33.45617793066149,38.80369204454157,0.017845205362173773,222.96144289619215,,3874.4230387468137,8.262152037475122
178.37805818900495,3550.50415903359,g17_355,10.009283610388211,33.458481009368896,33.10847861000736,0.011095233925323798,219.27142687139875,,3867.026577859547,8.260241164575545
188.5853715588717,3550.186967710541,g18_355,9.901007600234179,33.45940224085185,28.138266821136003,0.008953793655794007,215.79848394888296,,3829.353090384089,8.250451162003545
198.7921980033989,3549.8800373943873,g19_354,9.747071706708487,33.45969039734773,24.50576321758566,0.00874197510185988,201.83627654069667,,3664.45487245049,8.206434864499652
208.99855343586304,3549.5833644325457,g20_354,9.767026884585174,33.47460473358031,24.320962775159995,0.007104635929944165,194.5822670814646,,3592.425011705582,8.186582744166941
219.20445377343404,3549.2969452948314,g21_354,9.86800674139416,33.509183641708205,25.25904210264134,0.007720413760524257,187.37392810760267,,3467.072003537939,8.151065713723748
229.40991493702924,3549.0207765733826,g22_354,9.999112171651717,33.55798487582666,29.059027628582175,0.014676053560241221,173.11706592098798,,2712.865329178157,7.905760672347681
239.61495285119202,3548.754854982585,g23_354,10.01312501527658,33.56426103696178,32.494827754332135,0.007861493137596862,166.08227161650686,,2192.621117058691,7.692852964252481
249.819583443946,3548.499177359005,g24_354,10.029196876463647,33.57678497823435,35.0170755079928,0.0038593209367971284,159.1209721114052,,1780.4435590979513,7.484617802747801
260.02382264666267,3548.253740661319,g26_354,10.015003805919513,33.61038371962435,27.730078695001893,0.023453437495689646,145.46097759531892,,1672.9751289335504,7.422358834727817
270.2276863939264,3548.0185419702507,g27_354,9.954806107373278,33.62688074332464,28.521590258698318,0.03317961863112575,138.7881405229895,,1593.3021360735615,7.373563956755554
280.4311906234001,3547.793578488504,g28_354,9.866458029338174,33.645047770745244,29.636532754165636,0.036223203970681066,132.24131481758954,,1495.069556681974,7.309928010951155
290.63435127569164,3547.5788475407085,g29_354,9.782366301545501,33.66687134310003,30.300940563274192,0.03441548854872663,125.84017349968839,,1398.640499754235,7.2432559722037455
300.8371842942199,3547.374346573357,g30_354,9.734938696891168,33.69891577801998,32.1109104433685,0.022650311101039912,113.57297492800757,,1318.520795252344,7.18426577757063
311.0397056250821,3547.1800731547555,g31_354,9.785090692104662,33.69923231551353,33.18573020080603,0.014911379683580542,107.76785172522844,,1390.899201484253,7.237705724512878
321.2419312169205,3546.9960249749656,g32_354,9.846450446275192,33.69451046084845,34.342784276136086,0.009019126714998826,102.23193823433671,,1402.103949401125,7.245729208498759
331.4438770207906,3546.8221998457625,g33_354,9.891751962137535,33.698771699772045,34.6993568126737,0.0053396858366420935,92.15964898967307,,1243.7011161008045,7.12584698406285
341.64555899002846,3546.6585957005764,g34_354,9.885463840090658,33.69966455025734,34.86991062167563,0.00479553570386516,87.73810158275306,,1095.4601982662195,6.998929826350139
351.8469930801216,3546.5052105944624,g35_354,9.883472936922852,33.689731844188046,35.13147889648061,0.0038437864981675555,83.81479890656915,,881.2881497084121,6.781384643638736
362.0481952485681,3546.3620427040437,g36_354,9.912921600824811,33.67919444412933,35.38789007930058,0.004969549241278955,80.4626587324261,,785.647853091845,6.666508667980265
372.2491814547593,3546.229090327488,g37_354,9.989274984160618,33.68909876920096,34.471690003888014,0.020156849781868786,75.76276954102593,,1031.5526508022767,6.938820374158031
382.44996765983956,3546.106351884458,g38_354,9.960171064889098,33.7095404943313,34.43602935718633,0.01906115263691087,74.54150896375931,,1061.5729462942181,6.967506998795593
392.6505698265777,3545.993825916083,g39_354,9.887742910044162,33.74112431350977,26.22156019064685,0.0078112157110476884,74.12995109637448,,1197.0356424824224,7.087603481624622
402.85100391923686,3545.89151108493,g40_354,9.740151716410088,33.814080579688074,15.07720664527315,0.014896403099647688,67.99698006457399,,1740.198962103474,7.461754731708044
413.0512859034438,3545.7994061749673,g41_354,9.694381806842777,33.83774661500878,14.531161804821878,0.013562561935508477,63.81132853842588,,1762.397034116662,7.4744301126205475
423.25143174605864,3545.7175100915483,g42_354,9.667046652018541,33.853927101215525,14.811673460987581,0.009431534024962142,60.35546757527606,,1633.2533753522036,7.398329240366331
433.4514574150456,3545.645821861378,g43_354,9.548919831494532,33.89066500980289,16.91037675605437,0.011997337208393013,47.106379912173786,,1635.936498015025,7.399970701015117
443.6513788793424,3545.5843406325025,g44_354,9.536806703543766,33.920493682268045,17.706137820869507,0.025162060369193637,39.25532733125204,,1531.958093994531,7.3343019961369444
453.85121210873103,3545.533065674281,g45_354,9.522918552158043,33.92901616011524,19.024371468086144,0.031688451832973044,31.40426889334244,,1391.722652146517,7.238297576894996
464.050973073708,3545.4919963773723,g46_354,9.409054402603058,33.911021591940234,19.946631669673028,0.03869364894632925,23.55320576986282,,1309.6618370428444,7.177524243209469
474.250677745355,3545.4611322537303,g47_354,9.375238319098406,33.930426388337345,19.699844401753154,0.06520246566675768,7.851070151800794,,1239.7320325047021,7.122650532426715
484.4503420952093,3545.4404729365824,g48_354,9.50126272422847,33.95881427832312,18.0277692406463,0.07584609066339568,0.0,,967.82629300986,6.875052621803633
494.6499820951369,3545.4300181804256,g49_354,9.590911173005889,33.962355126007026,17.475841135124185,0.07676738388858653,0.0,,577.277306852572,6.358322752187339
127.6999573874378,3562.2405033394243,g12_356,10.369611622035128,33.47394327759556,46.39771302576515,0.032134931673673275,224.27352793194262,,3887.6086685449627,8.265549509420266
137.89986354893563,3561.8713873926945,g13_356,10.327339415890359,33.45704240014912,46.03926036459744,0.02441692266392678,221.97987061587838,,3930.0965942372436,8.276419283247577
148.09920751828753,3561.5125680598053,g14_356,10.284085381040567,33.4441146051304,44.19639244144516,0.015253880900331137,219.93618845126963,,3902.021457842823,8.269250020358818
158.298005066965,3561.164041079556,g15_356,10.244977670237555,33.455285080176196,34.89696186371417,0.003929071467974581,216.62619064565098,,3850.221508920939,8.255885960411428
168.49627197111036,3560.8258023134213,g16_356,10.194467307514744,33.46536186449343,33.268861290438785,0.002931248319331992,214.89631405123416,,3854.384429640975,8.256966592220072
178.69402401139493,3560.4978477454674,g17_356,10.101557960078797,33.47086087239352,31.430184307331675,0.005857076671202574,211.0689287030215,,3848.343143265802,8.255397982255168
188.89127697287745,3560.180173482267,g18_356,9.968184996417394,33.46919086867321,29.218723702160588,0.011780794552876875,207.46209496135924,,3802.2102145666536,8.243337812042439
199.08804664486286,3559.872775752812,g19_355,9.712094610744153,33.450563225511125,27.001176723392405,0.011988547706641766,198.53859587857622,,3569.3101613180156,8.180127623978148
209.28434882076306,3559.575650908434,g20_355,9.704064970007751,33.46455633026074,26.0740840672562,0.006731084518637243,191.16639538685322,,3471.050933428125,8.15221268974667
219.48019929795876,3559.288795422729,g21_355,9.808624267512556,33.50736955973995,25.002949744007392,0.0071803383866301945,183.83103424987357,,3226.447545625505,8.079136979882982
229.67561387765048,3559.012205891482,g22_355,9.938956384906732,33.577677828719644,27.160967705952707,0.011397496896892626,169.28998172156557,,2076.0526652128015,7.638223612563617
239.87060836473512,3558.7458790325913,g23_355,9.944400993366605,33.58547991532714,31.218745854853953,0.006003247354556636,162.0959326163872,,1653.9713681428734,7.410934564758396
250.06519856765746,3558.4898116859995,g25_355,9.964287013684283,33.59601731538586,33.78473308919326,0.003796921410777981,154.96235944962365,,1543.9871265831541,7.342123392844751
260.2594002982749,3558.2440008136286,g26_355,9.982860083545376,33.62472174286518,27.64970069094958,0.01763117194639814,140.91332543179445,,1567.5642499457726,7.357278260468188
270.45322937172034,3558.0084434993128,g27_355,9.949720909587336,33.639232225351606,28.854857539755216,0.025376242727714406,134.02074011227046,,1508.9076558150111,7.319141261279026
280.64670160626537,3557.783136948736,g28_355,9.895313607296025,33.65480801756894,30.26996724159361,0.031468667485967786,127.23523631012476,,1453.7426326800849,7.2818966360161355
290.83983282318326,3557.5680784893725,g29_355,9.850206984396447,33.671593197765105,30.458333576676782,0.035948080665852686,120.57489830205883,,1426.6651000797451,7.263094901832185
301.03263884661374,3557.363265570431,g30_355,9.861775197192028,33.692351460388984,31.08005032188553,0.03857176409346172,107.72220765308768,,1364.5215357987543,7.218559122947079
311.2251355034267,3557.1686957628,g31_355,9.914262840203767,33.69174676639957,31.77548820145076,0.03454380014992376,101.5890889278193,,1387.6628878542842,7.235376235381878
321.41733862308706,3556.9843667589953,g32_355,9.961388655193524,33.688550837206876,33.07751603699895,0.027402322293792372,95.7019837615528,,1364.8186429321604,7.218776836471318
331.6092640375199,3556.8102763731094,g33_355,9.93448311176684,33.69312861362401,35.13363529744607,0.014066466088045418,84.86871675355049,,1386.6858482428422,7.23467189735896
341.80092758097555,3556.6464225407667,g34_355,9.88495353458444,33.6995204720094,35.4413953971804,0.010949638057127446,80.05000284931013,,1337.0238930106384,7.198201447556056
351.9923450898979,3556.492803319081,g35_355,9.846382331880795,33.698743318774376,35.59598335812502,0.010147740367895324,75.73352594545553,,1248.6874311940749,7.129848223557568
362.1835324027808,3556.3494168866087,g36_355,9.846879014508135,33.69690085580846,35.550693688444326,0.012625013949530922,72.00966241416869,,1154.2988571244052,7.051248388517634
372.37450536004854,3556.216261543315,g37_355,9.9072841857314,33.71244826702812,34.79217537402246,0.02341624453214049,66.72198591129498,,1325.0076446786031,7.189173507972436
382.56527980391246,3556.0933357105355,g38_355,9.896643310125324,33.73288999215846,31.99727648722893,0.017235757326631237,65.33323231711333,,1233.165584037172,7.117339787770773
392.75587157824054,3555.9806379309425,g39_355,9.847072864306286,33.76188257613366,22.523269616511225,0.0072632642762859665,64.86370720932803,,1169.021718968268,7.063922540399794
402.94629652842417,3555.8781668685156,g40_355,9.7164515369618,33.825999826971234,14.403289805989559,0.018803505953106488,60.64394766795387,,1609.2200989154492,7.383504930002263
413.1365705012453,3555.785921308509,g41_355,9.67041862003733,33.847679321078076,14.278968845035482,0.012418742964134533,55.91502925447728,,1770.6409978577417,7.479096905691295
423.32670934474345,3555.7039001574312,g42_355,9.646317118113862,33.86293857580186,14.798081639633518,0.002373753778837588,51.940164401908575,,1773.6581328413345,7.480799434513566
433.51672890808373,3555.6321024430144,g43_355,9.538721147000278,33.901202409861604,16.915959532985482,0.02935158261485135,46.98751140914699,,1654.689652609675,7.41136874914512
443.7066450414243,3555.5705273142034,g44_355,9.553819524799218,33.937134784216276,17.487509185277638,0.04341577021016674,40.31671953036,,1493.4340384921713,7.3088334709574765
453.89647359578356,3555.519174041129,g45_355,9.57804676212644,33.95268219543594,18.18513900252237,0.04974727805655048,32.729061405743956,,1385.5218874656482,7.233832161699472
464.0862304229092,3555.4780420150946,g46_355,9.485161530954418,33.938660709688655,17.928230250126987,0.051837962121827244,25.300406579425054,,1362.906760587302,7.217375021863825
474.2759313751449,3555.4471307485646,g47_355,9.593455336645778,33.99866079985057,17.07435648605868,0.05795516245966872,12.142748180189821,,1159.5747074507383,7.0558085853666626
484.4655923052994,3555.426439875157,g48_355,9.764778128144346,34.03260445973178,17.276986170962783,0.05030085958193111,9.266243887046457,,716.9590294573122,6.575018697345375
494.6552290665164,3555.415969149626,g49_355,9.710448390467864,33.97306281205173,15.977620805724891,0.040741416160863665,9.266243887046457,,323.72310676642326,5.779888541660479
128.06720483895887,3572.2369143530955,g12_357,10.353845723171084,33.45278116122552,44.12960304406713,0.013801993031203035,215.4767373250482,,3894.9121192942944,8.267426395609824
138.25700540458266,3571.8672415488845,g13_357,10.353584802143146,33.4409186759377,39.50644927911835,0.006228202348075928,213.0906510239424,,3918.423261196098,8.2734446225819
148.44624801404564,3571.5078807612326,g14_357,10.398278566017888,33.44733891532076,36.07991615354287,0.003747215448118349,210.96286638569876,,3876.672374199072,8.262732429121867
158.63494831855724,3571.158827733629,g15_357,10.436796320370627,33.47782904377067,37.646227470020776,0.002658486519181848,207.51302784628137,,3831.760266313355,8.251079576150786
168.82312197408493,3570.820078332102,g16_357,10.377827748678474,33.48698459660494,39.02589729027093,0.0028509779908463184,206.2044566265471,,3838.3147261758286,8.252788675856948
179.0107846412104,3570.4916285451336,g17_357,10.265500774629817,33.490352985043245,36.599652878279656,0.004697459745430892,202.95797375870603,,3830.4060794343363,8.250726102516305
189.19795198498502,3570.173474483565,g18_357,10.096665568926396,33.482895816926955,31.195084709519826,0.011356064067915886,199.20785760878607,,3764.176814416652,8.233284474739234
199.38463967478683,3569.8656123805226,g19_356,9.735366221959497,33.451311997748476,28.08461687343609,0.0176041559421471,192.4302061327385,,3282.7107568047936,8.096424810301594
209.57086338417756,3569.5680385913342,g20_356,9.690023837460517,33.4631744830363,28.403889816937152,0.010567586113875885,188.14516743654448,,3068.7404996179403,8.029022495690525
219.756638790763,3569.2807495934535,g21_356,9.776465879094928,33.51148672041561,27.542024534346417,0.006731797197505615,180.6942015347849,,2632.824694301344,7.875812577067574
229.9419815760408,3569.0037419863834,g22_356,9.891790744444949,33.596305471881735,28.89744253774497,0.007744944526041222,165.89264480368507,,1659.3523218161401,7.4141826376347755
240.12690742527474,3568.7370124916038,g24_356,9.886387004621715,33.60623817795103,32.25586298286675,0.004853306384053013,158.55143464207873,,1331.5692028289195,7.194113377488777
250.3114320273436,3568.4805579525064,g25_356,9.903039372038625,33.613263111323505,32.948411384980666,0.00433113141702925,151.2576633647838,,1233.9437301790658,7.117970603894902
260.49557107460384,3568.2343753343207,g26_356,9.940434896239095,33.636007915161244,26.703848789666214,0.012670769480201042,136.84275351528936,,1449.311792784353,7.278844097078243
270.6793402627489,3567.9984617240543,g27_356,9.932156914189026,33.651123091637096,27.309031382365145,0.016711252411637862,129.74080657218772,,1457.617925218959,7.28455882419281
280.86275529067103,3567.772814330433,g28_356,9.906715216051214,33.66471234264056,28.46436666795819,0.021160681344862525,122.72552764756594,,1502.7370771268693,7.3150434423992605
291.045831860321,3567.5574304838347,g29_356,9.881702086146344,33.67890628763345,29.102804315437606,0.02640897907447152,115.81267206387355,,1481.4959882578219,7.300807659117832
301.2285856765703,3567.352307636236,g30_356,9.88430074130175,33.6950867738402,29.730641459700184,0.03952469004041369,102.37696809629294,,1224.2722821760226,7.110101891091514
311.4110324470727,3567.157443361163,g31_356,9.915851377731778,33.6950867738402,30.180824706043452,0.04468056810154248,95.90878009293297,,1114.835737933422,7.016462352802443
321.59318788212664,3566.9728353536316,g32_356,9.963046350280546,33.696008005323165,30.777311738119067,0.046019096179631576,89.65539476293617,,1100.0529408675575,7.00311358568976
331.7750676945372,3566.798481430104,g33_356,9.929438782617538,33.69891577801998,33.7316146946086,0.03602898118677093,77.9982026671439,,1454.0661726178057,7.282119167799152
341.9566875994795,3566.6343795284397,g34_356,9.86494282202762,33.703032938695635,34.98558817215303,0.029503839731261278,72.73070129553479,,1560.1784112749235,7.352555459906141
352.1380633143637,3566.480527707853,g35_356,9.813602568596686,33.70683356187775,35.54261712160725,0.025383713842526745,67.95541037078867,,1538.9730493760005,7.338870621909068
362.3192105586891,3566.336924148873,g36_356,9.800307503155071,33.71155541654283,35.613665965136526,0.02485391084962853,63.782981215726196,,1474.9848070461637,7.296402968413186
372.50014505392255,3566.203567153302,g37_356,9.838808505135095,33.735797764855285,32.56921588805162,0.024554617556292156,57.75271221588825,,1433.8881640554175,7.268145029314527
382.68088252335195,3566.0804551441806,g38_356,9.833736930228033,33.75563479599621,27.69161623752052,0.013251539274008758,56.14403260634007,,1174.2549338575282,7.0683891266079035
392.86143869195354,3565.9675866657567,g39_356,9.796327783148683,33.78097083503722,18.04839646659026,0.01422080622100509,55.59746332228086,,984.3309375753811,6.891962159183973
403.04182928625625,3565.8649603834488,g40_356,9.678060561177427,33.83837968999586,13.921290543446714,0.020134025080322637,53.884245209475225,,1375.0411028127564,7.2262389026086185
413.2220700342058,3565.772575083824,g41_356,9.641424726961459,33.85807264288885,14.23082308271327,0.0063376712756317965,48.50588128440571,,1644.1442304340778,7.40497530317554
423.40217666503025,3565.6904296745697,g42_356,9.625380111532149,33.87180597214026,14.868571959687703,0.013133867345232185,43.869176738827164,,1758.4495227674615,7.472187746792047
433.58216490910416,3565.6185231844674,g43_356,9.52740336184759,33.91280511965122,15.752303474231379,0.051539357267683134,37.88139999470215,,1626.3852330265806,7.394115182727037
443.76205049781436,3565.5568547633784,g44_356,9.576691899868607,33.95668365886132,15.473559703644383,0.06248854734467514,37.06497554818724,,1433.3627648061904,7.267778546388447
453.94184916342476,3565.50542368222,g45_356,9.65447034618587,33.982480313643826,15.70518946159692,0.06476447357372576,36.44008749963351,,1346.0841185076602,7.204955003428498
464.12157663894186,3565.464229332951,g46_356,9.619267982007175,33.97657745199758,15.409766006177373,0.06249007189729224,29.953187031250405,,1326.83238229238,7.190549713085273
474.30124865798035,3565.433271228566,g47_356,9.760519691572691,34.015531123039736,15.127820829779619,0.04687680258000869,20.12411063443806,,901.584027225298,6.804153246536358
484.4808809546283,3565.4125490030706,g48_356,9.895941179411258,34.060732574219344,13.805733781476826,0.02605477538022507,18.53248777409362,,413.7993949702405,6.025381303179491
494.6604892633154,3565.4020624114873,g49_356,,,,0.014223180129273306,18.53248777409362,,162.80617164203997,5.0925603621990385
128.4353722491486,3582.233400327768,g12_358,10.427146723690006,33.43740620925146,35.68019581655704,0.0033009157892408365,206.72095478269927,,3883.5865032286974,8.264514362165174
138.61504203675042,3581.8631743249616,g13_358,10.502299269094102,33.44290521715156,36.98833275718612,0.004175834242795422,204.2349367331679,,3899.813033713158,8.268683890895026
148.79415810369602,3581.503275638781,g14_358,10.588618704818597,33.46285794554276,39.362085882647506,0.004385014143254297,202.01598322094148,,3865.075411303381,8.259736472164525
158.972735980952,3581.153700017501,g15_358,10.523130422138614,33.4799312822348,37.39954638574631,0.004140090315521048,198.41404046177254,,3826.1251846329196,8.24960786891943
169.15079120433003,3580.8144433317925,g16_358,10.438926581821066,33.485890905876374,38.842083699862556,0.003577802748434649,197.04633528477555,,3832.2070539082265,8.251196170488083
179.32833931434084,3580.4855015746334,g17_358,10.328865054847034,33.48971991005616,37.62979638390703,0.002238044644912629,194.9499884275,,3807.0908532777,8.244620620893562
189.5053958560463,3580.166870861224,g18_358,10.162101446420085,33.48272335768135,32.38288862251816,0.007038037521968309,191.0464203721544,,3662.886213592396,8.206006698575987
199.68197637891444,3579.858547428904,g19_357,9.747457319975565,33.44900891904108,27.822828653360055,0.021035076130769995,183.97505755323778,,2769.3671346068654,7.926374101816791
209.85809643667454,3579.5605276370757,g20_357,9.680902341823444,33.463462639532175,29.289304036957002,0.015679057103908826,180.8360411789947,,2242.297271806077,7.7152561870843135
220.03377158717333,3579.272807967123,g22_357,9.747320048022157,33.513156724135925,30.374750547597834,0.009595432076450815,177.98052066166687,,1975.3993988320171,7.588525884146764
230.20901739222225,3578.9953850223437,g23_357,9.85496210359544,33.608973491402246,31.237645473295576,0.0064409668141560475,162.95193640916696,,1371.275200806995,7.2234963894019675
240.38384941746753,3578.7282555278707,g24_357,9.841860887951979,33.621958048416296,32.346724547105936,0.005096611041868824,155.47899895002132,,1175.9020980853745,7.069790875065702
250.5582832322376,3578.471416330609,g25_357,9.848314570874633,33.62791767205787,31.14674044106787,0.005513162566912763,148.04096530058402,,1001.7868497560156,6.909540534221287
260.7323344094026,3578.2248643991647,g26_357,9.879242789273569,33.645624083737,25.396420627733473,0.010232733450823967,133.2929770071502,,1319.5752555485967,7.1850651876998315
270.90601852523145,3577.988596823782,g27_357,9.875082842347908,33.65981802872989,24.80389069484223,0.011185401051652184,125.99802490248376,,1350.9602085554754,7.208570884199628
281.0793511592511,3577.762610816285,g28_357,9.849668389967857,33.67493320520574,24.527098594955675,0.011621617874142356,118.76874453033531,,1318.033233349926,7.18389592972933
291.25234789410376,3577.5469037100124,g29_357,9.799171650123924,33.69370492661576,24.476099346437845,0.011726602980608902,111.61790177502853,,1180.9955001591827,7.074113005994661
301.4250243154067,3577.341472959767,g30_357,9.74031414779203,33.70928071883309,25.231517564808307,0.017580033500826115,97.62033271258622,,762.4754842966869,6.636570356222639
311.5973960116109,3577.146316141763,g31_357,9.738323244624224,33.70804294985659,26.243139636928408,0.024443593980767474,90.82049985964778,,688.3909188819007,6.534356872620363
321.7694785738611,3576.961430953566,g32_357,9.82233323514362,33.711699494790764,27.58573617128501,0.03289785182088682,84.19637484969446,,763.0544894616195,6.637329443494203
331.94128759585556,3576.7868152140554,g33_357,9.900955195047885,33.71598911471202,30.22751362696001,0.04173056160943376,71.66911824264075,,1446.6673214050418,7.277017791010369
342.11283867370634,3576.622466863368,g34_357,9.854231745697923,33.71737096193647,31.477773863631654,0.039037518519319934,65.9031891009599,,1535.6264074549372,7.336693659810595
352.2841474058024,3576.468383962867,g35_357,9.800584133391114,33.72102750687064,32.56918807496535,0.03452570606606658,60.59730237697299,,1446.199163368467,7.276694127237342
362.4552293926609,3576.3245646950863,g36_357,9.776786507461445,33.72880121248047,32.70818934013162,0.030814848712123994,55.88265460405004,,1283.2106895656682,7.157120567474737
372.6261002368028,3576.191007363704,g37_357,9.785741399058127,33.75488602375885,26.617817222927933,0.018127971043952116,48.894318090786754,,1130.827360399902,7.030704821140365
382.7967755426044,3576.0677103935004,g38_357,9.774146983669398,33.77411836091036,20.498417164036642,0.010419060526604927,46.98510418733742,,1052.4932815433253,6.958917182204406
392.96727091616174,3575.954672330329,g39_357,9.73755306125468,33.798389090220475,15.341586827041178,0.024519924933811953,46.3312194352344,,1083.0607561144775,6.98754634525615
403.1376019651525,3575.8518918410773,g40_357,9.634500564004611,33.852285478492874,13.725543101615283,0.01697614515636615,47.96936290011127,,1412.4510935307337,7.253081838372132
413.3077842986977,3575.759367713652,g41_357,9.616921902562808,33.868465964699624,14.235423582020255,0.005011342019493106,41.84346684720281,,1592.6143154681724,7.373132168523479
423.4778335272246,3575.67709885694,g42_357,9.610537377199162,33.87929152125422,14.526880540951174,0.030358818812561868,36.37244059960376,,1675.266192093937,7.423727352285714
433.6477652623284,3575.6050843007965,g43_357,9.519070888282002,33.92501252343025,13.635133042584235,0.05250066486682266,28.877346974179314,,1509.3355654059967,7.319424810060545
443.8175951166355,3575.543323196016,g44_357,9.600794444956687,33.97577191776489,13.233429349399954,0.057166837203015686,27.798731661140785,,1305.1746850156821,7.1740921690481425
453.9873387036658,3575.491814814318,g45_357,9.726554799564978,34.00830534942399,13.479429922224677,0.05530488284882636,27.798731661140785,,1250.0621576212557,7.13094855515705
464.15701163769563,3575.4505585483316,g46_357,9.73511886207152,34.00654802945107,13.56912253484311,0.05001189603699383,28.877346974179314,,1217.875694167811,7.10486338572815
474.326629533621,3575.419553911584,g47_357,9.778415851887175,34.00122148079657,13.57223322563739,0.028376779146031633,28.883209463406878,,600.1835013864205,6.397235444101994
484.4962080068199,3575.3988005384886,g48_357,,,,0.03230073247307957,27.798731661140078,,248.5554372812213,5.515665908307124
494.6657626730187,3575.3882981843344,g49_357,,,,0.0031727297076916466,27.798731661140078,,25.40295811264516,3.2348656283711823
128.80445872567157,3592.2299613788036,g12_359,10.540067826847382,33.431158429114014,38.58069202083051,0.003782765965242781,198.01162032909434,,3874.180404131247,8.262089410805055
138.9739725785125,3591.859185841742,g13_359,10.627064172118489,33.447454612571036,43.18380155154412,0.004474268687635556,195.41728287082412,,3881.746461988631,8.264040450413354
149.14293694563995,3591.4987528185757,g14_359,10.650781103939492,33.464355490017475,41.09089496600404,0.005516082530919286,193.09921398022468,,3844.0231945191367,8.254274804025968
159.31136723779898,3591.148658062455,g15_359,10.482183746164695,33.47872189425596,38.981175579251214,0.005018977381354438,189.3312722532231,,3821.3358864310503,8.248355348956663
169.4792788706671,3590.808897448784,g16_359,10.409975643711059,33.489863988304094,41.32108474374907,0.004296564173338195,187.89881262991008,,3825.6490105596686,8.24948340783061
179.6466872647041,3590.479466975122,g17_359,10.341221246549487,33.49749361566599,41.65640546732319,0.003627666157546111,186.7770812803245,,3795.7062110023435,8.24162576237285
189.81360784500308,3590.16036276111,g18_359,10.218970131913395,33.49415360822535,36.05781151054157,0.003332821106433095,182.99020044234055,,3631.1131608796736,8.197294536139307
199.98005604114203,3589.851581048383,g19_358,9.771778874290332,33.452060769985835,28.04573209051352,0.021509837666404005,175.60175843457867,,2312.49249857989,7.746081225523974
210.1460472870363,3589.5531182004947,g21_358,9.657560529884476,33.459950172845936,28.796830730313527,0.01924630896047269,172.31337493103584,,1705.0834281815548,7.441369320005294
220.31159702079336,3589.2649707028395,g22_358,9.693050017684254,33.50659240650493,30.786773436759656,0.012908310350281624,169.31700492936935,,1449.7467552860962,7.279144168634436
230.47672068455634,3588.98713516258,g23_358,9.816018910503598,33.6075916441778,31.40296679619224,0.0068286608090710734,160.49295888051012,,1268.695123298392,7.145744189281982
240.6414337243722,3588.7196083085714,g24_358,9.806206882441034,33.62607520909195,30.917173928660333,0.006346910952062433,152.9070843139333,,1202.6539177228074,7.092285991895142
250.80575159003664,3588.462386991302,g25_358,9.802834914422245,33.63508668367829,29.109367927228327,0.007601000254580693,145.3446692800286,,1112.3964661489229,7.01427194557386
260.9696897349505,3588.2154681828165,g26_358,9.806718231111864,33.657370871774546,23.893951062024435,0.011243054592261706,130.30656496815956,,1191.9165602119372,7.083317845352993
271.13326361597586,3587.978848976661,g27_358,9.783445576731907,33.675077283453675,22.616404915358558,0.011725928474205139,122.84150336265697,,1114.3008171803724,7.0159824174103385
281.29648869329037,3587.752526587815,g28_358,9.728443102167262,33.69736147154994,21.738443094821633,0.011177112154204487,115.4217656331204,,943.4884131034437,6.849584083973729
291.4593804302444,3587.53649835264,g29_358,9.6496849134742,33.72056689112916,21.4981239986871,0.009881862881617453,108.05669372576865,,628.8203785004562,6.443845649146556
301.62195429321633,3587.3307617288174,g30_358,9.615660314127906,33.7175150401844,,0.006803946678894983,93.54213654141066,,321.81418196070206,5.773974304316538
311.78422575147056,3587.135314295298,g31_358,9.547087187050218,33.72620997727719,21.891039850269486,0.00475321390326806,86.42887409187718,,479.2372311895252,6.17219573825214
321.9462102770135,3586.950153752252,g32_358,9.64222111292415,33.72908936897635,22.527240844788263,0.007293692457069126,79.44613822684073,,805.7548492535586,6.69177953898778
332.1079233444515,3586.775277921018,g33_358,9.844017351995564,33.73047121620079,25.400989689374185,0.02199352276833262,66.03732092197347,,1317.1449856015079,7.183221783460458
342.26938043084857,3586.610684744061,g34_358,9.844114798476946,33.735365530111466,26.570477126226685,0.02545037591369085,59.73633085830522,,1301.7946340946205,7.171499079217532
352.430597015587,3586.4563722849266,g35_358,9.802089890481236,33.73979922828067,27.40243800350261,0.024319528922846795,53.83170740616371,,1164.8611749921974,7.060357195802489
362.5915885802163,3586.312338728198,g36_358,9.767637766066612,33.74849416537346,27.3834524372068,0.020381839834272938,48.46853267332099,,1048.9785573363956,6.955572167135323
372.7523706083255,3586.178582379464,g37_358,9.74668713660602,33.7744348984039,20.108970936032968,0.008143834783280289,40.22013331362263,,1097.8323741503239,7.001092945706767
382.9129585853936,3586.055101665279,g38_358,9.72938510540026,33.792141310083025,16.46678357728092,0.01914733562150458,37.878412052012905,,1239.9101795417453,7.122794220122048
393.0733679986501,3585.9418951331295,g39_358,9.691049664296017,33.815346729662245,14.091898828898323,0.03281489138238093,37.06497554818724,,1500.2879137186337,7.31341231115079
403.23361433693515,3585.8389614514076,g40_358,9.605464759127488,33.86374411003455,13.730632062890528,0.009937290333056719,40.22013331362263,,1617.0785463816767,7.388376433772548
413.39371309055855,3585.746299409379,g41_358,9.605395601568478,33.87595151381358,14.10723032904907,0.016795769726971197,36.34083230177071,,1630.3159643661188,7.396529118185047
423.55367975116,3585.6639079171614,g42_358,9.604124562913146,33.88326460368193,13.929498493929804,0.03884017570862937,29.88528032978002,,1586.6102646454615,7.3693551104331725
433.7135298115688,3585.591786005695,g43_358,9.506426529793853,33.93416807626452,12.490557204379076,0.042050756361290284,20.112889811031746,,1273.6915723574903,7.149674712911729
443.87327876566377,3585.529932826731,g44_358,9.608548498621658,33.99560894890581,12.60073404513477,0.0544640008085606,18.53248777409362,,1152.2513380898295,7.049472992884239
454.03294210823407,3585.4783476528073,g45_358,9.773917419318748,34.0400332468504,12.888712404453901,0.04992166790217719,18.53248777409362,,1145.4438147942494,7.043547452060552
464.1925353348388,3585.437029877236,g46_358,9.856086358338013,34.06525358864115,12.831503926300647,0.03363146346893484,20.112889811031746,,1014.0688839979281,6.921726114780603
474.3520739416679,3585.4059790140873,g47_358,,,,0.007056661319291781,29.88528032978002,,342.8067772845373,5.837166956903157
484.5115734254026,3585.3851946981868,g48_358,,,,0.03678555242835969,36.34083230177071,,60.22884368130538,4.098151368486902
494.6710492830783,3585.3746766850963,g49_358,,,,0.01643542984315171,37.06497554818724,,,
129.1744633739118,3602.2265976208337,g12_360,10.59251355805787,33.430841891620474,44.27873994005071,0.00280351975733516,189.35514317210945,,3859.5858134643354,8.25831515449027
139.33379616072432,3601.855276219275,g13_360,10.637304768413994,33.44866400054987,43.47360073218044,0.0042964144603222865,186.64308382749323,,3854.40272728588,8.256971339437639
149.49258369612215,3601.494312425935,g14_360,10.602232312297502,33.462685486297154,41.44850020613567,0.00609577810129807,184.2169315860591,,3828.485020417639,8.250224447895045
159.6508412706533,3601.1437019989357,g15_360,10.407294208117762,33.48727275310082,39.715635410441124,0.0060764774799792285,180.26717484883002,,3816.660409238006,8.247131080811974
169.8085841798844,3600.8034408184944,g16_360,10.341720015506052,33.49841484714895,39.42724866584733,0.004850372146291322,178.76351570833975,,3815.201906024324,8.24674886657089
179.9658277242472,3600.4735248868446,g17_360,10.303024120563265,33.50725386248968,42.497011880653474,0.004463821831692469,177.58519997970228,,3768.8534329329136,8.23452610498988
190.12258720888872,3600.1539503281483,g19_360,10.236342363842779,33.50817509397264,39.84936525640632,0.0022163997898501262,175.053725170824,,3543.174803614757,8.172778441388953
200.27887794351898,3599.8447133884197,g20_359,9.823546652789597,33.46579409923724,28.164668503096987,0.01943649354251356,167.32259716886296,,2183.098992991033,7.688500702746267
210.43471524226123,3599.5458104354384,g21_359,9.640824338865064,33.45828016912562,27.94042088214356,0.020994790825282845,163.87142628663258,,1757.759392637607,7.471795204622159
220.5901144235045,3599.2572379586845,g22_359,9.622597056799021,33.493319692995,29.73738270651215,0.015955333465025427,160.7207260575623,,1538.7450410558322,7.338722454784019
230.7450908097446,3598.978992569259,g23_359,9.75548904704119,33.59613301263613,30.504675105633886,0.008785105200458942,155.39212645886383,,1350.5262131253685,7.208249582985335
240.89965972744974,3598.7110709998105,g24_359,9.763020961985639,33.621180895181276,29.616477811482323,0.00863738949767446,150.8612918676156,,1235.117552822761,7.118921429004194
251.0538365069025,3598.4534701044754,g25_359,9.75949705596995,33.635691377667705,27.4227760769885,0.010316555012162686,143.19817446380827,,1111.9029316208785,7.013828179292542
261.20763648205474,3598.2061868588066,g26_359,9.74242974319898,33.66865704407062,22.609818618397178,0.013815102387922011,127.92297937796008,,1035.0710751532579,6.9422253749873395
271.36107499037973,3597.9692183597085,g27_359,9.69439230022782,33.693993083111636,21.33816846456157,0.013538608155735578,120.31739233113122,,858.6632240619086,6.755376789303426
281.51416737272604,3597.742561825382,g28_359,9.629660578038502,33.7173425809388,20.965862440463994,0.012206526187143648,112.73891542039974,,592.012430006018,6.383527631295367
291.6669289731698,3597.5262145952634,g29_359,9.630199172467092,33.71308134201521,,0.011054933159782754,105.19341328020494,,300.85021704992243,5.706612523121717
301.81937513886976,3597.3201741299663,g30_359,9.503322846694207,33.71495218597879,21.39534775243833,0.006888020510483648,90.23441386808454,,367.8317708133136,5.907625689117475
311.9715212199208,3597.124438011237,g31_359,9.512359475564166,33.732946754153794,21.418645360845808,0.005042172471738275,82.84476655214996,,661.9672589211159,6.495216096890842
322.12338256920896,3596.939003941893,g32_359,9.60033452004646,33.74849416537346,21.067443819592164,0.004331829691167394,75.53851887702892,,951.4569368482972,6.857994427538924
332.2749745422662,3596.7638697457837,g33_359,9.80445174087263,33.746795780655475,21.37500055441556,0.006754566360791438,61.295312658957336,,1052.485348215017,6.958909644523788
342.4263124971257,3596.599033367742,g34_359,9.818865906972674,33.751229478824676,21.931505793678593,0.009473767693412311,54.455041852633364,,1015.8293332820356,6.923460634975251
352.5774117941799,3596.4444928735384,g35_359,9.791282410834768,33.75917564368011,22.054537851568767,0.009215483814384383,47.9102995124046,,1051.7539425882424,6.958214471061885
362.72828779602725,3596.3002464498445,g36_359,9.758364332432638,33.769252427997344,20.99793718988351,0.007333399628488028,41.80013653690542,,1095.827926655561,6.9992654539553
372.87895586734174,3596.166292404198,g37_359,9.741227862102656,33.79412785129688,16.908452477704767,0.011746495529343785,31.88087381019468,,1296.0081626045408,7.167044175198359
383.02943137472084,3596.042629164959,g38_359,9.729135720921978,33.81030833750363,15.111679079814568,0.027958220145477993,28.873424624798535,,1507.4572288292877,7.318179555946295
393.1797296865438,3595.9292552812826,g39_359,9.690813902696615,33.83092252187957,13.763876677128952,0.03701115032705913,27.798731661140785,,1726.159467944962,7.453654259000653
403.32986617282916,3595.8261694230873,g40_359,9.606334475307639,33.8722949688794,13.871811019017468,0.003678377301736058,31.88087381019468,,1567.718321605944,7.357376542939883
413.4798562050913,3595.733370381028,g41_359,9.61153074245384,33.8809899059722,13.936149285691608,0.02329550741671764,32.59082145267495,,1374.0133333859078,7.225491176800646
423.62971515619824,3595.6508570664732,g42_359,9.60687411290084,33.88539522314373,13.358485165208196,0.03551616915904142,25.19982744780792,,1314.9572917600858,7.181559466335467
433.7794584002284,3595.578628511474,g43_359,9.492137055932947,33.938285236940175,12.211921651988039,0.042945923394090375,12.119487217276745,,1095.3787012471796,6.998855428347532
443.929101312329,3595.5166838687537,g44_359,9.59651189212111,34.009658815650766,12.391695124088153,0.06797116120574881,9.266243887047164,,1099.767674209231,7.002854231215154
454.07865926857335,3595.4650224116835,g45_359,9.793044792816536,34.07636730169161,12.360684169266209,0.060593951980895344,9.266243887047164,,1070.5576483383902,6.975934958367162
464.2281476458186,3595.4236435342686,g46_359,9.895209778349129,34.118257126428254,12.283941080274786,0.02982054647545576,12.119487217276745,,857.567338570295,6.754099704901809
474.3775818215641,3595.3925467511403,g47_359,,,,0.0066077474070594736,25.19982744780792,,151.45495432382825,5.020288249541887
484.5269771738091,3595.3717316975385,g48_359,,,,0.028937117935393004,32.59082145267495,,25.542311281836906,3.240336343057866
494.6763490809132,3595.361198129307,g49_359,,,,,,,,
129.54538529697427,3612.2233091677626,g12_361,10.55088892937273,33.43602436202703,45.00260718829488,0.0014008321900720643,180.75911741215887,,3843.6300648975935,8.254172528439748
139.69451191202393,3611.8514455768436,g13_361,10.549909186996931,33.45263708297759,43.65957544560363,0.0036469475236201978,177.9187687419154,,3833.153740783793,8.25144317435541
149.84309750923228,3611.4899545853805,g14_361,10.490264748922778,33.46804041594931,42.46722732039228,0.005585557459960865,175.3743761399146,,3819.434502311672,8.247857654598139
159.99115725897707,3611.13883195655,g15_361,10.305925608547861,33.49901954113837,41.34310937842089,0.006628135707182869,171.22471339528576,,3811.092400490039,8.24567114631335
170.13870633673884,3610.798073575477,g17_361,10.247593077765679,33.5112269449174,40.6977626199118,0.005257327078553368,169.64241961028162,,3799.7129957644984,8.242680815431742
180.28575992294802,3610.467675449151,g18_361,10.225550593404416,33.519461266268706,42.51896413600138,0.004620057434503904,168.40146738026203,,3741.338996495725,8.22719884678795
190.43233320282965,3610.14763370634,g19_361,10.202760998772918,33.52311781120289,41.87730388725435,0.003797154693345221,167.25404166152077,,3451.858030844737,8.146667924719338
200.57844136625005,3609.8379445975143,g20_360,9.905303775948637,33.490352985043245,28.688782085729187,0.015807054826442894,159.15226569547457,,2013.912671256226,7.607834711492433
210.72409960756468,3609.5386044947622,g21_360,9.670259379888144,33.467752259453434,27.226989502359192,0.021003496890646102,155.52334007715547,,1654.3898830497858,7.411187569117574
220.8693231254676,3609.2496098917204,g22_360,9.560808734395549,33.4797588229892,28.181243599116293,0.01813324094546061,152.20307688677278,,1429.077020762761,7.264784074841826
231.01412712283036,3608.970957403502,g23_360,9.647529492595226,33.57232289906749,29.543663050182154,0.011563570206445897,146.57052486182423,,1179.2505283372996,7.0726343701925085
241.1585268065649,3608.7026437666213,g24_360,9.682272913289383,33.607735722425744,28.025770218028576,0.01165890737341252,144.2975906441568,,1029.4587419340273,6.93678844983577
251.30253738746333,3608.4446658389274,g25_360,9.694697219386233,33.6312576794985,25.77526146234754,0.013765982380568774,141.62648146528642,,899.9999224700767,6.802394677179948
261.44617408005,3608.1970205995444,g26_360,9.677837379292292,33.674300130218654,21.85762467136495,0.015980570566182968,126.17638866665993,,855.3025635105704,6.75145528178857
271.58945210243166,3607.9597051488026,g27_360,9.62356734895439,33.70130617297999,21.173511588434433,0.013998077319315015,118.4661222727429,,699.974646072554,6.551044114491097
281.73238667614817,3607.732716708176,g28_360,9.583988114952573,33.70314863594591,21.44519514048524,0.011518994159556232,110.76846068406125,,387.54087990576375,5.959821339760037
291.87499302602305,3607.51605262024,g29_360,9.53654584425475,33.702572322954154,,0.008945884466514644,103.08623289524752,,208.62915155802435,5.340558281403054
302.0172863800152,3607.309710348593,g30_360,9.511697232061048,33.722754272586286,21.843237699896495,0.003035091761511422,87.78430253258604,,384.02023825146085,5.950695254978777
312.15928196907083,3607.1136874778244,g31_360,9.53474670455587,33.75143031906794,21.503353794636382,0.0021782459337658885,80.17654519670577,,684.0127605812288,6.527976573269043
322.3009950269755,3606.9279817134534,g32_360,9.648606681452407,33.774002663660085,20.763818363770824,0.0029511214595675994,72.60968532367075,,942.4380345146895,6.848470171287802
332.44244079020643,3606.7525908818825,g33_360,9.818147085624812,33.78082675678929,19.244088849054876,0.006726276551954283,57.6630324204803,,961.273323101402,6.868258783829954
342.58363449778534,3606.587512930356,g34_360,9.810601547801484,33.78128737253077,18.623654503123785,0.008886641806736706,50.338826068677264,,974.5999301256767,6.8820270587140175
352.7245913911342,3606.4327459269175,g35_360,9.779673329402549,33.78724699617234,17.928251358106316,0.008649194815564892,43.18177030525043,,1029.5769805117313,6.936903298331641
362.86532671391905,3606.288288060363,g36_360,9.760256745954452,33.79732378048958,17.194691495160846,0.00494629983287784,36.290899005136886,,1053.6970584687122,6.960060266980357
373.0058557119179,3606.1541376402097,g37_360,9.807423429580847,33.81549080791018,16.356750824146367,0.01619074188767057,24.224931681491157,,1244.214105102563,7.126259368700925
383.1461936328652,3606.030293096661,g38_360,9.81333851807491,33.82648882371038,14.720025562967644,0.03613633060264673,20.107254050240293,,1563.6538417924328,7.354780567831211
393.28635572630856,3605.9167529805713,g39_360,9.772694674930182,33.844195235389506,13.876880366463377,0.04004220501503445,18.53248777409362,,1716.7300469635638,7.448176624869424
403.42635724346275,3605.8135159634153,g40_360,9.660257674685877,33.876412129555064,14.021865648422885,0.005612941000438352,24.224931681491157,,1148.9810646820272,7.046630797888791
413.5662134370651,3605.7205808372632,g41_360,9.649105450408971,33.881133984220135,13.625123043255368,0.02297701645325658,29.85112961335071,,846.6747582919172,6.741316628336502
423.7059395612294,3605.6379465147547,g42_360,9.631251201895738,33.88188275645749,12.848281505458674,0.027468734070158794,23.42345841678603,,825.1104469078093,6.715517252413987
433.8455508713016,3605.5656120290732,g43_360,9.468490324835567,33.92714314289204,12.170336374544588,0.04995110075509491,7.807821068928984,,989.7675364168169,6.897470103855867
443.9850626237146,3605.5035765339344,g44_360,9.527328926726598,33.997767949365276,12.126842556017277,0.08736009288726326,0.0,,1094.0979529312162,6.997685515473971
454.12449007584365,3605.4518393035546,g45_360,9.685416360122133,34.06663543586559,11.948105433762668,0.08058933458792214,0.0,,993.0591497462912,6.90079022898443
464.2638484858615,3605.41039973265,g46_360,9.783477976573806,34.102161783214505,11.746730853303934,0.03449868948508305,7.807821068928984,,623.1499191456284,6.43478713052132
474.4031531125942,3605.37925733642,g47_360,,,,0.02280352598434972,23.42345841678603,,72.17037564122073,4.279029652020348
484.5424192153764,3605.358411750527,g48_360,,,,0.03332503990373578,31.23127230070168,,19.30938354034711,2.960591171557298
494.6816620539097,3605.3478627311033,g49_360,,,,,,,,
129.9172235956875,3622.220096132762,g12_362,10.41903638884494,33.45021830701992,47.6698760384217,0.007450498386534435,172.23259456688982,,3825.2464498563963,8.249378175520032
140.05611895883467,3621.847694032967,g14_362,10.392006153179116,33.46516102425016,46.83305999235331,0.007593058417135652,169.2520517890119,,3821.8617574933314,8.248492953945467
150.19447753690713,3621.4856794206266,g15_362,10.337889104002725,33.48102497296337,44.64728462172291,0.006868589518169034,166.57787431214575,,3812.6187821071985,8.246071576392874
160.33231438014033,3621.1340480640674,g16_362,10.200632823651702,33.51534410559305,42.26683612564425,0.006487792051931985,162.20750630302797,,3799.8115216584533,8.242706744920813
170.46964454395842,3620.7927958534096,g17_362,10.149417262459908,33.53074743856478,41.947763812433266,0.0053789061438578286,160.53794484870951,,3749.320311714442,8.22932985232717
180.60648308881682,3620.4619188004845,g18_362,10.127651408334685,33.53791645018519,42.866162986140935,0.004227096215282682,159.22729346316444,,3596.270241062503,8.187652543230177
190.74284508004627,3620.1414130387466,g19_362,10.129502953219859,33.54050768538847,43.47696396469186,0.004604391218309101,158.2844689521635,,3136.9355263761113,8.051001655341954
200.87874558769627,3619.8312748232024,g20_361,9.976834968855663,33.51917310977284,29.95532607382003,0.011583770356049324,151.10841810946295,,1602.2483294222295,7.379163127738906
211.01419968638064,3619.5315005303264,g21_361,9.745963099435098,33.48758929059436,26.71815750671642,0.01962204124736409,147.28507747535014,,1163.947082385933,7.059572165390206
221.1492224551241,3619.242086657988,g22_361,9.555293925212053,33.47794474102094,26.677361655395316,0.019018226348390885,143.778032558474,,1040.2061156155364,6.947174160590615
231.28382897719945,3618.9630298253833,g23_361,9.530006251400367,33.54928993873387,27.572851399801046,0.013882192179670308,137.80728607100954,,1024.0342419166036,6.931505244412053
241.41803433998743,3618.69432677296,g24_361,9.577671703983327,33.592015851960475,25.863316872987596,0.01497332205629252,135.3896082128353,,949.4298807265295,6.855861678896149
251.55185363481425,3618.4359743623504,g25_361,9.612111248683682,33.62529805585693,23.92821244414468,0.017465005049814027,133.37891379304185,,832.1854238251914,6.724055281164964
261.68530195680097,3618.187969576314,g26_361,9.61844128253181,33.67369543622923,21.686389286591716,0.01645813602126579,125.09347739180987,,909.2708807385003,6.812643048396923
271.8183944047117,3617.950309518664,g27_361,9.583864465878046,33.6883499969636,21.703218654287074,0.012404579829127614,117.31954924654724,,817.584370420961,6.706354102854
281.9511460808009,3617.7229914142195,g28_361,9.538591238938075,33.693244310874285,22.014986159019855,0.008258894061570243,109.54884973556344,,478.5599228855679,6.170781433743143
292.08357209066276,3617.5060126087355,g29_361,9.524813113748001,33.68929960944423,22.223881942811875,0.004311027891115165,101.78212369560227,,290.43595938671996,5.671383102373956
302.2156875430795,3617.299370568859,g30_361,9.573028697309207,33.72019141838068,,0.002573403257308251,86.26490760340495,,359.47589328387664,5.884647118678731
312.3475075498711,3617.103062882073,g31_361,9.553954772162324,33.76899265249913,20.51117787719464,0.0026985595935996544,78.51763776772627,,689.2459193852744,6.535598129516812
322.47904722574464,3616.9170872566433,g32_361,9.700208899075891,33.79309092256365,19.908716948424743,0.0032464457083404923,70.78124458632888,,940.0842172011011,6.845969464017986
332.6103216881446,3616.741441521577,g33_361,9.84980774825049,33.813792423192204,18.77863405799818,0.006557825353870783,55.35934985589816,,1086.849504949968,6.991038427628103
342.7413460571033,3616.576123626574,g34_361,9.828787961230887,33.813792423192204,18.089909170749383,0.007681424987943694,47.6903208715097,,1050.8810046359943,6.9573841433784676
352.8721354550934,3616.4211316419855,g35_361,9.809163905105759,33.81577896440606,17.831561667553984,0.0031372864221425323,40.070664884092565,,961.1310877920632,6.868110807359662
363.0027050068702,3616.2764637587734,g36_361,9.832698523678266,33.82340859176795,17.72439041952134,0.010447675449717456,32.53509593964633,,844.5465552924818,6.738799862368976
373.1330698393365,3616.142118288475,g37_361,9.900001655265234,33.82173858804764,15.834441209141128,0.027450495797832042,18.139204061401497,,1037.8633207600778,6.944919379487519
383.26324508138464,3616.018093663167,g38_361,9.907285228896011,33.824041666755036,14.117131134140708,0.05001395601779077,12.110125813279204,,1310.1760526017815,7.177916798464565
393.393245863751,3615.9043884354337,g39_361,9.86997144196882,33.84387869789596,13.91148635068003,0.050276438533884554,9.266243887047164,,1480.8338899846117,7.300360647264697
403.52308731886774,3615.8010012783334,g40_361,9.745662352935135,33.873648435106176,14.107843245922787,0.0042862087019667865,18.139204061401497,,689.3972593560597,6.5358176786702495
413.65278458071475,3615.7079309853784,g41_361,9.712827054970894,33.87577905456798,13.364697116113163,0.01859850898581385,24.215554114951008,,559.6556218369684,6.327321633557705
423.7823527846725,3615.6251764705044,g42_361,9.678126589242602,33.87393659160205,12.622426890519636,0.021996411090143317,23.401660165408178,,570.3346057690364,6.346223216260233
433.9118070673741,3615.552736768048,g43_361,9.469469024046754,33.89953240614128,12.443718428386017,0.048041038237375454,7.800554990915677,,915.8883517317084,6.819894470489559
444.0411625665582,3615.49061103273,g44_361,9.436612739312428,33.9513854912045,12.283111420759493,0.09961255427097918,0.0,,1027.8291126726876,6.935204199388236
454.17043442092177,3615.438798539636,g45_361,9.508493892672954,34.00390003225246,12.147081025330444,0.10528595262601982,0.0,,806.4495361764447,6.692641324220667
464.2996377699732,3615.397298684202,g46_361,9.52788218719868,34.01881219522543,11.821473386037962,0.049398127424984804,7.800554990915677,,410.89940159262113,6.018348419554941
474.42878775388476,3615.3661109821996,g47_361,,,,0.02898026582221644,23.401660165408178,,55.07626722447782,4.00871890149275
484.55789951334646,3615.345235069731,g48_361,,,,0.03624479331775493,31.202207945303602,,,
494.686988189421,3615.3346707032174,g49_361,,,,,,,,
130.2899773686047,3632.2169586282694,g13_363,10.318664284023555,33.48148558870484,48.79800034270719,0.010883972221906856,163.78642970890232,,3819.244579340504,8.247807927945356
140.41861642536597,3631.8440217053876,g14_363,10.281185979385196,33.4932323767424,47.894053326584476,0.010198644554704,160.65225498961243,,3815.445814987913,8.246812795341445
150.54672292893088,3631.4814870545847,g15_363,10.236535170476317,33.506044474510844,45.33859772636732,0.008478283666364507,157.83512630200337,,3814.419642967703,8.24654380710514
160.6743118094239,3631.129350449422,g16_363,10.133206042990206,33.53731175619578,42.138556156625015,0.0060095930977954685,153.22001239814307,,3787.773962162811,8.239533780446008
170.80139800224245,3630.7876077851042,g17_363,10.083538150689785,33.55072854795364,42.03068591501473,0.005197218890117414,151.4530889863064,,3665.4737566470994,8.206712871081907
180.92799644789764,3630.4562550783858,g18_363,10.053052123402672,33.5559110183602,42.877711691229834,0.0036163872379151585,150.0644313459729,,3288.2836044624496,8.09812100685493
191.054122091855,3630.1352884674943,g19_363,10.057294850766223,33.55438509288782,44.03363933528415,0.004470282662931847,149.06461230975668,,2471.60479420934,7.812622932903887
201.1797898843764,3629.824704212052,g20_362,10.007059031950227,33.537167677947835,32.16109893718485,0.008118205105785762,143.21236876109108,,968.3274409058397,6.87557029547633
211.3050147803623,3629.5244986929947,g21_362,9.809326336487702,33.506044474510844,26.603537966581015,0.018189111146983076,139.17614223665376,,737.2910943742763,6.602982786222367
221.429811739197,3629.234668412501,g22_362,9.587272086710412,33.48450905865194,25.738285776264647,0.019993193099527524,135.4628727081899,,868.0459091744045,6.766244604015606
231.5541957245816,3628.955209993921,g23_362,9.463533010521523,33.53892499792076,25.610003344864463,0.016584335820207106,129.11429422585374,,1053.5664033755138,6.959936262463854
241.67818170439304,3628.6861201817046,g24_362,9.498719665492114,33.58424214635064,23.834529087594145,0.018141086258104372,126.5330858738305,,1014.6568777591527,6.922305782854794
251.80178465051844,3628.427395841336,g25_362,9.542722896941363,33.62469336186751,22.462861497456494,0.01987514893975979,124.38134957560546,,933.272263699686,6.838696973604099
261.9250195387025,3628.179033959273,g26_362,9.567060160464235,33.673551357981296,21.97840868814927,0.014608046559837962,121.45307895603031,,1068.8217818920423,6.974312182338978
272.04790134839226,3627.9410316428757,g27_362,9.547380569658976,33.67890628763345,22.46921655837201,0.009466537803004249,116.89841070190955,,884.9620343188222,6.7855447450129605
282.17044506258327,3627.713386120358,g28_362,9.523112463695115,33.67968344086847,22.62429916133523,0.005285482853339287,109.10526494362387,,597.6088502992517,6.392936443446648
292.2926656676654,3627.496094740725,g29_362,9.520333581620436,33.681381825586456,22.319471025771175,0.002523722043536604,101.31210229749986,,424.73737587532554,6.05147103880447
302.41457815326936,3627.289154973716,g30_362,9.5291197828475,33.728253280486385,20.32557277473144,0.003057101155754284,85.72573116759023,,709.889379820607,6.565109154827234
312.53619751211374,3627.0925644097624,g31_362,9.594735887260462,33.7645873353276,19.45743790512597,0.003357249607497453,77.93252509662332,,1077.82361285634,6.982699113643472
322.65753873985193,3626.906320759928,g32_362,9.725000933424852,33.79432869154015,18.99879853748189,0.003685408667282976,70.13930696346249,,1292.3343067623848,7.164205402236261
332.77861683492,3626.730421855866,g33_362,9.875968267736162,33.82784228993715,18.71627423677772,0.007255320868078688,54.55283933579604,,1238.7128529077336,7.121828097632692
342.8994467983844,3626.564865649777,g34_362,9.876189363292072,33.82844698392657,18.779579868854242,0.007729627686600084,46.75959225383532,,1065.7967809328647,6.971477949528664
353.0200436337929,3626.4096502143616,g35_362,9.910158427958237,33.82173858804764,18.830776500468634,0.006913161068850793,38.966337934777314,,827.941396156221,6.718942374291303
363.14042234701327,3626.264773742786,g36_362,9.963820706308539,33.81563488615812,17.245637109742702,0.03333071698299384,31.173077584836303,,503.8475461203389,6.222273734456219
373.2605979460963,3626.1302345486442,g37_362,9.912716214477005,33.80357156062703,15.66094746737344,0.04024960571715955,15.586543617080071,,704.9635915918841,6.558146158346637
383.3805854411158,3626.0060310659196,g38_362,9.9066083193494,33.81013587825802,14.012382860838747,0.05861535233136604,7.793272411621492,,1006.9711127022549,6.914702205814798
393.5003998440196,3625.8921618489553,g39_362,9.881759707155698,33.83455068581608,13.480890037896964,0.07207059204306997,0.0,,1009.1081485013224,6.916822198456533
403.62005616847983,3625.7886255724234,g40_362,9.796628529648647,33.86783288971254,14.272561496625926,0.009785067756689855,12.105433013562886,,660.4470106260892,6.4929168945913105
413.7395694297422,3625.6954210313047,g41_362,9.76050404410351,33.86783288971254,13.38012138435064,0.00978667473055105,18.126670097156367,,564.4746213421121,6.3358954248148915
423.8589546444756,3625.6125471408504,g42_362,9.722873801468248,33.8664510424881,12.701865269907458,0.014918073189201225,23.379812410209404,,568.4999411988447,6.343001209758474
433.9782268306231,3625.5400029365733,g43_362,9.512197044182223,33.87696006154915,12.996108311998807,0.03275610770976877,7.793272411621492,,935.4325836604061,6.841009078617541
444.0974010072514,3625.4777875742184,g44_362,9.417191983205882,33.907910805740535,12.441765689424686,0.09694877611962077,0.0,,931.4639120339856,6.836757447513368
454.2164921944013,3625.4259003297543,g45_362,9.413327505218204,33.946980174032966,12.333129936646975,0.1185800583408711,0.0,,700.8470704199025,6.552289704061667
464.33551541293866,3625.384340599346,g46_362,9.419464732432791,33.96992581811398,11.686660004485974,0.0584173606615306,7.793272411621492,,438.35700676498175,6.08303366231424
474.45448568440435,3625.353107899358,g47_362,,,,,,,45.54465451416166,3.818693262574889
484.5734180308653,3625.332201866331,g48_362,,,,,,,,
494.69232747476764,3625.3216222569818,g49_362,,,,,,,,
130.66364571200597,3642.213896765993,g13_364,10.34171479968299,33.52173596397844,47.89508770274838,0.010023680911083396,155.43372318918125,,3766.2789279148346,8.233842771242053
140.78200343361613,3641.8404287110884,g14_364,10.29178494319002,33.53195682654361,46.3438966413631,0.009725089251736903,152.13072755416496,,3803.7528299256523,8.243743445193987
150.89983283293853,3641.477377609362,g15_364,10.240611293799477,33.54324299883969,43.33758385034606,0.008782458409220744,149.15558474233362,,3819.4349449370898,8.247857770485817
161.01714872002003,3641.1247392397077,g16_364,10.129792163170167,33.56261941423913,41.5373041370477,0.006028172094000937,144.2677849420201,,3758.780790430077,8.23184992593665
171.13396591026412,3640.782509502493,g17_364,10.07382252594399,33.57085373559044,41.53866196384126,0.004867956470283862,142.39160724217095,,3326.3497022526562,8.109630796214013
181.25029922426975,3640.4506844194902,g18_364,10.030373598131435,33.57191904532134,42.43523866119301,0.0031097013645968686,140.91508766134086,,2551.6266205244838,7.844486325188627
191.36616348766938,3640.1292601337746,g19_364,10.025232865665362,33.564750033700925,43.84804969000909,0.003927656576290352,139.85088628205304,,1714.2099239425722,7.446707567703988
201.48157353096835,3639.8182329096658,g20_363,10.018474263584295,33.545401999299145,33.54084098497056,0.00591331875451716,135.48996015960032,,692.6424001769753,6.54051384894664
211.59654418938496,3639.517599132638,g21_363,9.84060034268169,33.51580472133453,26.615831288448344,0.017078561659845316,131.22051238957295,,757.2121376749482,6.629643448888348
221.71109030269267,3639.2273553092523,g22_363,9.612119655739502,33.48969152905849,25.368154998096195,0.021248204379005764,127.27913545366563,,947.100627125888,6.853405346385662
231.82522671505168,3638.947498067086,g23_363,9.450873985989883,33.54076746088668,24.52637422652286,0.019549058695289754,120.50675249084416,,1127.8470037578404,7.028065787892297
241.93896827486455,3638.6780241546603,g24_363,9.469712149537363,33.586084609316565,23.03556840707155,0.020101784284057074,117.73963687706929,,1154.215518616475,7.051176187530851
252.05232983460868,3638.4189304413762,g25_363,9.509528188303193,33.62714051882285,22.279562797908326,0.019923714267466964,115.42630035835562,,1158.009764355189,7.054458090183046
262.1653262506807,3638.170213917455,g26_363,9.53271806224526,33.66989481304712,22.615986719416046,0.01188559651230747,112.26772305683699,,898.485684980133,6.800710773965514
272.2779723832398,3637.9318716938633,g27_363,9.519740495676327,33.671593197765105,23.11354185185363,0.007459726258218925,111.46409378486113,,651.7911697245694,6.479724218788786
282.39028309605,3637.703901002273,g28_363,9.517915153384301,33.670700347279805,22.611567161463732,0.005162529157227549,109.0030760640261,,522.9817179973568,6.259546507425949
292.50227325632505,3637.48629919499,g29_363,9.534773950313628,33.67804181814583,21.69617865662569,0.0039185907623256406,101.21721287651887,,602.0930533231277,6.400412006990007
302.61395773457156,3637.2790637449048,g30_363,9.60704912399705,33.724769194797815,19.291260771695853,0.003996319952074419,85.64544049954402,,1242.3720687944813,7.124777789928896
312.7253514044337,3637.082192245445,g31_363,9.671296743273299,33.75681362971777,18.512754107696672,0.004070322409241728,77.85953373154285,,1476.7408551634514,7.2975928136260695
322.836469142538,3636.8956824105207,g32_363,9.748258921761318,33.78548967619942,18.003938410073534,0.00334957290427835,70.07361485811175,,1526.0255756578197,7.330421971636997
332.94732582833893,3636.7195320744804,g33_363,9.895523166302281,33.82450228249652,17.867285517695912,0.005005460652893974,54.50174563749154,,1269.443838483196,7.146334161082419
343.0579363439635,3636.553739192065,g34_363,9.924945627611093,33.825251054733876,18.004955927140294,0.007092002097456901,46.7157977114947,,923.7950913932884,6.828490284487355
353.16831557406016,3636.398301838371,g35_363,9.978829001517305,33.81197834122395,16.401936941781607,0.02589466782013894,38.929842522459246,,540.8525745703952,6.293146736294968
363.2784784056352,3636.253218208804,g36_363,,,,0.047572209143632214,31.143881280923054,,300.28906040552994,5.704745545439723
373.38843972791335,3636.1184866190474,g37_363,9.932561366158044,33.790471306362704,15.835228788738041,0.021298764769490042,15.57194548241757,,616.304432508237,6.423741050069929
383.4982144321747,3635.9941055050276,g38_363,9.895165841957574,33.798849705961956,15.076801083162655,0.052880585730185274,7.785973346452005,,856.4137276754634,6.752753586100676
393.6078174116044,3635.8800734228776,g39_363,9.861721748841122,33.82294797602648,13.469229455778933,0.09243793082142816,0.0,,831.0209169158378,6.722654965315851
403.71726356113936,3635.7763890489146,g40_363,9.811442975059263,33.86034734059859,14.405293725623206,0.04238653343563685,7.785973346452005,,726.0698342164441,6.587646200579575
413.8265677773157,3635.683051179604,g41_363,9.779450147517414,33.863859807284825,13.876932303694458,0.014112761871508634,12.100732189155291,,676.6724848792294,6.5171873816744466
423.93574495811623,3635.6000587315457,g42_363,9.742565971987775,33.863859807284825,13.15459337284858,0.001957231080103853,18.114110880281267,,730.7883049372189,6.594123821279494
434.04481000281805,3635.527410741443,g43_363,9.555754955025815,33.870107587422275,14.581505936622221,0.02722703701578406,7.785973346452005,,961.5544156630883,6.868551157980817
444.1537778118404,3635.4651063660867,g44_363,9.441636143430566,33.889772159317594,13.069666315136297,0.09551805859445868,0.0,,894.1485058943714,6.795871875353923
454.2626632865927,3635.4131448823387,g45_363,9.39838523807461,33.92135597849607,13.013553958434102,0.12353719862140256,0.0,,736.1252308786306,6.60140025490521
464.3714813293225,3635.3715256871137,g46_363,9.393509599294925,33.95420594764871,12.154444321603217,0.06272442317192292,7.785973346452005,,496.7991012129936,6.2081857214650435
474.4802468429634,3635.340248297371,g47_363,,,,,,,,
484.5889747309839,3635.3193123501023,g48_363,,,,,,,,
494.69767989723726,3635.3087176023246,g49_363,,,,,,,,
131.0382277198999,3652.210910656902,g13_365,10.3379551320679,33.5447405433144,48.39413028186498,0.008495763488716153,147.19038648772036,,3518.478771627259,8.165784008029659
141.14627910337342,3651.836915166271,g14_365,10.283009235347999,33.560143876286126,47.475460304566376,0.008435016285096197,143.701394334453,,3712.086001868401,8.219349262244492
151.25380639441678,3651.473351206257,g15_365,10.236341320678166,33.573416589796054,43.40755304505306,0.008427612297419673,140.5509598175475,,3827.887161389946,8.250068274967523
161.36082428303436,3651.1202145611696,g16_365,10.143308324167691,33.58867584451984,41.28174018899259,0.006421423218216182,135.35782141963767,,3534.139564160388,8.170225143939245
171.4673474646716,3650.777501136639,g17_365,10.087794500932215,33.59126707972312,41.296185707991086,0.004482341775164119,133.3582644039193,,2760.595808966545,7.9232018082279785
181.5733906400494,3650.4452069595227,g18_365,10.036744500616201,33.586084609316565,42.23134980887955,0.0027647997017437452,131.78207810572488,,1958.9235175321057,7.580150375595928
191.6789685150016,3650.123328177838,g19_365,10.022385869196286,33.5716025078278,43.5663465699676,0.0034172639881426196,130.64458796264668,,1149.3861558332526,7.04698330131105
201.78409580031038,3649.8118610606753,g20_364,10.038471353262233,33.54799323450243,34.22203158097081,0.004502410596724498,127.97263081371428,,713.5221958729065,6.570213544874388
211.88878721154515,3649.5108019981258,g21_364,9.868073812623946,33.51733064680691,26.573309536083233,0.01568995416043382,123.4478309196941,,842.8244835499085,6.736758731757145
221.99305746890138,3649.2201475012066,g22_364,9.632931970082073,33.49121745453087,25.193123070190605,0.021837932494040067,119.25388029297208,,970.8657723976257,6.878188222276079
232.09692129703075,3648.939894201793,g23_364,9.476799787040767,33.54871362574212,24.436007309417853,0.022271066682094064,112.00436313674653,,1192.5841337757738,7.083877772706305
242.20039342489315,3648.670038852546,g24_364,9.481790667839162,33.592360770451684,23.446991124475158,0.0212180762487021,109.02452396428444,,1278.3967532310403,7.153362035295895
252.3034885855878,3648.4105783268533,g25_364,9.508146080287599,33.625787052596074,22.94490666163057,0.01907465801997918,106.52448883306005,,1142.6568562854295,7.041111405498204
262.40622151619453,3648.161509618757,g26_364,9.51653408853332,33.65267739810714,23.058689048710722,0.010679640221173532,103.09684335678806,,627.4098485140437,6.441599992978042
272.50860695761503,3647.922829842899,g27_364,9.517140797356307,33.6548363985666,22.876199207933904,0.006861880382699064,102.22197446551581,,458.7422141696307,6.128488427387439
282.61065965441264,3647.694536234463,g28_364,9.544184655901011,33.66111255970172,21.799263720560607,0.005185925737055259,101.92868275751455,,564.0104188789452,6.335072724517051
292.7123943546549,3647.4766261491122,g29_364,9.594722264381582,33.673492422726355,20.40933061836451,0.004540397952563772,100.26922371408536,,867.9823040222258,6.766171327381363
302.81382580975395,3647.269097062944,g30_364,9.699750998755967,33.71181301878143,18.092131915272603,0.0057572571939640115,85.56496865795198,,1498.8477764062056,7.312451942850111
312.9149687743092,3647.0719465724314,g31_364,9.743642117680343,33.74034498701514,17.37103721788674,0.005454429361118386,77.78637766304202,,1607.892553341646,7.382679627445186
323.0158380059494,3646.88517239438,g32_364,9.784424275943094,33.7679557237659,17.058402217487,0.00319902157177299,70.00777451952233,,1611.5572258682557,7.3849562115578244
333.1164482651759,3646.7087723658774,g33_364,9.90389755166912,33.81200672222161,16.673296132222486,0.0028637040424112827,54.450536646458055,,1176.5712829835825,7.070359795353296
343.21681431520534,3646.542744444253,g34_364,9.97298307058225,33.814886113920764,16.791431015153684,0.007224210995523211,46.67190434674181,,789.1729377331933,6.670985482801767
353.31695092181513,3646.3870867070336,g35_364,9.999945191853676,33.80480932960353,15.880652265584347,0.0363782827746658,38.89326475807938,,441.5960577561884,6.090395567740494
363.41687285317806,3646.241797351906,g36_364,,,,,,,,
373.5165948797207,3646.10687469668,g37_364,9.948302105593552,33.78514475770821,14.839560084790737,0.03852927280580781,15.557314406890974,,895.571389028555,6.797461938064863
383.6161317739575,3645.9823171792555,g38_364,9.907686551371194,33.79398377304894,14.780137077313075,0.05249064177638066,7.778657810847656,,934.046788585504,6.839526531819431
393.7154983103378,3645.868123357589,g39_364,9.86020236887212,33.80999180001009,13.85358277132466,0.0934991123836564,0.0,,843.5219296406959,6.737585900036566
403.81470926509115,3645.7642919096634,g40_364,9.804409829071377,33.85179648175373,13.92859712120309,0.09141233470201447,0.0,,819.8996290833279,6.709181929209455
413.91377941607124,3645.670821633466,g41_364,9.76984559213188,33.863859807284825,14.452308679677905,0.061282410383685156,7.778657810847656,,806.6998278441375,6.692951638535366
424.01272354260146,3645.58771144696,g42_364,9.727073573865935,33.86935881518492,14.458735148437611,0.04022281831015132,9.266243887046457,,860.3925272780317,6.757388712183882
434.11155642532015,3645.5149603880604,g43_364,9.572088780405434,33.87592313281591,17.085228224583755,0.04939817015913348,7.778657810847656,,927.2125521695298,6.832182829649104
444.21029284602616,3645.452567614625,g44_364,9.459835136574236,33.887813999101404,13.561223507647721,0.10823623841794393,0.0,,862.0099380859093,6.759266799699216
454.30894758752385,3645.4005324044215,g45_364,9.398728939540437,33.91588535159364,13.177779106975667,0.12213684300371064,0.0,,730.7219838889134,6.594033064411263
464.40753543346904,3645.3588541551258,g46_364,9.390232991428293,33.95711372034553,12.253583082437853,0.05494084627911332,7.778657810847656,,530.5348656948075,6.27388567822205
474.50607116821493,3645.327532384307,g47_364,,,,,,,83.67811799907304,4.4269775096128505
484.6045695766578,3645.306566729412,g48_364,,,,,,,,
494.70304544408486,3645.295956947765,g49_364,,,,,,,,
131.41372248402558,3662.2080004112327,g13_366,10.263521408011666,33.54275400210054,47.92636444330125,0.006409132490533404,139.07586874370205,,2995.919447777441,8.00500645768602
141.51144255221797,3661.833481186369,g14_366,10.205162674636338,33.5648657309512,45.13414938923839,0.005887947914121154,135.3814774476097,,3506.7606299198933,8.162447992869128
151.60864275670528,3661.46940796576,g15_366,10.171195696299398,33.58637276581244,42.576962700573326,0.006098444716092928,132.0358990285933,,3794.0610191365827,8.241192233427459
161.70533766748792,3661.115776539221,g16_366,10.126628710993023,33.60589325945982,41.347352193116805,0.005098313464092328,126.49905272973055,,3297.4245056971463,8.10089698992367
171.80154186008957,3660.772582817722,g17_366,10.08863801451922,33.60497202797686,41.54771316484147,0.0035626441297702694,124.35919257931032,,2349.7088535659286,7.76204670736334
181.89726991539135,3660.4398228333025,g18_366,10.045810461573144,33.59308116169137,42.69965697551078,0.002250592185152797,122.66905108049431,,1432.665018775737,7.267291638307349
191.9925364194637,3660.1174927389948,g19_366,10.037255849287032,33.573877205537535,43.88970570345975,0.002974350293472129,121.44740653150474,,862.7073475415119,6.7600755229600376
202.08735596340267,3659.8055888087424,g20_365,10.072329348568136,33.54646730903005,34.77852655519417,0.0032345531020548618,120.46117053160889,,732.8875524428602,6.596992282810034
212.18174314316363,3659.5041074373266,g21_365,9.901572397255917,33.51779126254839,26.584644868371484,0.013609635056323505,115.89491286935582,,890.5920898406597,6.791886511016426
222.27571255939944,3659.213045140298,g22_365,9.654697824207295,33.49121745453087,24.952690072032507,0.02108392300386549,111.4213570719442,,980.6712355982633,6.888237271488127
232.36927881728747,3658.9323985539,g23_365,9.520442564651473,33.55513386512517,24.58462176760014,0.024553610588653317,103.6330105267383,,1215.04587672337,7.102537113681867
242.4624565263795,3658.6621644350025,g24_365,9.510286835123082,33.59299384543876,24.093013818095933,0.023144699597828323,100.40814718875784,,1226.4013856898268,7.111839457441039
252.55526030043012,3658.4023396610414,g25_365,9.513756249623253,33.61406864555619,23.529004002748398,0.019842872933965736,97.69046955797437,,905.6338923688243,6.80863513206754
262.64770475723606,3658.152921229951,g26_365,9.519117034480622,33.628146893298805,22.60932865872692,0.011462485702056973,93.94467945130728,,574.1980434471827,6.352974360239818
272.7398045184743,3657.9139062601025,g27_365,9.543134712801589,33.634423054433924,21.675712351584522,0.007029407111948109,92.98465675564475,,671.1181101351741,6.508945142547625
282.8315742095406,3657.6852919902526,g28_365,9.592262967508807,33.64329045077232,20.34817447895332,0.004320605789064042,92.6624388704681,,884.2397728357497,6.78472826209928
292.9230284593881,3657.467075779479,g29_365,9.655266793887481,33.652618462852196,19.16160784587316,0.004142037216645978,92.98465675564475,,1188.304333382246,7.080282639996599
303.01418190036657,3657.259255107136,g30_365,9.768767360110088,33.688491901951934,17.097561230679656,0.008265788709765525,82.43140975153251,,1633.3258342637948,7.398373604153004
313.10504916806264,3657.061827572796,g31_365,9.821861711944814,33.72525819153696,16.591697564225385,0.006343957439794129,75.17133965001364,,1682.9162691888755,7.428283442025603
323.19564490113873,3656.8747908962077,g32_365,9.849141332088921,33.76003793990813,16.485391207336786,0.0014236831412980679,68.02179208678197,,1614.8051160256314,7.386969557183844
333.2859837411742,3656.698142917244,g33_365,9.898590215162656,33.799971777688185,16.457245256432223,0.009142833536268003,54.22874888661375,,1082.8292671463707,6.987332586508935
343.3760803325059,3656.5318815958626,g34_365,9.965741408752722,33.80285116938734,16.53944028120259,0.0165063823317097,47.56130258485917,,686.7047347448635,6.531904410527666
353.465949322071,3656.3760050120654,g35_365,9.96864393990193,33.79614277350841,,0.031082144868584852,39.96403412483504,,468.8859297971326,6.150359518814729
363.5556053592396,3656.2305113658567,g36_365,9.975650883296668,33.788973761887995,15.140753259617542,0.026933404285671484,32.451049420785544,,661.2368944252386,6.494112163581378
373.6450630956698,3656.0953989772074,g37_365,9.986222601343734,33.79156499709127,13.613116008383338,0.06188528633220645,18.10152646459411,,1025.4978221519932,6.932933453816366
383.73433718514036,3655.9706662860262,g38_365,9.945828142677286,33.80178585965644,13.539663116513463,0.04913798712857408,12.096023370498122,,1016.1658198487378,6.923791823333904
393.8234422833951,3655.856311852121,g39_365,9.883419488571946,33.80970364351421,13.416481700988449,0.0683808978039765,7.771325820283737,,919.5284342886633,6.8238609672080806
403.91239304798535,3655.7523343551716,g40_365,9.784110949728863,33.84218031317798,13.500789169956748,0.10860505233073846,0.0,,898.2557893170862,6.800454871079551
414.0012041381119,3655.6587325947094,g41_365,9.741171284257913,33.86279449755392,13.929329872894192,0.09435640234362838,0.0,,880.4461590725667,6.78042877793781
424.08989021446837,3655.5755054900837,g42_365,9.688862825000834,33.876844364298876,14.650402507695825,0.0760913885757415,0.0,,857.7604001593626,6.754324806595816
434.1784659390835,3655.5026520804454,g43_365,9.549313851817427,33.88692114861611,15.840853615566107,0.09020486549560426,0.0,,853.4691326765914,6.749309375999475
444.2669459751643,3655.440171524731,g44_365,9.452689878061479,33.89377362274298,13.528452474181389,0.13033919495527438,0.0,,792.3339124694287,6.674982909616633
454.35534498693943,3655.3880631016355,g45_365,9.397083824167682,33.913005959894484,12.73126334974167,0.10807763780559762,0.0,,672.9161892334794,6.51162078880437
464.4436776395022,3655.346326209607,g46_365,9.384220456452846,33.94372530958533,11.934468686015522,0.035518457800938964,7.771325820283737,,482.4913252439719,6.17896294184845
474.5319585986539,3655.314960366831,g47_365,,,,,,,,
484.6202025307473,3655.2939652112213,g48_365,,,,,,,,
494.70842410253243,3655.283340500412,g49_365,,,,,,,,
131.79012909385463,3672.2051661384803,g13_367,10.186531983765889,33.53423152425335,48.10631849679062,0.005017327040903332,123.3346322798825,,2544.3718793904654,7.841639092782589
141.87749289552372,3671.8301268860423,g14_367,10.100022870901691,33.561986339252044,44.99942892181129,0.004330580962588638,119.16130053425036,,3067.571083463954,8.028641349409957
151.96434106099915,3671.465548007552,g15_367,10.062601144108074,33.59020176999222,42.141709045269785,0.004368078584018305,115.35362468734891,,3380.145263186621,8.125673964827715
162.05068804031762,3671.1114252984225,g16_367,10.069512727350654,33.6254137531072,42.270693114200576,0.004054257841420614,108.9849751560613,,2411.3633807201923,7.787947584667676
172.1365482891213,3670.767754675049,g17_367,10.063251851061539,33.620980054938,43.65417633516927,0.0032212405534068574,106.49858512866409,,1529.8548622093706,7.332928148585799
182.22193626848969,3670.4345321747373,g18_367,10.051794707626218,33.599933635818246,44.174501712686904,0.0024006154691495834,104.52384163865713,,1010.9175921721375,6.918613704493641
192.30686644476978,3670.1117539556135,g19_367,10.076227331301247,33.571430048582194,44.55226588329842,0.0026280178594651434,103.0901527285218,,798.3825126741244,6.68258782179411
202.39135328940873,3669.7994162965547,g20_366,10.151778069686689,33.54813731275036,36.889498437573494,0.0025731332595050893,101.92868275751526,,911.2174211548997,6.814781530864717
212.47541127878608,3669.497515597111,g21_366,9.982153841911781,33.53031520382096,27.78489006251408,0.008092350426621956,101.64309085998354,,1064.7666848491317,6.970510978884004
222.55905489404958,3669.2060483774344,g22_366,9.682889072332802,33.500545466610745,24.09428296572921,0.017162828561163523,96.52121071011784,,1057.8288085116715,6.963973792626385
232.64229862093896,3668.9250112782083,g23_366,9.474064903096563,33.54949077897714,22.762536921593128,0.024018583715992775,87.43350913432428,,750.5257570725589,6.620773970368092
242.72515694963474,3668.6544010605835,g24_366,9.432468563333792,33.573473351791385,22.5098138683454,0.025530106062797986,83.59346746093128,,636.8290640553039,6.456501274279028
252.80764437458262,3668.3942146061095,g25_366,9.406294420969239,33.58539259907454,22.13785931434218,0.02388305309177322,80.31516499971507,,492.4271210696819,6.199346472138901
262.8897753943319,3668.1444489166715,g26_366,9.456513487412519,33.59106406622024,20.884729475733163,0.017585496627521416,75.72363450933321,,547.183471252698,6.304784159808083
272.97156451137073,3667.9051011144356,g27_366,9.502061258259307,33.59808899959271,19.364706027367514,0.010988010481636869,74.53156681975831,,675.6406062355779,6.515661287087773
283.0530262319613,3667.676168441788,g28_366,9.552874453811306,33.60877047789936,18.677409654791237,0.004281582910622813,74.12995109637448,,922.147825247577,6.826705541776066
293.1341750659779,3667.457648261277,g29_366,9.629339949671985,33.62330934138346,17.921626111577318,0.004932290019089157,74.53156681975831,,1162.1477067969095,7.058025043616575
303.21502552674224,3667.249538055566,g30_366,9.871502358487477,33.697186839044726,16.429548294406278,0.01276715292368611,75.04791018828602,,1399.9021936461702,7.244157651481602
313.2955921308616,3667.051835427378,g31_366,9.970381285933007,33.75911670842517,16.183868714118283,0.008953437700996342,67.91402032778544,,1307.6041878699677,7.1759518775597995
323.37588939806596,3666.8645380994512,g32_366,10.001143943456162,33.79893484895495,16.026911181175624,0.00967860386490425,60.92965793359741,,1205.8272264473912,7.094921105371954
333.4559318510464,3666.6876439144926,g33_366,9.990312347545771,33.803944860115905,15.461778806556381,0.0251448764136012,47.431427071619275,,934.830051572963,6.840364749744218
343.53573401529286,3666.521150835129,g34_366,10.028137483143796,33.79401215404661,14.64961159784883,0.023215672898670055,39.85669968456056,,1029.1272996619393,6.936466440195896
353.6153104189354,3666.3650569438796,g35_366,10.089192318155913,33.78439598547086,13.587978401297777,0.01355991866846843,32.366454906315916,,1153.233010256805,7.050324590273748
363.69467559257373,3666.2193604431013,g36_366,10.167065081460722,33.78638252668472,12.826302595217747,0.019773286950268455,25.036639105325058,,1199.1250234601114,7.0893474227024695
373.7738440691303,3666.084059654965,g37_366,10.144731300819924,33.831987831610476,12.897193785895464,0.060256554733598,12.081849254732628,,1072.6480246001006,6.977885659553678
383.85283038368055,3665.9591530214198,g38_366,10.041071051582254,33.85686325491001,13.23517182219564,0.06282834719792016,9.266243887047164,,997.4800538489304,6.90523215242267
393.9316490732946,3665.844639104152,g39_366,9.94813550155316,33.86878250219317,12.549546841328098,0.02410488652029345,12.081849254732628,,945.4336181864174,6.851643677475599
404.01031467687744,3665.740516584572,g40_366,9.735855540695631,33.86478103876778,12.346026794315087,0.061163494321363435,9.266243887046457,,872.8743106033074,6.771791571365867
414.0888417350091,3665.646784263776,g41_366,9.665885639558859,33.87347597586057,12.746522652543495,0.06440866803051444,9.266243887046457,,828.2837751316573,6.7193558192579035
424.1672447897845,3665.5634410625244,g42_366,9.596675428406586,33.89043361530234,13.090593236122988,0.058941387554638895,7.756612536352343,,794.2150909611737,6.677354319978693
434.2455383846543,3665.4904860212246,g43_366,9.438845724806232,33.92981952108832,13.185878085156615,0.09298891652967704,0.0,,743.2185712474237,6.610990175410549
444.32373706426563,3665.4279182999085,g44_366,9.419322244656321,33.95915702355472,12.625604997824842,0.07057259221072236,7.756612536352343,,630.6186069432331,6.446701253404528
454.40185537430233,3665.3757371782144,g45_366,9.431609278799765,33.97951143243245,11.815077077370482,0.022271532893838663,12.086581872633538,,407.326736415811,6.009615655553752
464.4799078613261,3665.333942055374,g46_366,,,,0.04239438686921157,18.07628225298395,,162.59630064595603,5.0912704456000135
474.5579090726177,3665.302532450201,g47_366,,,,,,,,
484.63587355601754,3665.281508001083,g48_366,,,,,,,,
494.71381585976934,3665.270868465968,g49_366,,,,,,,,
132.16744663659256,3682.2024079474063,g13_368,10.15035196354062,33.53256152053304,48.614160703204384,0.00533903385343704,115.77425612058673,,2886.457950356906,7.9677854067028315
142.2444292464601,3681.8268523791758,g14_368,10.059642035114123,33.56092102952115,46.6446912762536,0.004696910045442792,111.32220332042866,,3210.4119830106315,8.074154551505742
152.3209004463504,3681.4617714505052,g15_368,10.026159159690256,33.59218831120608,42.22774027651197,0.005579172478630405,107.24053570474723,,3213.6841766403277,8.075173276578148
162.39687456637918,3681.1071609624914,g16_368,10.049765022150998,33.63396461195205,42.12134289377329,0.004534583953148195,100.36517700901673,,1951.769376462315,7.576491612688954
172.47236594234937,3680.763016837048,g17_368,10.060060109962022,33.63318745871703,43.597122644903955,0.003597711111632228,97.66220556458022,,1320.4733877361502,7.1857455783619395
182.54738891558029,3680.4293351168226,g18_368,10.063044378384507,33.61381104331759,43.73110428393567,0.0036184927282362197,95.50701998137137,,1006.114926150317,6.913851584840793
192.62195783273626,3680.106111965121,g19_368,10.098850321892353,33.58438622459858,43.057283413756736,0.003924169426694489,93.93733249707479,,907.7691272322893,6.810990081107749
202.69608704565636,3679.79334366583,g20_367,10.191937809918347,33.56184226100411,38.83840058325549,0.00429149737171193,92.6624388704681,,1035.2509419690202,6.942399132320476
212.76979091118457,3679.4910266233433,g21_367,10.040361680454822,33.5528875484131,30.657415487923963,0.006069017476099541,92.6624388704681,,1061.9084503014847,6.967822993096835
222.8430837910027,3679.1991573624887,g22_367,9.708233323989232,33.52360680794203,24.414796302167655,0.01513068501055411,89.58090519458028,,936.6535381116015,6.842313457310494
232.91598005145264,3678.9177325284636,g23_367,9.378170244073518,33.549030163235656,21.311334015464652,0.023639303972255905,79.71582439625017,,465.61152220139513,6.14335164310715
242.9884940633817,3678.6467488867606,g24_367,9.361379561538588,33.56826250038716,21.208363427215716,0.024118376367796908,75.48834602922216,,319.65901554672007,5.767254851247096
253.0606402019658,3678.386203323112,g25_367,9.346786211683883,33.57865582219794,21.23570378158482,0.023593578815916217,71.84471096840313,,231.32222362207335,5.4438116459970285
263.13243284654453,3678.1360928434206,g26_367,,,,0.020698359139011156,66.67751616799107,,193.65118535827298,5.266058527079507
273.20388638045455,3677.896414573704,g27_367,,,,0.012101082004407316,65.32188136388287,,276.4231501543104,5.621932844371382
283.2750151908624,3677.6671657600345,g28_367,9.565996656224854,33.61648742151387,18.017225035173215,0.0010178833712576444,64.86370720932732,,470.70691929398185,6.154235648307512
293.34583366859994,3677.4483437684903,g29_367,9.634644156684613,33.62909650577944,17.221939899425696,0.003671114229351044,65.32188136388287,,736.6906062995076,6.602168002554816
303.4163562079973,3677.2399460850934,g30_367,9.95949102584865,33.71166894053349,15.875153138203217,0.012913356246133687,66.67751616799107,,1093.6457656497407,6.997272133153113
313.48659720671924,3677.041970315771,g31_367,10.064105858033585,33.776334123365146,15.669481813519909,0.010349575755504898,64.64779379483436,,1088.9516460201978,6.9929707197618445
323.556571065599,3676.854414186299,g32_367,10.097536328271158,33.816468801388474,15.274060271010201,0.012280182102090986,57.273940342479776,,1049.9749733235037,6.956521607937516
333.6262921884749,3676.6772755422567,g33_367,10.090864679286428,33.803944860115905,13.73968319666239,0.02002462083157913,42.916761944101204,,1087.1011794180386,6.991269964130752
343.69577498202585,3676.5105523489947,g34_367,10.166029804404792,33.7847125229644,12.872737645677068,0.00376613390647607,36.0891477902877,,1178.6136570326717,7.0720941598410665
353.7650338556097,3676.354242691578,g35_367,10.298656700960574,33.768071421016174,12.228449775962039,0.021594211300390097,29.71322751707223,,1194.4727105827128,7.085460120613485
363.83408322109096,3676.2083447747623,g36_367,10.424692642640293,33.75246724780118,12.205805585728168,0.03343424138902487,23.24768889425371,,1008.026022768386,6.915749264536559
373.9029374926911,3676.072856922951,g37_367,10.233621102777455,33.83244844735195,12.514518865905751,0.06426657514654975,7.749231274109353,,693.8166052264377,6.54220766798582
383.9716110868165,3675.947777580164,g38_367,10.00614949029805,33.89149892503325,14.108441625588856,0.08710231825671345,0.0,,646.0719069297069,6.470910808624686
394.0401184218981,3675.833105310003,g39_367,9.904452898470426,33.91456026636453,13.31480523467331,0.054762548308504355,7.749231274109353,,718.9167524275551,6.577745568580406
404.10847391822904,3675.7288387956287,g40_367,9.716924103325217,33.90828410522941,12.042681756063173,0.04455540396249874,18.53248777409362,,801.3849502400747,6.686341418689642
414.1766919978021,3675.634976839731,g41_367,9.629528521908155,33.8977467051707,12.266117052062679,0.05064087852327335,18.063622565621117,,766.1035328532713,6.641317320990111
424.24478708414773,3675.5515183645052,g42_367,9.573102027526666,33.906009407519676,12.694895715783316,0.04304318125186555,12.081849254732628,,748.5936519213944,6.618196315500356
434.3127736021724,3675.4784624116332,g43_367,9.452682514170272,33.960394792531226,12.171889940003814,0.05789521768677577,9.266243887047164,,654.1772601781513,6.483378354760241
444.3806659779964,3675.4158081422624,g44_367,9.452075805347283,33.979194894938914,11.750851621499931,0.0190148828445885,12.0771087651952,,408.4016439881539,6.012251111718633
454.4484786387926,3675.3635548369866,g45_367,,,,0.05482212543232814,9.266243887046457,,162.11574951609552,5.088310583282281
464.51622601262477,3675.321701895835,g46_367,,,,0.06395242010798997,12.0771087651952,,,
474.5839225282862,3675.290248838262,g47_367,,,,,,,,
484.6515826151385,3675.269195303133,g48_367,,,,,,,,
494.7192207029524,3675.2585410487172,g49_367,,,,,,,,
132.5456741971811,3692.1997259460327,g13_369,10.082843445605846,33.54004706964699,48.657680638724216,0.005929675316244526,108.47877702086184,,3201.9940481847825,8.071529034774414
142.61225071599358,3691.823657778876,g14_369,9.998062228552294,33.56855065688304,47.58332549902822,0.004364061243056355,103.71871380986991,,3288.7736250891044,8.098270015936182
152.6783200496697,3691.4580784126774,g15_369,9.979007142107353,33.60148794228829,42.33046389242042,0.006183400413876987,99.32939519171701,,2978.2850224268,7.999102918008231
162.7438964084485,3691.102983654304,g16_369,10.027446950718305,33.645106706000185,42.09819485112925,0.005002706905137235,91.87130769265815,,1521.5286923993815,7.32747082712792
172.8089940083381,3690.758369431266,g17_369,10.055901206200973,33.651037948644095,43.89842668247594,0.004716787318626194,88.91338132988008,,1170.7507701016978,7.065400505848357
182.87362707094172,3690.4242317916433,g18_369,10.077127422732993,33.63897462311301,44.662158818351976,0.005404409752713502,86.54290302773144,,1021.3904143457273,6.928920129350363
192.93780982328434,3690.100566904,g19_369,10.120782780057969,33.61700697251028,43.506872090021766,0.0060279605259589844,84.80914751967403,,909.4784501121524,6.812871303463228
203.0015564976398,3689.7873710573094,g20_368,10.212805658941047,33.59169931446693,40.63734794591211,0.006062448706431578,83.39619498342164,,1061.634111986277,6.967564615118822
213.0648813313587,3689.484640660886,g21_368,10.092309685873358,33.59054668848343,35.4569064483585,0.005949467751182059,83.39619498342164,,1062.5855773604167,6.968460440953166
223.1277985666993,3689.1923722443053,g22_368,9.75798295356293,33.561610866503564,27.69762679227739,0.012188042410516272,83.09545257151886,,930.6455339258933,6.835878467856658
233.19032245064648,3688.9105624573476,g23_368,9.36598169957607,33.55044039145776,19.960518604278032,0.024973746427395443,72.36249264900526,,366.02789409887635,5.902709543882182
243.2524672347562,3688.6392080699193,g24_368,,,,0.02374995852524747,67.68188408271776,,171.7252883335376,5.145896039140828
253.31424717497484,3688.3783059719976,g25_368,,,,0.02376570460362001,63.59657596130584,,129.48849489115665,4.8635920346535295
263.37567653147283,3688.1278531735657,g26_368,,,,0.024332041666815143,57.70129737440913,,246.03744210805675,5.505483728041844
273.43676956847486,3687.8878468045514,g27_368,9.383538392822095,33.62005665019544,17.419968227389287,0.013059020487967265,56.13081493457563,,440.9481824078602,6.088927368334222
283.4975405540917,3687.658284114778,g28_368,9.491027467233867,33.620373187688976,17.07783117509734,0.003788590144340706,55.59746332228086,,689.5018220034697,6.5359693397294585
293.55800376015173,3687.4391624738996,g29_368,9.664453274425115,33.61631278900865,16.314826985440234,0.0045578533147979635,56.13081493457563,,855.7037612067235,6.751924242887907
303.6181734620328,3687.2304793713593,g30_368,10.054183803775372,33.70173623446419,14.795402285741446,0.008788643358300515,57.70129737440913,,800.8936072343901,6.685728113320493
313.67806393849537,3687.0322324163308,g31_368,10.14419166322672,33.75831117419248,14.55766201013726,0.006029407952263128,56.13081493457563,,827.958928002818,6.718963549293616
323.73768947151433,3686.844419337674,g32_368,10.20462512337236,33.80760140505008,14.025092259203774,0.0057782024527478805,53.53932942457818,,1041.8389014821291,6.948742605257189
333.7970643461133,3686.667037983899,g33_368,10.207931063325974,33.798445852215806,12.476200361261398,0.015798485440853213,39.78475369415119,,1187.1443926270658,7.0793060322216785
343.8562028501978,3686.5000863231057,g34_368,10.302651087010455,33.76746672702675,12.118893462282047,0.009950475587223416,32.309755186948266,,1109.4326212235562,7.011604011572786
353.915119274391,3686.3435624429585,g35_368,10.501199007137611,33.71829219341942,12.09481918607343,0.022177546504790122,24.995410419429263,,871.7485736965516,6.770501049416254
363.97382791185925,3686.1974645506425,g36_368,10.527318657986646,33.72681467126662,13.11442227857074,0.02315983008749105,18.03822830056842,,445.7920403683625,6.099852566078066
374.03234305816034,3686.0617909728307,g37_368,10.337576820953107,33.80955956526627,12.482974207799002,0.061270827153535795,7.7418336191557,,280.16622184409914,5.635383076472337
384.0906790110683,3685.9365401556447,g38_368,9.960463404333241,33.92463705068176,13.666933861352101,0.10222501166069832,0.0,,453.6775662024982,6.117386739122741
394.1488500704117,3685.8217106646325,g39_368,9.83382284015976,33.95578863511642,13.61448188693305,0.07089872704779354,7.7418336191557,,644.1128096333425,6.467873881001949
404.20687053790795,3685.7173011847362,g40_368,9.677692743447677,33.95072186196014,11.970964772187589,0.029966469275125637,18.03822830056842,,689.5335289555735,6.536015323977923
414.26475471699894,3685.623310520262,g41_368,9.601960734978352,33.92950298359477,12.068889415875697,0.03721145655961142,24.158953174245692,,654.0562378247806,6.483193338317991
424.32251691268704,3685.5397375948633,g42_368,9.55614787044518,33.92861013310948,12.377441430044412,0.03711665251481827,20.087398823360477,,652.8984613873323,6.4814216216073826
434.3801714313702,3685.466581451515,g43_368,9.501245971855752,33.990192910739104,11.85873252264623,0.02545136025983577,12.07236043488623,,416.98799000279723,6.033057420431521
444.43773258067813,3685.4038412524974,g44_368,,,,0.03514617340424032,7.7418336191557,,128.97360826002785,4.859607796299303
454.4952146693084,3685.351516279377,g45_368,,,,0.08311626975362951,0.0,,,
464.5526320068625,3685.309605932994,g46_368,,,,,,,,
474.609998903682,3685.2781097334487,g47_368,,,,,,,,
484.66732967068515,3685.257027320096,g48_368,,,,,,,,
494.7246386192053,3685.246358451531,g49_368,,,,,,,,
132.92481085829974,3702.197120241636,g13_370,9.986673199511372,33.556832249843154,48.301979088626666,0.0065699713540266534,101.50532779476157,,3423.2415364609456,8.138343198839738
142.98095641289007,3701.8205431974757,g14_370,9.919470643899624,33.58334929586535,47.54494464746358,0.0041030223938760746,96.40659454558012,,3219.4977047598077,8.076980634059769
153.03659900572762,3701.454469011315,g15_370,9.9237154575924,33.61536534978764,42.37621232658701,0.006141513211320179,91.67250122751341,,2612.9898538705993,7.868250382570325
163.09175272722268,3701.0988934958777,g16_370,10.00381592882903,33.658984113499535,42.54075305701744,0.006030020645019005,83.54178638935063,,1365.454209037471,7.2192424061423734
173.14643167363474,3700.753812584366,g17_370,10.042952971719023,33.66736251309878,44.84851393940615,0.007629528894516696,80.28074230941986,,1142.32602263296,7.040821833389954
183.20064994689713,3700.4192223303676,g18_370,10.077211246335496,33.66658535986376,47.36561817490556,0.008801740341000133,77.64974608555151,,1054.5507975606172,6.96087017093556
193.25442165444105,3700.0951189077837,g19_370,10.125551522135842,33.65299610886029,46.49397528338322,0.009245197306749945,75.71450844216434,,987.9048776292046,6.895586415409638
203.30776090902037,3699.781498610756,g20_369,10.198419781763373,33.633619693460844,41.646629552773,0.008361565365298446,74.12995109637448,,1112.077099284708,7.013984806296171
213.36068182853714,3699.4783578535908,g21_369,10.105024245085131,33.63505830268062,37.81957037851863,0.007014208848041379,74.12995109637448,,1069.3903659744726,6.9748440136602055
223.41319853587012,3699.1856931706893,g22_369,9.808700788962772,33.60721617142932,32.83409559345098,0.010101965770287134,74.52924891619816,,925.3596937876175,6.830182520075465
233.46532515869143,3698.9035012164795,g23_369,9.357481578805476,33.575776430498784,18.721124025749596,0.02789439628756939,65.49634775455485,,318.0950086724789,5.762350107567795
243.51707582930837,3698.631778765353,g24_369,,,,0.02732503257984559,60.29020602420596,,178.03938354007659,5.182004781661748
253.56846468448097,3698.370522711594,g25_369,,,,0.026766757748504573,55.669665604818135,,236.08361538960105,5.46418604477361
263.6195058652531,3698.1197300693298,g26_369,9.29679560468772,33.59256161069495,17.069927132291,0.024222322058906676,48.83353860185063,,731.1312355693723,6.594592972459079
273.67021351678005,3697.8793979724614,g27_369,9.356494534277392,33.607244552426984,17.022646057074045,0.012725661853891613,46.96929905284961,,1006.8776018395208,6.914609338001912
283.7206017881583,3697.649523674615,g28_369,9.488540924603333,33.60666823943523,16.53033176265365,0.005440733107091392,46.3312194352337,,1090.5922150864978,6.9944761442732855
293.7706848322544,3697.4301045490824,g29_369,9.661012148847318,33.60016068379957,15.451199607192331,0.00914147084522244,46.96929905284961,,947.238450419928,6.8535508570768755
303.820476805535,3697.2211380887716,g30_369,10.145230069776488,33.672743650489,13.64554645971474,0.010490733909134136,48.83353860185063,,454.7200579403193,6.119681972328501
313.8699918678971,3697.02262190616,g31_369,10.155249570516084,33.70398255117627,13.382269305751528,0.010158306854989248,46.96929905284961,,629.7500277972842,6.445322959372908
323.91924418249783,3696.834553733242,g32_369,10.258798750393492,33.76821549926411,13.091757743283253,0.011567858523232962,46.3312194352337,,951.7704930529148,6.858323927001289
333.96824791558646,3696.6569314214917,g33_369,10.31736808593969,33.790499687360374,12.140977060772535,0.027339168645780735,36.0382098146325,,1010.4538112040859,6.9181548269460365
344.01701723633494,3696.489752941811,g34_369,10.389424250396425,33.76548018581289,12.069946626984796,0.01736780745698382,29.678430776282067,,845.8890518596231,6.74038820663208
354.06556631667166,3696.333016384499,g35_369,10.571276848140808,33.71587341746175,12.00271967298367,0.018697705531158983,23.203253799065273,,470.0984264986584,6.15294209086145
364.1139093311045,3696.186719959212,g36_369,10.524775537511369,33.73899369404798,12.211054067427321,0.0256843063376733,15.468837933692663,,,
374.1620604565663,3696.0508619949205,g37_369,10.178757986495443,33.859886724857105,12.457448951083899,0.08311467121673645,0.0,,415.0825334294793,6.028477376191226
384.2100338722385,3695.925440939891,g38_369,9.887151910429278,33.95256432492606,14.021082066670326,0.11586663505987717,0.0,,588.2069252131835,6.3770787996194125
394.25784375938565,3695.810455361638,g39_369,9.769026133069879,33.992266768205575,13.291090357776817,0.07430223614626676,0.0,,623.6199645723156,6.435541151700522
404.30550430118853,3695.705903946916,g40_369,9.651368749415449,33.983543450115114,12.03527110806925,0.024887031635541887,15.468837933692663,,555.2401519916843,6.3194007264473875
414.3530296825767,3695.6117855016723,g41_369,9.596420766366323,33.96370641897419,11.857962398833521,0.02537947531317799,18.53248777409362,,552.7607225079494,6.314925218026024
424.4004340900625,3695.52809895104,g42_369,9.568034625278052,33.966181956927194,12.199356766517537,0.05205394430210234,18.02549383255246,,561.4550042203588,6.330531636008231
434.447731711574,3695.4548433393106,g43_369,,,,0.03437088036713855,7.734419587140385,,151.84268805244082,5.0228450378953875
444.49493673628837,3695.3920178299136,g44_369,,,,0.08313791500035969,0.0,,,
454.54206335446594,3695.3396217054,g45_369,,,,,,,,
464.58912575728397,3695.2976543674354,g46_369,,,,,,,,
474.63613813667024,3695.2661153367776,g47_369,,,,,,,,
484.68311468513747,3695.2450042532764,g48_369,,,,,,,,
494.7300695956194,3695.234320875861,g49_369,,,,,,,,
133.3048557003676,3712.1945909407546,g13_371,9.864536283729377,33.582917061121535,47.525376689932735,0.006809089655437662,94.92490664052796,,3411.004217414245,8.134762018833667
143.350545443716,3711.8175087465243,g14_371,9.831330038541552,33.60744756592987,46.57883628789024,0.004993077474305163,89.45732270025904,,2930.3768865620505,7.982886323964911
153.39573644715733,3711.450943362844,g15_371,9.868921498869398,33.634885843435015,42.54278459754849,0.005640625249013355,84.33912908471666,,2234.7946125676185,7.7119046068820785
163.44044268132217,3711.0948906083904,g16_371,9.98781322520097,33.676978681674534,43.12610635070762,0.009641870215204249,75.43107744143559,,1262.8313813115544,7.141111606954378
173.48467812277073,3710.7493464221293,g17_371,10.02841515654445,33.689330163701506,45.05072781845317,0.012750343844764079,71.80620456808798,,1146.5960508269836,7.044552876221869
183.5284567538151,3710.414306863245,g18_371,10.059011210027212,33.695117328097474,47.42785793304371,0.013984116758007795,68.85504973335607,,1113.8058148166424,7.0155380918428225
193.5717925623405,3710.0897681110587,g19_371,10.09176268438895,33.69220955540066,47.79012377870251,0.013606174610868925,66.66714553320264,,1073.628733539516,6.978799529588333
203.6146995416282,3709.7757264649536,g20_370,10.106518465625598,33.68397523404934,43.24008223059724,0.010058240059077909,64.86370720932803,,1102.9116627476358,7.005708927875499
213.65719169017882,3709.472178344306,g21_370,10.009308769816746,33.68403199604468,39.181097585548876,0.006508909122446253,64.86370720932803,,1008.938629713304,6.916654195623053
223.69928301153797,3709.179120288409,g22_370,9.762376575758768,33.659702331479615,32.58527312779036,0.0111308437986371,65.31923505209501,,818.984685102354,6.708065384169506
233.74098751411123,3708.8965489564166,g23_370,9.26364698050925,33.61372155380538,17.55794643039998,0.030923201307998912,59.28689854956764,,344.94317583377745,5.843379695737371
243.78231921100297,3708.624461127263,g24_370,9.142892172742847,33.61078540011089,16.771648581749,0.030265650382352915,53.48555800037489,,343.50903441963544,5.839213412392622
253.82329211983216,3708.3628536996152,g25_370,9.147023830746138,33.593050607434094,16.6942401468464,0.0270429045364235,48.22265108635539,,638.9713203801115,6.459859571336052
263.8639202625607,3708.1117236918,g26_370,9.24212633820386,33.603732085740745,17.114658314163606,0.020822682660676738,40.14617644809148,,1323.425216424112,7.187978515668842
273.90421766531915,3707.871068241753,g27_370,9.316004715458787,33.60528639221079,17.219294071737988,0.01430956987462209,37.85879276743293,,1455.5028909784007,7.283106749427883
283.944198358234,3707.64088460696,g28_370,9.443877535980187,33.59601514212625,16.599652155083348,0.00537383326899755,37.06497554818724,,1326.692492277651,7.190444275961846
293.9838763752535,3707.421170164405,g29_370,9.594429924937437,33.58216611562457,15.3664192165724,0.0052686780149070415,37.85879276743293,,923.9479260646315,6.828655712980655
304.02326575397655,3707.2119224105177,g30_370,9.907047380967386,33.60442192272316,,0.013868591679133452,40.14617644809148,,306.57188077051387,5.725452249154558
314.06238053547975,3707.0131389611233,g31_370,10.03416259783351,33.63030589375827,12.722068581746726,0.014288547663221109,37.85879276743293,,450.813656172095,6.111054074901324
324.1012347641456,3706.8248175514,g32_370,10.164371066153157,33.68929960944423,12.630123772119493,0.013857845614057923,37.06497554818724,,685.3027352881511,6.529860689957154
334.1398424874914,3706.646956035832,g33_370,10.34138785058988,33.75243886680351,12.213585948644464,0.023893866140518475,29.66098472235812,,663.7210428342895,6.497861944989474
344.1782177559978,3706.479552388165,g34_370,10.385971588268971,33.75223802656024,12.190317280567536,0.028793947101568036,24.12090414937433,,517.7771059168363,6.249544852197121
354.2163746229407,3706.322604701374,g35_370,10.445492377268595,33.748725559874,12.956136094859414,0.01771338649123077,18.012734547638118,,435.1765499189153,6.075751810631592
364.2543271442107,3706.1761111876167,g36_370,10.432199398156206,33.76577051556838,12.417941265978042,0.01079466125604018,12.062840375819858,,499.5588678533404,6.213725444704664
374.292089378158,3706.0400701782078,g37_370,9.994836920968424,33.93255483453953,15.411773279538746,0.119094508551549,0.0,,690.853541861268,6.537927850306165
384.32967538541226,3705.9144801235793,g38_370,9.791954042819397,33.993504537182076,14.854669690420117,0.11987909139147848,0.0,,606.7963502511416,6.408193232708665
394.36709922871535,3705.7993395932535,g39_370,9.739622510463008,34.020194042449866,12.886353535576585,0.0635455741800284,7.726989193747053,,481.54243844603735,6.176994365352256
404.4043749727523,3705.694647275815,g40_370,9.68797838103827,34.01011725813264,11.821452656447795,0.024588209567692983,12.062840375819858,,410.7865707855313,6.0180737871245675
414.4415166839815,3705.600401978884,g41_370,9.65132788077881,34.00433009373666,11.805120436527448,0.010827388195911536,9.266243887047164,,416.4051041312812,6.031658594425729
424.47853843046573,3705.5166026290926,g42_370,9.62711530949508,34.005567862713164,12.322715273932065,0.03646662597238225,12.062840375819858,,300.3966802970037,5.7051038688868525
434.5154542817036,3705.4432482720686,g43_370,,,,0.09152536886047719,0.0,,,
444.5522783084605,3705.3803380724066,g44_370,,,,,,,,
454.5890245825996,3705.327871313663,g45_370,,,,,,,,
464.62570717691426,3705.285847398335,g46_370,,,,,,,,
474.6623401649587,3705.254265847852,g47_370,,,,,,,,
484.6989376208803,3705.233126302565,g48_370,,,,,,,,
494.7355136192533,3705.2224285217385,g49_370,,,,,,,,
133.68580780154625,3722.192138149185,g13_372,9.712066321821782,33.625931130844016,45.090195208364854,0.006051709688305948,88.82490672103305,,3127.2961895791686,8.047924073016686
143.72101691284084,3721.8145545367956,g14_372,9.747294888593622,33.64389731802135,44.37532472413883,0.0063580863089968635,82.96212951044816,,2389.807196102344,7.778967970584584
153.75573150445533,3721.447501582887,g15_372,9.835921683193991,33.66782312884026,42.587076429213624,0.0044092788118999075,77.42126574516874,,1856.2451436684264,7.526310986342026
163.78996542729251,3721.0909751121662,g16_372,9.96329677792344,33.710088426325385,43.30884419341143,0.01458486970123225,67.61796573205338,,1208.6049972590483,7.097222078669074
173.8237325382643,3720.7449710694564,g17_372,9.956634579159141,33.720481748136166,44.44057296578685,0.015651886467273352,63.553046077251295,,1169.1184832165668,7.064005310670169
183.85704670011222,3720.4094855196176,g18_372,9.936138720524639,33.72491544630536,45.48918772658788,0.014835123311647887,60.201980734636656,,1164.2122931549836,7.059799994097282
193.88992178122595,3720.0845146474694,g19_372,9.924666911045827,33.72690198751922,47.15296574697055,0.012579012934311478,57.68930592178927,,1078.0813169513929,6.982938181788562
203.922371655464,3719.7700547577138,g20_371,9.845435112824736,33.72494382730303,44.392677189299725,0.0072565074265362245,55.59746332228086,,970.7778583723298,6.87809766598247
213.95441020197467,3719.466102274871,g21_371,9.695711571410998,33.71233256977785,36.25711293221182,0.00979728328404941,55.59746332228086,,867.5487017504094,6.765671650591497
223.98605130501912,3719.172653743203,g22_371,9.473532629394565,33.676688351919054,23.24684197114657,0.01772730950111568,56.12773343055801,,619.072341520586,6.428222134225303
234.01730885378498,3718.889705826651,g23_371,9.159349647196995,33.62728242381118,16.83593221081016,0.03262075898208284,53.45860279124823,,429.099982738167,6.061689951769482
244.04819674222156,3718.617255308769,g24_371,9.076211459186974,33.61139009410031,16.43962918372773,0.02863723986744674,47.52078860365284,,692.635901762541,6.540504466839917
254.07872886885454,3718.355299092662,g25_371,9.08227848567794,33.604192701482226,16.754815147343617,0.022009796304867237,41.51459624932563,,1162.0636082472938,7.057952676229748
264.1089191366108,3718.1038342009233,g26_371,9.231171093218942,33.599038612073336,17.794780442080803,0.01759199840743305,31.78746123491144,,1699.1107660980872,7.437860314425054
274.138781452643,3717.8628577755826,g27_371,9.315387513250755,33.59250267544001,17.92713707609846,0.020200791356163823,28.84766531444678,,1608.673586820146,7.383165259302152
284.1683297281536,3717.632367078041,g28_371,9.42005683695121,33.58351958185134,17.579347024908145,0.021052618955208005,27.798731661140078,,1252.286482854458,7.1327263456559935
294.1975778782193,3717.4123594890316,g29_371,9.535312544742219,33.5719452530594,16.657853187252485,0.017746977314159695,28.84766531444678,,734.4543057652579,6.599127782331221
304.2265398216168,3717.2028325085535,g30_371,9.76477506038943,33.573010562790294,14.36637058659514,0.009948003708537122,31.78746123491144,,320.6751907366726,5.770428743983189
314.2552294806477,3717.003783755835,g31_371,9.880833413130805,33.595093910643286,13.698063384854382,0.007876425788942617,28.84766531444678,,417.07877799515245,6.033275120011932
324.2836607809646,3716.815210969281,g32_371,9.992110444080039,33.62843504979468,13.400876571608663,0.0049934979631585915,27.798731661140078,,597.0593064817103,6.392016449299013
334.3118476513982,3716.6371120064323,g33_371,10.180683904762688,33.69897471327492,13.670849208412298,0.006120198859188159,24.111353077079382,,653.4060350951273,6.482198735572321
344.33980402378216,3716.469484843921,g34_371,10.205355419530955,33.735310941375744,13.549034212429317,0.014402367088907162,17.99995050112834,,624.819649548397,6.43746304737218
354.3675438327837,3716.312327577435,g35_371,10.197340444838046,33.80181858717332,14.007850556442099,0.012486397149047816,12.058068709207493,,677.5931609030844,6.518547050168674
364.3950810157212,3716.1656384216767,g36_371,10.104207915516966,33.88128023572768,14.248899530372778,0.04728660779082285,7.719542454693961,,775.253539258875,6.6531901232831006
374.4224295124053,3716.029415710332,g37_371,9.8060077550809,34.00867647565325,13.940846563189618,0.12006613273135958,0.0,,627.1345460236054,6.441161104571931
384.4496032649577,3715.903657896038,g38_371,9.755361163569292,34.015068334038645,13.742876188732799,0.08999657119842526,0.0,,376.9955862956974,5.93223347994101
394.4766162176413,3715.7883635503476,g39_371,,,,0.029896646890916864,7.719542454693961,,218.13890265316292,5.385132028017434
404.50348231668846,3715.6835313637093,g40_371,,,,0.040887016435694694,7.719542454693961,,184.62136805011124,5.218307068620734
414.53021551012915,3715.5891601454364,g41_371,9.705405104483173,34.016681575763634,,0.073351349948144,0.0,,160.41854306878764,5.077786293917657
424.55682974762016,3715.5052488236843,g42_371,,,,,,,,
434.5833389802731,3715.4317964454344,g43_371,,,,,,,,
444.60975716048415,3715.36880217647,g44_371,,,,,,,,
454.6360982417624,3715.3162653013605,g45_371,,,,,,,,
464.6623761785594,3715.274185223454,g46_371,,,,,,,,
474.6886049260985,3715.2425614648564,g47_371,,,,,,,,
484.7147984402039,3715.221393666429,g48_371,,,,,,,,
494.74097067713285,3715.2106815877773,g49_371,,,,,,,,
134.06766623773962,3732.1897619719766,g13_373,9.608173440478545,33.677928294155166,42.917997886468555,0.005695724025376749,83.31092383750351,,2677.546658032396,7.892656228139222
144.09236992243828,3731.811680678281,g14_373,9.721109209679414,33.692842630387744,42.69688899216434,0.006361247644985665,77.03595599825452,,2081.540467678355,7.640863508040258
154.1165833059839,3731.4441437862356,g15_373,9.837635956125757,33.71679682220432,41.50449969166533,0.006594568760279128,71.04040094059233,,1629.300878907221,7.395906293147308
164.14032011960552,3731.0871471266737,g16_373,9.70814109333091,33.71705442444292,42.86466027178953,0.01581452290756654,60.218399268353274,,1269.0849797981657,7.146051431428269
174.163594100621,3730.7406866503557,g17_373,9.600762045114788,33.71158379754049,43.68665504394073,0.010823465871317602,55.61990236808814,,1209.01756018082,7.097563375059205
184.18641899225383,3730.4047584278987,g18_373,9.568327026461118,33.71662218969911,43.505296576169755,0.006378620592935715,51.76161607727198,,1155.7703957646454,7.052522409924085
194.20880854345089,3730.0793586496993,g19_373,9.580183406042396,33.727908361995176,43.44344341497916,0.0062989546953003735,48.819360516296285,,1046.782553901523,6.95347650439323
204.23077650869982,3729.764483625858,g20_372,9.484328572491378,33.719990578137406,34.936861109198475,0.01617126058142769,46.3312194352344,,861.3713370709091,6.758525697247387
214.25233664784813,3729.4601297861113,g21_372,9.326910684751248,33.69088229691194,20.609496748981872,0.017067348750655964,46.3312194352344,,646.3785290373378,6.471385290438225
224.2735027259242,3729.1662936797607,g22_372,9.180261494350171,33.62201263715202,19.553874405758634,0.01999578944923261,46.96561423846744,,418.4745543069296,6.036616085947026
234.29428851294756,3728.8829719756077,g23_372,9.03526686954228,33.592675134685614,17.927669106884565,0.029159566009190233,47.490429705880594,,476.3636315251019,6.166181494359488
244.3147077837634,3728.610161461887,g24_372,9.02781669187111,33.598261458838316,17.548700483915237,0.021311591681407786,41.49235669267843,,1012.1064864391169,6.919789068065848
254.33477431785323,3728.3478590462114,g25_372,9.064341456726817,33.605258011213124,17.96452620234701,0.014153301471093959,35.961431289712856,,1528.3964592568088,7.331974398936202
264.3545018991592,3728.0960617555006,g26_372,9.234738997365104,33.5921577569488,18.740954830278596,0.017509020112483665,24.10178660306359,,1802.5422902720757,7.496953330893349
274.3739043159046,3727.8547667359358,g27_372,9.320061938341084,33.58438405133897,18.56145435343384,0.02196523189896621,20.07022337636819,,1570.695648004206,7.359273888108665
284.39299536041653,3727.6239712528945,g28_372,9.401680746382103,33.578596886943,18.47270904385175,0.027896612135042905,18.53248777409362,,1092.650710810793,6.996361867854359
294.4117888289486,3727.403672690909,g29_372,9.477992217916658,33.57373095402998,18.03588386185293,0.0336585933586588,20.07022337636819,,632.5048495758314,6.449687887885849
304.43029852150323,3727.193868553604,g30_372,9.636958817712772,33.574968723006485,16.514224465875742,0.03412123799088513,24.10178660306359,,439.3160479870931,6.085219081129645
314.4485382416548,3726.9945564636564,g31_372,9.734664152984353,33.588068977270815,16.179865528109286,0.030719901527423463,20.07022337636819,,617.6911640015151,6.425988597923347
324.4665217963736,3726.805734162747,g32_372,9.822834090429408,33.61349233256444,15.486330059319958,0.028025252586039377,18.53248777409362,,768.0024872828423,6.643792971791962
334.4842629958502,3726.627399511518,g33_372,9.983674203306474,33.69848571653578,15.522598570231118,0.031682500236606216,17.98714174851687,,829.5871132191726,6.720928123066574
344.50177565331865,3726.459550489528,g34_372,10.037505172026393,33.77371885368342,17.348420389250233,0.03822761714134701,12.053289326113696,,771.5064639081008,6.648345050132473
354.51907358488415,3726.3021851952203,g35_372,10.02994392499496,33.88870902284631,15.717540795543565,0.05363027083479572,7.712079385733948,,753.2304120134403,6.6243711730435955
364.5361706093386,3726.1553018458753,g36_372,9.879195599910336,33.98823692378252,14.225551654638737,0.10106822898133885,0.0,,735.9607462065482,6.601176783348076
374.55308054799974,3726.018898777589,g37_372,9.681175780826727,34.05462669907022,12.030380719803023,0.07000431838777792,7.712079385733948,,375.4789361595719,5.928202374183569
384.56981722452707,3725.892974445231,g38_372,,,,0.07119789791405652,9.266243887046457,,165.55267732336074,5.109289436157023
394.58639446474996,3725.777527422419,g39_372,,,,0.018920970289971972,7.712079385733948,,57.02799087919786,4.043542215356194
404.60282609649374,3725.67255640149,g40_372,,,,0.0889796567594312,0.0,,39.940833566738334,3.6873991982440533
414.61912594940566,3725.5780601934753,g41_372,,,,,,,,
424.6353078547812,3725.4940377280773,g42_372,,,,,,,,
434.6513856453905,3725.4204880536518,g43_372,,,,,,,,
444.6673731553054,3725.357410337183,g44_372,,,,,,,,
454.6832842197256,3725.304803864275,g45_372,,,,,,,,
464.69913267480587,3725.2626680391318,g46_372,,,,,,,,
474.7149323574831,3725.2310023845516,g47_372,,,,,,,,
484.7306971053034,3725.2098065419113,g48_372,,,,,,,,
494.74644075625133,3725.199080271164,g49_372,,,,,,,,
134.450430082598,3742.1874625134383,g13_374,9.58740512426645,33.728255453745994,41.05449074143976,0.007840502042072534,74.12995109637448,,2449.0410533918857,7.803451820140324
144.46460357248841,3741.8088872801886,g14_374,9.701056585321345,33.73680631259085,40.93220199564081,0.0038311470854939926,71.81979765856838,,2015.1073033307448,7.608427725236254
154.4782909779725,3741.4408700868744,g15_374,9.653333511729029,33.72880121248047,38.447696437766055,0.016262688017341972,65.35401459324883,,1782.218559098031,7.485614248713238
164.49150591066194,3741.0834067705355,g16_374,9.227854659880284,33.673953038467836,42.956433612236125,0.009340027626877873,53.4045541700337,,1500.6335613734645,7.313642672164384
174.50426198833588,3740.736493287955,g17_374,9.202178243307682,33.68279205380857,41.51540648010569,0.006326822721898142,48.16515997795118,,1354.7901560338937,7.211401854925112
184.51657283475586,3740.4001257155887,g18_374,9.241245085474054,33.699116618263254,38.13001781463369,0.012043327852331026,43.65749783784875,,1161.9561502455635,7.057860200250218
194.52845207948022,3740.07430024949,g19_374,9.279773333211837,33.70720686136663,31.729725816946367,0.015418971720442409,40.12891879922916,,934.7115984412469,6.840238030842958
204.53991335768055,3739.759013205233,g20_373,9.189600956049318,33.67501834819873,20.813227095493318,0.013642845951518892,37.06497554818724,,649.730664926904,6.476557915367255
214.55097030995722,3739.454261017844,g21_373,9.115849357362757,33.635689204408095,20.486904057296456,0.008241197940956943,37.06497554818724,,424.8880253658433,6.0518256644827435
224.56163658215914,3739.160040241738,g22_373,9.057744181124159,33.58040879565164,,0.015521897459737569,37.85421839142549,,243.91964897646662,5.496838863586092
234.57192582519102,3738.8763475506435,g23_373,8.993229381832302,33.577415879961826,19.828684723452184,0.02468340826941003,40.12891879922916,,586.7721649248072,6.374636609773603
244.58185169484608,3738.603179737545,g24_373,9.028744029060615,33.58711936479018,19.584654019678386,0.018409347850087333,35.93573980934244,,1157.5077909271133,7.054024516760298
254.5914278516141,3738.3405337146237,g25_373,9.074873349301855,33.597167768109756,19.856372943109257,0.017376755051646778,29.60845692751539,,1619.659360783257,7.389971134994911
264.6006679605035,3738.0884065131895,g26_373,9.199431822813823,33.59532530514383,19.142281719991395,0.026633756066357026,17.97430834548297,,1742.5216592670924,7.4630885725528895
274.6095856908603,3737.8467952836336,g27_373,9.288348870529113,33.60707209318138,18.235912258481537,0.03396346996894028,12.048502257818676,,1440.5550143290177,7.272783744929661
284.6181947161873,3737.6156972953686,g28_373,9.365877932368093,33.616832340005075,18.29693841822731,0.037694562361963134,9.266243887046457,,958.9068603391268,6.865793948518365
294.62650871396505,3737.3951099367764,g29_373,9.423063073569471,33.61470172054327,18.491512578192165,0.04203613771737782,12.048502257818676,,652.3027214021785,6.480508750803432
304.63454136547216,3737.1850307151612,g30_373,9.529319891633326,33.608914556147305,17.109115572405393,0.05548268535283432,17.97430834548297,,716.8812569473769,6.574910215932558
314.64230635560574,3736.985457256699,g31_373,9.605659652090251,33.62080542243279,17.08767498983579,0.056736097766464814,12.048502257818676,,830.9455142329789,6.722564226199227
324.6498173727037,3736.7963873063914,g32_373,9.681668290795619,33.652188401367994,16.2787717175432,0.054463668861551545,9.266243887046457,,884.7992592510006,6.785360793574005
334.65708810836543,3736.617818728028,g33_373,9.873312972997091,33.76997499249664,15.58941266691672,0.05580119388860346,9.266243887046457,,877.4358604934946,6.777003859213857
344.6641322572747,3736.449749504134,g34_373,9.948257002559544,33.87232769639629,18.610789724550976,0.06213401046197964,7.704600002654386,,799.9456424353026,6.684543778403556
354.6709635170235,3736.2921777359456,g35_373,9.899207355631766,33.98771954604571,13.924704816355836,0.0819560678952607,0.0,,661.2191168129228,6.4940852778291625
364.67759558792596,3736.1451016433657,g36_373,9.738041336826202,34.05229523936516,14.968384290103739,0.10781044775511278,0.0,,474.1420710608909,6.161507004762183
374.6840421728551,3736.0085195649267,g37_373,,,,,,,,
384.69031697705634,3735.8824299577686,g38_373,,,,0.10910140742882792,0.0,,,
394.69643370797377,3735.766831397598,g39_373,,,,0.09462331750530947,0.0,,15.842017244036706,2.7626657295427393
404.7024060750734,3735.6617225786717,g40_373,,,,,,,,
414.70824778966715,3735.567102313763,g41_373,,,,,,,,
424.713972564737,3735.4829695341427,g42_373,,,,,,,,
434.71959411475876,3735.4093232895593,g43_373,,,,,,,,
444.7251261555271,3735.346162748219,g44_373,,,,,,,,
454.7305824039796,3735.293487196772,g45_373,,,,,,,,
464.7359765780213,3735.251296040293,g46_373,,,,,,,,
474.74132239634974,3735.2195888022798,g47_373,,,,,,,,
484.74663357827944,3735.198365124634,g48_373,,,,,,,,
494.75192384356956,3735.1876247676605,g49_373,,,,,,,,
134.83409840751864,3752.185239877128,g13_375,9.524828822956104,33.76674850904667,37.320164419125284,0.005506392315225892,64.86370720932803,,2355.332331955839,7.764437114097695
144.83771696077935,3751.8061744509437,g14_375,9.44344160385604,33.73234206016438,35.90046241363781,0.013281861227787984,64.86370720932803,,2101.6906717710326,7.65049738160273
154.84085364451934,3751.4376805979623,g15_375,9.156697543690681,33.67809858014116,38.33621561698993,0.025220960483107166,60.55805778406923,,1988.6399027232342,7.595206218080973
164.84352195079177,3751.0797541615134,g16_375,8.911679731350294,33.66053624670997,37.308126154121354,0.010819385653433232,47.42954434452081,,1674.8288895169808,7.423466283528687
174.84573537789507,3750.7323911044887,g17_375,8.942896116534925,33.677465505154075,28.45840956308564,0.01701029834770031,41.447761755074254,,1371.239266115477,7.223470183748758
184.84750743018625,3750.395587509263,g18_375,8.969622476206949,33.68310859130211,23.985905568826595,0.014484029338101011,36.11668783224702,,992.6510882839702,6.900379230984571
194.84885161789273,3750.0693395776225,g19_375,8.993447347894376,33.67288772873694,23.837378579807268,0.008449818169436348,31.765649781886957,,701.6908920567973,6.553492982349004
204.8497814569262,3749.753643630695,g20_374,8.956563172364737,33.636409595647784,23.86557894139129,0.02864050455746481,27.798731661140785,,375.68905308006225,5.928761814758728
214.85031046869616,3749.448496108871,g21_374,8.97744568743093,33.61504663903448,,0.020870581453293624,27.798731661140785,,244.72621695087136,5.500140103863178
224.85045217992766,3749.1538935717454,g22_374,,,,0.01016235367727304,28.841658200251427,,140.5159793733912,4.94532121450174
234.85022012246608,3748.869832698045,g23_374,8.989610115664457,33.56535255443074,21.75856515213702,0.03170060978871339,31.765649781886957,,669.587321069118,6.506661583914032
244.84962783310726,3748.5963102855703,g24_374,9.022651843141114,33.57476788276322,21.960472224613564,0.025425719112242368,28.841658200251427,,1146.4264338882313,7.044404934419996
254.84868885340387,3748.333323251134,g25_374,9.057242282673759,33.59060345047876,20.319858714421887,0.02137421719182356,24.870697241197792,,1421.5499602130812,7.259503076595907
264.8474167294848,3748.0808686305004,g26_374,9.200431447056175,33.649481468914445,16.565693514324817,0.05063971834010446,12.043707535690983,,1292.4334690457572,7.164282130431613
274.8458250118716,3747.838943578327,g27_374,9.379176127303543,33.731449209679084,16.936215505441915,0.06951744202804155,7.697104321277171,,1118.1117215546035,7.019396578556562
284.8439272552965,3747.6075453681156,g28_374,9.43075109916927,33.76427079783406,16.33158732401213,0.07399816147017374,0.0,,862.8261849049006,6.760213262808429
294.8417370185201,3747.3866713921584,g29_374,9.44005073539639,33.746880923648476,16.461775083618843,0.0680256555409697,7.697104321277171,,752.2525837780465,6.623072150237451
304.8392678641493,3747.1763191614855,g30_374,9.47101773610274,33.71783157767794,16.449681528190848,0.06886860209097806,15.394207380652485,,837.137951656295,6.729988873702341
314.8365333584566,3746.9764863058213,g31_374,9.525301389319521,33.73671899633824,16.447568765981572,0.07197386252775796,7.697104321277171,,871.9416451776054,6.770722501001808
324.83354707119884,3746.787170573537,g32_374,9.606742056770493,33.78076999479396,15.231809460075127,0.07285409329864781,0.0,,882.3897861089008,6.782633892746395
334.8303225754367,3746.6083698316097,g33_374,9.850608245132708,33.907048509512514,15.541695522982952,0.07830895132930106,0.0,,788.1362679736583,6.669671003807982
344.82687344735444,3746.4400820655783,g34_374,9.86849918962413,34.01337212258027,15.50034259333156,0.08149157753957915,0.0,,627.110648050911,6.441122997234051
354.823213266082,3746.2823053795114,g35_374,9.79533650422323,34.06464672139212,14.400503620262318,0.0867485887064662,0.0,,392.36170816140225,5.972184139243072
364.81935561350673,3746.135037995963,g36_374,9.67104416756226,34.085950742750484,,0.04561937305472501,7.697104321277171,,236.20360135136346,5.464694150689209
374.81531407410756,3745.998278255946,g37_374,,,,,,,,
384.81110223476634,3745.872024618897,g38_374,,,,,,,,
394.8067336845919,3745.756275662644,g39_374,,,,,,,,
404.8022220147411,3745.6510300833866,g40_374,,,,,,,,
414.7975808182405,3745.556286695669,g41_374,,,,,,,,
424.7928236898081,3745.4720444323484,g42_374,,,,,,,,
434.78796422567524,3745.39830234459,g43_374,,,,,,,,
444.78301602340883,3745.3350596018363,g44_374,,,,,,,,
454.7779926817336,3745.282315491798,g45_374,,,,,,,,
464.77290780035435,3745.240069420436,g46_374,,,,,,,,
474.76777497977827,3745.208320911954,g47_374,,,,,,,,
484.7626078211378,3745.187069608788,g48_374,,,,,,,,
494.7574199260155,3745.176315271599,g49_374,,,,,,,,
135.21867028164817,3762.1830941658563,g13_376,9.343499110432209,33.76392587934285,35.07497980966901,0.005730872856688577,55.59746332228086,,2134.1908017136816,7.66584283822738
145.21170918290957,3761.803542298189,g14_376,9.099927347843364,33.6942790663479,35.75768298669732,0.023902942936555028,55.59746332228086,,1987.4317196572517,7.594598491048911
155.20427042759414,3761.43457543184,g15_376,8.801564756025355,33.63876943635052,40.86881660740734,0.02508672698437621,55.59746332228086,,1834.880263227915,7.514734506712776
165.19636738825704,3761.076189416518,g16_376,8.789390877571398,33.66543056062065,29.567613910372273,0.020639175273203008,42.64740815502689,,1419.6086854937746,7.258136539021993
175.18801344377735,3760.7283802213037,g17_376,8.799325511543879,33.66543056062065,26.291749868918764,0.02076796284334934,35.88420956151531,,907.0226377940808,6.8101674087828075
185.17922197916667,3760.3911439345748,g18_376,8.816130860122302,33.65520969805548,25.747529123301668,0.012471604339654893,29.573281293523642,,531.390319746268,6.275496816649192
195.17000638538133,3760.0644767639305,g19_376,8.851578436120828,33.651841309617176,24.446500375902794,0.010965179764574114,24.07299539801988,,342.23357453780807,5.835493470431948
205.16038005913165,3759.7483750361207,g20_375,,,,,,,150.25013936387498,5.012301500961476
215.15035640269554,3759.4428351969777,g21_375,,,,,,,,
225.13994882373152,3759.147853811349,g22_375,,,,0.03468382808961702,20.061583036742626,,76.01982040852475,4.330994101134276
235.1291707350831,3758.8634275630257,g23_375,8.946659956808464,33.58622651430489,22.615989273670046,0.03114579214457006,24.07299539801988,,375.1509567028404,5.927328496175986
245.118035554606,3758.589553254692,g24_375,8.964307775809278,33.610152325123806,21.25357444929865,0.014511484108581116,20.061583036742626,,596.0564540449462,6.39033538413147
255.10655670497232,3758.326227807856,g25_375,9.01428058726811,33.63623713640218,18.456804931822973,0.004372111739226753,18.53248777409362,,734.2437356941965,6.598841038471612
265.0947476134875,3758.073448262794,g26_375,9.421701890585043,33.77604596686927,15.694681371486597,0.05931643063855458,7.689592357458663,,765.494529644403,6.640522068951242
275.0826217119053,3757.8312117784917,g27_375,9.56959800337753,33.87865627300752,18.783269073513594,0.07279832048676983,0.0,,687.4582146239429,6.533001048964814
285.07019243624217,3757.5995156325966,g28_375,9.498619027777973,33.907993775473926,17.378983590595343,0.07650384667076555,0.0,,690.8676614239621,6.537948287949679
295.05747322659397,3757.378357221362,g29_375,9.455417398114475,33.88127588920847,15.629606662695153,0.0760241622166557,0.0,,729.1315468640781,6.5918541641030295
305.0444775269511,3757.1677340595966,g30_375,9.47430796684825,33.86040410259392,15.197023242200395,0.06209933057429177,15.379183448772737,,768.600293256505,6.644571059676995
315.0312187850155,3756.967643780624,g31_375,9.548880006022504,33.89086585004616,15.455177976102116,0.0642890621800678,7.689592357458663,,746.0895433708545,6.614845624328801
325.0177104520174,3756.7780841362287,g32_375,9.651298548691827,33.9314327628133,13.793844200718798,0.07274985340094273,0.0,,747.9948194348324,6.617396052061232
335.0039659825326,3756.5990529966216,g33_375,9.832486816603865,34.00928334290228,14.705421391269512,0.07726711744147975,0.0,,548.9172374061205,6.3079476786082544
344.9899988342994,3756.4305483503967,g34_375,9.79751812769535,34.05877441400315,14.023066383614957,0.0703947714429342,7.689592357458663,,351.7542720132647,5.862932840947797
354.9758224680394,3756.27256830449,g35_375,,,,0.056927330886423426,9.266243887047164,,176.43258890432932,5.1729388708651625
364.961450347266,3756.1251110841486,g36_375,,,,0.05087547309128365,9.266243887046457,,57.562990158278154,4.052879829215374
374.9468959381168,3755.988175032896,g37_375,,,,,,,,
384.932172709163,3755.8617586124988,g38_375,,,,,,,,
394.9172941312307,3755.7458604029375,g39_375,,,,,,,,
404.90227367721974,3755.640479102382,g40_375,,,,,,,,
414.88712482192363,3755.5456135271656,g41_375,,,,,,,,
424.8718610418483,3755.4612626117632,g42_375,,,,,,,,
434.8564958150326,3755.387425408768,g43_375,,,,,,,,
444.84104262086737,3755.324101088879,g44_375,,,,,,,,
454.82551493991616,3755.271288940882,g45_375,,,,,,,,
464.80992625373483,3755.2289883716376,g46_375,,,,,,,,
474.79429004469216,3755.197198906064,g47_375,,,,,,,,
484.7786197957897,3755.1759201871387,g48_375,,,,,,,,
494.7629289904848,3755.1651519758825,g49_375,,,,,,,,
135.60414477188408,3772.181025481692,g13_377,9.202800661338776,33.74734153938995,35.34697669420328,0.013614637021331408,46.3312194352344,,1648.1727623060908,7.407422536471394
145.586579332289,3771.80099092878,g14_377,8.927293692217436,33.6692879457981,38.538616947476974,0.02630318025314245,46.3312194352344,,1502.7309630787395,7.31503937378296
155.56854044703826,3771.4315547000256,g15_377,8.68304919274043,33.62368264087233,38.63720792563712,0.01991066567317617,46.3312194352344,,1351.5086660993454,7.208976777904117
165.55004136925308,3771.072712651599,g16_377,8.71564977226988,33.64331883176999,27.888053535748565,0.023390675811488567,39.49386842215775,,853.7040334985012,6.749584568731
175.53109535845513,3770.724460758857,g17_377,8.768136372117006,33.620314252434035,25.745593680930813,0.02843212077075941,32.0805433207635,,380.03343164740363,5.940259226870076
185.5117156803739,3770.386795116255,g18_377,,,,0.026525253582812998,24.828785651873662,,229.64516004665174,5.436535335203107
195.4919156067553,3770.059711937285,g19_377,,,,0.022989212994353598,17.935660793496716,,114.3649074558145,4.7393942788787555
205.47170841517027,3769.743207554398,g20_376,,,,,,,,
215.45110738882485,3769.4372784189372,g21_376,,,,,,,,
225.43012581637205,3769.141921101071,g22_376,,,,0.026057629547081056,12.034095255818801,,18.62585552565782,2.924550697474184
235.4087769917132,3768.857132289731,g23_376,,,,,,,,
245.38707421382315,3768.5829087925435,g24_376,,,,,,,,
255.3650307865525,3768.3192475357782,g25_376,,,,,,,,
265.34266001844196,3768.0661455642835,g26_376,9.418923008510363,33.81580517214412,,0.07124815061084036,7.682064127089679,,272.7070170647325,5.608398021331019
275.31997522253494,3767.8236000414327,g27_376,9.472818962130845,33.86817563494414,,0.08116576115008603,0.0,,314.91240400031074,5.752294517614819
285.29698971619035,3767.591608249075,g28_376,9.421187412420375,33.92664979963368,15.685075164984422,0.04580698780641151,7.682064127089679,,376.1321341010028,5.92994050213757
295.2737168208967,3767.370167587477,g29_376,9.382448562511726,33.94047044513769,14.812605634112408,0.05411235460083242,9.266243887046457,,501.5348698698395,6.217673136131053
305.25016986208504,3767.1592755752804,g30_376,9.474501816646402,33.959128642557054,14.470658686509873,0.038670185969458044,9.266243887047164,,471.5876274143824,6.156104932980604
315.2263621689436,3766.958929849452,g31_376,9.574750272393256,33.97162420283196,14.452222391269524,0.04521092757551838,9.266243887047164,,374.83609312465506,5.926488845419999
325.20230707423235,3766.769128165239,g32_376,9.680331224075111,33.993447775186745,13.82111554191124,0.06268516120122081,9.266243887046457,,280.3114097147715,5.635901162710733
335.17801791409823,3766.5898683961295,g33_376,,,,0.05273291080500308,9.266243887046457,,143.48666553830907,4.9662421078040735
345.15350802788976,3766.4211485338105,g34_376,,,,0.037050726334700516,9.266243887047164,,96.20219841707299,4.566452209978872
355.12879075797537,3766.26296668813,g35_376,,,,0.0271369072459941,7.682064127089679,,36.5354220746656,3.598282257788072
365.1038794495503,3766.115321087064,g36_376,,,,0.1023746957980695,0.0,,,
375.07878745046594,3765.978210076676,g37_376,,,,,,,,
385.0535281110378,3765.8516321210977,g38_376,,,,,,,,
395.02811478386377,3765.7355858024907,g39_376,,,,,,,,
405.0025608236416,3765.6300698210207,g40_376,,,,,,,,
414.97687958698583,3765.535082994837,g41_376,,,,,,,,
424.9510844322449,3765.450624260049,g42_376,,,,,,,,
434.9251887193188,3765.376692670706,g43_376,,,,,,,,
444.8992058094767,3765.3132873987747,g44_376,,,,,,,,
454.87314906517486,3765.260407734133,g45_376,,,,,,,,
464.8470318498741,3765.218053084546,g46_376,,,,,,,,
474.82086752785824,3765.1862229756684,g47_376,,,,,,,,
484.7946694640517,3765.164917051018,g48_376,,,,,,,,
494.76845102384044,3765.1541350719854,g49_376,,,,,,,,
135.99052094287734,3782.1790339259464,g13_378,9.161949345517014,33.74308030046636,36.02454464171367,0.015605211547084838,37.06497554818724,,1233.0514005496766,7.11724718968367
145.9623265001412,3781.798520448787,g14_378,8.915215173915637,33.67066979302253,39.27276417302088,0.0231811055352798,37.06497554818724,,1020.1741253745627,6.927728602860358
155.93366282056795,3781.4286185132155,g15_378,8.712193980648589,33.62492040984884,37.22854627902079,0.018350594085415384,37.06497554818724,,933.8407169953862,6.839305885136654
165.90454303791043,3781.069323981954,g16_378,8.712554434487133,33.62656203257149,28.257032142482736,0.011321218801753958,37.06497554818724,,400.29166377804466,5.9921934408455
175.8749802923979,3780.7206328367115,g17_378,,,,0.024374385080174265,30.69806583826826,,163.63058486168296,5.097611355728146
185.84498773054167,3780.38254117811,g18_378,,,,0.03261182931359516,23.0235538398458,,104.42594175855125,4.648478128858744
195.8145785049419,3780.0550452256048,g19_378,,,,0.037264442931906415,15.34903801758162,,106.63674800762836,4.669428180353222
205.78376577409338,3779.7381413174267,g20_377,,,,0.08073514646849282,0.0,,154.6732436153479,5.0413147860291465
215.7525627021935,3779.4318259105,g21_377,9.66169525564268,33.805527547583615,,0.08060481227404027,0.0,,124.67438348290626,4.825705406426226
225.720982458952,3779.13609558039,g22_377,,,,0.05612847638187282,7.674519646095437,,148.1329050416624,4.998109877835281
235.6890382193902,3778.850947021228,g23_377,,,,,,,121.25738770153903,4.7979154574586955
245.6567431636637,3778.5763770456556,g24_377,,,,,,,121.059282779108,4.796280365938375
255.6241104768627,3778.3123825847624,g25_377,9.596146222459506,33.81045024249196,,0.0818340006193585,0.0,,107.10659837494919,4.673824585032567
265.59115334882387,3778.0589606880317,g26_377,9.487990731886166,33.87387765634711,,0.09847409159320204,0.0,,148.74714107279604,5.002247824562357
275.55788497394127,3777.8161085232823,g27_377,9.412453616379604,33.92126648898385,,0.0907485123644472,0.0,,172.83095923529675,5.152314002563618
285.5243185509761,3777.583823376619,g28_377,9.420026399960692,33.933185736267006,,0.03176411643889045,7.674519646095437,,182.01585979432207,5.20409382500722
295.490467282869,3777.3621026523783,g29_377,9.389523620300862,33.94032636688976,,0.06294506404289084,9.266243887047164,,199.62461343707875,5.29643867008786
305.4563443765511,3777.1509438730814,g30_377,9.424488136550929,33.96209317724921,,0.07717469067422496,0.0,,149.38197856013036,5.006506639988683
315.421963042756,3776.9503446793915,g31_377,,,,0.07633609653291203,0.0,,,
325.3873364958321,3776.760302830062,g32_377,,,,0.08410973094440806,0.0,,,
335.35247795355576,3776.580816201903,g33_377,,,,0.08765485784366846,0.0,,,
345.317400636944,3776.4118827897355,g34_377,,,,0.08827132067926824,0.0,,,
355.28211777007033,3776.2535007063575,g35_377,,,,0.106431000405853,0.0,,,
365.24664257986876,3776.105668182506,g36_377,,,,,,,,
375.21098829596264,3775.9683835668284,g37_377,,,,,,,,
385.1751681504683,3775.8416453258483,g38_377,,,,,,,,
395.13919537781294,3775.7254520439333,g39_377,,,,,,,,
405.10308321454886,3775.619802423276,g40_377,,,,,,,,
415.06684489916825,3775.5246952838675,g41_377,,,,,,,,
425.0304936719186,3775.4401295634707,g42_377,,,,,,,,
434.99404277461747,3775.366104317607,g43_377,,,,,,,,
444.9575054504687,3775.302618719534,g44_377,,,,,,,,
454.9208949438772,3775.2496720602308,g45_377,,,,,,,,
464.88422450026496,3775.20726374839,g46_377,,,,,,,,
474.8475073658867,3775.175393310396,g47_377,,,,,,,,
484.8107567876459,3775.154060390328,g48_377,,,,,,,,
494.773986012913,3775.1432647499432,g49_377,,,,,,,,
136.37779785703367,3792.177119599186,g13_379,9.237390057706806,33.767322648778816,37.76952622477047,0.012711892669544589,27.798731661140078,,1021.1298158506228,6.928664955871377
146.33894977550534,3791.796130963488,g14_379,9.048448779294409,33.70573769788958,40.11512786971091,0.019126533565375164,27.798731661140078,,860.8601833865855,6.7579321026078025
156.29963666377571,3791.4257669812787,g15_379,8.877156363047435,33.659700158220005,38.199231214232285,0.02086906474376129,27.798731661140078,,750.9031786471359,6.62127672021332
166.2598715362962,3791.0660235219157,g16_379,8.824823787526434,33.651465836868695,34.82008873380017,0.012273078021161468,27.798731661140078,,352.3962278304817,5.8647561897779505
176.2196674140715,3790.71689657354,g17_379,,,,0.008194988025915275,28.833613691181622,,232.69309078415682,5.449720378351143
186.17903732446186,3790.3783822430173,g18_379,9.095884729265638,33.7120138590247,29.78187828024278,0.016344269458946206,24.80776632176525,,220.47842659078873,5.395799851509866
196.13799430098746,3790.050476755849,g19_379,9.287384837361417,33.744807066182005,28.211409026926837,0.02425113572499886,17.92272934936993,,267.45775669145473,5.5889616349551074
206.09655138313275,3789.733176456116,g20_378,9.61713980688596,33.7962279165014,24.80779545514242,0.03911420484920223,9.266243887047164,,392.0616765752471,5.9714191656162665
216.0547216161518,3789.4264778064016,g21_378,9.648221006446407,33.80126630866002,24.94516579625227,0.049459080789878984,9.266243887047164,,424.1568088043514,6.050103218946663
226.01251805087597,3789.1303773877307,g22_378,9.647834350014717,33.797609763725845,26.14718820276625,0.07092088025232668,7.666958930435534,,388.3920186479036,5.962015186895792
235.9699537435108,3788.844871899509,g23_378,9.619004974650014,33.81286901844963,24.172394814834586,0.11178995009978919,0.0,,309.31638145175134,5.734364641275121
245.92704175545674,3788.5699581594527,g24_378,9.607395893217795,33.82095926155301,22.08509053816798,0.10256381226388954,0.0,,257.42982866569525,5.550747172930049
255.88379515310677,3788.305633103539,g25_378,9.619488034398474,33.82435603098897,23.10360088380664,0.08608122510625897,0.0,,218.43454027519775,5.386486382809342
265.84022700765706,3788.0518937859447,g26_378,9.494678090078999,33.87609559206152,,0.10339209684000439,0.0,,151.56641516057226,5.021023912785443
275.7963503949144,3787.808737378991,g27_378,,,,0.07891094773242542,0.0,,109.49867576941203,4.695912455753402
285.75217839510486,3787.5761611730945,g28_378,,,,0.04458634595985724,7.666958930435534,,76.1624621598066,4.332868718739519
295.7077240926834,3787.3541625767134,g29_378,,,,0.1335318826001551,0.0,,39.8828279296938,3.685945853554844
305.66300057614245,3787.142739116304,g30_378,,,,,,,,
315.6180209378223,3786.941888436267,g31_378,,,,,,,,
325.5727982737211,3786.7516082989123,g32_378,,,,,,,,
335.5273456833053,3786.571896584414,g33_378,,,,,,,,
345.48167626932076,3786.402751290769,g34_378,,,,,,,,
355.4358031376058,3786.244170533764,g35_378,,,,,,,,
365.3897393968939,3786.096152546935,g36_378,,,,,,,,
375.34349815863914,3785.958695681543,g37_378,,,,,,,,
385.29709253681887,3785.8317984065334,g38_378,,,,,,,,
395.2505356477485,3785.715459308516,g39_378,,,,,,,,
405.2038406098939,3785.6096770917325,g40_378,,,,,,,,
415.15702054368415,3785.514450578039,g41_378,,,,,,,,
425.1100885713242,3785.4297787068754,g42_378,,,,,,,,
435.06305781660825,3785.355660535256,g43_378,,,,,,,,
445.01594140473287,3785.2920952377426,g44_378,,,,,,,,
454.9687524621103,3785.2390821064355,g45_378,,,,,,,,
464.9215041161817,3785.1966205509575,g46_378,,,,,,,,
474.8742094952315,3785.164710098444,g47_378,,,,,,,,
484.8268817282001,3785.143350393532,g48_378,,,,,,,,
494.77953394450043,3785.1325411983585,g49_378,,,,,,,,
136.76597457451552,3802.1752826012225,g13_380,9.311751494710194,33.814942875916095,29.654776908135418,0.0697349329111357,9.266243887046457,,935.4775414957692,6.841057138473294
146.71644824523798,3801.7938225773787,g14_380,9.194229296679946,33.79559484151432,29.604071993369796,0.06870415547237496,9.266243887046457,,790.2997961363927,6.672412362253656
156.66646109013115,3801.4230002132663,g15_380,9.066745218919461,33.766486560288854,28.930338491615036,0.06554187328784652,9.266243887046457,,663.7268572565013,6.497870705291421
166.616026004416,3801.062811384957,g16_380,8.908059422017836,33.73369335313154,25.79453700145178,0.06190339139013264,9.266243887046457,,414.9112790987769,6.0280647120712105
176.56515588994168,3800.713252087118,g17_380,8.903652176943117,33.75091076807152,26.0236382512316,0.06144160429933388,12.014780239517506,,333.4194401686473,5.809401277460972
186.51386365498644,3800.374318432929,g18_380,8.962304292927204,33.77483657889044,23.368938754156332,0.0585869706909757,12.014780239517506,,307.7528537006975,5.7292970378101895
196.46216221405916,3800.046006654017,g19_380,9.087083861995081,33.79786953922405,22.442938811786934,0.051595807340833015,9.266243887046457,,315.62130606033793,5.754543096389931
206.41006448770193,3799.728313100388,g20_379,9.382632962089446,33.842121377923036,19.922608921840702,0.04360819960638555,9.266243887046457,,409.6874171723244,6.015394471785182
216.3575834022931,3799.4212342403534,g21_379,9.48679198028368,33.85617124466799,19.278744727628414,0.0440107726415648,9.266243887046457,,406.70901559351404,6.008097980342705
226.30473188985272,3799.124766660474,g22_379,9.54462678527391,33.86837864844702,19.63153927353101,0.0435292433488686,9.266243887046457,,408.53674313074606,6.012581856719612
236.25152288783715,3798.83890706549,g23_379,9.57431016761066,33.88792752309207,16.463790426399886,0.08601439254400114,0.0,,226.04113215960695,5.420716983418392
246.19796933895748,3798.563652278261,g24_379,,,,0.11323852397161838,0.0,,132.98695065159012,4.890251008006545
256.14408419097606,3798.2989992397142,g25_379,,,,0.11580495744607432,0.0,,67.45683320949901,4.211487885298594
266.08988039651314,3798.044945008777,g26_379,,,,0.1366435537041994,0.0,,18.156643323029417,2.899036517048076
276.0353709128536,3797.8014867623347,g27_379,,,,0.1504028493550991,0.0,,,
285.98056870175293,3797.5686217951693,g28_379,,,,0.184117801625474,0.0,,,
295.92548672924437,3797.3463475199146,g29_379,,,,,,,,
305.8701379654458,3797.134661467008,g30_379,,,,,,,,
315.81453538436784,3796.933561284642,g31_379,,,,,,,,
325.75869196372133,3796.7430447387246,g32_379,,,,,,,,
335.7026206847258,3796.5631097128407,g33_379,,,,,,,,
345.6463345319186,3796.3937542082,g34_379,,,,,,,,
355.5898464929655,3796.2349763436164,g35_379,,,,,,,,
365.5331695584613,3796.086774355464,g36_379,,,,,,,,
375.476316721753,3795.949146597648,g37_379,,,,,,,,
385.41930097874064,3795.8220915415714,g38_379,,,,,,,,
395.36213532768926,3795.70560777611,g39_379,,,,,,,,
405.30483276903976,3795.599694007585,g40_379,,,,,,,,
415.24740630521904,3795.5043490597373,g41_379,,,,,,,,
425.1898689404509,3795.41957187371,g42_379,,,,,,,,
435.1322336805666,3795.345361508025,g43_379,,,,,,,,
445.07451353281664,3795.2817171385705,g44_379,,,,,,,,
455.0167215056809,3795.228638058576,g45_379,,,,,,,,
464.95887060868074,3795.1861236786126,g46_379,,,,,,,,
474.9009738521903,3795.154173526573,g47_379,,,,,,,,
484.84304424724746,3795.1327872476613,g48_379,,,,,,,,
494.7850948053682,3795.1219646043965,g49_379,,,,,,,,
137.1550501532446,3812.173523031117,g13_381,9.545006139553315,33.828272351421354,32.68723649908936,0.07809916019058108,0.0,,856.897212437613,6.753317972591958
147.09482099401498,3811.7915953941597,g14_381,9.340969612835812,33.81957741432856,32.63958230757502,0.08714838640505285,0.0,,681.296079064209,6.523996982683375
157.03413521098432,3811.420318317395,g15_381,9.117492386406289,33.80477877534626,25.234563416270177,0.08886400748168036,0.0,,541.4187807445398,6.29419306580008
166.97300558021573,3811.0596876836953,g16_381,8.908791866244577,33.813445331441386,26.518739362858565,0.0722747010116399,0.0,,215.57436214315132,5.373305917971208
176.91144488447452,3810.7096994943254,g17_381,8.888300180268523,33.82015372732032,,0.036638998391303516,7.6441795355727855,,134.1848479949956,4.899218312015629
186.84946591302852,3810.370349868867,g18_381,,,,0.07178590275273637,7.6441795355727855,,96.38525401313896,4.568353223247223
196.787081461446,3810.0416350451464,g19_381,,,,0.10677554593477422,0.0,,136.03797023732503,4.912934039690469
206.72430433139724,3809.7235513791697,g20_380,9.36429356749853,33.880730130473985,,0.11182741304326786,0.0,,138.87627518963728,4.933583430201254
216.66114733045438,3809.4160953450482,g21_380,9.46707047767717,33.88775506384646,,0.11731580786875617,0.0,,110.45203742392843,4.704581376268452
226.5976232718954,3809.1192635349453,g22_380,,,,0.12446472718399516,0.0,,131.39050657748984,4.878173855171756
236.53374497449641,3808.833052659007,g23_380,,,,,,,39.852889970206476,3.6851949238163866
246.46952526234833,3808.5574595452986,g24_380,,,,,,,,
256.4049769646498,3808.2924811397565,g25_380,,,,,,,,
266.34011291551343,3808.038114506127,g26_380,,,,,,,,
276.27494595376913,3807.794356825908,g27_380,,,,,,,,
286.2094889227686,3807.561205398307,g28_380,,,,,,,,
296.14375467019016,3807.3386576401845,g29_380,,,,,,,,
306.07775604784314,3807.1267110860085,g30_380,,,,,,,,
316.0115059114741,3806.9253633878147,g31_380,,,,,,,,
325.9450171205722,3806.734612315152,g32_380,,,,,,,,
335.87830253817526,3806.5544557550543,g33_380,,,,,,,,
345.8113750306771,3806.384891711993,g34_380,,,,,,,,
355.7442474676355,3806.2259183078463,g35_380,,,,,,,,
365.67693272157106,3806.077533781858,g36_380,,,,,,,,
375.60944366778796,3805.939736490615,g37_380,,,,,,,,
385.54179318417255,3805.8125249080053,g38_380,,,,,,,,
395.47399415100364,3805.695897625203,g39_380,,,,,,,,
405.4060594507606,3805.589853350631,g40_380,,,,,,,,
415.3380019679317,3805.4943909099434,g41_380,,,,,,,,
425.2698345888225,3805.4095092460047,g42_380,,,,,,,,
435.201570201365,3805.3352074188683,g43_380,,,,,,,,
445.1332216949259,3805.271484605758,g44_380,,,,,,,,
455.0648019601163,3805.218340101054,g45_380,,,,,,,,
464.99632388860033,3805.1757733162835,g46_380,,,,,,,,
474.92780037290447,3805.1437837801063,g47_380,,,,,,,,
484.85924430622697,3805.1223711383045,g48_380,,,,,,,,
494.7906685822495,3805.1115351537806,g49_380,,,,,,,,
137.5450236489033,3822.171840987173,g13_382,9.876214460981688,33.90102777735639,34.015423964153634,0.03481725113362648,9.266243887047164,,696.3646720651894,6.545873477235041
147.4740671043329,3821.7894495167425,g14_382,9.687253300702736,33.904828400538506,27.427618467919963,0.030662991653276416,9.266243887047164,,529.3350770308366,6.271621647272406
157.40265813556633,3821.417721401058,g15_382,9.412655873233573,33.86247578680077,18.36912703883893,0.03548149752443465,9.266243887047164,,335.72833050941927,5.816302292767781
167.3308093995829,3821.0566525298764,g16_382,,,,0.05918315197291008,7.636554041532568,,54.43545428036137,3.997015674670992
177.258533560139,3820.7062389111447,g17_382,,,,0.16254668557554885,0.0,,,
187.1858432875647,3820.366476670923,g18_382,,,,,,,,
197.1127512585615,3820.0373620533132,g19_382,,,,,,,,
207.03927015599982,3819.718891420395,g20_381,,,,,,,,
216.96541266871813,3819.411061252153,g21_381,,,,,,,,
226.89119149132392,3819.1138681464204,g22_381,,,,,,,,
236.81661932398438,3818.827308818814,g23_381,,,,,,,,
246.74170887224003,3818.5513801026746,g24_381,,,,,,,,
256.666472846797,3818.286078949009,g25_381,,,,,,,,
266.59092396332983,3818.0314024264344,g26_381,,,,,,,,
276.515074942283,3817.7873477211265,g27_381,,,,,,,,
286.43893850867363,3817.553912136768,g28_381,,,,,,,,
296.36252739189354,3817.331093094502,g29_381,,,,,,,,
306.28585432551193,3817.118888132878,g30_381,,,,,,,,
316.20893204707966,3816.9172949078165,g31_381,,,,,,,,
326.13177329793166,3816.726311192559,g32_381,,,,,,,,
336.0543908229919,3816.5459348776308,g33_381,,,,,,,,
345.97679737057734,3816.376163970802,g34_381,,,,,,,,
355.8990056922051,3816.2169965970534,g35_381,,,,,,,,
365.82102854238786,3816.0684309985377,g36_381,,,,,,,,
375.74287867845374,3815.930465534551,g37_381,,,,,,,,
385.66456886034155,3815.8030986815056,g38_381,,,,,,,,
395.58611185040974,3815.6863290328943,g39_381,,,,,,,,
405.50752041324205,3815.5801552992734,g40_381,,,,,,,,
415.4288073154537,3815.4845763082335,g41_381,,,,,,,,
425.3499853254978,3815.399591004381,g42_381,,,,,,,,
435.2710672134719,3815.325198449316,g43_381,,,,,,,,
445.19206575092505,3815.26139782162,g44_381,,,,,,,,
455.112993710664,3815.2081884168388,g45_381,,,,,,,,
465.03386386656075,3815.1655696474627,g46_381,,,,,,,,
474.9546889933594,3815.1335410429315,g47_381,,,,,,,,
484.8754818664834,3815.112102249611,g48_381,,,,,,,,
494.7962552618449,3815.101253030792,g49_381,,,,,,,,
137.9358941149363,3832.170236566945,g13_383,9.862671054226404,33.926018897906204,28.603988496567382,0.04244044984803902,18.53248777409362,,537.1619329283125,6.286299600128409
147.85418565651165,3831.787385047247,g14_383,9.734628500170775,33.94093323413878,18.03266905112446,0.019328850563487016,17.84463092747297,,322.8455001812121,5.777173881175164
157.7720289709916,3831.4152095708187,g15_383,,,,0.011718335416435468,12.000215831073971,,153.33763615643545,5.0326422623111
167.68943659634917,3831.053706034387,g16_383,,,,0.1867649676546521,0.0,,,
177.60642107740767,3830.702870452663,g17_383,,,,,,,,
187.52299496563606,3830.362698958259,g18_383,,,,,,,,
197.43917081894395,3830.033187801632,g19_383,,,,,,,,
207.3549612014768,3829.714333351005,g20_382,,,,,,,,
217.27037868341372,3829.4061320923097,g21_382,,,,,,,,
227.18543584076576,3829.1085806291203,g22_382,,,,,,,,
237.10014525516414,3828.821675682589,g23_382,,,,,,,,
247.0145195136727,3828.5454140913935,g24_382,,,,,,,,
256.92857120857707,3828.2797928116725,g25_382,,,,,,,,
266.84231293718585,3828.0248089169777,g26_382,,,,,,,,
276.7557573016302,3827.7804595982184,g27_382,,,,,,,,
286.66891690866345,3827.546742163607,g28_382,,,,,,,,
296.5818043694622,3827.323654038619,g29_382,,,,,,,,
306.49443229942653,3827.1111927659376,g30_382,,,,,,,,
316.4068133179812,3826.9093560054152,g31_382,,,,,,,,
326.3189600483775,3826.7181415340283,g32_382,,,,,,,,
336.23088511749484,3826.5375472458386,g33_382,,,,,,,,
346.1426011556431,3826.3675711519563,g34_382,,,,,,,,
356.05412079636744,3826.2082113805004,g35_382,,,,,,,,
365.9654566762422,3826.059466176569,g36_382,,,,,,,,
375.8766214346874,3825.921333902204,g37_382,,,,,,,,
385.7876277137632,3825.7938130363655,g38_382,,,,,,,,
395.6984881579759,3825.676902174902,g39_382,,,,,,,,
405.6092154140816,3825.5706000305217,g40_382,,,,,,,,
415.5198221308905,3825.4749054327785,g41_382,,,,,,,,
425.4303209590707,3825.3898173280418,g42_382,,,,,,,,
435.34072455095355,3825.3153347794805,g43_382,,,,,,,,
445.25104556033716,3825.2514569670484,g44_382,,,,,,,,
455.16129664229175,3825.198183187464,g45_382,,,,,,,,
465.0714904529646,3825.155512854207,g46_382,,,,,,,,
474.98163964938453,3825.1234454974956,g47_382,,,,,,,,
484.89175688926724,3825.1019807642883,g48_382,,,,,,,,
494.8018548308227,3825.0911184182737,g49_382,,,,,,,,
138.32766060255364,3842.168709867228,g13_384,9.822385578590993,33.93166198405424,32.417118323122054,0.047394452212096844,22.863758603641518,,368.2885911310042,5.908866845862895
148.2351757286956,3841.7854020869963,g14_384,9.847193322148057,33.92676767014356,,0.018375553866134004,15.242507909108328,,198.51318054364904,5.290855498646487
158.1422468222597,3841.4127829324116,g15_384,,,,0.0049191290777863255,7.621254606557655,,90.84444508952683,4.509148649214176
168.04888630229112,3841.05084830725,g16_384,,,,,,,,
177.95510659475934,3840.699594233063,g17_384,,,,,,,,
187.86092013235006,3840.3590168491014,g18_384,,,,,,,,
197.76633935425838,3840.029112412246,g19_384,,,,,,,,
207.67137670598254,3839.709877296943,g20_383,,,,,,,,
217.5760446391186,3839.401307995137,g21_383,,,,,,,,
227.48035561115702,3839.1034011162105,g22_383,,,,,,,,
237.3843220852692,3838.8161533869215,g23_383,,,,,,,,
247.28795653011727,3838.5395616513442,g24_383,,,,,,,,
257.19127141964117,3838.2736228708163,g25_383,,,,,,,,
267.09427923285796,3838.0183341238803,g26_383,,,,,,,,
276.99699245365906,3837.773692606232,g27_383,,,,,,,,
286.89942357060846,3837.539695630672,g28_383,,,,,,,,
296.8015850767405,3837.3163406270596,g29_383,,,,,,,,
306.7034894693584,3837.1036251422597,g30_383,,,,,,,,
316.60514924983426,3836.901546840105,g31_383,,,,,,,,
326.50657692340724,3836.710103501352,g32_383,,,,,,,,
336.40778499898454,3836.5292930236437,g33_383,,,,,,,,
346.3087859889406,3836.3591134214644,g34_383,,,,,,,,
356.2095924089203,3836.1995628261143,g35_383,,,,,,,,
366.11021677763006,3836.05063948567,g36_383,,,,,,,,
376.0106716166533,3835.9123417649535,g37_383,,,,,,,,
385.91096945024213,3835.7846681455035,g38_383,,,,,,,,
395.8111228051211,3835.667617225549,g39_383,,,,,,,,
405.71114421028904,3835.5611877199835,g40_383,,,,,,,,
415.6110461968211,3835.465378460341,g41_383,,,,,,,,
425.51084129767105,3835.3801883947767,g42_383,,,,,,,,
435.4105420474729,3835.3056165880485,g43_383,,,,,,,,
445.3101609823442,3835.2416622214973,g44_383,,,,,,,,
455.2097106396883,3835.1883245930344,g45_383,,,,,,,,
465.109203557997,3835.1456031171297,g46_383,,,,,,,,
475.0086522766533,3835.1134973247995,g47_383,,,,,,,,
484.9080693357349,3835.0920068635996,g48_383,,,,,,,,
494.80746727581874,3835.0811314976163,g49_383,,,,,,,,
138.72032216073137,3852.167260984058,g13_385,9.83953775812908,33.91645949132578,28.51744041116996,0.05577321430074299,18.53248777409362,,288.9066171108699,5.666103511712723
148.61703639685624,3851.783500736522,g14_385,9.832309719178431,33.92302380895678,,0.01936575966718417,15.22716008779844,,164.30499044502443,5.101724398562615
158.51331079225662,3851.410441590739,g15_385,,,,0.002727473555934791,7.613580697987386,,88.85319523496013,4.486985516080771
168.40915764713264,3851.048079457618,g16_385,,,,,,,,
178.30458926867996,3850.6964103656314,g17_385,,,,,,,,
188.1996179708818,3850.3554304607437,g18_385,,,,,,,,
198.09425607429864,3850.025136006338,g19_385,,,,,,,,
207.98851590586077,3849.705523383153,g20_384,,,,,,,,
217.88240979865992,3849.396589089221,g21_384,,,,,,,,
227.77595009174453,3849.0983297397993,g22_384,,,,,,,,
237.6691491299042,3848.810742067316,g23_384,,,,,,,,
247.56201926347669,3848.533822921309,g24_384,,,,,,,,
257.45457284813324,3848.267569268372,g25_384,,,,,,,,
267.3468222446762,3848.0119781920966,g26_384,,,,,,,,
277.23877981883373,3847.7670468930246,g27_384,,,,,,,,
287.1304579410556,3847.5327726886017,g28_384,,,,,,,,
297.0218689863096,3847.309153013114,g29_384,,,,,,,,
306.9130253338777,3847.0961854176644,g30_384,,,,,,,,
316.8039393671537,3846.893867570111,g31_384,,,,,,,,
326.6946234734396,3846.7021972550356,g32_384,,,,,,,,
336.58509004374406,3846.5211723737,g33_384,,,,,,,,
346.4753514725803,3846.3507909440104,g34_384,,,,,,,,
356.3654201577662,3846.1910511004826,g35_384,,,,,,,,
366.25530850021414,3846.041951094205,g36_384,,,,,,,,
376.14502890374405,3845.903489292812,g37_384,,,,,,,,
386.0345937748726,3845.7756641804563,g38_384,,,,,,,,
395.92401552261543,3845.658474357773,g39_384,,,,,,,,
405.81330655828697,3845.5519185418634,g40_384,,,,,,,,
415.7024792952995,3845.4559955662708,g41_384,,,,,,,,
425.5915461489642,3845.3707043809563,g42_384,,,,,,,,
435.4805195362907,3845.2960440522806,g43_384,,,,,,,,
445.36941187578765,3845.2320137629945,g44_384,,,,,,,,
455.2582355872631,3845.178612812211,g45_384,,,,,,,,
465.1470030916254,3845.135840615408,g46_384,,,,,,,,
475.0357268106837,3845.1036967044033,g47_384,,,,,,,,
484.92441916694884,3845.082180727359,g48_384,,,,,,,,
494.8130925834365,3845.0712924487666,g49_384,,,,,,,,
139.1138778362145,3862.165890012719,g13_386,9.830859496768438,33.90502924078177,25.568777076876685,0.07101673781497535,9.266243887046457,,263.6327856463908,5.574557171397995
148.99976673479333,3861.781681095563,g14_386,9.834106772548086,33.91666033156905,,0.028967331051709788,9.266243887046457,,163.31884879774253,5.095704417674037
158.88521998175793,3861.4081856498715,g15_386,,,,0.003109041828194287,7.605890683661729,,78.5019147630257,4.363123016376563
168.77024975854647,3861.0453995937764,g16_386,,,,,,,,
178.6548682536648,3860.69331896275,g17_386,,,,,,,,
188.539087662476,3860.351939909545,g18_386,,,,,,,,
198.42292018698825,3860.021258704121,g19_386,,,,,,,,
208.30637803564505,3859.7012717335865,g20_385,,,,,,,,
218.18947342311557,3859.391975502125,g21_385,,,,,,,,
228.07221857008682,3859.09336663094,g22_385,,,,,,,,
237.95462570304625,3858.805441858196,g23_385,,,,,,,,
247.8367070540871,3858.5281980389564,g24_385,,,,,,,,
257.71847486069163,3858.2616321451305,g25_385,,,,,,,,
267.59994136552604,3858.0057412654223,g26_385,,,,,,,,
277.48111881623373,3857.7605226052733,g27_385,,,,,,,,
287.3620194652284,3857.5259734868214,g28_385,,,,,,,,
297.2426555694891,3857.302091348844,g29_385,,,,,,,,
307.12303939035394,3857.0888737467208,g30_385,,,,,,,,
317.0031831933153,3856.8863183523863,g31_385,,,,,,,,
326.88309924781487,3856.69442295429,g32_385,,,,,,,,
336.7627998270395,3856.513185457359,g33_385,,,,,,,,
346.6422972077167,3856.3426038829566,g34_385,,,,,,,,
356.5216036699137,3856.1826763688514,g35_385,,,,,,,,
366.4007314968245,3856.0334011691807,g36_385,,,,,,,,
376.2796929745807,3855.894776654429,g37_385,,,,,,,,
386.15850039203883,3855.766801311381,g38_385,,,,,,,,
396.0371660405807,3855.6494737431162,g39_385,,,,,,,,
405.9157022139109,3855.5427926689676,g40_385,,,,,,,,
415.79412120785366,3855.446756924508,g41_385,,,,,,,,
425.6724353201522,3855.3613654615274,g42_385,,,,,,,,
435.5506568502656,3855.2866173480124,g43_385,,,,,,,,
445.4287980991681,3855.222511768132,g44_385,,,,,,,,
455.30687136914673,3855.169048022222,g45_385,,,,,,,,
465.1848889636002,3855.126225526773,g46_385,,,,,,,,
475.0628631868377,3855.0940438144203,g47_385,,,,,,,,
484.9408063438773,3855.0725025339366,g48_385,,,,,,,,
494.81873074024725,3855.0616014502234,g49_385,,,,,,,,
139.50832667351858,3872.1645970477334,g13_387,9.793905120515177,33.893426530992166,25.976201725472105,0.1404496865798843,0.0,,279.2080521015179,5.6319572103775055
149.38336581413694,3871.7799432630536,g14_387,9.808775100605924,33.90643946900388,,0.1499858289831083,0.0,,152.87139076734388,5.029596984684281
159.25797348942882,3871.4060152130496,g15_387,,,,0.15342643440737427,0.0,,61.96361436957125,4.126547347765504
169.13216176215593,3871.042808823147,g16_387,,,,,,,,
179.00594270221987,3870.6903201358978,g17_387,,,,,,,,
188.87932838644844,3870.3485453109265,g18_387,,,,,,,,
198.752330898382,3870.0174806248415,g19_387,,,,,,,,
208.6249623280615,3869.697122471189,g20_386,,,,,,,,
218.49723477181624,3869.3874673603773,g21_386,,,,,,,,
228.36916033205512,3869.088511919624,g22_386,,,,,,,,
238.2407511170458,3868.8002528928932,g23_386,,,,,,,,
248.11201924071912,3868.522687140838,g24_386,,,,,,,,
257.98297682244976,3868.255811640744,g25_386,,,,,,,,
267.8536359868489,3867.9996234864857,g26_386,,,,,,,,
277.72400886355575,3867.7541198884587,g27_386,,,,,,,,
287.5941075870286,3867.5192981735495,g28_386,,,,,,,,
297.46394429633773,3867.2951557850747,g29_386,,,,,,,,
307.33353113495673,3867.081690282742,g30_386,,,,,,,,
317.2028802505562,3866.878899342609,g31_386,,,,,,,,
327.0720037947961,3866.6867807570375,g32_386,,,,,,,,
336.9409139231204,3866.505332434658,g33_386,,,,,,,,
346.80962279454945,3866.3345524003344,g34_386,,,,,,,,
356.6781425714778,3866.174438795124,g35_386,,,,,,,,
366.5464854194589,3866.0249898762518,g36_386,,,,,,,,
376.4146635070135,3865.886204017074,g37_386,,,,,,,,
386.28268900541576,3865.7580797070523,g38_386,,,,,,,,
396.1505740884908,3865.6406155517275,g39_386,,,,,,,,
406.01833093241004,3865.5338102726955,g40_386,,,,,,,,
415.885971715487,3865.4376627075803,g41_386,,,,,,,,
425.7535086179733,3865.352171810021,g42_386,,,,,,,,
435.62095382185436,3865.2773366496476,g43_386,,,,,,,,
445.48831951064625,3865.2131564120673,g44_386,,,,,,,,
455.3556178691911,3865.159630398848,g45_386,,,,,,,,
465.22286108345463,3865.1167580275114,g46_386,,,,,,,,
475.090061340322,3865.0845388315147,g47_386,,,,,,,,
484.95723082739477,3865.0629724602495,g48_386,,,,,,,,
494.8243817327896,3865.0520586790303,g49_386,,,,,,,,
