X,Y,cell_id,T3m,S3m,MLD_m,sst_grad,front_distance_km,upwelling,bottom_depth_m,log_depth
127.33363078463881,3552.2441671706633,g12_355,10.925927680961207,33.2211570269175,56.21673688696585,0.0037430265828114957,191.69543769921356,,3837.656649553227,8.252617211792792
137.54361733451498,3551.8756117348116,g13_355,10.809442846316115,33.20912208238408,53.21029141360461,0.00594077645966007,184.01318472299295,,3925.5036947241683,8.275249951848966
147.75303745586152,3551.517337407582,g14_355,10.762084399220793,33.22196256115019,47.1497717656875,0.007171273662772502,176.34446829691302,,3945.9524686683053,8.280445641063563
157.9619070404292,3551.169339923172,g15_355,10.603161797555153,33.2695544072898,41.28094898162712,0.005040116292064124,161.0553968958842,,3870.1654504921717,8.261052537175145
168.17024198455124,3550.831615138594,g16_355,10.439123622851975,33.283403433791484,40.559451125898626,0.010468237227907188,153.43987096234076,,3874.4230387468137,8.262152037475122
178.37805818900495,3550.50415903359,g17_355,10.302545295212175,33.30410493442004,39.03738096462803,0.010876567862832235,145.847733540916,,3867.026577859547,8.260241164575545
188.5853715588717,3550.186967710541,g18_355,10.22514301194156,33.335804450848784,37.922889839418986,0.00988183923589617,138.28284193124284,,3829.353090384089,8.250451162003545
198.7921980033989,3549.8800373943873,g19_354,10.184570412685066,33.417743810615754,36.980033705994195,0.00772040083392035,123.25486729595804,,3664.45487245049,8.206434864499652
208.99855343586304,3549.5833644325457,g20_354,10.222007848686786,33.45073785801633,36.64735812175389,0.005555204589436092,115.80500691287409,,3592.425011705582,8.186582744166941
219.20445377343404,3549.2969452948314,g21_354,10.296108364662237,33.46542079974837,36.53361683472093,0.003314170722741395,108.40967342174105,,3467.072003537939,8.151065713723748
229.40991493702924,3549.0207765733826,g22_354,10.514941541253027,33.435103130544064,37.21836431216283,0.005353765293223603,93.83409613703706,,2712.865329178157,7.905760672347681
239.61495285119202,3548.754854982585,g23_354,10.65128619362265,33.40582239007299,37.123632431092126,0.0056632079352816845,86.69003411470968,,2192.621117058691,7.692852964252481
249.819583443946,3548.499177359005,g24_354,10.77050904170578,33.378355731570174,36.70123473661785,0.005980299632801514,79.67628464477511,,1780.4435590979513,7.484617802747801
260.02382264666267,3548.253740661319,g26_354,10.746533275186065,33.32218464558804,37.58076048793265,0.0058861396996365565,66.20484439590714,,1672.9751289335504,7.422358834727817
270.2276863939264,3548.0185419702507,g27_354,10.534758404011694,33.2927030648737,39.96651901258045,0.01028051617181236,59.872409104810046,,1593.3021360735615,7.373563956755554
280.4311906234001,3547.793578488504,g28_354,10.255489680946042,33.26290494666581,41.10140036182406,0.019703677838887528,53.936588631660506,,1495.069556681974,7.309928010951155
290.63435127569164,3547.5788475407085,g29_354,9.98949190705808,33.23512175066946,37.28497672349953,0.02367840554741743,48.54309932459608,,1398.640499754235,7.2432559722037455
300.8371842942199,3547.374346573357,g30_354,9.708393607303028,33.26399863739438,27.024947317048003,0.016024503716915793,40.24260901422746,,1318.520795252344,7.18426577757063
311.0397056250821,3547.1800731547555,g31_354,9.617848196587701,33.313404565502246,23.41819455371955,0.044555312396814935,37.88437954628534,,1390.899201484253,7.237705724512878
321.2419312169205,3546.9960249749656,g32_354,9.570005646579306,33.37193766544673,22.15360258213711,0.0587231666342009,37.06497554818724,,1402.103949401125,7.245729208498759
331.4438770207906,3546.8221998457625,g33_354,9.555871240209138,33.483648935683526,22.141798147459713,0.03663633711237428,37.88437954628534,,1243.7011161008045,7.12584698406285
341.64555899002846,3546.6585957005764,g34_354,9.590421854269756,33.53656733047764,22.317803395920624,0.02404841960720226,40.24260901422746,,1095.4601982662195,6.998929826350139
351.8469930801216,3546.5052105944624,g35_354,9.623160748917226,33.572584847825304,22.41006294868127,0.015728709412587444,43.89232736371907,,881.2881497084121,6.781384643638736
362.0481952485681,3546.3620427040437,g36_354,9.634478534069912,33.5869512520638,22.062075958866227,0.010135669833914623,48.54309932459608,,785.647853091845,6.666508667980265
372.2491814547593,3546.229090327488,g37_354,9.65081235944953,33.55951297455865,21.545443851416305,0.005893136960482402,59.872409104810046,,1031.5526508022767,6.938820374158031
382.44996765983956,3546.106351884458,g38_354,9.679638605320397,33.54091371239423,21.750288008354698,0.0044739872208144965,66.20484439590714,,1061.5729462942181,6.967506998795593
392.6505698265777,3545.993825916083,g39_354,9.688218377035042,33.52827407387138,22.0072359252476,0.007681962827820404,72.83051050705292,,1197.0356424824224,7.087603481624622
402.85100391923686,3545.89151108493,g40_354,9.456819449735544,33.49337862824994,23.644304796706464,0.012314955216677031,68.60653550241193,,1740.198962103474,7.461754731708044
413.0512859034438,3545.7994061749673,g41_354,9.227081347016902,33.46288849980003,24.094007900669236,0.023537253851178788,61.52078739267234,,1762.397034116662,7.4744301126205475
423.25143174605864,3545.7175100915483,g42_354,9.08989422422489,33.45373294696576,25.301567420311127,0.023965951906483894,54.64152864721507,,1633.2533753522036,7.398329240366331
433.4514574150456,3545.645821861378,g43_354,9.451932274406202,33.575060385778315,25.538285911295414,0.010871816472121043,41.908157370156026,,1635.936498015025,7.399970701015117
443.6513788793424,3545.5843406325025,g44_354,9.624154114171905,33.6450237362668,24.731098179270653,0.00826263084419286,36.414310686460034,,1531.958093994531,7.3343019961369444
453.85121210873103,3545.533065674281,g45_354,9.598241935999901,33.67033139431015,23.36033714697473,0.008889651060654468,31.916307317459253,,1391.722652146517,7.238297576894996
464.050973073708,3545.4919963773723,g46_354,9.449969660160766,33.6653213831492,22.2613100642441,0.011085026464690327,28.883209463406878,,1309.6618370428444,7.177524243209469
474.250677745355,3545.4611322537303,g47_354,9.220273469243377,33.69131887817497,19.804157923804052,0.020339244406078223,28.883209463406878,,1239.7320325047021,7.122650532426715
484.4503420952093,3545.4404729365824,g48_354,9.124309652661323,33.71440860050392,18.890037608780844,0.031316149959282336,31.916307317459253,,967.82629300986,6.875052621803633
494.6499820951369,3545.4300181804256,g49_354,9.07397847369317,33.74302571173064,12.618448452262296,0.07302391176493576,36.414310686460034,,577.277306852572,6.358322752187339
127.6999573874378,3562.2405033394243,g12_356,10.961017932615027,33.2469536817,51.93042915374121,0.00235804233209181,190.03609721944227,,3887.6086685449627,8.265549509420266
137.89986354893563,3561.8713873926945,g13_356,10.867957690346794,33.24254836452847,50.42362295882304,0.004282883203179739,182.2911730167848,,3930.0965942372436,8.276419283247577
148.09920751828753,3561.5125680598053,g14_356,10.83656107824289,33.25875723173288,45.71689956578809,0.006206459157996642,174.55406283310236,,3902.021457842823,8.269250020358818
158.298005066965,3561.164041079556,g15_356,10.700661746478925,33.317807709414176,41.71726476304904,0.004698263601348753,159.107863934351,,3850.221508920939,8.255885960411428
168.49627197111036,3560.8258023134213,g16_356,10.537617980195039,33.33868166928833,41.13313531887055,0.003917460253737086,151.401644313584,,3854.384429640975,8.256966592220072
178.69402401139493,3560.4978477454674,g17_356,10.396409225595386,33.36275155835518,40.40519842305213,0.0026200698671263786,143.7090993620435,,3848.343143265802,8.255397982255168
188.89127697287745,3560.180173482267,g18_356,10.313132722467344,33.39185983958065,39.41018681744189,0.00038093375193506046,136.03255401729453,,3802.2102145666536,8.243337812042439
199.08804664486286,3559.872775752812,g19_355,10.293302236829797,33.442215380169145,39.45425236937242,0.0038517512307472187,120.7396845070559,,3569.3101613180156,8.180127623978148
209.28434882076306,3559.575650908434,g20_355,10.345181084689324,33.45154339224902,38.50650134709207,0.0057916842430223445,113.1315116820235,,3471.050933428125,8.15221268974667
219.48019929795876,3559.288795422729,g21_355,10.422861041360592,33.44515153386363,38.3678721820997,0.006905082700274325,105.55621427907818,,3226.447545625505,8.079136979882982
229.67561387765048,3559.012205891482,g22_355,10.643325710445259,33.39879745670052,37.29661497681554,0.006708966299123253,90.53724606823813,,2076.0526652128015,7.638223612563617
239.87060836473512,3558.7458790325913,g23_355,10.758817179835672,33.37285672367008,36.344732014067766,0.006692036223257487,83.11737375016203,,1653.9713681428734,7.410934564758396
250.06519856765746,3558.4898116859995,g25_355,10.823425252950463,33.3455341434152,36.05404684168755,0.006467567260197388,75.78069797829426,,1543.9871265831541,7.342123392844751
260.2594002982749,3558.2440008136286,g26_355,10.646145461156577,33.2973092222885,38.45432076209233,0.005483020864978504,61.475882114452084,,1567.5642499457726,7.357278260468188
270.45322937172034,3558.0084434993128,g27_355,10.372332883100452,33.27301011198071,41.17787543818215,0.011441998003677624,54.604384402078324,,1508.9076558150111,7.319141261279026
280.64670160626537,3557.783136948736,g28_355,10.091794164544078,33.24825038593144,40.64813015789899,0.02177570135484299,48.02819332939556,,1453.7426326800849,7.2818966360161355
290.83983282318326,3557.5680784893725,g29_355,9.875162493291961,33.231465205735276,36.28490524670965,0.024750760913568547,41.88663468113068,,1426.6651000797451,7.263094901832185
301.03263884661374,3557.363265570431,g30_355,9.628087749718594,33.2859662879971,26.53852776118117,0.01556151122002522,31.909243188774056,,1364.5215357987543,7.218559122947079
311.2251355034267,3557.1686957628,g31_355,9.529651013384886,33.33963345502856,23.002685052797272,0.046879630495159974,28.881258126286404,,1387.6628878542842,7.235376235381878
321.41733862308706,3556.9843667589953,g32_355,9.500838390392898,33.4001530961869,21.654443472348106,0.06613525450557545,27.798731661140785,,1364.8186429321604,7.218776836471318
331.6092640375199,3556.8102763731094,g33_355,9.480181143541063,33.51232498216518,21.678560831832925,0.04050348545129658,28.881258126286404,,1386.6858482428422,7.23467189735896
341.80092758097555,3556.6464225407667,g34_355,9.508941361346757,33.56616460844225,22.108587830647846,0.024786868442643783,31.909243188774056,,1337.0238930106384,7.198201447556056
351.9923450898979,3556.492803319081,g35_355,9.553026330069285,33.60462928274526,22.452759108347298,0.01565710335445728,36.40037857777223,,1248.6874311940749,7.129848223557568
362.1835324027808,3556.3494168866087,g36_355,9.586607695139147,33.62006099671465,22.26116901884191,0.010782262795717323,41.88663468113068,,1154.2988571244052,7.051248388517634
372.37450536004854,3556.216261543315,g37_355,9.631424064923804,33.588505558533846,21.025616608007052,0.011531739687603976,54.604384402078324,,1325.0076446786031,7.189173507972436
382.56527980391246,3556.0933357105355,g38_355,9.660872728825764,33.56181605326605,21.37551162145843,0.006034581015828171,61.475882114452084,,1233.165584037172,7.117339787770773
392.75587157824054,3555.9806379309425,g39_355,9.686865601106433,33.54169086562925,21.72058728479409,0.0035697065604866503,68.5539402978393,,1169.021718968268,7.063922540399794
402.94629652842417,3555.8781668685156,g40_355,9.584237499430856,33.510451964941986,23.12193629391039,0.0020900983394306336,65.37539442522008,,1609.2200989154492,7.383504930002263
413.1365705012453,3555.785921308509,g41_355,9.401416695860329,33.48514430689863,23.700758486367658,0.013856040221558782,57.90281582862857,,1770.6409978577417,7.479096905691295
423.32670934474345,3555.7039001574312,g42_355,9.200755266655449,33.460297264596754,24.414494316135496,0.021925817415784265,50.54064033457574,,1773.6581328413345,7.480799434513566
433.51672890808373,3555.6321024430144,g43_355,9.22389169224661,33.508148886234586,25.700813113901837,0.012332350685760945,36.415350388905296,,1654.689652609675,7.41136874914512
443.7066450414243,3555.5705273142034,g44_355,9.380483861937066,33.569877915371755,25.63937352153538,0.008050661956457855,29.936259916487877,,1493.4340384921713,7.3088334709574765
453.89647359578356,3555.519174041129,g45_355,9.424776303336625,33.61453360781689,25.08486785999517,0.008089839710223206,24.271576200996233,,1385.5218874656482,7.233832161699472
464.0862304229092,3555.4780420150946,g46_355,9.34510544349755,33.63650125841961,23.228696613412783,0.009939852878119644,20.121311820830222,,1362.906760587302,7.217375021863825
474.2759313751449,3555.4471307485646,g47_355,9.048632135707516,33.704619972682565,18.786455987966026,0.031102680427838775,20.121311820830222,,1159.5747074507383,7.0558085853666626
484.4655923052994,3555.426439875157,g48_355,8.898869811986364,33.72344845608792,19.564598987141235,0.03251508630464991,24.271576200996233,,716.9590294573122,6.575018697345375
494.6552290665164,3555.415969149626,g49_355,8.846744709142392,33.75249780205845,12.209353278352364,0.059041860410963876,29.936259916487877,,323.72310676642326,5.779888541660479
128.06720483895887,3572.2369143530955,g12_357,11.102063212668124,33.26529316836621,50.57644058822348,0.0007562356749580721,188.81729928153007,,3894.9121192942944,8.267426395609824
138.25700540458266,3571.8672415488845,g13_357,10.996455015228511,33.26880563505245,49.14291746290671,0.002986922299762535,181.02754561929245,,3918.423261196098,8.2734446225819
148.44624801404564,3571.5078807612326,g14_357,10.947466118803925,33.28469796476332,45.31885425282868,0.005460766680402936,173.24132010611694,,3876.672374199072,8.262732429121867
158.63494831855724,3571.158827733629,g15_357,10.804435151406082,33.3376447405551,42.18989007513381,0.009725089251736903,157.6815648644318,,3831.760266313355,8.251079576150786
168.82312197408493,3570.820078332102,g16_357,10.674544181959115,33.360361163395176,41.671696315676,0.010325559246886626,149.90936328933034,,3838.3147261758286,8.252788675856948
179.0107846412104,3570.4916285451336,g17_357,10.564083418839125,33.38322166448319,41.42603424214541,0.010089967837303948,142.1434053817593,,3830.4060794343363,8.250726102516305
189.19795198498502,3570.173474483565,g18_357,10.497928719997574,33.404412161850885,41.43109862508663,0.010193210845852852,134.38477869928988,,3764.176814416652,8.233284474739234
199.38463967478683,3569.8656123805226,g19_356,10.482685706354017,33.425314502722706,41.292076094879704,0.011514803539090639,118.89528019954226,,3282.7107568047936,8.096424810301594
209.57086338417756,3569.5680385913342,g20_356,10.522472413032864,33.42105326379912,40.58382162237637,0.01145207659022801,111.16828632013004,,3068.7404996179403,8.029022495690525
219.756638790763,3569.2807495934535,g21_356,10.583209749172301,33.40763647204125,38.9458123512571,0.011009067250312327,103.45667413363914,,2632.824694301344,7.875812577067574
229.9419815760408,3569.0037419863834,g22_356,10.73752076258003,33.3668971000285,36.77198161878917,0.010500352850632402,88.09576813703113,,1659.3523218161401,7.4141826376347755
240.12690742527474,3568.7370124916038,g24_356,10.787216943802822,33.34415229619076,36.31299237698971,0.010147553988573015,80.45838393735374,,1331.5692028289195,7.194113377488777
250.3114320273436,3568.4805579525064,g25_356,10.786347227622672,33.323998727556294,36.59234576367028,0.009162543137337753,72.8617704922257,,1233.9437301790658,7.117970603894902
260.49557107460384,3568.2343753343207,g26_356,10.485462502099471,33.2939408338502,40.06892389582276,0.007164931689446646,57.855069486121955,,1449.311792784353,7.278844097078243
270.6793402627489,3567.9984617240543,g27_356,10.178607153402076,33.27588950367986,40.88583818787005,0.012453357127931072,50.50045212541196,,1457.617925218959,7.28455882419281
280.86275529067103,3567.772814330433,g28_356,9.928072445548969,33.25875940499249,39.95683869595216,0.02286088851790825,43.312625295503175,,1502.7370771268693,7.3150434423992605
291.045831860321,3567.5574304838347,g29_356,9.764481677780674,33.25297224059652,36.09237228570709,0.02525683966193393,36.39056208211035,,1481.4959882578219,7.300807659117832
301.2285856765703,3567.352307636236,g30_356,9.525766653530653,33.319364189143826,25.674750753030754,0.013120482211552672,24.262279939583188,,1224.2722821760226,7.110101891091514
311.4110324470727,3567.157443361163,g31_356,9.430328851662923,33.3698354269826,22.32020846466199,0.04650329620184508,20.11850873109555,,1114.835737933422,7.016462352802443
321.59318788212664,3566.9728353536316,g32_356,9.409918902960147,33.42548913522792,20.340177372113857,0.07423152289685868,18.53248777409362,,1100.0529408675575,7.00311358568976
331.7750676945372,3566.798481430104,g33_356,9.376920130449351,33.52729608039309,20.563262198217743,0.045615306677338575,20.11850873109555,,1454.0661726178057,7.282119167799152
341.9566875994795,3566.6343795284397,g34_356,9.381302216095534,33.58220101640106,21.907873266978815,0.025314771398092607,24.262279939583188,,1560.1784112749235,7.352555459906141
352.1380633143637,3566.480527707853,g35_356,9.417095579889112,33.62066569070407,22.47938115874352,0.015202181673899579,29.919299703065153,,1538.9730493760005,7.338870621909068
362.3192105586891,3566.336924148873,g36_356,9.459742905915917,33.63716271440436,22.543880030717524,0.01087952058060249,36.39056208211035,,1474.9848070461637,7.296402968413186
372.50014505392255,3566.203567153302,g37_356,9.549445846208855,33.61597221703666,21.49915850492338,0.013539268360330495,50.50045212541196,,1433.8881640554175,7.268145029314527
382.68088252335195,3566.0804551441806,g38_356,9.604848600084068,33.58729617055501,21.13071277726768,0.01347877476572723,57.855069486121955,,1174.2549338575282,7.0683891266079035
392.86143869195354,3565.9675866657567,g39_356,9.650784070527159,33.558015430083934,21.285109542967266,0.006769618273278654,65.32015943686113,,984.3309375753811,6.891962159183973
403.04182928625625,3565.8649603834488,g40_356,9.647740094766093,33.51929098028271,22.42551178494347,0.003490610198482212,63.346260328029935,,1375.0411028127564,7.2262389026086185
413.2220700342058,3565.772575083824,g41_356,9.54503129898185,33.49962640838739,23.229983365334704,0.0038748558483237393,55.60923660505115,,1644.1442304340778,7.40497530317554
423.40217666503025,3565.6904296745697,g42_356,9.380369663082968,33.4763052915579,23.84303459657091,0.01494741026923272,47.9034386788358,,1758.4495227674615,7.472187746792047
433.58216490910416,3565.6185231844674,g43_356,9.166483369160098,33.46349319378945,25.533786766932646,0.014864264776379275,32.67394989984278,,1626.3852330265806,7.394115182727037
443.76205049781436,3565.5568547633784,g44_356,9.210886879919919,33.498244561162956,25.776920011921703,0.009320460822104108,25.260306140071023,,1433.3627648061904,7.267778546388447
453.94184916342476,3565.50542368222,g45_356,9.25178010754293,33.545952104552846,25.570744924025597,0.009234206797296522,18.20149322229832,,1346.0841185076602,7.204955003428498
464.12157663894186,3565.464229332951,g46_356,9.207129298634053,33.60192235029171,23.93084861308368,0.002367658623935348,12.133468381794856,,1326.83238229238,7.190549713085273
474.30124865798035,3565.433271228566,g47_356,8.930587052456783,33.736548710352245,19.745808449095744,0.06952880120855515,12.133468381794856,,901.584027225298,6.804153246536358
484.4808809546283,3565.4125490030706,g48_356,8.83369798501445,33.688465694213875,19.36541078676577,0.05103801565740128,18.20149322229832,,413.7993949702405,6.025381303179491
494.6604892633154,3565.4020624114873,g49_356,,,,0.03869065748231037,25.260306140071023,,162.80617164203997,5.0925603621990385
128.4353722491486,3582.233400327768,g12_358,11.413628639269428,33.27387240820873,51.29302990278263,0.0010833280783732202,188.04760998119605,,3883.5865032286974,8.264514362165174
138.61504203675042,3581.8631743249616,g13_358,11.268744040657186,33.27997611009825,50.09646894343492,0.0021511406387938526,180.2319441481834,,3899.813033713158,8.268683890895026
148.79415810369602,3581.503275638781,g14_358,11.17978821063448,33.294170055091136,48.137484490189834,0.004243245516450725,172.41715088938005,,3865.075411303381,8.259736472164525
158.972735980952,3581.153700017501,g15_358,11.015280599061724,33.33200165440706,44.54492752058769,0.00813811429682234,156.79072506521783,,3826.1251846329196,8.24960786891943
169.15079120433003,3580.8144433317925,g16_358,10.914037734895576,33.34953560684058,43.72095534275484,0.009404872040533988,148.97943450001455,,3832.2070539082265,8.251196170488083
179.32833931434084,3580.4855015746334,g17_358,10.826503838360493,33.36554363380173,43.319649992858025,0.010291854066026927,141.16971609153927,,3807.0908532777,8.244620620893562
189.5053958560463,3580.166870861224,g18_358,10.762546472199167,33.378499809818116,43.0892398339349,0.011152932176924733,133.36185119237638,,3662.886213592396,8.206006698575987
199.68197637891444,3579.858547428904,g19_357,10.699363462065834,33.38733882515884,42.131349426477186,0.012738811222922084,117.75317842343658,,2769.3671346068654,7.926374101816791
209.85809643667454,3579.5605276370757,g20_357,10.693918853605961,33.382761048741706,41.22434738186568,0.013038742228060113,109.9533831669042,,2242.297271806077,7.7152561870843135
220.03377158717333,3579.272807967123,g22_357,10.699018717435395,33.37314488016595,40.15137906113054,0.013123367154343804,102.15754715664265,,1975.3993988320171,7.588525884146764
230.20901739222225,3578.9953850223437,g23_357,10.714995218470305,33.344440452686634,38.34261733061137,0.012265760958120616,86.58205305950072,,1371.275200806995,7.2234963894019675
240.38384941746753,3578.7282555278707,g24_357,10.697596783947775,33.32886466046931,38.21788732545389,0.011338979002815238,78.80560382933484,,1175.9020980853745,7.069790875065702
250.5582832322376,3578.471416330609,g25_357,10.650569458604012,33.319392570141495,38.80146721441447,0.0102402766193266,71.03999278137728,,1001.7868497560156,6.909540534221287
260.7323344094026,3578.2248643991647,g26_357,10.27605261081033,33.305975778383626,40.42672254635592,0.008105842887065237,55.559484986690805,,1319.5752555485967,7.1850651876998315
270.90601852523145,3577.988596823782,g27_357,9.962591641193379,33.29889408301582,39.77943409365553,0.013830640891823655,47.86100687250831,,1350.9602085554754,7.208570884199628
281.0793511592511,3577.762610816285,g28_357,9.739475911767009,33.29595792932133,38.91062463825902,0.023917666219690225,40.21174032218435,,1318.033233349926,7.18389592972933
291.25234789410376,3577.5469037100124,g29_357,9.589884364744698,33.313980878494,35.63095645412922,0.024202056256427868,32.64630183141428,,1180.9955001591827,7.074113005994661
301.4250243154067,3577.341472959767,g30_357,9.366772807976778,33.374614043643,24.144416783256098,0.01053113744434866,18.189086322095456,,762.4754842966869,6.636570356222639
311.5973960116109,3577.146316141763,g31_357,9.30245603114152,33.41210072446772,21.473022540746786,0.04452989602149718,12.128816159270619,,688.3909188819007,6.534356872620363
321.7694785738611,3576.961430953566,g32_357,9.315627447508607,33.45433764095518,19.496700712286906,0.0814740591431334,9.266243887047164,,763.0544894616195,6.637329443494203
331.94128759585556,3576.7868152140554,g33_357,9.297470366166186,33.53509816700059,19.789008372376983,0.050237316643395626,12.128816159270619,,1446.6673214050418,7.277017791010369
342.11283867370634,3576.622466863368,g34_357,9.260061219086836,33.58436001686052,21.769336334414465,0.023376407933216308,18.189086322095456,,1535.6264074549372,7.336693659810595
352.2841474058024,3576.468383962867,g35_357,9.251990709713796,33.617181605015496,22.528737878420316,0.011752380761211259,25.240190248041348,,1446.199163368467,7.276694127237342
362.4552293926609,3576.3245646950863,g36_357,9.262700742878883,33.63229678149135,22.784776394068686,0.007812402394830432,32.64630183141428,,1283.2106895656682,7.157120567474737
372.6261002368028,3576.191007363704,g37_357,9.349612221382873,33.62527184811887,22.098144001033134,0.010081062193391301,47.86100687250831,,1130.827360399902,7.030704821140365
382.7967755426044,3576.0677103935004,g38_357,9.449514889334678,33.60589543271943,21.70379109911265,0.014434977119895583,55.559484986690805,,1052.4932815433253,6.958917182204406
392.96727091616174,3575.954672330329,g39_357,9.551918765960508,33.578140617720734,21.18813751053175,0.013984470913827974,63.28921516524991,,1083.0607561144775,6.98754634525615
403.1376019651525,3575.8518918410773,g40_357,9.635994784545078,33.528129995623445,21.80181649181917,0.0009177336217696344,61.38578670982885,,1412.4510935307337,7.253081838372132
413.3077842986977,3575.759367713652,g41_357,9.59735338111781,33.508004807986644,22.606573764233108,0.00201514777750482,54.52986592395809,,1592.6143154681724,7.373132168523479
423.4778335272246,3575.67709885694,g42_357,9.498514279144308,33.48574900088805,23.38114072020625,0.006702193565147863,46.97707939406765,,1675.266192093937,7.423727352285714
433.6477652623284,3575.6050843007965,g43_357,9.240570262256668,33.44688047283889,25.303792154995506,0.015484876310103354,31.318068722343,,1509.3355654059967,7.319424810060545
443.8175951166355,3575.543323196016,g44_357,9.176889526331383,33.457245413652,25.529179426713455,0.009808936036679025,23.488555687394392,,1305.1746850156821,7.1740921690481425
453.9873387036658,3575.491814814318,g45_357,9.152304964659454,33.50541357278337,25.431967412138253,0.0091232489886048,15.659039099039123,,1250.0621576212557,7.13094855515705
464.15701163769563,3575.4505585483316,g46_357,9.095673083930158,33.584416778855854,23.622918139598923,0.023503979380778833,7.829520141751739,,1217.875694167811,7.10486338572815
474.326629533621,3575.419553911584,g47_357,8.894959249538985,33.713688209264234,19.17620801561339,0.07931237046426827,7.829520141751739,,600.1835013864205,6.397235444101994
484.4962080068199,3575.3988005384886,g48_357,,,,0.04739768732520097,15.659039099039123,,248.5554372812213,5.515665908307124
494.6657626730187,3575.3882981843344,g49_357,,,,0.010625900827109605,23.488555687394392,,25.40295811264516,3.2348656283711823
128.80445872567157,3592.2299613788036,g12_359,11.727211171631684,33.25489984655544,51.83529113572981,0.0037357855119687254,186.66272076097255,,3874.180404131247,8.262089410805055
138.9739725785125,3591.859185841742,g13_359,11.625982973509029,33.26880563505245,52.71960899349048,0.004259347028409547,179.9105778308526,,3881.746461988631,8.264040450413354
149.14293694563995,3591.4987528185757,g14_359,11.51926825512525,33.28086896058354,51.66356922799303,0.0038544447433016714,172.08857497743236,,3844.0231945191367,8.254274804025968
159.31136723779898,3591.148658062455,g15_359,11.313715477932579,33.307558465851336,49.62511754414783,0.0032129531301501226,156.44449198034866,,3821.3358864310503,8.248355348956663
169.4792788706671,3590.808897448784,g16_359,11.203586879728762,33.320514641867724,48.71106800616506,0.0028041104904908912,148.62241421581544,,3825.6490105596686,8.24948340783061
179.6466872647041,3590.479466975122,g17_359,11.094923169978427,33.33240550815321,47.84590345687081,0.0030477401698700396,140.80031385992578,,3795.7062110023435,8.24162576237285
189.81360784500308,3590.16036276111,g18_359,10.991524884933305,33.34230983322484,46.68298713746561,0.0037494698531549894,132.97819210207626,,3631.1131608796736,8.197294536139307
199.98005604114203,3589.851581048383,g19_358,10.809548638114395,33.352818852285885,44.20698964982921,0.006540756680014182,117.3338891377812,,2312.49249857989,7.746081225523974
210.1460472870363,3589.5531182004947,g21_358,10.732297249676067,33.35296293053383,43.25254155191997,0.007921710598776874,109.51171030983613,,1705.0834281815548,7.441369320005294
220.31159702079336,3589.2649707028395,g22_358,10.666405558191677,33.349594542095524,42.46194501828213,0.008983188863545018,101.68951483693895,,1449.7467552860962,7.279144168634436
230.47672068455634,3588.98713516258,g23_358,10.566213680289565,33.333558134136716,41.35657555953549,0.009314483109128897,86.04507871274116,,1268.695123298392,7.145744189281982
240.6414337243722,3588.7196083085714,g24_358,10.514017333557359,33.327598510495136,40.99407060103908,0.008616018092088435,78.22284043955973,,1202.6539177228074,7.092285991895142
250.80575159003664,3588.462386991302,g25_358,10.4565146934833,33.32805912623662,40.791912957037525,0.007907684179660347,70.40059027767145,,1112.3964661489229,7.01427194557386
260.9696897349505,3588.2154681828165,g26_358,10.084650992360544,33.32670566000984,38.825017140771244,0.007637888964094079,54.756059043614364,,1191.9165602119372,7.083317845352993
271.13326361597586,3587.978848976661,g27_358,9.762027658469881,33.33471076012022,38.17686885180274,0.01618060455578389,46.93378034929245,,1114.3008171803724,7.0159824174103385
281.29648869329037,3587.752526587815,g28_358,9.51450446479702,33.363041888110665,37.93580429776513,0.02455869192484734,39.11149452196423,,943.4884131034437,6.849584083973729
291.4593804302444,3587.53649835264,g29_358,9.346226692224127,33.40075779017632,34.71537606095085,0.020546298085042904,31.289202750495317,,628.8203785004562,6.443845649146556
301.62195429321633,3587.3307617288174,g30_358,9.289754051644017,33.416217885143375,,0.00946504902688344,15.64460613051598,,321.81418196070206,5.773974304316538
311.78422575147056,3587.135314295298,g31_358,9.197524743248518,33.459260335863526,20.076832665122712,0.042619633955270304,7.822303659665255,,479.2372311895252,6.17219573825214
321.9462102770135,3586.950153752252,g32_358,9.24724817022907,33.482408993447415,18.98751785998168,0.08683748688472177,0.0,,805.7548492535586,6.69177953898778
332.1079233444515,3586.775277921018,g33_358,9.256163236353725,33.53587532023561,19.448938870534008,0.05208832078441654,7.822303659665255,,1317.1449856015079,7.183221783460458
342.26938043084857,3586.610684744061,g34_358,9.1798234758968,33.57644223300275,21.80206778779996,0.018067464466856985,15.64460613051598,,1301.7946340946205,7.171499079217532
352.430597015587,3586.4563722849266,g35_358,9.126216732226627,33.59797764886166,22.687661341503315,0.005406593030307403,23.46690622373425,,1164.8611749921974,7.060357195802489
362.5915885802163,3586.312338728198,g36_358,9.101769442508107,33.60560727622355,22.953473200450198,0.0028570952025830016,31.289202750495317,,1048.9785573363956,6.955572167135323
372.7523706083255,3586.178582379464,g37_358,9.154104104358334,33.6127479068463,22.713350889443213,0.0029410365891665863,46.93378034929245,,1097.8323741503239,7.001092945706767
382.9129585853936,3586.055101665279,g38_358,9.25898194390043,33.6083142086771,22.21233314159801,0.008977563693537525,54.756059043614364,,1239.9101795417453,7.122794220122048
393.0733679986501,3585.9418951331295,g39_358,9.40513966749723,33.590780256243576,21.62235868082683,0.014120713253458242,62.57832941604398,,1500.2879137186337,7.31341231115079
403.23361433693515,3585.8389614514076,g40_358,9.576073716234884,33.53849493643656,21.150142005312844,0.0036238212507877948,57.75926100441205,,1617.0785463816767,7.388376433772548
413.39371309055855,3585.746299409379,g41_358,9.578835845936846,33.51379197238262,22.109575871058574,0.003871661229317717,50.41981347714518,,1630.3159643661188,7.396529118185047
423.55367975116,3585.6639079171614,g42_358,9.526914043111457,33.486353694877465,22.977035064257585,0.002659334747284717,43.247336039452726,,1586.6102646454615,7.3693551104331725
433.7135298115688,3585.591786005695,g43_358,9.304817881532914,33.44169800243233,24.943356520093058,0.014374051847840958,29.88528032978002,,1273.6915723574903,7.149674712911729
443.87327876566377,3585.529932826731,g44_358,9.184960035704423,33.44521046911857,25.281083056613006,0.008991150123736675,23.46690622373425,,1152.2513380898295,7.049472992884239
454.03294210823407,3585.4783476528073,g45_358,9.10168353257638,33.48989454256137,25.32167119524379,0.008719245262107158,15.64460613051598,,1145.4438147942494,7.043547452060552
464.1925353348388,3585.437029877236,g46_358,9.012299134320736,33.59069293999097,21.12146554631562,0.05057979594358848,7.822303659665255,,1014.0688839979281,6.921726114780603
474.3520739416679,3585.4059790140873,g47_358,,,,0.06040988790786439,7.822303659665255,,342.8067772845373,5.837166956903157
484.5115734254026,3585.3851946981868,g48_358,,,,0.06993455228069774,15.64460613051598,,60.22884368130538,4.098151368486902
494.6710492830783,3585.3746766850963,g49_358,,,,0.01872091205993985,20.112889811031746,,,
129.1744633739118,3602.2265976208337,g12_360,11.809133855666502,33.21349901855794,53.67862622835641,0.002319254773719643,177.93938120680556,,3859.5858134643354,8.25831515449027
139.33379616072432,3601.855276219275,g13_360,11.807143995663308,33.22921888902321,53.08969007176887,0.0045842839145201885,175.39038670044343,,3854.40272728588,8.256971339437639
149.49258369612215,3601.494312425935,g14_360,11.732462973458016,33.2423475242852,53.70582450519916,0.00615545019933421,171.92944063591625,,3828.485020417639,8.250224447895045
159.6508412706533,3601.1437019989357,g15_360,11.497115744568337,33.266589872597656,52.88574426646744,0.0074353497704519374,156.29982561382445,,3816.660409238006,8.247131080811974
169.8085841798844,3600.8034408184944,g16_360,11.355451175977983,33.278020123141665,51.62210388961734,0.007197061984468561,148.48498170425307,,3815.201906024324,8.24674886657089
179.9658277242472,3600.4735248868446,g17_360,11.205149214663628,33.28991098942715,50.1914811423051,0.006707455820450321,140.67011512076382,,3768.8534329329136,8.23452610498988
190.12258720888872,3600.1539503281483,g19_360,11.050452587988822,33.30180185571264,48.73574533669912,0.006217266661729778,132.8552270570992,,3543.174803614757,8.172778441388953
200.27887794351898,3599.8447133884197,g20_359,10.755279650941103,33.32238765909092,45.265382833185704,0.005198072590667562,117.22539126391042,,2183.098992991033,7.688500702746267
210.43471524226123,3599.5458104354384,g21_359,10.62645329063705,33.32909605496985,43.927938747988506,0.004805723550763913,109.4104459215781,,1757.759392637607,7.471795204622159
220.5901144235045,3599.2572379586845,g22_359,10.517927896004737,33.332752599904026,43.03348323024827,0.005073876691424759,101.59548387346086,,1538.7450410558322,7.338722454784019
230.7450908097446,3598.978992569259,g23_359,10.377824619184636,33.330766058690166,41.628727790881804,0.006003176964526604,85.9655144337064,,1350.5262131253685,7.208249582985335
240.89965972744974,3598.7110709998105,g24_359,10.327894762691665,33.332291984162545,40.93716063416092,0.005809677666211138,78.15050942887915,,1235.117552822761,7.118921429004194
251.0538365069025,3598.4534701044754,g25_359,10.284170247807682,33.33963345502856,40.06210932674384,0.005678783342726639,70.33549249189382,,1111.9029316208785,7.013828179292542
261.20763648205474,3598.2061868588066,g26_359,9.951140756745732,33.34210899298157,37.17914810635655,0.010633493065456745,54.70542759466996,,1035.0710751532579,6.9422253749873395
271.36107499037973,3597.9692183597085,g27_359,9.623059191516315,33.369318049245784,37.215029149047666,0.0208449939370698,46.89038202096875,,858.6632240619086,6.755376789303426
281.51416737272604,3597.742561825382,g28_359,9.412418087043868,33.418983752851865,36.99445030732998,0.02319549159324279,39.075329288190815,,592.012430006018,6.383527631295367
291.6669289731698,3597.5262145952634,g29_359,9.37256639546446,33.399664099447754,,0.013035240381319669,31.26027058954688,,300.85021704992243,5.706612523121717
301.81937513886976,3597.3201741299663,g30_359,9.2142053995878,33.428021435176255,20.949520805914545,0.011292705751488713,15.630140067421939,,367.8317708133136,5.907625689117475
311.9715212199208,3597.124438011237,g31_359,9.176546868030169,33.469337120180754,19.335289730463465,0.04232483869993424,7.815070630290753,,661.9672589211159,6.495216096890842
322.12338256920896,3596.939003941893,g32_359,9.242564294918312,33.48701515086222,18.712751487150967,0.09060433773981184,0.0,,951.4569368482972,6.857994427538924
332.2749745422662,3596.7638697457837,g33_359,9.240560812036238,33.531297543818475,19.405752037953782,0.04978505199169627,7.815070630290753,,1052.485348215017,6.958909644523788
342.4263124971257,3596.599033367742,g34_359,9.13919325563095,33.563630135234305,22.038571447596453,0.011439597025956651,15.630140067421939,,1015.8293332820356,6.923460634975251
352.5774117941799,3596.4444928735384,g35_359,9.081551257274258,33.57235345332476,22.89095073270631,0.002243741989274413,23.44520711823058,,1051.7539425882424,6.958214471061885
362.72828779602725,3596.3002464498445,g36_359,9.073632685898119,33.57235345332476,22.84121774844427,0.003831239291315437,31.26027058954688,,1095.827926655561,6.9992654539553
372.87895586734174,3596.166292404198,g37_359,9.116293634803803,33.587267789557345,22.787373140619056,0.004130924009178972,46.89038202096875,,1296.0081626045408,7.167044175198359
383.02943137472084,3596.042629164959,g38_359,9.184272632772768,33.59426434193215,22.494447586531034,0.004953552605175551,54.70542759466996,,1507.4572288292877,7.318179555946295
393.1797296865438,3595.9292552812826,g39_359,9.308097618893383,33.59060779699797,21.856530698880682,0.010400624817879876,62.52046481606333,,1726.159467944962,7.453654259000653
403.32986617282916,3595.8261694230873,g40_359,9.5084960407411,33.54534741056342,20.996620249768462,0.005753452172509025,55.4596429167935,,1567.718321605944,7.357376542939883
413.4798562050913,3595.733370381028,g41_359,9.532499053018574,33.51698790157531,21.91624854079358,0.005126400855074236,47.77585541867599,,1374.0133333859078,7.225491176800646
423.62971515619824,3595.6508570664732,g42_359,9.505645914778185,33.485893079135984,22.76797408279069,0.0041501328449863786,40.14135989480636,,1314.9572917600858,7.181559466335467
433.7794584002284,3595.578628511474,g43_359,9.319839799620562,33.43850207323964,24.573628304547007,0.012983975686790291,25.19982744780792,,1095.3787012471796,6.998855428347532
443.929101312329,3595.5166838687537,g44_359,9.170407554486356,33.449327629794226,25.037143121511352,0.007606477724162091,18.164196017638044,,1099.767674209231,7.002854231215154
454.07865926857335,3595.4650224116835,g45_359,9.043930464859429,33.51488566311118,25.393501501226773,0.008758880318939089,12.119487217276745,,1070.5576483383902,6.975934958367162
464.2281476458186,3595.4236435342686,g46_359,8.914371660328634,33.65820913352412,16.744055118040425,0.07600769461054586,7.815070630290753,,857.567338570295,6.754099704901809
474.3775818215641,3595.3925467511403,g47_359,,,,0.05972763238340429,7.815070630290753,,151.45495432382825,5.020288249541887
484.5269771738091,3595.3717316975385,g48_359,,,,0.08533539005529624,9.266243887047164,,25.542311281836906,3.240336343057866
494.6763490809132,3595.361198129307,g49_359,,,,,,,,
129.54538529697427,3612.2233091677626,g12_361,11.61887441097446,33.17339272153228,67.3323676756539,0.005065236409977302,169.2737329603179,,3843.6300648975935,8.254172528439748
139.69451191202393,3611.8514455768436,g13_361,11.749582691415283,33.18801890126898,66.6255607895401,0.00209231570507837,166.5947406520457,,3833.153740783793,8.25144317435541
149.84309750923228,3611.4899545853805,g14_361,11.759105509527538,33.20051446154389,64.93514800256928,0.0002564606489664002,163.84313472179295,,3819.434502311672,8.247857654598139
159.99115725897707,3611.13883195655,g15_361,11.544017334508345,33.22291434689043,61.34701447536292,0.0038395915810278593,156.15482861451318,,3811.092400490039,8.24567114631335
170.13870633673884,3610.798073575477,g17_361,11.374312412624773,33.23434459743443,58.110520971453624,0.0052467335485377195,148.34723509089667,,3799.7129957644984,8.242680815431742
180.28575992294802,3610.467675449151,g18_361,11.184306525069461,33.248826698923196,54.822583997334306,0.00613335415609157,140.53961881090038,,3741.338996495725,8.22719884678795
190.43233320282965,3610.14763370634,g19_361,10.984986335243537,33.264230031894925,50.97073051486067,0.007329921286946709,132.73198097260737,,3451.858030844737,8.146667924719338
200.57844136625005,3609.8379445975143,g20_360,10.60793262596225,33.29748385479371,45.44615750970667,0.00828817174798266,117.11664541316006,,2013.912671256226,7.607834711492433
210.72409960756468,3609.5386044947622,g21_360,10.450057881066808,33.31136126229306,43.65495506283569,0.006171275280878411,109.30895008787843,,1654.3898830497858,7.411187569117574
220.8693231254676,3609.2496098917204,g22_360,10.324424305026884,33.32005619938585,42.48873194744697,0.004273086238576727,101.50123799605234,,1429.077020762761,7.264784074841826
231.01412712283036,3608.970957403502,g23_360,10.180825411113466,33.33226360316488,40.49979547983611,0.00413870985998806,85.88576830396245,,1179.2505283372996,7.0726343701925085
241.1585268065649,3608.7026437666213,g24_360,10.141495561589933,33.341735693492694,38.81747943302876,0.004549545116719702,78.07801309918894,,1029.4587419340273,6.93678844983577
251.30253738746333,3608.4446658389274,g25_360,10.11132807634011,33.35503678800029,37.794826115804455,0.005371380667861968,70.27024591885844,,899.9999224700767,6.802394677179948
261.44617408005,3608.1970205995444,g26_360,9.826917577643773,33.35097638931997,35.911246311465476,0.019755023371389433,54.65468042210761,,855.3025635105704,6.75145528178857
271.58945210243166,3607.9597051488026,g27_360,9.538044299192586,33.37179358719879,36.63571335619109,0.024045081647783392,46.846884500904515,,699.974646072554,6.551044114491097
281.73238667614817,3607.732716708176,g28_360,9.40319386736343,33.37988383030216,34.796381935899205,0.015142947109057775,39.039081394585665,,387.54087990576375,5.959821339760037
291.87499302602305,3607.51605262024,g29_360,9.264836281891304,33.402052321148155,,0.0005110041617827288,31.23127230070168,,208.62915155802435,5.340558281403054
302.0172863800152,3607.309710348593,g30_360,9.150248033426474,33.46904896368488,19.36472223998959,0.01568919869448113,15.615640940358594,,384.02023825146085,5.950695254978777
312.15928196907083,3607.1136874778244,g31_360,9.150138007230826,33.50791749173404,18.7763237437493,0.04395352910796999,7.807821068928984,,684.0127605812288,6.527976573269043
322.3009950269755,3606.9279817134534,g32_360,9.267039873559202,33.48612230037692,18.5880367067759,0.09292548937874298,0.0,,942.4380345146895,6.848470171287802
332.44244079020643,3606.7525908818825,g33_360,9.226284961054212,33.52487730443542,19.56667124079593,0.04420984492774407,7.807821068928984,,961.273323101402,6.868258783829954
342.58363449778534,3606.587512930356,g34_360,9.116501107480833,33.54791026476904,22.250141557620854,0.005727893001591995,15.615640940358594,,974.5999301256767,6.8820270587140175
352.7245913911342,3606.4327459269175,g35_360,9.089884774004458,33.544282100832525,22.699074028006898,0.0009099967768549485,23.42345841678603,,1029.5769805117313,6.936903298331641
362.86532671391905,3606.288288060363,g36_360,9.118920578881582,33.53498246975032,22.361608486346842,0.0016852203076040066,31.23127230070168,,1053.6970584687122,6.960060266980357
373.0058557119179,3606.1541376402097,g37_360,9.17136631009207,33.54091371239423,22.47137182862147,0.003952927014466241,46.846884500904515,,1244.214105102563,7.126259368700925
383.1461936328652,3606.030293096661,g38_360,9.20859627341676,33.55522335463739,22.35682155751749,0.005045129775199276,54.65468042210761,,1563.6538417924328,7.354780567831211
393.28635572630856,3605.9167529805713,g39_360,9.278924542062851,33.56619298943991,21.85441418781864,0.006624160732864488,62.46246796062392,,1716.7300469635638,7.448176624869424
403.42635724346275,3605.8135159634153,g40_360,9.442548814576579,33.54045309665275,21.601187419011524,0.005489549866785108,54.65468042210761,,1148.9810646820272,7.046630797888791
413.5662134370651,3605.7205808372632,g41_360,9.47321298245374,33.513475434889074,22.045633679223563,0.005735710182239332,46.846884500904515,,846.6747582919172,6.741316628336502
423.7059395612294,3605.6379465147547,g42_360,9.461602857856908,33.479645298998534,22.80665965902772,0.0031709051273831005,39.039081394585665,,825.1104469078093,6.715517252413987
433.8455508713016,3605.5656120290732,g43_360,9.305190915085726,33.43530614404695,24.658087191546745,0.010935987202332513,23.42345841678603,,989.7675364168169,6.897470103855867
443.9850626237146,3605.5035765339344,g44_360,9.14397040476464,33.45543133168374,25.631647864945744,0.005275085713853174,15.615640940358594,,1094.0979529312162,6.997685515473971
454.12449007584365,3605.4518393035546,g45_360,8.98656509673878,33.53411800026269,25.451355186243692,0.00360862341422548,7.807821068928984,,993.0591497462912,6.90079022898443
464.2638484858615,3605.41039973265,g46_360,8.833446514206942,33.671911908518254,15.688200564352218,0.09865774062910584,0.0,,623.1499191456284,6.43478713052132
474.4031531125942,3605.37925733642,g47_360,,,,0.05067699229491955,7.807821068928984,,72.17037564122073,4.279029652020348
484.5424192153764,3605.358411750527,g48_360,,,,0.09098334966496074,0.0,,19.30938354034711,2.960591171557298
494.6816620539097,3605.3478627311033,g49_360,,,,,,,,
129.9172235956875,3622.220096132762,g12_362,11.133277511523533,33.15326753389548,53.24906818162568,0.014158076457907382,160.67511064327198,,3825.2464498563963,8.249378175520032
140.05611895883467,3621.847694032967,g14_362,11.354724009313223,33.15646346308817,57.74033101304743,0.011050990014257685,157.85293773456803,,3821.8617574933314,8.248492953945467
150.19447753690713,3621.4856794206266,g15_362,11.470920677172618,33.16697248214922,61.12821287460898,0.008548371712746982,155.36558947124732,,3812.6187821071985,8.246071576392874
160.33231438014033,3621.1340480640674,g16_362,11.387396875895519,33.19317299067787,61.14193623542542,0.007341045661062869,149.19327745695483,,3799.8115216584533,8.242706744920813
170.46964454395842,3620.7927958534096,g17_362,11.235699183686691,33.207799170414575,57.689661368372754,0.008558992562402662,146.55645844570157,,3749.320311714442,8.22932985232717
180.60648308881682,3620.4619188004845,g18_362,11.043413183013262,33.225937816837515,53.329923656261336,0.00936289046464823,140.40882520647426,,3596.270241062503,8.187652543230177
190.74284508004627,3620.1414130387466,g19_362,10.834695910478837,33.248049545688175,49.509674781699715,0.010766928845295643,132.60845410938876,,3136.9355263761113,8.051001655341954
200.87874558769627,3619.8312748232024,g20_361,10.438530536907866,33.28832830195944,43.81620122256341,0.009384552679833232,117.00765181562134,,1602.2483294222295,7.379163127738906
211.01419968638064,3619.5315005303264,g21_361,10.274976465117762,33.30373163493117,42.51096067843418,0.004974472445780816,109.2072230234823,,1163.947082385933,7.059572165390206
221.1492224551241,3619.242086657988,g22_361,10.14623392841621,33.31622719520607,41.37615524875243,0.0023502214642307966,101.40677740411383,,1040.2061156155364,6.947174160590615
231.28382897719945,3618.9630298253833,g23_361,10.007500179897436,33.34003730877471,37.99831446689902,0.0030067056172058968,85.80584049222404,,1024.0342419166036,6.931505244412053
241.41803433998743,3618.69432677296,g24_361,9.978134296433366,33.3554690227441,37.013891229552264,0.005350388869924333,78.00535160386268,,949.4298807265295,6.855861678896149
251.55185363481425,3618.4359743623504,g25_361,9.951366024960091,33.371677889948515,36.46633579802742,0.011141233843144475,70.20485069659871,,832.1854238251914,6.724055281164964
261.68530195680097,3618.187969576314,g26_361,9.685391324171439,33.36640810328936,36.068114041180195,0.025588927138556157,54.60381763328291,,909.2708807385003,6.812643048396923
271.8183944047117,3617.950309518664,g27_361,9.449988560601629,33.36943157323645,34.91384072873635,0.015461732919190807,46.80328788111756,,817.584370420961,6.706354102854
281.9511460808009,3617.7229914142195,g28_361,9.289268905566333,33.38682144742203,27.899435052268565,0.0041168741805457845,39.00275091782941,,478.5599228855679,6.170781433743143
292.08357209066276,3617.5060126087355,g29_361,9.184476975955963,33.421773655038805,22.133989055483816,0.015355173266181589,31.202207945303602,,290.43595938671996,5.671383102373956
302.2156875430795,3617.299370568859,g30_361,9.082933365289852,33.51027733243677,,0.019818978211467712,15.601108779997496,,359.47589328387664,5.884647118678731
312.3475075498711,3617.103062882073,g31_361,9.126368670223528,33.55047094571504,18.2575630583447,0.04562263322247564,7.800554990915677,,689.2459193852744,6.535598129516812
322.47904722574464,3616.9170872566433,g32_361,9.284826007678037,33.49922255464125,18.592905155981267,0.09232420409523548,0.0,,940.0842172011011,6.845969464017986
332.6103216881446,3616.741441521577,g33_361,9.220287092122257,33.5154052141076,19.94235584658157,0.03820806508452782,7.800554990915677,,1086.849504949968,6.991038427628103
342.7413460571033,3616.576123626574,g34_361,9.104463457815672,33.52896608411341,22.514877417987375,0.00468590142687172,15.601108779997496,,1050.8810046359943,6.9573841433784676
352.8721354550934,3616.4211316419855,g35_361,9.097429268663175,33.52044360626622,22.555551603109233,0.0043748630890192795,23.401660165408178,,961.1310877920632,6.868110807359662
363.0027050068702,3616.2764637587734,g36_361,9.127680577515498,33.509618049711634,22.08062116142408,0.005207737522741235,31.202207945303602,,844.5465552924818,6.738799862368976
373.1330698393365,3616.142118288475,g37_361,9.190243255946964,33.49530840746847,22.283140088992226,0.005886522456052592,46.80328788111756,,1037.8633207600778,6.944919379487519
383.26324508138464,3616.018093663167,g38_361,9.238751178952315,33.49789964267175,22.33369702421046,0.0041195052282244045,54.60381763328291,,1310.1760526017815,7.177916798464565
393.393245863751,3615.9043884354337,g39_361,9.285350979227747,33.518312986804425,21.926997892351448,0.0030648436979404795,62.40433897241983,,1480.8338899846117,7.300360647264697
403.52308731886774,3615.8010012783334,g40_361,9.398242750298142,33.51635482658823,22.091965206253626,0.0033546893035632866,54.60381763328291,,689.3972593560597,6.5358176786702495
413.65278458071475,3615.7079309853784,g41_361,9.425534950156514,33.49441555698318,22.43740272361842,0.0018676580100234976,46.80328788111756,,559.6556218369684,6.327321633557705
423.7823527846725,3615.6251764705044,g42_361,9.42116648738921,33.46211134656501,23.082190907017313,0.002924947842785182,39.00275091782941,,570.3346057690364,6.346223216260233
433.9118070673741,3615.552736768048,g43_361,9.290984221662711,33.424480587492354,26.017571172810992,0.007054059078717777,23.401660165408178,,915.8883517317084,6.819894470489559
444.0411625665582,3615.49061103273,g44_361,9.117906288595737,33.4584831826285,25.977432922653175,0.006079307125516462,15.601108779997496,,1027.8291126726876,6.935204199388236
454.17043442092177,3615.438798539636,g45_361,8.956161849889554,33.53382984376681,22.387696765563113,0.028630830264581894,7.800554990915677,,806.4495361764447,6.692641324220667
464.2996377699732,3615.397298684202,g46_361,8.803056890236597,33.650721411150556,16.653414908544434,0.08786964656049101,0.0,,410.89940159262113,6.018348419554941
474.42878775388476,3615.3661109821996,g47_361,,,,0.07772383101005476,7.800554990915677,,55.07626722447782,4.00871890149275
484.55789951334646,3615.345235069731,g48_361,,,,0.08424470124252442,9.266243887046457,,,
494.686988189421,3615.3346707032174,g49_361,,,,,,,,
130.2899773686047,3632.2169586282694,g13_363,10.626529812087268,33.17549495999641,44.39638080368187,0.02039495876735796,152.15487804907684,,3819.244579340504,8.247807927945356
140.41861642536597,3631.8440217053876,g14_363,10.833698372565708,33.16299939972151,47.08932543242996,0.01835652897710879,149.17444406659538,,3815.445814987913,8.246812795341445
150.54672292893088,3631.4814870545847,g15_363,10.981374432966897,33.16360409371092,49.134056273657635,0.016094843164147273,146.54237294512654,,3814.419642967703,8.24654380710514
160.6743118094239,3631.129350449422,g16_363,11.021244963248247,33.18660867304688,50.51776332370007,0.013147952722802227,140.59098400743835,,3787.773962162811,8.239533780446008
170.80139800224245,3630.7876077851042,g17_363,10.924190334930131,33.20641732319014,49.62987970727241,0.012530529134602996,137.79231577681423,,3665.4737566470994,8.206712871081907
180.92799644789764,3630.4562550783858,g18_363,10.776569809209073,33.22867313028873,48.09157064770322,0.012160647394963434,135.37902670059137,,3288.2836044624496,8.09812100685493
191.054122091855,3630.1352884674943,g19_363,10.60548382247452,33.25323201609473,45.62298760775117,0.012752373833088257,132.4846467288253,,2471.60479420934,7.812622932903887
201.1797898843764,3629.824704212052,g20_362,10.267458173052193,33.290458921421234,42.36266463279982,0.006048413639218335,116.89841070190955,,968.3274409058397,6.87557029547633
211.3050147803623,3629.5244986929947,g21_362,10.121551920262899,33.30188917196524,41.34767113744993,0.001972332167889214,109.10526494362387,,737.2910943742763,6.602982786222367
221.429811739197,3629.234668412501,g22_362,10.004086300077397,33.31484534798163,40.22200688109547,0.0015407393178252736,101.31210229749986,,868.0459091744045,6.766244604015606
231.5541957245816,3628.955209993921,g23_362,9.883746437665057,33.34858816761957,36.70613813549313,0.00722602225675903,85.72573116759023,,1053.5664033755138,6.959936262463854
241.67818170439304,3628.6861201817046,g24_362,9.859907943098749,33.36845357975815,36.252526034809854,0.013308531588484478,77.93252509662332,,1014.6568777591527,6.922305782854794
251.80178465051844,3628.427395841336,g25_362,9.817205082391816,33.38526714095199,35.99633130578221,0.021241864049680568,70.13930696346249,,933.272263699686,6.838696973604099
261.9250195387025,3628.179033959273,g26_362,9.49965645290205,33.39643761599778,36.08530109135993,0.014828232946257215,54.55283933579604,,1068.8217818920423,6.974312182338978
272.04790134839226,3627.9410316428757,g27_362,9.292018455554029,33.409105635518294,28.98702515768563,0.010146734914612736,46.75959225383532,,884.9620343188222,6.7855447450129605
282.17044506258327,3627.713386120358,g28_362,9.159919660041794,33.43841475698704,22.51766552034564,0.023117588513518826,38.966337934777314,,597.6088502992517,6.392936443446648
292.2926656676654,3627.496094740725,g29_362,9.099543820905511,33.47702350953798,18.995200902524314,0.024668802017139047,31.173077584836303,,424.73737587532554,6.05147103880447
302.41457815326936,3627.289154973716,g30_362,9.072996644988146,33.55231340868096,17.37112361031649,0.020108810777436373,15.586543617080071,,709.889379820607,6.565109154827234
312.53619751211374,3627.0925644097624,g31_362,9.185406399474692,33.53506761274331,18.078756429509898,0.04492496658170975,7.793272411621492,,1077.82361285634,6.982699113643472
322.65753873985193,3626.906320759928,g32_362,9.33948269444763,33.497063554181786,18.730292973274302,0.08670882021987489,0.0,,1292.3343067623848,7.164205402236261
332.77861683492,3626.730421855866,g33_362,9.23810047199885,33.4983034964179,20.424265913829235,0.03381399145047187,12.110125813279204,,1238.7128529077336,7.121828097632692
342.8994467983844,3626.564865649777,g34_362,9.131935884593316,33.501326966364985,22.697185569291328,0.0031454124280820774,18.139204061401497,,1065.7967809328647,6.971477949528664
353.0200436337929,3626.4096502143616,g35_362,9.155112135656506,33.48154669721939,22.376616904383553,0.001111027004238242,25.15929039991908,,827.941396156221,6.718942374291303
363.14042234701327,3626.264773742786,g36_362,9.199792276652367,33.45030779653213,21.894701935579345,0.03686194270462608,32.53509593964633,,503.8475461203389,6.222273734456219
373.2605979460963,3626.1302345486442,g37_362,9.22328394025901,33.45120064701742,21.978821158741596,0.03054030857511981,47.6903208715097,,704.9635915918841,6.558146158346637
383.3805854411158,3626.0060310659196,g38_362,9.264772340155355,33.443455322405256,22.63924426627084,0.009598125982337377,55.35934985589816,,1006.9711127022549,6.914702205814798
393.5003998440196,3625.8921618489553,g39_362,9.292951008566595,33.46372458829,22.329450452452622,0.0028543716453951315,60.47998168400696,,1009.1081485013224,6.916822198456533
403.62005616847983,3625.7886255724234,g40_362,9.38606678551496,33.47777445503495,22.864474273928174,0.0023483019296083717,51.87129276372967,,660.4470106260892,6.4929168945913105
413.7395694297422,3625.6954210313047,g41_362,9.409973394475665,33.461478271577924,23.315019074892582,0.0027457486549866267,47.6903208715097,,564.4746213421121,6.3358954248148915
423.8589546444756,3625.6125471408504,g42_362,9.409682098196132,33.432686527846,24.967045013325567,0.004841887849359617,40.070664884092565,,568.4999411988447,6.343001209758474
433.9782268306231,3625.5400029365733,g43_362,9.295669140138083,33.40588132532793,26.276439058903836,0.004816686685915084,25.15929039991908,,935.4325836604061,6.841009078617541
444.0974010072514,3625.4777875742184,g44_362,9.123917780406572,33.44765762607391,22.835069891273427,0.015892718155690364,18.139204061401497,,931.4639120339856,6.836757447513368
454.2164921944013,3625.4259003297543,g45_362,8.94253566269638,33.532159840046496,20.629001246142337,0.0473237463302281,12.110125813279204,,700.8470704199025,6.552289704061667
464.33551541293866,3625.384340599346,g46_362,8.819820327013769,33.62253436140805,18.637325840064886,0.06110234351313285,9.266243887047164,,438.35700676498175,6.08303366231424
474.45448568440435,3625.353107899358,g47_362,,,,,,,45.54465451416166,3.818693262574889
484.5734180308653,3625.332201866331,g48_362,,,,,,,,
494.69232747476764,3625.3216222569818,g49_362,,,,,,,,
130.66364571200597,3642.213896765993,g13_364,10.313492133141276,33.218020032979744,42.14496781539415,0.017730898951260794,143.7269768420898,,3766.2789279148346,8.233842771242053
140.78200343361613,3641.8404287110884,g14_364,10.467924709294307,33.199881386556804,42.982369498546625,0.017890798569720895,140.5709857917452,,3803.7528299256523,8.243743445193987
150.89983283293853,3641.477377609362,g15_364,10.589646679722241,33.192107680946975,43.871961699345675,0.01719853375684735,137.77732505712981,,3819.4349449370898,8.247857770485817
161.01714872002003,3641.1247392397077,g16_364,10.662088457446055,33.20733855467309,44.97676852549242,0.014849752881067144,132.07852965131957,,3758.780790430077,8.23184992593665
171.13396591026412,3640.782509502493,g17_364,10.60616073202113,33.225477201096034,44.82003295680051,0.013666000381204083,129.09830599661007,,3326.3497022526562,8.109630796214013
181.25029922426975,3640.4506844194902,g18_364,10.507489277252631,33.24712831420521,43.968538478579994,0.012734910515756382,126.521756645762,,2551.6266205244838,7.844486325188627
191.36616348766938,3640.1292601337746,g19_364,10.38681724992412,33.26757003933555,42.63193059881801,0.011071754665077356,124.37397355213032,,1714.2099239425722,7.446707567703988
201.48157353096835,3639.8182329096658,g20_363,10.128378636738367,33.28968176818621,41.32530036003343,0.0018080071593001676,117.2105263788928,,692.6424001769753,6.54051384894664
211.59654418938496,3639.517599132638,g21_363,10.007319952978165,33.297599552043984,40.79420240042855,0.0017737966189411696,109.4471423219098,,757.2121376749482,6.629643448888348
221.71109030269267,3639.2273553092523,g22_363,9.908842348007816,33.31346350075719,38.313477705743274,0.005689321029587345,101.68773532930823,,947.100627125888,6.853405346385662
231.82522671505168,3638.947498067086,g23_363,9.811470220817021,33.35699494821648,36.43417870029375,0.018150497005849916,86.18517199799479,,1127.8470037578404,7.028065787892297
241.93896827486455,3638.6780241546603,g24_363,9.776147337057635,33.375334434882696,36.41411690889098,0.02257508845446256,78.44523874412636,,1154.215518616475,7.051176187530851
252.05232983460868,3638.4189304413762,g25_363,9.688517037205783,33.389844917369125,36.672998689779284,0.024008449620333952,70.71619186002596,,1158.009764355189,7.054458090183046
262.1653262506807,3638.170213917455,g26_363,9.284846994448122,33.413050336948345,30.464594857112072,0.012782437797260864,55.30903449995644,,898.485684980133,6.800710773965514
272.2779723832398,3637.9318716938633,g27_363,9.124721468521548,33.44434599963095,23.33016210145334,0.030092034784044236,47.647410199583526,,651.7911697245694,6.479724218788786
282.39028309605,3637.703901002273,g28_363,9.09009224668149,33.491044995285264,19.54195425638092,0.03182067595848965,40.035199638309706,,522.9817179973568,6.259546507425949
292.50227325632505,3637.48629919499,g29_363,9.107395321051865,33.530085982580026,18.295089349425247,0.024817600356856866,32.50714145425476,,602.0930533231277,6.400412006990007
302.61395773457156,3637.2790637449048,g30_363,9.223286026588234,33.54451132207346,17.919861698518158,0.020604087356222954,18.126670097156367,,1242.3720687944813,7.124777789928896
312.7253514044337,3637.082192245445,g31_363,9.348866154277253,33.52006813351774,18.55476143209498,0.042466887367329606,12.105433013562886,,1476.7408551634514,7.2975928136260695
322.836469142538,3636.8956824105207,g32_363,9.434990697038984,33.49015431805958,18.987766325223216,0.07566460006829374,9.266243887046457,,1526.0255756578197,7.330421971636997
332.94732582833893,3636.7195320744804,g33_363,9.255375257446852,33.48151831622173,21.405340410404573,0.032820497964216135,18.126670097156367,,1269.443838483196,7.146334161082419
343.0579363439635,3636.553739192065,g34_363,9.164343657489228,33.47233438238979,22.767537034362718,0.007974616283450654,24.215554114951008,,923.7950913932884,6.828490284487355
353.16831557406016,3636.398301838371,g35_363,9.20928680584225,33.432457306605066,22.093983730421908,0.041116639262269654,29.834005222078453,,540.8525745703952,6.293146736294968
363.2784784056352,3636.253218208804,g36_363,,,,0.07445698427451247,36.265856304337184,,300.28906040552994,5.704745545439723
373.38843972791335,3636.1184866190474,g37_363,9.339120154279863,33.38760077391667,25.750035547208952,0.05335075561937402,50.29820191089509,,616.304432508237,6.423741050069929
383.4982144321747,3635.9941055050276,g38_363,9.334740154962903,33.398915327210396,22.685563584738055,0.010872839904331317,57.61476095191396,,856.4137276754634,6.752753586100676
393.6078174116044,3635.8800734228776,g39_363,9.331202626068336,33.4179752051163,22.97606054814802,0.004747698072232944,53.69952044699048,,831.0209169158378,6.722654965315851
403.71726356113936,3635.7763890489146,g40_363,9.405786201792244,33.43340691908569,24.037713451506647,0.0031127073000910455,43.78755824815845,,726.0698342164441,6.587646200579575
413.8265677773157,3635.683051179604,g41_363,9.423584915625346,33.41909727684253,24.994599982343644,0.0036402912422452815,40.191850555573055,,676.6724848792294,6.5171873816744466
423.93574495811623,3635.6000587315457,g42_363,9.418567832233803,33.39548800351716,25.676678518420854,0.006250610098960006,37.870906135651836,,730.7883049372189,6.594123821279494
434.04481000281805,3635.527410741443,g43_363,9.296470741923834,33.38742614141145,23.267563870946805,0.00982006625649028,29.834005222078453,,961.5544156630883,6.868551157980817
444.1537778118404,3635.4651063660867,g44_363,9.132403235133673,33.433175524585145,21.767956505818884,0.02972761603394704,24.215554114951008,,894.1485058943714,6.795871875353923
454.2626632865927,3635.4131448823387,g45_363,8.944829398693377,33.513560577882075,20.190811002515723,0.052173075302124235,20.104429909753506,,736.1252308786306,6.60140025490521
464.3714813293225,3635.3715256871137,g46_363,8.77979785873552,33.60240917377125,15.62413188453391,0.053956546842611156,18.53248777409362,,496.7991012129936,6.2081857214650435
474.4802468429634,3635.340248297371,g47_363,,,,,,,,
484.5889747309839,3635.3193123501023,g48_363,,,,,,,,
494.69767989723726,3635.3087176023246,g49_363,,,,,,,,
131.0382277198999,3652.210910656902,g13_365,10.089091742180695,33.25461386331917,41.114235630027416,0.01032965397615288,135.4086483739859,,3518.478771627259,8.165784008029659
141.14627910337342,3651.836915166271,g14_365,10.18618723913545,33.23647521689623,41.494838639818894,0.011435573674296921,132.05722927272458,,3712.086001868401,8.219349262244492
151.25380639441678,3651.473351206257,g15_365,10.26606348532233,33.228240895544914,41.88630833907022,0.011995746453208635,129.08229578973925,,3827.887161389946,8.250068274967523
161.36082428303436,3651.1202145611696,g16_365,10.327117277169837,33.237684604875064,42.14432624055389,0.011187870614064725,123.67446652589686,,3534.139564160388,8.170225143939245
171.4673474646716,3650.777501136639,g17_365,10.302200550581736,33.25064078089145,41.91244712827532,0.009797926670343769,120.48961152060451,,2760.595808966545,7.9232018082279785
181.5733906400494,3650.4452069595227,g18_365,10.248318219840137,33.26359695690784,41.62999219410438,0.007718235376847177,117.7274539162198,,1958.9235175321057,7.580150375595928
191.6789685150016,3650.123328177838,g19_365,10.175074840330568,33.27030535278677,41.24651285614932,0.004620936847730638,115.41834713902279,,1149.3861558332526,7.04698330131105
201.78409580031038,3649.8118610606753,g20_364,9.994564525129753,33.2757759796892,41.05820795528716,0.0032832696598418154,112.26567886590064,,713.5221958729065,6.570213544874388
211.88878721154515,3649.5108019981258,g21_364,9.904668778203277,33.28812746171617,39.1131681000855,0.00923039837274186,110.56719608642868,,842.8244835499085,6.736758731757145
221.99305746890138,3649.2201475012066,g22_364,9.833691888932945,33.31285880676777,37.57647714783812,0.0174497532547629,102.89976208606649,,970.8657723976257,6.878188222276079
232.09692129703075,3648.939894201793,g23_364,9.736637260614831,33.3632711093516,37.76364293237596,0.024727890648847593,87.62752391876606,,1192.5841337757738,7.083877772706305
242.20039342489315,3648.670038852546,g24_364,9.640467014520357,33.37625566636565,37.75995296413136,0.02213283888011193,80.03468299230407,,1278.3967532310403,7.153362035295895
252.3034885855878,3648.4105783268533,g25_364,9.475696395590438,33.386332450682886,36.77312443149866,0.01331804212443607,72.4828035798266,,1142.6568562854295,7.041111405498204
262.40622151619453,3648.161509618757,g26_364,9.115490989853438,33.44054537644883,24.002603340368363,0.030714467737831735,57.56638489279049,,627.4098485140437,6.441599992978042
272.50860695761503,3647.922829842899,g27_364,9.099586775871375,33.49959585413012,20.31948203194283,0.035254271011230104,50.25749096176943,,458.7422141696307,6.128488427387439
282.61065965441264,3647.694536234463,g28_364,9.157422624026216,33.54335869608996,19.046761321792747,0.030506135612227387,43.115929055832986,,564.0104188789452,6.335072724517051
292.7123943546549,3647.4766261491122,g29_364,9.196254747757798,33.558561188818416,18.655670693017015,0.024085924756649113,36.240763044546554,,867.9823040222258,6.766171327381363
302.81382580975395,3647.269097062944,g30_364,9.339868307714708,33.52231445022981,18.617882401980136,0.025860345178488474,24.20616046862654,,1498.8477764062056,7.312451942850111
312.9149687743092,3647.0719465724314,g31_364,9.422814732255802,33.4863253138798,18.800664100556098,0.04096766797247776,20.101601625386582,,1607.892553341646,7.382679627445186
323.0158380059494,3646.88517239438,g32_364,9.45443452624484,33.463148275298245,19.254275694371472,0.06222272327952567,18.53248777409362,,1611.5572258682557,7.3849562115578244
333.1164482651759,3646.7087723658774,g33_364,9.244775250477415,33.463523748046725,21.769131386575825,0.031924828653686295,24.20616046862654,,1176.5712829835825,7.070359795353296
343.21681431520534,3646.542744444253,g34_364,9.18131456694343,33.443082022916386,22.50955113841651,0.006522910090674916,29.81684826034384,,789.1729377331933,6.670985482801767
353.31695092181513,3646.3870867070336,g35_364,9.239108503297022,33.40147818141601,21.69458722921451,0.05397650495097346,36.240763044546554,,441.5960577561884,6.090395567740494
363.41687285317806,3646.241797351906,g36_364,,,,,,,,
373.5165948797207,3646.10687469668,g37_364,9.436658885511049,33.35270532829522,24.274335801142403,0.03333041444649521,54.379913464439014,,895.571389028555,6.797461938064863
383.6161317739575,3645.9823171792555,g38_364,9.426460201016795,33.3586649519368,23.708658975018484,0.007512966702290062,53.67293985829791,,934.046788585504,6.839526531819431
393.7154983103378,3645.868123357589,g39_364,9.422092781414102,33.367820504771075,24.20498168138206,0.0061310886837009386,47.761629351220414,,843.5219296406959,6.737585900036566
403.81470926509115,3645.7642919096634,g40_364,9.47104080920205,33.37441320339973,25.002906461987337,0.010090569092822613,36.27389267216282,,819.8996290833279,6.709181929209455
413.91377941607124,3645.670821633466,g41_364,9.474799433652528,33.363760106090744,25.120732751377204,0.012552481501678349,31.845162090954865,,806.6998278441375,6.692951638535366
424.01272354260146,3645.58771144696,g42_364,9.451872567067623,33.34898984810611,24.796878844093627,0.012714147216582558,28.863570605735433,,860.3925272780317,6.757388712183882
434.11155642532015,3645.5149603880604,g43_364,9.2827334853704,33.37507465938448,23.740641186623773,0.023211086145307126,27.798731661140078,,927.2125521695298,6.832182829649104
444.21029284602616,3645.452567614625,g44_364,9.112488925893624,33.43104490512335,23.734653118014553,0.043817311528276864,28.863570605735433,,862.0099380859093,6.759266799699216
454.30894758752385,3645.4005324044215,g45_364,8.92979385772685,33.50915526071054,21.456865810915502,0.050445890006062505,28.869491206364216,,730.7219838889134,6.594033064411263
464.40753543346904,3645.3588541551258,g46_364,8.759925461296723,33.614760655798214,16.011184184198907,0.04280075493461002,27.798731661140785,,530.5348656948075,6.27388567822205
474.50607116821493,3645.327532384307,g47_364,,,,,,,83.67811799907304,4.4269775096128505
484.6045695766578,3645.306566729412,g48_364,,,,,,,,
494.70304544408486,3645.295956947765,g49_364,,,,,,,,
131.41372248402558,3662.2080004112327,g13_366,9.940242089605556,33.27091004677619,39.28690955544362,0.005301522179177272,127.221387593286,,2995.919447777441,8.00500645768602
141.51144255221797,3661.833481186369,g14_366,9.999195995254219,33.24971954940849,40.466996353607506,0.004752216447785854,123.6517045286849,,3506.7606299198933,8.162447992869128
151.60864275670528,3661.46940796576,g15_366,10.044316241032677,33.2399593025848,40.96641825130742,0.003973059369888055,120.47244675780686,,3794.0610191365827,8.241192233427459
161.70533766748792,3661.115776539221,g16_366,10.08815078211231,33.24116869056364,41.20018418080545,0.0023241640202302993,115.40247749116446,,3297.4245056971463,8.10089698992367
171.80154186008957,3660.772582817722,g17_366,10.082083755621346,33.24542992948723,41.20491099649789,0.0017523141063834255,111.98590941174997,,2349.7088535659286,7.76204670736334
181.89726991539135,3660.4398228333025,g18_366,10.057830315700976,33.24709993320755,41.262540300491565,0.001694804913186526,109.0113589175119,,1432.665018775737,7.267291638307349
191.9925364194637,3660.1174927389948,g19_366,10.018541334814081,33.24571808598311,41.33497862421886,0.002851441460266118,106.5158656380809,,862.7073475415119,6.7600755229600376
202.08735596340267,3659.8055888087424,g20_365,9.903811641737393,33.25959549348246,40.47349190248976,0.01232956651649409,103.0946159524716,,732.8875524428602,6.596992282810034
212.18174314316363,3659.5041074373266,g21_365,9.841195514955022,33.28691807373733,40.34560087977395,0.019626990061986215,102.22141285325662,,890.5920898406597,6.791886511016426
222.27571255939944,3659.213045140298,g22_365,9.787962848002273,33.32204274059971,40.711725429373026,0.024966246024438907,100.40814718875784,,980.6712355982633,6.888237271488127
232.36927881728747,3658.9323985539,g23_365,9.58348934599601,33.36252233711424,39.9785769702848,0.01816502856384092,90.00554544927901,,1215.04587672337,7.102537113681867
242.4624565263795,3658.6621644350025,g24_365,9.395197731372463,33.37259912143148,36.56713872181257,0.010479441725098553,82.63875282263996,,1226.4013856898268,7.111839457441039
252.55526030043012,3658.4023396610414,g25_365,9.215101318361098,33.39566046276276,31.728603819235175,0.007250164290856813,75.35551374730747,,905.6338923688243,6.80863513206754
262.64770475723606,3658.152921229951,g26_365,9.099503995433484,33.48940337256261,21.840974067598022,0.03279346564106142,61.158894663893115,,574.1980434471827,6.352974360239818
272.7398045184743,3657.9139062601025,g27_365,9.165369484324726,33.53379928950954,19.63280879272827,0.03239859159955848,54.342235552763334,,671.1181101351741,6.508945142547625
282.8315742095406,3657.6852919902526,g28_365,9.191903037363211,33.54505708080794,18.732735531382726,0.03104769302517266,47.82127013000334,,884.2397728357497,6.78472826209928
292.9230284593881,3657.467075779479,g29_365,9.220798440793088,33.54710255727674,18.01272827948413,0.027212551018273436,41.734838536633234,,1188.304333382246,7.080282639996599
303.01418190036657,3657.259255107136,g30_365,9.353854948746424,33.4863253138798,18.37087425152709,0.03392300913882241,31.859479741381495,,1633.3258342637948,7.398373604153004
313.10504916806264,3657.061827572796,g31_365,9.432047297253137,33.45065271502334,18.683610513572816,0.0443353242273476,28.86752038643332,,1682.9162691888755,7.428283442025603
323.19564490113873,3656.8747908962077,g32_365,9.445023820657457,33.43645877003045,19.322144912872414,0.05485789857844953,27.798731661140078,,1614.8051160256314,7.386969557183844
333.2859837411742,3656.698142917244,g33_365,9.254393428741828,33.43971363447808,22.213451630571626,0.031040980196927415,31.859479741381495,,1082.8292671463707,6.987332586508935
343.3760803325059,3656.5318815958626,g34_365,9.200869465509548,33.41408943894119,22.97177920644727,0.012959894912482933,36.30216959235919,,686.7047347448635,6.531904410527666
353.465949322071,3656.3760050120654,g35_365,9.247829719623525,33.396151632761516,,0.040779744037851395,41.734838536633234,,468.8859297971326,6.150359518814729
363.5556053592396,3656.2305113658567,g36_365,9.362490255141202,33.37513359463942,22.515548933225414,0.054472788557476705,47.82127013000334,,661.2368944252386,6.494112163581378
373.6450630956698,3656.0953989772074,g37_365,9.508106254815573,33.3272819730016,25.34063480566668,0.005567405937120958,54.22874888661375,,1025.4978221519932,6.932933453816366
383.73433718514036,3655.9706662860262,g38_365,9.515843556107829,33.32696543550806,25.409429043422595,0.006116880493831715,47.73172303871704,,1016.1658198487378,6.923791823333904
393.8234422833951,3655.856311852121,g39_365,9.535591261307484,33.32575604752922,25.619016659432045,0.008370493090569637,41.669180408874624,,919.5284342886633,6.8238609672080806
403.91239304798535,3655.7523343551716,g40_365,9.556665539842605,33.32350973081715,25.588950244418093,0.012028739990074791,29.765182844261677,,898.2557893170862,6.800454871079551
414.0012041381119,3655.6587325947094,g41_365,9.535480191947224,33.319709107635035,25.569223236109313,0.010694115647082957,24.177883659825838,,880.4461590725667,6.78042877793781
424.08989021446837,3655.5755054900837,g42_365,9.479718027398079,33.320025645128574,25.71952400130573,0.008325966691361281,20.093092131087005,,857.7604001593626,6.754324806595816
434.1784659390835,3655.5026520804454,g43_365,9.233354803020287,33.380717745532515,25.787330494843452,0.043937639332317105,18.53248777409362,,853.4691326765914,6.749309375999475
444.2669459751643,3655.440171524731,g44_365,9.05787310776067,33.4427916931609,25.296715724026498,0.05987888634317518,20.093092131087005,,792.3339124694287,6.674982909616633
454.35534498693943,3655.3880631016355,g45_365,8.890366561721935,33.520757970500156,22.439308431979317,0.051736407788185786,24.177883659825838,,672.9161892334794,6.51162078880437
464.4436776395022,3655.346326209607,g46_365,8.707921921198055,33.62849398504962,18.282195142697162,0.025186432155150568,29.765182844261677,,482.4913252439719,6.17896294184845
474.5319585986539,3655.314960366831,g47_365,,,,,,,,
484.6202025307473,3655.2939652112213,g48_365,,,,,,,,
494.70842410253243,3655.283340500412,g49_365,,,,,,,,
131.79012909385463,3672.2051661384803,g13_367,9.788723581151388,33.338627080552605,37.35877622742194,0.010916759711913127,111.35530498431714,,2544.3718793904654,7.841639092782589
141.87749289552372,3671.8301268860423,g14_367,9.878288206326305,33.287062151985275,36.442140645474005,0.009553855252976608,107.26684441760494,,3067.571083463954,8.028641349409957
151.96434106099915,3671.465548007552,g15_367,9.936053853757524,33.24709993320755,36.22547767168049,0.006864168247912152,103.59306818518242,,3380.145263186621,8.125673964827715
162.05068804031762,3671.1114252984225,g16_367,9.99314154847752,33.212176106588444,40.20571143977827,0.0053523294081545,97.67163937765137,,2411.3633807201923,7.787947584667676
172.1365482891213,3670.767754675049,g17_367,10.007250795419154,33.21157141259902,41.31900077159999,0.009890467321931684,95.4054998382264,,1529.8548622093706,7.332928148585799
182.22193626848969,3670.4345321747373,g18_367,10.005232646493587,33.21707042049912,41.981010911395295,0.014407255716786202,91.90264255089129,,1010.9175921721375,6.918613704493641
192.30686644476978,3670.1117539556135,g19_367,9.983480415247245,33.227147204816355,42.81090004030119,0.01739497562759346,88.93410390218989,,798.3825126741244,6.68258782179411
202.39135328940873,3669.7994162965547,g20_366,9.876780362906958,33.275976819932474,45.2314309243803,0.019967271405941185,84.81457932810481,,911.2174211548997,6.814781530864717
212.47541127878608,3669.497515597111,g21_366,9.781370849961597,33.31092902754924,45.735728064651944,0.018404218716675268,83.75304310630494,,1064.7666848491317,6.970510978884004
222.55905489404958,3669.2060483774344,g22_366,9.623178606193475,33.33885630179354,42.726794855012955,0.012587740033543831,83.39619498342164,,1057.8288085116715,6.963973792626385
232.64229862093896,3668.9250112782083,g23_366,9.137972535832686,33.4003255554325,31.59172606629117,0.005029747265571808,77.66976661613963,,750.5257570725589,6.620773970368092
242.72515694963474,3668.6544010605835,g24_366,9.036760046918136,33.4616791118212,28.450551214118654,0.0070285358071272876,75.72363450933321,,636.8290640553039,6.456501274279028
252.80764437458262,3668.3942146061095,g25_366,9.051231834027536,33.5303741390759,25.58303109316126,0.010782549070667207,74.53156681975831,,492.4271210696819,6.199346472138901
262.8897753943319,3668.1444489166715,g26_366,9.151175370615979,33.571545745832466,20.046442723068882,0.02474250927334537,71.47461727026192,,547.183471252698,6.304784159808083
272.97156451137073,3667.9051011144356,g27_366,9.162259480498488,33.58547991532714,17.970044629344713,0.03941025090198999,65.7478159574786,,675.6406062355779,6.515661287087773
283.0530262319613,3667.676168441788,g28_366,9.145761137407703,33.62020072844337,16.530228096115547,0.05264961849870849,60.47998168400696,,922.147825247577,6.826705541776066
293.1341750659779,3667.457648261277,g29_366,9.20840346678322,33.57482681801816,16.313645666482863,0.05158140088293244,55.801254235193795,,1162.1477067969095,7.058025043616575
303.21502552674224,3667.249538055566,g30_366,9.299792391085553,33.47440606659665,17.76341778047495,0.04094751941306522,48.871070846800144,,1399.9021936461702,7.244157651481602
313.2955921308616,3667.051835427378,g31_366,9.371489144868358,33.43185261261565,18.703597542768406,0.044692516162281794,46.97905726658409,,1307.6041878699677,7.1759518775597995
323.37588939806596,3666.8645380994512,g32_366,9.373477961706941,33.40421349486723,19.78253814338204,0.042085757717451086,46.3312194352337,,1205.8272264473912,7.094921105371954
333.4559318510464,3666.6876439144926,g33_366,9.318265928136041,33.37582560488145,23.849404884367992,0.014303753391962614,48.871070846800144,,934.830051572963,6.840364749744218
343.53573401529286,3666.521150835129,g34_366,9.394259900797914,33.36491273207425,25.45709716710029,0.0033162177999123015,48.29887406820958,,1029.1272996619393,6.936466440195896
353.6153104189354,3666.3650569438796,g35_366,9.479665622211783,33.35247393379468,25.02399715582402,0.0008037063740337418,43.74051413520427,,1153.233010256805,7.050324590273748
363.69467559257373,3666.2193604431013,g36_366,9.454886167577092,33.33142751467492,25.09963024722073,0.003987929189019989,40.169077304515916,,1199.1250234601114,7.0893474227024695
373.7738440691303,3666.084059654965,g37_366,9.447158316505268,33.327166275751324,25.96756612849012,0.00548834647462348,37.06497554818724,,1072.6480246001006,6.977885659553678
383.85283038368055,3665.9591530214198,g38_366,9.47812740354084,33.32258849933419,26.208380484003637,0.003646803990135588,37.06497554818724,,997.4800538489304,6.90523215242267
393.9316490732946,3665.844639104152,g39_366,9.526675152018218,33.31207948027314,26.446276082941075,0.0021323251901768456,32.366454906315916,,945.4336181864174,6.851643677475599
404.01031467687744,3665.740516584572,g40_366,9.544184655901011,33.302347614447115,27.34675898819605,0.011527874760934927,18.063622565621117,,872.8743106033074,6.771791571365867
414.0888417350091,3665.646784263776,g41_366,9.467969587683225,33.31562032795704,27.735053076699614,0.027112356243055247,12.081849254732628,,828.2837751316573,6.7193558192579035
424.1672447897845,3665.5634410625244,g42_366,9.344864466075087,33.344440452686634,27.44661499941175,0.05689024159538995,7.756612536352343,,794.2150909611737,6.677354319978693
434.2455383846543,3665.4904860212246,g43_366,8.967700730598152,33.46403895252393,26.661228686304735,0.10201250661248869,0.0,,743.2185712474237,6.610990175410549
444.32373706426563,3665.4279182999085,g44_366,8.711584142331764,33.558818791057014,23.525424845219284,0.0772706980055282,7.756612536352343,,630.6186069432331,6.446701253404528
454.40185537430233,3665.3757371782144,g45_366,8.539643105460552,33.64657369621762,15.980544271144272,0.03528750850739782,15.513223844981379,,407.326736415811,6.009615655553752
464.4799078613261,3665.333942055374,g46_366,,,,0.02943958552759496,23.269832698160346,,162.59630064595603,5.0912704456000135
474.5579090726177,3665.302532450201,g47_366,,,,,,,,
484.63587355601754,3665.281508001083,g48_366,,,,,,,,
494.71381585976934,3665.270868465968,g49_366,,,,,,,,
132.16744663659256,3682.2024079474063,g13_368,9.618880344149794,33.431132221375954,37.3018589403369,0.019146303042786226,103.75426270109034,,2886.457950356906,7.9677854067028315
142.2444292464601,3681.8268523791758,g14_368,9.757255725159249,33.35803187694972,37.01009602545921,0.01595063184396241,99.35781579857716,,3210.4119830106315,8.074154551505742
152.3209004463504,3681.4617714505052,g15_368,9.873630533608692,33.29074707791711,36.26419400627832,0.012156257352485727,95.38378155051277,,3213.6841766403277,8.075173276578148
162.39687456637918,3681.1071609624914,g16_368,9.985693457135573,33.22182065616186,41.051278294701106,0.008589674476354309,88.92374953896662,,1951.769376462315,7.576491612688954
172.47236594234937,3680.763016837048,g17_368,10.009435548385111,33.220467189935086,42.74458909849209,0.013238577257317533,86.54889503071061,,1320.4733877361502,7.1857455783619395
182.54738891558029,3680.4293351168226,g18_368,10.0001212461145,33.22749212330756,47.2277113870185,0.01701305968189003,83.57626502335994,,1006.114926150317,6.913851584840793
192.62195783273626,3680.106111965121,g19_368,9.965088615470034,33.23969952708659,48.56703376954008,0.018774018927447417,80.30370642044363,,907.7691272322893,6.810990081107749
202.69608704565636,3679.79334366583,g20_367,9.81803497309994,33.286226063495306,48.21463826444586,0.017042131429816545,75.72059632401476,,1035.2509419690202,6.942399132320476
212.76979091118457,3679.4910266233433,g21_367,9.671519925158433,33.31749334518024,43.540858554920035,0.010909424351797144,74.53079513678969,,1061.9084503014847,6.967822993096835
222.8430837910027,3679.1991573624887,g22_367,9.443205842256639,33.35348248153024,37.82503635243753,0.001952368587329266,74.12995109637448,,936.6535381116015,6.842313457310494
232.91598005145264,3678.9177325284636,g23_367,8.914565510126785,33.49994294588094,26.771482458023563,0.008678778556065164,68.8776402732535,,465.61152220139513,6.14335164310715
242.9884940633817,3678.6467488867606,g24_367,8.914056247785178,33.533657384521206,24.87112019913796,0.006033608588362857,66.67751616799107,,319.65901554672007,5.767254851247096
253.0606402019658,3678.386203323112,g25_367,8.956041330308862,33.57955084594284,23.089458234386424,0.005491545291099677,65.32188136388287,,231.32222362207335,5.4438116459970285
263.13243284654453,3678.1360928434206,g26_367,,,,0.016744177943987214,64.86370720932732,,193.65118535827298,5.266058527079507
273.20388638045455,3677.896414573704,g27_367,,,,0.036534497743472075,65.32188136388287,,276.4231501543104,5.621932844371382
283.2750151908624,3677.6671657600345,g28_367,9.158089040187784,33.65166885037157,16.476120346226107,0.060458922715861584,66.67751616799107,,470.70691929398185,6.154235648307512
293.34583366859994,3677.4483437684903,g29_367,9.213171165696481,33.59693854686882,16.435341755916852,0.07103274975857957,63.69740464976767,,736.6906062995076,6.602168002554816
303.4163562079973,3677.2399460850934,g30_367,9.245438537145148,33.48266876894562,18.50409686470726,0.04323475082711353,57.72909524036567,,1093.6457656497407,6.997272133153113
313.48659720671924,3677.041970315771,g31_367,9.317466412679513,33.44239001267436,19.3919103855134,0.03647395673794648,56.13796010451663,,1088.9516460201978,6.9929707197618445
323.556571065599,3676.854414186299,g32_367,9.35401842329298,33.407121267564044,21.698804800075578,0.027661412325644185,55.59746332228086,,1049.9749733235037,6.956521607937516
333.6262921884749,3676.6772755422567,g33_367,9.419245784945026,33.36278211261246,25.800589462313752,0.0017954167200553196,47.641662157987604,,1087.1011794180386,6.991269964130752
343.69577498202585,3676.5105523489947,g34_367,9.46592836565835,33.34804023562548,25.710161046748823,0.006768894888537697,41.603165460585494,,1178.6136570326717,7.0720941598410665
353.7650338556097,3676.354242691578,g35_367,9.44208882792743,33.33220466790994,25.260417532838442,0.01229052223167605,36.217053977405115,,1194.4727105827128,7.085460120613485
363.83408322109096,3676.2083447747623,g36_367,9.388288234459107,33.32687811925545,25.737643905271888,0.016566412690068734,31.816396855931593,,1008.026022768386,6.915749264536559
373.9029374926911,3676.072856922951,g37_367,9.319284452819254,33.342569608723046,27.01638065150783,0.027126824064583575,27.798731661140078,,693.8166052264377,6.54220766798582
383.9716110868165,3675.947777580164,g38_367,9.308588042533048,33.33997837351977,25.926665118117615,0.028211911122541646,27.798731661140078,,646.0719069297069,6.470910808624686
394.0401184218981,3675.833105310003,g39_367,9.338659124466101,33.33511244060676,26.472867644022493,0.018773932570561012,27.798731661140078,,718.9167524275551,6.577745568580406
404.10847391822904,3675.7288387956287,g40_367,9.355726437237072,33.33635020958326,27.693121552976546,0.02513488040780009,15.498461316200983,,801.3849502400747,6.686341418689642
414.1766919978021,3675.634976839731,g41_367,9.257455261779144,33.35771316619656,27.40771744129885,0.0434373832180929,7.749231274109353,,766.1035328532713,6.641317320990111
424.24478708414773,3675.5515183645052,g42_367,9.12003342055234,33.39859661645725,25.78243699409706,0.09008916802821626,0.0,,748.5936519213944,6.618196315500356
434.3127736021724,3675.4784624116332,g43_367,8.730364684869889,33.556832249843154,25.075454930462893,0.09875325338874914,0.0,,654.1772601781513,6.483378354760241
444.3806659779964,3675.4158081422624,g44_367,8.603142571301952,33.616343343265925,13.22053433836309,0.044575795623142365,7.749231274109353,,408.4016439881539,6.012251111718633
454.4484786387926,3675.3635548369866,g45_367,,,,0.03960099810953309,15.498461316200983,,162.11574951609552,5.088310583282281
464.51622601262477,3675.321701895835,g46_367,,,,0.01827440324230288,23.24768889425371,,,
474.5839225282862,3675.290248838262,g47_367,,,,,,,,
484.6515826151385,3675.269195303133,g48_367,,,,,,,,
494.7192207029524,3675.2585410487172,g49_367,,,,,,,,
132.5456741971811,3692.1997259460327,g13_369,9.41588431031128,33.54258154285493,34.956617317856306,0.02365988568486694,96.44486162532993,,3201.9940481847825,8.071529034774414
142.61225071599358,3691.823657778876,g14_369,9.583377233471136,33.452523558986925,36.151151775912695,0.019848280090497047,91.7033133668339,,3288.7736250891044,8.098270015936182
152.6783200496697,3691.4580784126774,g15_369,9.756094712699566,33.355613100992045,36.459163516489596,0.015167832313440802,87.38610498795839,,2978.2850224268,7.999102918008231
162.7438964084485,3691.102983654304,g16_369,9.925081856399888,33.23434459743443,40.764909210007204,0.008566244006987099,80.2922321602159,,1521.5286923993815,7.32747082712792
172.8089940083381,3690.758369431266,g17_369,9.942771587201953,33.224756809856345,43.4417196981518,0.015243432272899945,77.6564283004829,,1170.7507701016978,7.065400505848357
182.87362707094172,3690.4242317916433,g18_369,9.9122446912782,33.2278086608011,48.368433142695665,0.01989571370518398,75.46928454275161,,1021.3904143457273,6.928920129350363
192.93780982328434,3690.100566904,g19_369,9.853594661623339,33.23969952708659,48.680679411899874,0.020210794779230806,71.83189340463039,,909.4784501121524,6.812871303463228
203.0015564976398,3689.7873710573094,g20_368,9.671618414804428,33.29080383991244,42.75169448585752,0.00873398091391951,66.67406367322222,,1061.634111986277,6.967564615118822
213.0648813313587,3689.484640660886,g21_368,9.491561827265087,33.32863543922837,37.3384212197605,0.0041866613992639105,65.32100034470479,,1062.5855773604167,6.968460440953166
223.1277985666993,3689.1923722443053,g22_368,9.255439199182803,33.384778144212845,31.78489584020025,0.008653736727370404,64.86370720932803,,930.6455339258933,6.835878467856658
233.19032245064648,3688.9105624573476,g23_368,8.852117030549419,33.53434722150362,23.993266220454316,0.0019752440683475027,60.22783254085934,,366.02789409887635,5.902709543882182
243.2524672347562,3688.6392080699193,g24_368,,,,0.006575136864024976,57.70129737440913,,171.7252883335376,5.145896039140828
253.31424717497484,3688.3783059719976,g25_368,,,,0.009530673311811285,56.13081493457563,,129.48849489115665,4.8635920346535295
263.37567653147283,3688.1278531735657,g26_368,,,,0.011473239454386,55.59746332228086,,246.03744210805675,5.505483728041844
273.43676956847486,3687.8878468045514,g27_368,9.130669018596434,33.64530754624346,18.568411283271878,0.027919765669923064,56.13081493457563,,440.9481824078602,6.088927368334222
283.4975405540917,3687.658284114778,g28_368,9.241043871784697,33.58907969826599,16.884943960341367,0.05707030362418017,57.70129737440913,,689.5018220034697,6.5359693397294585
293.55800376015173,3687.4391624738996,g29_368,9.28884450999184,33.528503295112316,16.839778928857193,0.08100516324354927,60.22783254085934,,855.7037612067235,6.751924242887907
303.6181734620328,3687.2304793713593,g30_368,9.207184833314182,33.49124800878815,18.77554418725921,0.05092041741955523,57.70129737440913,,800.8936072343901,6.685728113320493
313.67806393849537,3687.0322324163308,g31_368,9.257376653999703,33.458454801630836,20.22288385163113,0.030695302608435313,53.53932942457818,,827.958928002818,6.718963549293616
323.73768947151433,3686.844419337674,g32_368,9.317436037427917,33.423646672262,22.498332271718212,0.015877891908165496,48.26082468345277,,1041.8389014821291,6.948742605257189
333.7970643461133,3686.667037983899,g33_368,9.429512583833679,33.37196604644439,26.387343433206006,0.008040900766981246,40.15764264717371,,1187.1443926270658,7.0793060322216785
343.8562028501978,3686.5000863231057,g34_368,9.45055961661104,33.35307862778409,26.247138989423032,0.014863741321469691,36.063703646962345,,1109.4326212235562,7.011604011572786
353.915119274391,3686.3435624429585,g35_368,9.404236446571646,33.342569608723046,25.61957228771741,0.015558292899350915,29.695845071648254,,871.7485736965516,6.770501049416254
363.97382791185925,3686.1974645506425,g36_368,9.401264757863428,33.33876898554094,22.590332834366162,0.009963506112161381,24.13995983904593,,445.7920403683625,6.099852566078066
374.03234305816034,3686.0617909728307,g37_368,9.322810445164167,33.37112995795443,29.362316217664564,0.02704981783102267,18.53248777409362,,280.16622184409914,5.635383076472337
384.0906790110683,3685.9365401556447,g38_368,9.184819634257178,33.377637513590095,28.091085619070018,0.04201178468290725,18.53248777409362,,453.6775662024982,6.117386739122741
394.1488500704117,3685.8217106646325,g39_368,9.163966451277968,33.36563095005433,25.818215925486733,0.047204809302225086,18.53248777409362,,644.1128096333425,6.467873881001949
404.20687053790795,3685.7173011847362,g40_368,9.126294296841456,33.39430699653599,26.34101391151043,0.040864410244383045,12.07236043488623,,689.5335289555735,6.536015323977923
414.26475471699894,3685.623310520262,g41_368,9.023780394019978,33.423299580511184,24.236371835023803,0.06199176063735083,7.7418336191557,,654.0562378247806,6.483193338317991
424.32251691268704,3685.5397375948633,g42_368,8.900013028908718,33.4721291956273,22.181019469258626,0.13228509432942454,0.0,,652.8984613873323,6.4814216216073826
434.3801714313702,3685.466581451515,g43_368,8.556792155504802,33.65644964029159,12.986777909928612,0.052445166624153154,7.7418336191557,,416.98799000279723,6.033057420431521
444.43773258067813,3685.4038412524974,g44_368,,,,0.06254713275708187,12.0771087651952,,128.97360826002785,4.859607796299303
454.4952146693084,3685.351516279377,g45_368,,,,0.043394758273811986,18.050937896567532,,,
464.5526320068625,3685.309605932994,g46_368,,,,,,,,
474.609998903682,3685.2781097334487,g47_368,,,,,,,,
484.66732967068515,3685.257027320096,g48_368,,,,,,,,
494.7246386192053,3685.246358451531,g49_368,,,,,,,,
132.92481085829974,3702.197120241636,g13_370,9.252551334077086,33.61890619747154,34.183440757112194,0.0231439736454396,89.4985858216397,,3423.2415364609456,8.138343198839738
142.98095641289007,3701.8205431974757,g14_370,9.444061935557908,33.52671759414173,35.298666919265926,0.02078377453839918,84.37263939183403,,3219.4977047598077,8.076980634059769
153.03659900572762,3701.454469011315,g15_370,9.653083084086136,33.41316603419862,35.84845441930364,0.01621516032767491,79.66379643435552,,2612.9898538705993,7.868250382570325
163.09175272722268,3701.0988934958777,g16_370,9.856633421561343,33.24974793040616,38.75931263259136,0.01213643132724396,71.81905790485118,,1365.454209037471,7.2192424061423734
173.14643167363474,3700.753812584366,g17_370,9.852211510443134,33.22962274276936,41.96174156270844,0.022736729891365343,68.86258987445457,,1142.32602263296,7.040821833389954
183.20064994689713,3700.4192223303676,g18_370,9.792759879002519,33.23129274648967,43.775895487662645,0.02580571842020753,66.67060678543527,,1054.5507975606172,6.96087017093556
193.25442165444105,3700.0951189077837,g19_370,9.703112473389712,33.244393000754,44.327345840785846,0.018847045591769734,63.582086884612465,,987.9048776292046,6.895586415409638
203.30776090902037,3699.781498610756,g20_369,9.547422481460227,33.310728187305976,36.720700244084796,0.0072223582450541305,57.69730534190396,,1112.077099284708,7.013984806296171
213.36068182853714,3699.4783578535908,g21_369,9.408853250652621,33.35739880196263,31.443678253240392,0.00927775317984693,56.12978902953277,,1069.3903659744726,6.9748440136602055
223.41319853587012,3699.1856931706893,g22_369,9.167948257613581,33.412015581474726,27.16225686066487,0.0027893067983826457,55.59746332228086,,925.3596937876175,6.830182520075465
233.46532515869143,3698.9035012164795,g23_369,9.01154153066546,33.495854166202946,23.696616951182673,0.020449777924226673,51.791699094429674,,318.0950086724789,5.762350107567795
243.51707582930837,3698.631778765353,g24_369,,,,0.019620580217262082,48.83353860185063,,178.03938354007659,5.182004781661748
253.56846468448097,3698.370522711594,g25_369,,,,0.014766396065120233,46.96929905284961,,236.08361538960105,5.46418604477361
263.6195058652531,3698.1197300693298,g26_369,9.079175784003986,33.635691377667705,20.89766489387408,0.0129604115379268,46.3312194352337,,731.1312355693723,6.594592972459079
273.67021351678005,3697.8793979724614,g27_369,9.171267820446076,33.58021230192759,19.26818890223669,0.025461692107145696,46.96929905284961,,1006.8776018395208,6.914609338001912
283.7206017881583,3697.649523674615,g28_369,9.326185542676791,33.53060553357645,17.14909290016899,0.04882120410212315,48.83353860185063,,1090.5922150864978,6.9944761442732855
293.7706848322544,3697.4301045490824,g29_369,9.342948979453963,33.50351217456251,17.013856855580077,0.07633253468068778,51.791699094429674,,947.238450419928,6.8535508570768755
303.820476805535,3697.2211380887716,g30_369,9.164218965250086,33.508810342219334,18.903642958391842,0.05932201847048728,48.83353860185063,,454.7200579403193,6.119681972328501
313.8699918678971,3697.02262190616,g31_369,9.201392350730034,33.4798461392418,20.839873635520497,0.03122796536660579,46.96929905284961,,629.7500277972842,6.445322959372908
323.91924418249783,3696.834553733242,g32_369,9.265942802835468,33.44290739041117,22.916546819561812,0.01183015895055627,41.558958908563774,,951.7704930529148,6.858323927001289
333.96824791558646,3696.6569314214917,g33_369,9.401857843807537,33.39407777529505,26.645260737724175,0.010390805666552089,31.801950128287732,,1010.4538112040859,6.9181548269460365
344.01701723633494,3696.489752941811,g34_369,9.432647747088453,33.37395258765825,26.11941696814433,0.014230475140135205,28.85165730244115,,845.8890518596231,6.74038820663208
354.06556631667166,3696.333016384499,g35_369,9.429013814877115,33.35247393379468,23.653333599209162,0.007242644446250403,24.13043975746751,,470.0984264986584,6.15294209086145
364.1139093311045,3696.186719959212,g36_369,9.409639143230269,33.36712849452905,23.173195973804496,0.0023640779823075045,18.02549383255246,,,
374.1620604565663,3696.0508619949205,g37_369,9.33153166149067,33.361398092128404,25.590752679646922,0.05357594752134721,9.266243887046457,,415.0825334294793,6.028477376191226
384.2100338722385,3695.925440939891,g38_369,9.156739455491932,33.381667358013146,26.624580738063653,0.05472680971724108,9.266243887046457,,588.2069252131835,6.3770787996194125
394.25784375938565,3695.810455361638,g39_369,9.018017243522813,33.40942217301184,25.5293672158167,0.0708722909390677,9.266243887046457,,623.6199645723156,6.435541151700522
404.30550430118853,3695.705903946916,g40_369,8.903633338241177,33.463117721040966,24.717449442966988,0.06481014818524461,7.734419587140385,,555.2401519916843,6.3194007264473875
414.3530296825767,3695.6117855016723,g41_369,8.812963235286707,33.50080524210896,17.116653740198647,0.09705819812696427,0.0,,552.7607225079494,6.314925218026024
424.4004340900625,3695.52809895104,g42_369,8.697156353352838,33.56031633553173,19.928657378020553,0.16678500493673337,0.0,,561.4550042203588,6.330531636008231
434.447731711574,3695.4548433393106,g43_369,,,,0.04626273700553798,7.734419587140385,,151.84268805244082,5.0228450378953875
444.49493673628837,3695.3920178299136,g44_369,,,,0.07865333621233425,12.067604294750204,,,
454.54206335446594,3695.3396217054,g45_369,,,,,,,,
464.58912575728397,3695.2976543674354,g46_369,,,,,,,,
474.63613813667024,3695.2661153367776,g47_369,,,,,,,,
484.68311468513747,3695.2450042532764,g48_369,,,,,,,,
494.7300695956194,3695.234320875861,g49_369,,,,,,,,
133.3048557003676,3712.1945909407546,g13_371,9.124485706922146,33.657370871774546,32.13024343885644,0.021151980643418354,83.00664804187649,,3411.004217414245,8.134762018833667
143.350545443716,3711.8175087465243,g14_371,9.335882328720645,33.56748534715214,34.82889715357098,0.020206264064972352,77.4577907429733,,2930.3768865620505,7.982886323964911
153.39573644715733,3711.450943362844,g15_371,9.573744389163231,33.45240786173665,35.511660731873775,0.014998476586953146,72.30513906367982,,2234.7946125676185,7.7119046068820785
163.44044268132217,3711.0948906083904,g16_371,9.793739621378318,33.27384620047067,37.21510202399648,0.023274869775977966,63.56757688709743,,1262.8313813115544,7.141111606954378
173.48467812277073,3710.7493464221293,g17_371,9.763239971212325,33.24623546371992,41.06305707695248,0.031440081161838954,60.2106096509124,,1146.5960508269836,7.044552876221869
183.5284567538151,3710.414306863245,g18_371,9.676259335149323,33.24318361277516,42.32563624222291,0.021879779768617994,57.69330818011078,,1113.8058148166424,7.0155380918428225
193.5717925623405,3710.0897681110587,g19_371,9.556470646879841,33.25475794156711,41.02609859782137,0.005014179677042497,55.653102810178865,,1073.628733539516,6.978799529588333
203.6146995416282,3709.7757264649536,g20_370,9.35079317744803,33.31311858226598,30.04646505222771,0.00622105163715827,48.82881873152643,,1102.9116627476358,7.005708927875499
213.65719169017882,3709.472178344306,g21_370,9.222076843339627,33.366237817303364,26.864531848718357,0.012082174304132127,46.96807229516676,,1008.938629713304,6.916654195623053
223.69928301153797,3709.179120288409,g22_370,9.110304172927666,33.4471402483371,26.088356353519742,0.02864802768404933,46.3312194352344,,818.984685102354,6.708065384169506
233.74098751411123,3708.8965489564166,g23_370,9.250168496915608,33.48205972843699,24.76281228589944,0.019108484155844943,43.69318227336294,,344.94317583377745,5.843379695737371
243.78231921100297,3708.624461127263,g24_370,9.07089571562469,33.58156359489476,22.289817369639188,0.015961128665717986,40.14617644809148,,343.50903441963544,5.839213412392622
253.82329211983216,3708.3628536996152,g25_370,9.022513528023094,33.65109471063943,20.208549595853263,0.02983783272079444,37.85879276743293,,638.9713203801115,6.459859571336052
263.8639202625607,3708.1117236918,g26_370,9.10345438335289,33.57134490558919,18.951347016516532,0.04469856801791961,37.06497554818724,,1323.425216424112,7.187978515668842
273.90421766531915,3707.871068241753,g27_370,9.245079126471216,33.53149838406174,17.77671308064777,0.04615335343423882,37.85879276743293,,1455.5028909784007,7.283106749427883
283.944198358234,3707.64088460696,g28_370,9.384049679754005,33.50146887135332,16.41530933966604,0.04893456035027337,40.14617644809148,,1326.692492277651,7.190444275961846
293.9838763752535,3707.421170164405,g29_370,9.380911387005396,33.49009538280464,16.695574001164722,0.06368840558310407,43.69318227336294,,923.9479260646315,6.828655712980655
304.02326575397655,3707.2119224105177,g30_370,9.232253497899183,33.513877115375614,,0.06105524225826966,40.14617644809148,,306.57188077051387,5.725452249154558
314.06238053547975,3707.0131389611233,g31_370,9.189839847142558,33.50195786809246,21.4417078385445,0.0323413466558532,37.85879276743293,,450.813656172095,6.111054074901324
324.1012347641456,3706.8248175514,g32_370,9.240818603570338,33.45773441039115,23.38364457476053,0.011305282465068534,36.0126664037201,,685.3027352881511,6.529860689957154
334.1398424874914,3706.646956035832,g33_370,9.374051165784497,33.40858825778148,26.671856320745647,0.01010105906251205,24.12090414937433,,663.7210428342895,6.497861944989474
344.1782177559978,3706.479552388165,g34_370,9.410562307761325,33.39286838731621,26.530356884476802,0.013082463943864071,20.075964266038813,,517.7771059168363,6.249544852197121
354.2163746229407,3706.322604701374,g35_370,9.385909631694998,33.38615999143728,25.94532396336156,0.006541545280198749,18.012734547638118,,435.1765499189153,6.075751810631592
364.2543271442107,3706.1761111876167,g36_370,9.363743498259206,33.40115947066286,22.671878289509426,0.01558038413741757,12.062840375819858,,499.5588678533404,6.213725444704664
374.292089378158,3706.0400701782078,g37_370,9.089327340873927,33.428366353667464,26.357516613183527,0.11104090159342117,0.0,,690.853541861268,6.537927850306165
384.32967538541226,3705.9144801235793,g38_370,8.886827989662754,33.48266659568602,26.077007867593895,0.10532004474765368,0.0,,606.7963502511416,6.408193232708665
394.36709922871535,3705.7993395932535,g39_370,8.763045958508004,33.53057497931918,23.72716132466504,0.10888694304618156,0.0,,481.54243844603735,6.176994365352256
404.4043749727523,3705.694647275815,g40_370,8.656622536403757,33.58046990416619,21.988957793396303,0.08970767061232136,0.0,,410.7865707855313,6.0180737871245675
414.4415166839815,3705.600401978884,g41_370,8.597475824121558,33.61450088030001,12.11475246844925,0.09957221990569283,0.0,,416.4051041312812,6.031658594425729
424.47853843046573,3705.5166026290926,g42_370,8.567377496430746,33.645163467995516,12.348775592624587,0.0949107129968435,0.0,,300.3966802970037,5.7051038688868525
434.5154542817036,3705.4432482720686,g43_370,,,,0.08710640567715949,0.0,,,
444.5522783084605,3705.3803380724066,g44_370,,,,,,,,
454.5890245825996,3705.327871313663,g45_370,,,,,,,,
464.62570717691426,3705.285847398335,g46_370,,,,,,,,
474.6623401649587,3705.254265847852,g47_370,,,,,,,,
484.6989376208803,3705.233126302565,g48_370,,,,,,,,
494.7355136192533,3705.2224285217385,g49_370,,,,,,,,
133.68580780154625,3722.192138149185,g13_372,9.033842849725435,33.66897358156416,30.43957695516254,0.02001677291065736,77.08392568630192,,3127.2961895791686,8.047924073016686
143.72101691284084,3721.8145545367956,g14_372,9.258810124036978,33.57681335923202,33.98925146183933,0.01822407819184028,71.08022853799696,,2389.807196102344,7.778967970584584
153.75573150445533,3721.447501582887,g15_372,9.509233762529824,33.46723488171663,35.371025040953214,0.008949343142967994,65.43293790630419,,1856.2451436684264,7.526310986342026
163.78996542729251,3721.0909751121662,g16_372,9.717040450247461,33.29063138066684,36.43143316708943,0.03505406162762498,55.636515025246936,,1208.6049972590483,7.097222078669074
173.8237325382643,3720.7449710694564,g17_372,9.662025395968548,33.25173447162002,41.33125189570645,0.024689665176497386,51.77165776124763,,1169.1184832165668,7.064005310670169
183.85704670011222,3720.4094855196176,g18_372,9.563352898035438,33.242895456279285,38.714661825198654,0.005533348674335105,48.82409269027291,,1164.2122931549836,7.059799994097282
193.88992178122595,3720.0845146474694,g19_372,9.456747162682696,33.2613222591981,31.87105713644554,0.01160412195956814,46.966844020280256,,1078.0813169513929,6.982938181788562
203.922371655464,3719.7700547577138,g20_371,9.304926864563951,33.38788893041254,26.487859317144547,0.021682627308592623,40.140431633229234,,970.7778583723298,6.87809766598247
213.95441020197467,3719.466102274871,g21_371,9.164491422827679,33.50155618760592,26.710027423228805,0.04246070812870103,37.857269868626474,,867.5487017504094,6.765671650591497
223.98605130501912,3719.172653743203,g22_371,8.939977876177613,33.638773782869734,26.214913275589893,0.03977737388449276,37.06497554818724,,619.072341520586,6.428222134225303
234.01730885378498,3718.889705826651,g23_371,8.873023661879534,33.67214112975919,19.542967779646077,0.03737624419214795,36.15984041490668,,429.099982738167,6.061689951769482
244.04819674222156,3718.617255308769,g24_371,8.896781462337175,33.647178390207046,16.961565374982705,0.06218662540345299,31.78746123491144,,692.635901762541,6.540504466839917
254.07872886885454,3718.355299092662,g25_371,8.961554053163134,33.62682398132931,15.925624160035719,0.07199812807924905,28.84766531444678,,1162.0636082472938,7.057952676229748
264.1089191366108,3718.1038342009233,g26_371,9.214442204351814,33.54405070633198,15.944702472159834,0.06787084804681354,27.798731661140078,,1699.1107660980872,7.437860314425054
274.138781452643,3717.8628577755826,g27_371,9.365298469302864,33.498589479654164,15.826672812027049,0.060304397065365827,28.84766531444678,,1608.673586820146,7.383165259302152
284.1683297281536,3717.632367078041,g28_371,9.47025804611824,33.47253304937345,15.77937611342168,0.05214707306227504,31.78746123491144,,1252.286482854458,7.1327263456559935
294.1975778782193,3717.4123594890316,g29_371,9.445048980085993,33.46815611319958,16.518527732533283,0.05442250137547698,36.15984041490668,,734.4543057652579,6.599127782331221
304.2265398216168,3717.2028325085535,g30_371,9.291071174759049,33.510825264430856,19.672170270565484,0.054269319518662484,31.78746123491144,,320.6751907366726,5.770428743983189
314.2552294806477,3717.003783755835,g31_371,9.229959761902188,33.488368617088994,21.945961983804306,0.02886625750491022,28.84766531444678,,417.07877799515245,6.033275120011932
324.2836607809646,3716.815210969281,g32_371,9.262944911534104,33.45574786917729,24.16185746490166,0.010029404328675967,27.798731661140078,,597.0593064817103,6.392016449299013
334.3118476513982,3716.6371120064323,g33_371,9.356099470789882,33.420535886062304,27.08466614726563,0.013547247794848928,17.99995050112834,,653.4060350951273,6.482198735572321
344.33980402378216,3716.469484843921,g34_371,9.351732051187192,33.417484035117546,27.15373747209137,0.02149909231930491,12.058068709207493,,624.819649548397,6.43746304737218
354.3675438327837,3716.312327577435,g35_371,9.273334316332672,33.433952677820166,26.76000796329221,0.033623632047556466,9.266243887046457,,677.5931609030844,6.518547050168674
364.3950810157212,3716.1656384216767,g36_371,9.14441155271185,33.46251302705155,25.635352662433657,0.07366893127111433,7.719542454693961,,775.253539258875,6.6531901232831006
374.4224295124053,3716.029415710332,g37_371,8.766390680769033,33.5673412689042,23.675315855617747,0.152275989331359,0.0,,627.1345460236054,6.441161104571931
384.4496032649577,3715.903657896038,g38_371,8.706233850859437,33.588848303765445,25.84074964528817,0.13244077904250504,0.0,,376.9955862956974,5.93223347994101
394.4766162176413,3715.7883635503476,g39_371,,,,0.11831636025336419,0.0,,218.13890265316292,5.385132028017434
404.50348231668846,3715.6835313637093,g40_371,,,,0.06221023950991843,7.719542454693961,,184.62136805011124,5.218307068620734
414.53021551012915,3715.5891601454364,g41_371,8.524148621009488,33.66272580142671,,0.016751978917267252,9.266243887047164,,160.41854306878764,5.077786293917657
424.55682974762016,3715.5052488236843,g42_371,,,,,,,,
434.5833389802731,3715.4317964454344,g43_371,,,,,,,,
444.60975716048415,3715.36880217647,g44_371,,,,,,,,
454.6360982417624,3715.3162653013605,g45_371,,,,,,,,
464.6623761785594,3715.274185223454,g46_371,,,,,,,,
474.6886049260985,3715.2425614648564,g47_371,,,,,,,,
484.7147984402039,3715.221393666429,g48_371,,,,,,,,
494.74097067713285,3715.2106815877773,g49_371,,,,,,,,
134.06766623773962,3732.1897619719766,g13_373,9.020547784283822,33.6500577819062,30.010518765019555,0.018088235352326145,71.87127941196954,,2677.546658032396,7.892656228139222
144.09236992243828,3731.811680678281,g14_373,9.248956184173164,33.5527150891675,33.096527520157956,0.011265563842383513,65.39733102105612,,2081.540467678355,7.640863508040258
154.1165833059839,3731.4441437862356,g15_373,9.479784055463252,33.4452672311139,35.16540045564806,0.011894914995756173,59.216797840301005,,1629.300878907221,7.395906293147308
164.14032011960552,3731.0871471266737,g16_373,9.606415169416303,33.276753973167494,40.490989036851126,0.030756135062482433,48.18435427527671,,1269.0849797981657,7.146051431428269
174.163594100621,3730.7406866503557,g17_373,9.523193157803782,33.24594730722404,38.828039617425205,0.009131806730793217,43.66941014788356,,1209.01756018082,7.097563375059205
184.18641899225383,3730.4047584278987,g18_373,9.446521232430683,33.26909596480793,31.515957078976545,0.01699955787232766,40.13467906849064,,1155.7703957646454,7.052522409924085
194.20880854345089,3730.0793586496993,g19_373,9.3713697301912,33.33370438564426,27.361405496188304,0.00391342399491562,37.85574507239943,,1046.782553901523,6.95347650439323
204.23077650869982,3729.764483625858,g20_372,9.081325989059899,33.554444028142754,26.525668931809157,0.04653624345317693,31.78020111133048,,861.3713370709091,6.758525697247387
214.25233664784813,3729.4601297861113,g21_372,8.818574447786972,33.71797565592588,26.2037761264772,0.04594219200466539,28.845665477617583,,646.3785290373378,6.471385290438225
224.2735027259242,3729.1662936797607,g22_372,8.77804480349634,33.79072890860131,23.6298790036049,0.023337833718405563,27.798731661140785,,418.4745543069296,6.036616085947026
234.29428851294756,3728.8829719756077,g23_372,8.729382856164865,33.773974282662415,16.656658655963778,0.07086212794689609,29.62599770585118,,476.3636315251019,6.166181494359488
244.3147077837634,3728.610161461887,g24_372,8.926908078950358,33.66808073107887,15.200892624880826,0.07315741234341641,24.10178660306359,,1012.1064864391169,6.919789068065848
254.33477431785323,3728.3478590462114,g25_372,9.035890330737985,33.614760655798214,14.907314692768818,0.0578642251148957,20.07022337636819,,1528.3964592568088,7.331974398936202
264.3545018991592,3728.0960617555006,g26_372,9.328012971298044,33.52758206362936,16.08273625938122,0.04394408736545821,18.53248777409362,,1802.5422902720757,7.496953330893349
274.3739043159046,3727.8547667359358,g27_372,9.462617148142753,33.48548922538984,16.238789686569316,0.04212433468006703,20.07022337636819,,1570.695648004206,7.359273888108665
284.39299536041653,3727.6239712528945,g28_372,9.524998556490333,33.46447118726774,16.510372943023214,0.04119201356295091,24.10178660306359,,1092.650710810793,6.996361867854359
294.4117888289486,3727.403672690909,g29_372,9.48338650751946,33.46616957198572,17.327420696630433,0.04558290947155573,27.798731661140785,,632.5048495758314,6.449687887885849
304.43029852150323,3727.193868553604,g30_372,9.321406307213875,33.49415578148496,20.40678392495627,0.04157544782690892,24.10178660306359,,439.3160479870931,6.085219081129645
314.4485382416548,3726.9945564636564,g31_372,9.254061263825657,33.47339751886108,22.436844709261024,0.020240843729221178,20.07022337636819,,617.6911640015151,6.425988597923347
324.4665217963736,3726.805734162747,g32_372,9.28197483855051,33.44964416728777,25.447453783845255,0.008021667496730332,18.53248777409362,,768.0024872828423,6.643792971791962
334.4842629958502,3726.627399511518,g33_372,9.31296908501462,33.43415351806344,27.42870727702782,0.031973040488488876,12.053289326113696,,829.5871132191726,6.720928123066574
344.50177565331865,3726.459550489528,g34_372,9.229691538721966,33.44955685103516,27.100666790067223,0.05685460418593979,7.712079385733948,,771.5064639081008,6.648345050132473
354.51907358488415,3726.3021851952203,g35_372,9.068362045369845,33.48387598366485,25.949238375526306,0.09935769561946274,0.0,,753.2304120134403,6.6243711730435955
364.5361706093386,3726.1553018458753,g36_372,8.869871746252045,33.54050768538847,25.43157562921126,0.1554003878964883,0.0,,735.9607462065482,6.601176783348076
374.55308054799974,3726.018898777589,g37_372,8.609731439848792,33.68645077200235,11.333982901183697,0.08989009588062016,0.0,,375.4789361595719,5.928202374183569
384.56981722452707,3725.892974445231,g38_372,,,,0.07036959459825898,7.712079385733948,,165.55267732336074,5.109289436157023
394.58639446474996,3725.777527422419,g39_372,,,,0.04344625754050239,9.266243887046457,,57.02799087919786,4.043542215356194
404.60282609649374,3725.67255640149,g40_372,,,,0.05249463838955073,12.053289326113696,,39.940833566738334,3.6873991982440533
414.61912594940566,3725.5780601934753,g41_372,,,,,,,,
424.6353078547812,3725.4940377280773,g42_372,,,,,,,,
434.6513856453905,3725.4204880536518,g43_372,,,,,,,,
444.6673731553054,3725.357410337183,g44_372,,,,,,,,
454.6832842197256,3725.304803864275,g45_372,,,,,,,,
464.69913267480587,3725.2626680391318,g46_372,,,,,,,,
474.7149323574831,3725.2310023845516,g47_372,,,,,,,,
484.7306971053034,3725.2098065419113,g48_372,,,,,,,,
494.74644075625133,3725.199080271164,g49_372,,,,,,,,
134.450430082598,3742.1874625134383,g13_374,9.064051203611896,33.61023964137641,30.334186790559702,0.008618952428509288,67.53333424683575,,2449.0410533918857,7.803451820140324
144.46460357248841,3741.8088872801886,g14_374,9.283560246584686,33.508002634727035,34.12312996298141,0.01073607320978584,60.60482978941879,,2015.1073033307448,7.608427725236254
154.4782909779725,3741.4408700868744,g15_374,9.47476801523632,33.41060317999301,34.57731602668375,0.03500846994720453,53.88425080918626,,1782.218559098031,7.485614248713238
164.49150591066194,3741.0834067705355,g16_374,9.450708425114103,33.28176398432844,39.63744054922046,0.016467282398908097,41.4700784858146,,1500.6335613734645,7.313642672164384
174.50426198833588,3740.736493287955,g17_374,9.381168135374883,33.30554571689942,31.636866380796317,0.02343696845270511,36.131094925134825,,1354.7901560338937,7.211401854925112
184.51657283475586,3740.4001257155887,g18_374,9.32550341730712,33.36928966824812,27.102498083076803,0.012550368086752512,31.77293060884994,,1161.9561502455635,7.057860200250218
194.52845207948022,3740.07430024949,g19_374,9.227660810082133,33.439510620975206,25.95447844052907,0.021815666067639558,28.843663100746216,,934.7115984412469,6.840238030842958
204.53991335768055,3739.759013205233,g20_373,9.024447853346159,33.627830355805266,25.953989120372107,0.04766723829607293,24.09220478997582,,649.730664926904,6.476557915367255
214.55097030995722,3739.454261017844,g21_373,8.880558706317819,33.74860768936412,24.47126920581438,0.02580531630378349,20.06734710783236,,424.8880253658433,6.0518256644827435
224.56163658215914,3739.160040241738,g22_373,8.918594444086711,33.77970033854384,,0.02368270702636318,18.53248777409362,,243.91964897646662,5.496838863586092
234.57192582519102,3738.8763475506435,g23_373,8.741918231621979,33.73193820641823,16.56519436231893,0.07601581913059459,24.09220478997582,,586.7721649248072,6.374636609773603
244.58185169484608,3738.603179737545,g24_373,8.876051928432496,33.65391516708364,16.15616699890753,0.062023446549020596,17.97430834548297,,1157.5077909271133,7.054024516760298
254.5914278516141,3738.3405337146237,g25_373,9.006136747677614,33.60606571870542,16.49181128892768,0.047070011658793404,12.048502257818676,,1619.659360783257,7.389971134994911
264.6006679605035,3738.0884065131895,g26_373,9.270826786932053,33.533685765518875,18.36221307814093,0.032161887700350535,9.266243887046457,,1742.5216592670924,7.4630885725528895
274.6095856908603,3737.8467952836336,g27_373,9.378330527387316,33.50667972275754,18.386871465003722,0.01856455464636394,12.048502257818676,,1440.5550143290177,7.272783744929661
284.6181947161873,3737.6156972953686,g28_373,9.426312435678343,33.490671695796394,18.570489810102604,0.023202833331577886,17.97430834548297,,958.9068603391268,6.865793948518365
294.62650871396505,3737.3951099367764,g29_373,9.399667813279597,33.487619844851636,18.70288641342947,0.0312494763378196,18.53248777409362,,652.3027214021785,6.480508750803432
304.63454136547216,3737.1850307151612,g30_373,9.255609975881644,33.48894493008074,21.677551718695145,0.02350149860635808,17.97430834548297,,716.8812569473769,6.574910215932558
314.64230635560574,3736.985457256699,g31_373,9.223864446488852,33.46853158594807,23.040952546829846,0.017369223808604995,12.048502257818676,,830.9455142329789,6.722564226199227
324.6498173727037,3736.7963873063914,g32_373,9.258536623294773,33.45623686591643,25.709712150224078,0.03215957703326952,9.266243887046457,,884.7992592510006,6.785360793574005
334.65708810836543,3736.617818728028,g33_373,9.188565678993388,33.467435721959895,26.861399009982133,0.07919534477610736,7.704600002654386,,877.4358604934946,6.777003859213857
344.6641322572747,3736.449749504134,g34_373,9.054625831981022,33.49870300364483,26.227548038396343,0.1099534335779875,0.0,,799.9456424353026,6.684543778403556
354.6709635170235,3736.2921777359456,g35_373,8.850330470564806,33.564750033700925,24.153091324557806,0.14769961320486316,0.0,,661.2191168129228,6.4940852778291625
364.67759558792596,3736.1451016433657,g36_373,8.663006018602792,33.65584494630217,24.084104154926976,0.15032733267623125,0.0,,474.1420710608909,6.161507004762183
374.6840421728551,3736.0085195649267,g37_373,,,,,,,,
384.69031697705634,3735.8824299577686,g38_373,,,,0.11152083139353026,0.0,,,
394.69643370797377,3735.766831397598,g39_373,,,,0.11447106113094542,0.0,,15.842017244036706,2.7626657295427393
404.7024060750734,3735.6617225786717,g40_373,,,,,,,,
414.70824778966715,3735.567102313763,g41_373,,,,,,,,
424.713972564737,3735.4829695341427,g42_373,,,,,,,,
434.71959411475876,3735.4093232895593,g43_373,,,,,,,,
444.7251261555271,3735.346162748219,g44_373,,,,,,,,
454.7305824039796,3735.293487196772,g45_373,,,,,,,,
464.7359765780213,3735.251296040293,g46_373,,,,,,,,
474.74132239634974,3735.2195888022798,g47_373,,,,,,,,
484.74663357827944,3735.198365124634,g48_373,,,,,,,,
494.75192384356956,3735.1876247676605,g49_373,,,,,,,,
134.83409840751864,3752.185239877128,g13_375,9.14025160578619,33.541112379377886,31.525258735154733,0.012253006390166446,64.24751271284728,,2355.332331955839,7.764437114097695
144.83771696077935,3751.8061744509437,g14_375,9.30973438894924,33.44601600335126,34.82653452786321,0.034044647529181994,56.9280454294607,,2101.6906717710326,7.65049738160273
154.84085364451934,3751.4376805979623,g15_375,9.377546782877813,33.37118889320937,36.12606680156531,0.049284373292045096,49.72041210099528,,1988.6399027232342,7.595206218080973
164.84352195079177,3751.0797541615134,g16_375,9.27167662124565,33.378617680328,31.767792444235447,0.02663901747492793,35.90999919584035,,1674.8288895169808,7.423466283528687
174.84573537789507,3750.7323911044887,g17_375,9.240238097340496,33.457217032654334,26.484711850344112,0.03250268214310091,29.590884759117422,,1371.239266115477,7.223470183748758
184.84750743018625,3750.395587509263,g18_375,9.161315390936267,33.52366574319697,24.43089183217255,0.028532126485446355,24.082607700632938,,992.6510882839702,6.900379230984571
194.84885161789273,3750.0693395776225,g19_375,9.098410054203587,33.59572915888998,23.999114330490837,0.04540384125736737,20.064466987051667,,701.6908920567973,6.553492982349004
204.8497814569262,3749.753643630695,g20_374,9.038283599545586,33.69897254001531,23.108807207904597,0.056927090110142554,17.96145034789774,,375.68905308006225,5.928761814758728
214.85031046869616,3749.448496108871,g21_374,9.015234127050764,33.734125587875354,,0.07727085569037255,12.043707535690983,,244.72621695087136,5.500140103863178
224.85045217992766,3749.1538935717454,g22_374,,,,0.020926951403282528,9.266243887047164,,140.5159793733912,4.94532121450174
234.85022012246608,3748.869832698045,g23_374,8.802393603568866,33.71590179845942,17.84233908490564,0.0796061663758368,17.96145034789774,,669.587321069118,6.506661583914032
244.84962783310726,3748.5963102855703,g24_374,8.877309344208948,33.663675413907335,18.61349449796749,0.07439298189316548,15.394207380652485,,1146.4264338882313,7.044404934419996
254.84868885340387,3748.333323251134,g25_374,8.948563906879933,33.61542211178297,19.176649755713125,0.08308423405584738,7.697104321277171,,1421.5499602130812,7.259503076595907
264.8474167294848,3748.0808686305004,g26_374,9.07089571562469,33.56500980919914,19.55648594687524,0.10388428549132,0.0,,1292.4334690457572,7.164282130431613
274.8458250118716,3747.838943578327,g27_374,9.12407389106192,33.54805216975737,18.96145380107335,0.07381567692871832,7.697104321277171,,1118.1117215546035,7.019396578556562
284.8439272552965,3747.6075453681156,g28_374,9.15594202636463,33.53705415395717,20.04889778788371,0.04336230108275766,9.266243887047164,,862.8261849049006,6.760213262808429
294.8417370185201,3747.3866713921584,g29_374,9.17329959225052,33.52438613443666,19.627462558681,0.04156976916097733,9.266243887047164,,752.2525837780465,6.623072150237451
304.8392678641493,3747.1763191614855,g30_374,9.134450716146223,33.50716871949668,22.21712343218544,0.056685891896373373,9.266243887047164,,837.137951656295,6.729988873702341
314.8365333584566,3746.9764863058213,g31_374,9.123918823571184,33.501409936098376,23.635258697157465,0.07747949600334948,7.697104321277171,,871.9416451776054,6.770722501001808
324.83354707119884,3746.787170573537,g32_374,9.116869968375195,33.502359548579,25.543146332046497,0.10095614544100097,0.0,,882.3897861089008,6.782633892746395
334.8303225754367,3746.6083698316097,g33_374,8.965709827430345,33.535641752475456,25.849631615362483,0.13188693801243204,0.0,,788.1362679736583,6.669671003807982
344.82687344735444,3746.4400820655783,g34_374,8.830416161324758,33.57989359117444,24.194705203469407,0.13510119802524553,0.0,,627.110648050911,6.441122997234051
354.823213266082,3746.2823053795114,g35_374,8.703316653666736,33.62947197852792,21.916039512127718,0.12626136510925207,0.0,,392.36170816140225,5.972184139243072
364.81935561350673,3746.135037995963,g36_374,8.616004895852175,33.677063824667535,,0.03811267364523566,7.697104321277171,,236.20360135136346,5.464694150689209
374.81531407410756,3745.998278255946,g37_374,,,,,,,,
384.81110223476634,3745.872024618897,g38_374,,,,,,,,
394.8067336845919,3745.756275662644,g39_374,,,,,,,,
404.8022220147411,3745.6510300833866,g40_374,,,,,,,,
414.7975808182405,3745.556286695669,g41_374,,,,,,,,
424.7928236898081,3745.4720444323484,g42_374,,,,,,,,
434.78796422567524,3745.39830234459,g43_374,,,,,,,,
444.78301602340883,3745.3350596018363,g44_374,,,,,,,,
454.7779926817336,3745.282315491798,g45_374,,,,,,,,
464.77290780035435,3745.240069420436,g46_374,,,,,,,,
474.76777497977827,3745.208320911954,g47_374,,,,,,,,
484.7626078211378,3745.187069608788,g48_374,,,,,,,,
494.7574199260155,3745.176315271599,g49_374,,,,,,,,
135.21867028164817,3762.1830941658563,g13_376,9.197560396062096,33.46876080718901,34.74996303054182,0.027178404719423246,62.18083121198983,,2134.1908017136816,7.66584283822738
145.21170918290957,3761.803542298189,g14_376,9.280615803634227,33.405997022578205,36.67738346567186,0.04272284543073227,54.592873092903304,,1987.4317196572517,7.594598491048911
155.20427042759414,3761.43457543184,g15_376,9.258326021123906,33.39160223734205,40.550441029419524,0.0436573940922359,47.03668599240674,,1834.880263227915,7.514734506712776
165.19636738825704,3761.076189416518,g16_376,9.193530357198638,33.5614973425129,27.9117170124065,0.03184768227968002,32.10940508336858,,1419.6086854937746,7.258136539021993
175.18801344377735,3760.7283802213037,g17_376,9.082199877898498,33.65238924161126,24.038512431368805,0.04010871513819708,24.849762648403242,,907.0226377940808,6.8101674087828075
185.17922197916667,3760.3911439345748,g18_376,9.016132132153285,33.66381731889566,21.97690864372609,0.04131414963963259,17.948567811818812,,531.390319746268,6.275496816649192
195.17000638538133,3760.0644767639305,g19_376,9.06115388828575,33.67383734121756,19.53463685998998,0.040175307335780217,12.038905191178824,,342.23357453780807,5.835493470431948
205.16038005913165,3759.7483750361207,g20_375,,,,,,,150.25013936387498,5.012301500961476
215.15035640269554,3759.4428351969777,g21_375,,,,,,,,
225.13994882373152,3759.147853811349,g22_375,,,,0.0997081924464648,0.0,,76.01982040852475,4.330994101134276
235.1291707350831,3758.8634275630257,g23_375,8.81555035389246,33.708156473847254,15.70513621298172,0.08174119711600869,12.038905191178824,,375.1509567028404,5.927328496175986
245.118035554606,3758.589553254692,g24_375,8.83297603417275,33.69577661082262,18.14261317058621,0.038777310226013585,17.948567811818812,,596.0564540449462,6.39033538413147
255.10655670497232,3758.326227807856,g25_375,8.862536810599583,33.668770568061284,20.0492075073979,0.016406284102132095,12.038905191178824,,734.2437356941965,6.598841038471612
265.0947476134875,3758.073448262794,g26_375,8.904686410834435,33.63548836416483,22.680990519011146,0.13267258811632424,0.0,,765.494529644403,6.640522068951242
275.0826217119053,3757.8312117784917,g27_375,8.918657342658047,33.62325257938813,18.523591368668402,0.1458331640386029,0.0,,687.4582146239429,6.533001048964814
285.07019243624217,3757.5995156325966,g28_375,8.947083309218344,33.59224507320141,21.50101266729999,0.1201561422174376,0.0,,690.8676614239621,6.537948287949679
295.05747322659397,3757.378357221362,g29_375,8.975344758067473,33.583233598615074,21.228279317977524,0.11774097907635775,0.0,,729.1315468640781,6.5918541641030295
305.0444775269511,3757.1677340595966,g30_375,8.961371739914638,33.57286865780196,22.99057402229315,0.13245418969318926,0.0,,768.600293256505,6.644571059676995
315.0312187850155,3756.967643780624,g31_375,8.916180250247944,33.57882828144354,24.044903002303872,0.15546501162087897,0.0,,746.0895433708545,6.614845624328801
325.0177104520174,3756.7780841362287,g32_375,8.872551095516117,33.59561346163971,25.35377094569414,0.16897386307338677,0.0,,747.9948194348324,6.617396052061232
335.0039659825326,3756.5990529966216,g33_375,8.746475328364372,33.632580591468006,22.18636444228901,0.13775135590470503,0.0,,548.9172374061205,6.3079476786082544
344.9899988342994,3756.4305483503967,g34_375,8.656385731639745,33.65685132077813,17.72466288600885,0.10759097817859153,0.0,,351.7542720132647,5.862932840947797
354.9758224680394,3756.27256830449,g35_375,,,,0.06546133511634726,7.689592357458663,,176.43258890432932,5.1729388708651625
364.961450347266,3756.1251110841486,g36_375,,,,0.07194861913238372,9.266243887046457,,57.562990158278154,4.052879829215374
374.9468959381168,3755.988175032896,g37_375,,,,,,,,
384.932172709163,3755.8617586124988,g38_375,,,,,,,,
394.9172941312307,3755.7458604029375,g39_375,,,,,,,,
404.90227367721974,3755.640479102382,g40_375,,,,,,,,
414.88712482192363,3755.5456135271656,g41_375,,,,,,,,
424.8718610418483,3755.4612626117632,g42_375,,,,,,,,
434.8564958150326,3755.387425408768,g43_375,,,,,,,,
444.84104262086737,3755.324101088879,g44_375,,,,,,,,
454.82551493991616,3755.271288940882,g45_375,,,,,,,,
464.80992625373483,3755.2289883716376,g46_375,,,,,,,,
474.79429004469216,3755.197198906064,g47_375,,,,,,,,
484.7786197957897,3755.1759201871387,g48_375,,,,,,,,
494.7629289904848,3755.1651519758825,g49_375,,,,,,,,
135.60414477188408,3772.181025481692,g13_377,9.209293126568845,33.43346368108102,36.63450741118385,0.030159876882706067,61.456406303884,,1648.1727623060908,7.407422536471394
145.586579332289,3771.80099092878,g14_377,9.253765794887675,33.41449111942773,41.11704019410642,0.03760589647433389,53.77437774788513,,1502.7309630787395,7.31503937378296
155.56854044703826,3771.4315547000256,g15_377,9.236770769169551,33.45825396138756,38.68682019640301,0.03324581001241708,46.0923402990282,,1351.5086660993454,7.208976777904117
165.55004136925308,3771.072712651599,g16_377,9.102211633619929,33.73717961207972,26.56740782269803,0.017510871450075485,30.72824380453359,,853.7040334985012,6.749584568731
175.53109535845513,3770.724460758857,g17_377,9.106594762430724,33.64648637996502,22.58340605059275,0.026002612121732216,23.046187299743867,,380.03343164740363,5.940259226870076
185.5117156803739,3770.386795116255,g18_377,,,,0.023497006208107032,15.364126983798938,,229.64516004665174,5.436535335203107
195.4919156067553,3770.059711937285,g19_377,,,,0.009774790704715286,7.682064127089679,,114.3649074558145,4.7393942788787555
205.47170841517027,3769.743207554398,g20_376,,,,,,,,
215.45110738882485,3769.4372784189372,g21_376,,,,,,,,
225.43012581637205,3769.141921101071,g22_376,,,,0.08654871517084284,0.0,,18.62585552565782,2.924550697474184
235.4087769917132,3768.857132289731,g23_376,,,,,,,,
245.38707421382315,3768.5829087925435,g24_376,,,,,,,,
255.3650307865525,3768.3192475357782,g25_376,,,,,,,,
265.34266001844196,3768.0661455642835,g26_376,8.846105538738584,33.672627953238724,,0.07318583995605786,7.682064127089679,,272.7070170647325,5.608398021331019
275.31997522253494,3767.8236000414327,g27_376,8.74531953172775,33.73311704013979,,0.13061171716194395,0.0,,314.91240400031074,5.752294517614819
285.29698971619035,3767.591608249075,g28_376,8.818685517147234,33.6683099523198,21.675510699538187,0.14212131916264154,0.0,,376.1321341010028,5.92994050213757
295.2737168208967,3767.370167587477,g29_376,8.789054539996778,33.663703794905,22.932431147701006,0.14174020549622662,0.0,,501.5348698698395,6.217673136131053
305.25016986208504,3767.1592755752804,g30_376,8.780306077912515,33.66004724997082,21.75142991973716,0.13040997715403826,0.0,,471.5876274143824,6.156104932980604
315.2263621689436,3766.958929849452,g31_376,8.778579225266482,33.656563164282254,23.261936653563442,0.15139768815777085,0.0,,374.83609312465506,5.926488845419999
325.20230707423235,3766.769128165239,g32_376,8.73327770940414,33.6693752620507,24.14873646097746,0.15191934053948314,0.0,,280.3114097147715,5.635901162710733
335.17801791409823,3766.5898683961295,g33_376,,,,0.0876244655965032,0.0,,143.48666553830907,4.9662421078040735
345.15350802788976,3766.4211485338105,g34_376,,,,0.0451932968356473,7.682064127089679,,96.20219841707299,4.566452209978872
355.12879075797537,3766.26296668813,g35_376,,,,0.03989231459483261,7.682064127089679,,36.5354220746656,3.598282257788072
365.1038794495503,3766.115321087064,g36_376,,,,0.1225693495039751,0.0,,,
375.07878745046594,3765.978210076676,g37_376,,,,,,,,
385.0535281110378,3765.8516321210977,g38_376,,,,,,,,
395.02811478386377,3765.7355858024907,g39_376,,,,,,,,
405.0025608236416,3765.6300698210207,g40_376,,,,,,,,
414.97687958698583,3765.535082994837,g41_376,,,,,,,,
424.9510844322449,3765.450624260049,g42_376,,,,,,,,
434.9251887193188,3765.376692670706,g43_376,,,,,,,,
444.8992058094767,3765.3132873987747,g44_376,,,,,,,,
454.87314906517486,3765.260407734133,g45_376,,,,,,,,
464.8470318498741,3765.218053084546,g46_376,,,,,,,,
474.82086752785824,3765.1862229756684,g47_376,,,,,,,,
484.7946694640517,3765.164917051018,g48_376,,,,,,,,
494.76845102384044,3765.1541350719854,g49_376,,,,,,,,
135.99052094287734,3782.1790339259464,g13_378,9.210109394398089,33.42868506442062,39.845597061823625,0.028702471324558193,59.04045067121842,,1233.0514005496766,7.11724718968367
145.9623265001412,3781.798520448787,g14_378,9.22597586923735,33.43844531124431,40.61925876565003,0.0318319626025775,53.295908575847534,,1020.1741253745627,6.927728602860358
155.93366282056795,3781.4286185132155,g15_378,9.210929834885782,33.50227440558601,35.64339585632171,0.02804493962472689,46.992354641737435,,933.8407169953862,6.839305885136654
165.90454303791043,3781.069323981954,g16_378,9.126648429953406,33.68716681672282,24.588864775133995,0.0023156340567445292,32.0805433207635,,400.29166377804466,5.9921934408455
175.8749802923979,3780.7206328367115,g17_378,,,,0.0058420982566333565,24.828785651873662,,163.63058486168296,5.097611355728146
185.84498773054167,3780.38254117811,g18_378,,,,0.005523933439909343,17.935660793496716,,104.42594175855125,4.648478128858744
195.8145785049419,3780.0550452256048,g19_378,,,,0.015142511431888564,12.034095255818801,,106.63674800762836,4.669428180353222
205.78376577409338,3779.7381413174267,g20_377,,,,0.07072294761667715,12.034095255818801,,154.6732436153479,5.0413147860291465
215.7525627021935,3779.4318259105,g21_377,8.728074078366731,33.605805943207216,,0.0631191052316481,12.034095255818801,,124.67438348290626,4.825705406426226
225.720982458952,3779.13609558039,g22_377,,,,0.009596341386396102,9.266243887047164,,148.1329050416624,4.998109877835281
235.6890382193902,3778.850947021228,g23_377,,,,,,,121.25738770153903,4.7979154574586955
245.6567431636637,3778.5763770456556,g24_377,,,,,,,121.059282779108,4.796280365938375
255.6241104768627,3778.3123825847624,g25_377,9.080684670587944,33.59958437080782,,0.1276057346690075,0.0,,107.10659837494919,4.673824585032567
265.59115334882387,3778.0589606880317,g26_377,9.004484268413652,33.60836445089361,,0.06393775818374993,7.674519646095437,,148.74714107279604,5.002247824562357
275.55788497394127,3777.8161085232823,g27_377,8.92286441720802,33.63859480384531,,0.08152446011776976,7.674519646095437,,172.83095923529675,5.152314002563618
285.5243185509761,3777.583823376619,g28_377,8.855821163484379,33.67812696113882,,0.09684627245318655,0.0,,182.01585979432207,5.20409382500722
295.490467282869,3777.3621026523783,g29_377,8.75738025449222,33.679019811624116,,0.07572768723752807,7.674519646095437,,199.62461343707875,5.29643867008786
305.4563443765511,3777.1509438730814,g30_377,8.791516966363389,33.675075110194065,,0.05962110199092132,7.674519646095437,,149.38197856013036,5.006506639988683
315.421963042756,3776.9503446793915,g31_377,,,,0.09697070469390438,0.0,,,
325.3873364958321,3776.760302830062,g32_377,,,,0.10633747828366022,0.0,,,
335.35247795355576,3776.580816201903,g33_377,,,,0.11402998116024439,0.0,,,
345.317400636944,3776.4118827897355,g34_377,,,,0.1135771861319899,0.0,,,
355.28211777007033,3776.2535007063575,g35_377,,,,0.12736250434252802,0.0,,,
365.24664257986876,3776.105668182506,g36_377,,,,,,,,
375.21098829596264,3775.9683835668284,g37_377,,,,,,,,
385.1751681504683,3775.8416453258483,g38_377,,,,,,,,
395.13919537781294,3775.7254520439333,g39_377,,,,,,,,
405.10308321454886,3775.619802423276,g40_377,,,,,,,,
415.06684489916825,3775.5246952838675,g41_377,,,,,,,,
425.0304936719186,3775.4401295634707,g42_377,,,,,,,,
434.99404277461747,3775.366104317607,g43_377,,,,,,,,
444.9575054504687,3775.302618719534,g44_377,,,,,,,,
454.9208949438772,3775.2496720602308,g45_377,,,,,,,,
464.88422450026496,3775.20726374839,g46_377,,,,,,,,
474.8475073658867,3775.175393310396,g47_377,,,,,,,,
484.8107567876459,3775.154060390328,g48_377,,,,,,,,
494.773986012913,3775.1432647499432,g49_377,,,,,,,,
136.37779785703367,3792.177119599186,g13_379,9.20031307554363,33.438272851998704,40.054241176948295,0.028727827730710774,53.268633872105326,,1021.1298158506228,6.928664955871377
146.33894977550534,3791.796130963488,g14_379,9.198794738739238,33.46651666373654,37.3636259345831,0.02681704246516403,47.30710757750593,,860.8601833865855,6.7579321026078025
156.29963666377571,3791.4257669812787,g15_379,9.195743399086968,33.5245302126846,32.91288044673249,0.022220166046740982,41.35811213373916,,750.9031786471359,6.62127672021332
166.2598715362962,3791.0660235219157,g16_379,9.125141629698671,33.68829106170866,25.621105045950312,0.002773438120906769,31.73642432144162,,352.3962278304817,5.8647561897779505
176.2196674140715,3790.71689657354,g17_379,,,,0.008405036754490627,28.833613691181622,,232.69309078415682,5.449720378351143
186.17903732446186,3790.3783822430173,g18_379,8.876704721715184,33.665633574123525,22.94016424195841,0.012485089141539375,24.063367945290207,,220.47842659078873,5.395799851509866
196.13799430098746,3790.050476755849,g19_379,8.766215669672823,33.63189075448559,22.70788656477603,0.015090067255051623,20.058695279662196,,267.45775669145473,5.5889616349551074
206.09655138313275,3789.733176456116,g20_378,8.707578219732229,33.60517286822013,22.950729087013567,0.011305835063628299,20.058695279662196,,392.0616765752471,5.9714191656162665
216.0547216161518,3789.4264778064016,g21_378,8.722393708307456,33.604568174230714,22.89121636404788,0.010923270388621672,20.058695279662196,,424.1568088043514,6.050103218946663
226.01251805087597,3789.1303773877307,g22_378,8.725987815046766,33.61421272380413,20.94221451388469,0.039647852153563076,15.333916582040075,,388.3920186479036,5.962015186895792
235.9699537435108,3788.844871899509,g23_378,8.877187781463643,33.60522963021546,26.455593144029486,0.0949632089682262,0.0,,309.31638145175134,5.734364641275121
245.92704175545674,3788.5699581594527,g24_378,9.054729537450077,33.59998822455397,30.399748968826692,0.09440102864149814,0.0,,257.42982866569525,5.550747172930049
255.88379515310677,3788.305633103539,g25_378,9.16075580973759,33.59489089714041,29.60103290460942,0.07488268738410703,7.666958930435534,,218.43454027519775,5.386486382809342
265.84022700765706,3788.0518937859447,g26_378,9.087527096271515,33.57951594516635,,0.07084262990712405,12.029277761227764,,151.56641516057226,5.021023912785443
275.7963503949144,3787.808737378991,g27_378,,,,0.0502112275247169,12.02445273910828,,109.49867576941203,4.695912455753402
285.75217839510486,3787.5761611730945,g28_378,,,,0.062957380493685,7.666958930435534,,76.1624621598066,4.332868718739519
295.7077240926834,3787.3541625767134,g29_378,,,,0.15254813666524025,0.0,,39.8828279296938,3.685945853554844
305.66300057614245,3787.142739116304,g30_378,,,,,,,,
315.6180209378223,3786.941888436267,g31_378,,,,,,,,
325.5727982737211,3786.7516082989123,g32_378,,,,,,,,
335.5273456833053,3786.571896584414,g33_378,,,,,,,,
345.48167626932076,3786.402751290769,g34_378,,,,,,,,
355.4358031376058,3786.244170533764,g35_378,,,,,,,,
365.3897393968939,3786.096152546935,g36_378,,,,,,,,
375.34349815863914,3785.958695681543,g37_378,,,,,,,,
385.29709253681887,3785.8317984065334,g38_378,,,,,,,,
395.2505356477485,3785.715459308516,g39_378,,,,,,,,
405.2038406098939,3785.6096770917325,g40_378,,,,,,,,
415.15702054368415,3785.514450578039,g41_378,,,,,,,,
425.1100885713242,3785.4297787068754,g42_378,,,,,,,,
435.06305781660825,3785.355660535256,g43_378,,,,,,,,
445.01594140473287,3785.2920952377426,g44_378,,,,,,,,
454.9687524621103,3785.2390821064355,g45_378,,,,,,,,
464.9215041161817,3785.1966205509575,g46_378,,,,,,,,
474.8742094952315,3785.164710098444,g47_378,,,,,,,,
484.8268817282001,3785.143350393532,g48_378,,,,,,,,
494.77953394450043,3785.1325411983585,g49_378,,,,,,,,
136.76597457451552,3802.1752826012225,g13_380,9.127640752043472,33.5412870118831,37.16402826240961,0.031324748331457514,41.31305949327386,,935.4775414957692,6.841057138473294
146.71644824523798,3801.7938225773787,g14_380,9.131138455466013,33.57430944028135,35.196544525747626,0.029677909998595754,35.754530035042706,,790.2997961363927,6.672412362253656
156.66646109013115,3801.4230002132663,g15_380,9.137455909599874,33.61939519421068,32.65596041974563,0.02655377854973885,29.484797778849114,,663.7268572565013,6.497870705291421
166.616026004416,3801.062811384957,g16_380,8.936145859770754,33.63741814338335,29.62315873930192,0.03596281367683703,17.88378902942781,,414.9112790987769,6.0280647120712105
176.56515588994168,3800.713252087118,g17_380,8.757165417923984,33.61585434652678,27.28435908639649,0.04260888356426328,12.014780239517506,,333.4194401686473,5.809401277460972
186.51386365498644,3800.374318432929,g18_380,8.690248942768706,33.59175607646226,25.68208256045596,0.04740846786838298,9.266243887046457,,307.7528537006975,5.7292970378101895
196.46216221405916,3800.046006654017,g19_380,8.719435642478118,33.57666928098408,25.1856883373256,0.04770872313691602,9.266243887046457,,315.62130606033793,5.754543096389931
206.41006448770193,3799.728313100388,g20_379,8.825833905153829,33.568635799876034,26.41523813639912,0.0524303410284131,9.266243887046457,,409.6874171723244,6.015394471785182
216.3575834022931,3799.4212342403534,g21_379,8.874119689438656,33.5752284985047,27.062469118197054,0.06897910427052172,9.266243887046457,,406.70901559351404,6.008097980342705
226.30473188985272,3799.124766660474,g22_379,8.953002570370858,33.57635057023093,29.461159725973808,0.07925636460775778,9.266243887046457,,408.53674313074606,6.012581856719612
236.25152288783715,3798.83890706549,g23_379,9.131222279068515,33.56756831688553,22.77303390394353,0.06854544707495668,7.651788859128822,,226.04113215960695,5.420716983418392
246.19796933895748,3798.563652278261,g24_379,,,,0.10348000804710575,0.0,,132.98695065159012,4.890251008006545
256.14408419097606,3798.2989992397142,g25_379,,,,0.11711264994052174,0.0,,67.45683320949901,4.211487885298594
266.08988039651314,3798.044945008777,g26_379,,,,0.16711535956751777,0.0,,18.156643323029417,2.899036517048076
276.0353709128536,3797.8014867623347,g27_379,,,,0.17965006639348863,0.0,,,
285.98056870175293,3797.5686217951693,g28_379,,,,0.2157269692045916,0.0,,,
295.92548672924437,3797.3463475199146,g29_379,,,,,,,,
305.8701379654458,3797.134661467008,g30_379,,,,,,,,
315.81453538436784,3796.933561284642,g31_379,,,,,,,,
325.75869196372133,3796.7430447387246,g32_379,,,,,,,,
335.7026206847258,3796.5631097128407,g33_379,,,,,,,,
345.6463345319186,3796.3937542082,g34_379,,,,,,,,
355.5898464929655,3796.2349763436164,g35_379,,,,,,,,
365.5331695584613,3796.086774355464,g36_379,,,,,,,,
375.476316721753,3795.949146597648,g37_379,,,,,,,,
385.41930097874064,3795.8220915415714,g38_379,,,,,,,,
395.36213532768926,3795.70560777611,g39_379,,,,,,,,
405.30483276903976,3795.599694007585,g40_379,,,,,,,,
415.24740630521904,3795.5043490597373,g41_379,,,,,,,,
425.1898689404509,3795.41957187371,g42_379,,,,,,,,
435.1322336805666,3795.345361508025,g43_379,,,,,,,,
445.07451353281664,3795.2817171385705,g44_379,,,,,,,,
455.0167215056809,3795.228638058576,g45_379,,,,,,,,
464.95887060868074,3795.1861236786126,g46_379,,,,,,,,
474.9009738521903,3795.154173526573,g47_379,,,,,,,,
484.84304424724746,3795.1327872476613,g48_379,,,,,,,,
494.7850948053682,3795.1219646043965,g49_379,,,,,,,,
137.1550501532446,3812.173523031117,g13_381,8.973416691732083,33.58530745608154,35.91061872633753,0.028374485502912588,35.72844865564368,,856.897212437613,6.753317972591958
147.09482099401498,3811.7915953941597,g14_381,8.956252975644343,33.61588272752444,33.295699220812125,0.03391667943970037,29.46700849701662,,681.296079064209,6.523996982683375
157.03413521098432,3811.420318317395,g15_381,8.88625582874981,33.627053202570245,30.359036880405647,0.03733563984892252,24.015005652009478,,541.4187807445398,6.29419306580008
166.97300558021573,3811.0596876836953,g16_381,8.728752031077954,33.566793336910116,26.66777995282681,0.039936496848697066,12.009932825871962,,215.57436214315132,5.373305917971208
176.91144488447452,3810.7096994943254,g17_381,8.716299436058732,33.55369308264579,,0.04299813571397978,7.6441795355727855,,134.1848479949956,4.899218312015629
186.84946591302852,3810.370349868867,g18_381,,,,0.09125490520804021,0.0,,96.38525401313896,4.568353223247223
196.787081461446,3810.0416350451464,g19_381,,,,0.10745698294690699,0.0,,136.03797023732503,4.912934039690469
206.72430433139724,3809.7235513791697,g20_380,8.873471068814416,33.54994922145901,,0.10619856355843059,0.0,,138.87627518963728,4.933583430201254
216.66114733045438,3809.4160953450482,g21_380,8.917777133092855,33.55317353164937,,0.11463511507329507,0.0,,110.45203742392843,4.704581376268452
226.5976232718954,3809.1192635349453,g22_380,,,,0.11780069348724923,0.0,,131.39050657748984,4.878173855171756
236.53374497449641,3808.833052659007,g23_380,,,,,,,39.852889970206476,3.6851949238163866
246.46952526234833,3808.5574595452986,g24_380,,,,,,,,
256.4049769646498,3808.2924811397565,g25_380,,,,,,,,
266.34011291551343,3808.038114506127,g26_380,,,,,,,,
276.27494595376913,3807.794356825908,g27_380,,,,,,,,
286.2094889227686,3807.561205398307,g28_380,,,,,,,,
296.14375467019016,3807.3386576401845,g29_380,,,,,,,,
306.07775604784314,3807.1267110860085,g30_380,,,,,,,,
316.0115059114741,3806.9253633878147,g31_380,,,,,,,,
325.9450171205722,3806.734612315152,g32_380,,,,,,,,
335.87830253817526,3806.5544557550543,g33_380,,,,,,,,
345.8113750306771,3806.384891711993,g34_380,,,,,,,,
355.7442474676355,3806.2259183078463,g35_380,,,,,,,,
365.67693272157106,3806.077533781858,g36_380,,,,,,,,
375.60944366778796,3805.939736490615,g37_380,,,,,,,,
385.54179318417255,3805.8125249080053,g38_380,,,,,,,,
395.47399415100364,3805.695897625203,g39_380,,,,,,,,
405.4060594507606,3805.589853350631,g40_380,,,,,,,,
415.3380019679317,3805.4943909099434,g41_380,,,,,,,,
425.2698345888225,3805.4095092460047,g42_380,,,,,,,,
435.201570201365,3805.3352074188683,g43_380,,,,,,,,
445.1332216949259,3805.271484605758,g44_380,,,,,,,,
455.0648019601163,3805.218340101054,g45_380,,,,,,,,
464.99632388860033,3805.1757733162835,g46_380,,,,,,,,
474.92780037290447,3805.1437837801063,g47_380,,,,,,,,
484.85924430622697,3805.1223711383045,g48_380,,,,,,,,
494.7906685822495,3805.1115351537806,g49_380,,,,,,,,
137.5450236489033,3822.171840987173,g13_382,8.756173095833917,33.53832030393134,30.31623089061359,0.028255296252295375,29.44918857643705,,696.3646720651894,6.545873477235041
147.4740671043329,3821.7894495167425,g14_382,8.747991517100616,33.574970896266095,29.273558586714127,0.02285665773310054,24.005288634208878,,529.3350770308366,6.271621647272406
157.40265813556633,3821.417721401058,g15_382,8.673224584963599,33.550180615959555,25.249065864143738,0.023789082779986023,17.857707730458575,,335.72833050941927,5.816302292767781
167.3308093995829,3821.0566525298764,g16_382,,,,0.05390231588331311,7.636554041532568,,54.43545428036137,3.997015674670992
177.258533560139,3820.7062389111447,g17_382,,,,0.17117169597190632,0.0,,,
187.1858432875647,3820.366476670923,g18_382,,,,,,,,
197.1127512585615,3820.0373620533132,g19_382,,,,,,,,
207.03927015599982,3819.718891420395,g20_381,,,,,,,,
216.96541266871813,3819.411061252153,g21_381,,,,,,,,
226.89119149132392,3819.1138681464204,g22_381,,,,,,,,
236.81661932398438,3818.827308818814,g23_381,,,,,,,,
246.74170887224003,3818.5513801026746,g24_381,,,,,,,,
256.666472846797,3818.286078949009,g25_381,,,,,,,,
266.59092396332983,3818.0314024264344,g26_381,,,,,,,,
276.515074942283,3817.7873477211265,g27_381,,,,,,,,
286.43893850867363,3817.553912136768,g28_381,,,,,,,,
296.36252739189354,3817.331093094502,g29_381,,,,,,,,
306.28585432551193,3817.118888132878,g30_381,,,,,,,,
316.20893204707966,3816.9172949078165,g31_381,,,,,,,,
326.13177329793166,3816.726311192559,g32_381,,,,,,,,
336.0543908229919,3816.5459348776308,g33_381,,,,,,,,
345.97679737057734,3816.376163970802,g34_381,,,,,,,,
355.8990056922051,3816.2169965970534,g35_381,,,,,,,,
365.82102854238786,3816.0684309985377,g36_381,,,,,,,,
375.74287867845374,3815.930465534551,g37_381,,,,,,,,
385.66456886034155,3815.8030986815056,g38_381,,,,,,,,
395.58611185040974,3815.6863290328943,g39_381,,,,,,,,
405.50752041324205,3815.5801552992734,g40_381,,,,,,,,
415.4288073154537,3815.4845763082335,g41_381,,,,,,,,
425.3499853254978,3815.399591004381,g42_381,,,,,,,,
435.2710672134719,3815.325198449316,g43_381,,,,,,,,
445.19206575092505,3815.26139782162,g44_381,,,,,,,,
455.112993710664,3815.2081884168388,g45_381,,,,,,,,
465.03386386656075,3815.1655696474627,g46_381,,,,,,,,
474.9546889933594,3815.1335410429315,g47_381,,,,,,,,
484.8754818664834,3815.112102249611,g48_381,,,,,,,,
494.7962552618449,3815.101253030792,g49_381,,,,,,,,
137.9358941149363,3832.170236566945,g13_383,8.665472617627852,33.496199084694155,25.485280978977286,0.04522922475279631,24.680765293710397,,537.1619329283125,6.286299600128409
147.85418565651165,3831.787385047247,g14_383,8.61586026000756,33.519087966779836,22.436311612078764,0.03896591206217212,17.84463092747297,,322.8455001812121,5.777173881175164
157.7720289709916,3831.4152095708187,g15_383,,,,0.018099938050504836,12.000215831073971,,153.33763615643545,5.0326422623111
167.68943659634917,3831.053706034387,g16_383,,,,0.1758476590650935,0.0,,,
177.60642107740767,3830.702870452663,g17_383,,,,,,,,
187.52299496563606,3830.362698958259,g18_383,,,,,,,,
197.43917081894395,3830.033187801632,g19_383,,,,,,,,
207.3549612014768,3829.714333351005,g20_382,,,,,,,,
217.27037868341372,3829.4061320923097,g21_382,,,,,,,,
227.18543584076576,3829.1085806291203,g22_382,,,,,,,,
237.10014525516414,3828.821675682589,g23_382,,,,,,,,
247.0145195136727,3828.5454140913935,g24_382,,,,,,,,
256.92857120857707,3828.2797928116725,g25_382,,,,,,,,
266.84231293718585,3828.0248089169777,g26_382,,,,,,,,
276.7557573016302,3827.7804595982184,g27_382,,,,,,,,
286.66891690866345,3827.546742163607,g28_382,,,,,,,,
296.5818043694622,3827.323654038619,g29_382,,,,,,,,
306.49443229942653,3827.1111927659376,g30_382,,,,,,,,
316.4068133179812,3826.9093560054152,g31_382,,,,,,,,
326.3189600483775,3826.7181415340283,g32_382,,,,,,,,
336.23088511749484,3826.5375472458386,g33_382,,,,,,,,
346.1426011556431,3826.3675711519563,g34_382,,,,,,,,
356.05412079636744,3826.2082113805004,g35_382,,,,,,,,
365.9654566762422,3826.059466176569,g36_382,,,,,,,,
375.8766214346874,3825.921333902204,g37_382,,,,,,,,
385.7876277137632,3825.7938130363655,g38_382,,,,,,,,
395.6984881579759,3825.676902174902,g39_382,,,,,,,,
405.6092154140816,3825.5706000305217,g40_382,,,,,,,,
415.5198221308905,3825.4749054327785,g41_382,,,,,,,,
425.4303209590707,3825.3898173280418,g42_382,,,,,,,,
435.34072455095355,3825.3153347794805,g43_382,,,,,,,,
445.25104556033716,3825.2514569670484,g44_382,,,,,,,,
455.16129664229175,3825.198183187464,g45_382,,,,,,,,
465.0714904529646,3825.155512854207,g46_382,,,,,,,,
474.98163964938453,3825.1234454974956,g47_382,,,,,,,,
484.89175688926724,3825.1019807642883,g48_382,,,,,,,,
494.8018548308227,3825.0911184182737,g49_382,,,,,,,,
138.32766060255364,3842.168709867228,g13_384,8.665651801382511,33.49406846523236,26.7864999012812,0.04725664801706357,22.863758603641518,,368.2885911310042,5.908866845862895
148.2351757286956,3841.7854020869963,g14_384,8.580924032679865,33.491505611026746,,0.0545701002106164,15.242507909108328,,198.51318054364904,5.290855498646487
158.1422468222597,3841.4127829324116,g15_384,,,,0.023803874324405266,7.621254606557655,,90.84444508952683,4.509148649214176
168.04888630229112,3841.05084830725,g16_384,,,,,,,,
177.95510659475934,3840.699594233063,g17_384,,,,,,,,
187.86092013235006,3840.3590168491014,g18_384,,,,,,,,
197.76633935425838,3840.029112412246,g19_384,,,,,,,,
207.67137670598254,3839.709877296943,g20_383,,,,,,,,
217.5760446391186,3839.401307995137,g21_383,,,,,,,,
227.48035561115702,3839.1034011162105,g22_383,,,,,,,,
237.3843220852692,3838.8161533869215,g23_383,,,,,,,,
247.28795653011727,3838.5395616513442,g24_383,,,,,,,,
257.19127141964117,3838.2736228708163,g25_383,,,,,,,,
267.09427923285796,3838.0183341238803,g26_383,,,,,,,,
276.99699245365906,3837.773692606232,g27_383,,,,,,,,
286.89942357060846,3837.539695630672,g28_383,,,,,,,,
296.8015850767405,3837.3163406270596,g29_383,,,,,,,,
306.7034894693584,3837.1036251422597,g30_383,,,,,,,,
316.60514924983426,3836.901546840105,g31_383,,,,,,,,
326.50657692340724,3836.710103501352,g32_383,,,,,,,,
336.40778499898454,3836.5292930236437,g33_383,,,,,,,,
346.3087859889406,3836.3591134214644,g34_383,,,,,,,,
356.2095924089203,3836.1995628261143,g35_383,,,,,,,,
366.11021677763006,3836.05063948567,g36_383,,,,,,,,
376.0106716166533,3835.9123417649535,g37_383,,,,,,,,
385.91096945024213,3835.7846681455035,g38_383,,,,,,,,
395.8111228051211,3835.667617225549,g39_383,,,,,,,,
405.71114421028904,3835.5611877199835,g40_383,,,,,,,,
415.6110461968211,3835.465378460341,g41_383,,,,,,,,
425.51084129767105,3835.3801883947767,g42_383,,,,,,,,
435.4105420474729,3835.3056165880485,g43_383,,,,,,,,
445.3101609823442,3835.2416622214973,g44_383,,,,,,,,
455.2097106396883,3835.1883245930344,g45_383,,,,,,,,
465.109203557997,3835.1456031171297,g46_383,,,,,,,,
475.0086522766533,3835.1134973247995,g47_383,,,,,,,,
484.9080693357349,3835.0920068635996,g48_383,,,,,,,,
494.80746727581874,3835.0811314976163,g49_383,,,,,,,,
138.72032216073137,3852.167260984058,g13_385,8.697532516399486,33.50400117130165,26.531222151367302,0.05318789452797071,18.53248777409362,,288.9066171108699,5.666103511712723
148.61703639685624,3851.783500736522,g14_385,8.657816010444261,33.504461787043134,,0.06413913362231427,15.22716008779844,,164.30499044502443,5.101724398562615
158.51331079225662,3851.410441590739,g15_385,,,,0.027747239010781844,7.613580697987386,,88.85319523496013,4.486985516080771
168.40915764713264,3851.048079457618,g16_385,,,,,,,,
178.30458926867996,3850.6964103656314,g17_385,,,,,,,,
188.1996179708818,3850.3554304607437,g18_385,,,,,,,,
198.09425607429864,3850.025136006338,g19_385,,,,,,,,
207.98851590586077,3849.705523383153,g20_384,,,,,,,,
217.88240979865992,3849.396589089221,g21_384,,,,,,,,
227.77595009174453,3849.0983297397993,g22_384,,,,,,,,
237.6691491299042,3848.810742067316,g23_384,,,,,,,,
247.56201926347669,3848.533822921309,g24_384,,,,,,,,
257.45457284813324,3848.267569268372,g25_384,,,,,,,,
267.3468222446762,3848.0119781920966,g26_384,,,,,,,,
277.23877981883373,3847.7670468930246,g27_384,,,,,,,,
287.1304579410556,3847.5327726886017,g28_384,,,,,,,,
297.0218689863096,3847.309153013114,g29_384,,,,,,,,
306.9130253338777,3847.0961854176644,g30_384,,,,,,,,
316.8039393671537,3846.893867570111,g31_384,,,,,,,,
326.6946234734396,3846.7021972550356,g32_384,,,,,,,,
336.58509004374406,3846.5211723737,g33_384,,,,,,,,
346.4753514725803,3846.3507909440104,g34_384,,,,,,,,
356.3654201577662,3846.1910511004826,g35_384,,,,,,,,
366.25530850021414,3846.041951094205,g36_384,,,,,,,,
376.14502890374405,3845.903489292812,g37_384,,,,,,,,
386.0345937748726,3845.7756641804563,g38_384,,,,,,,,
395.92401552261543,3845.658474357773,g39_384,,,,,,,,
405.81330655828697,3845.5519185418634,g40_384,,,,,,,,
415.7024792952995,3845.4559955662708,g41_384,,,,,,,,
425.5915461489642,3845.3707043809563,g42_384,,,,,,,,
435.4805195362907,3845.2960440522806,g43_384,,,,,,,,
445.36941187578765,3845.2320137629945,g44_384,,,,,,,,
455.2582355872631,3845.178612812211,g45_384,,,,,,,,
465.1470030916254,3845.135840615408,g46_384,,,,,,,,
475.0357268106837,3845.1036967044033,g47_384,,,,,,,,
484.92441916694884,3845.082180727359,g48_384,,,,,,,,
494.8130925834365,3845.0712924487666,g49_384,,,,,,,,
139.1138778362145,3862.165890012719,g13_386,8.68762304185554,33.513473261629464,27.616273272478548,0.060002784070080376,9.266243887046457,,263.6327856463908,5.574557171397995
148.99976673479333,3861.781681095563,g14_386,8.633467210371736,33.50780179448377,,0.05786595576684329,9.266243887046457,,163.31884879774253,5.095704417674037
158.88521998175793,3861.4081856498715,g15_386,,,,0.019755304306350193,7.605890683661729,,78.5019147630257,4.363123016376563
168.77024975854647,3861.0453995937764,g16_386,,,,,,,,
178.6548682536648,3860.69331896275,g17_386,,,,,,,,
188.539087662476,3860.351939909545,g18_386,,,,,,,,
198.42292018698825,3860.021258704121,g19_386,,,,,,,,
208.30637803564505,3859.7012717335865,g20_385,,,,,,,,
218.18947342311557,3859.391975502125,g21_385,,,,,,,,
228.07221857008682,3859.09336663094,g22_385,,,,,,,,
237.95462570304625,3858.805441858196,g23_385,,,,,,,,
247.8367070540871,3858.5281980389564,g24_385,,,,,,,,
257.71847486069163,3858.2616321451305,g25_385,,,,,,,,
267.59994136552604,3858.0057412654223,g26_385,,,,,,,,
277.48111881623373,3857.7605226052733,g27_385,,,,,,,,
287.3620194652284,3857.5259734868214,g28_385,,,,,,,,
297.2426555694891,3857.302091348844,g29_385,,,,,,,,
307.12303939035394,3857.0888737467208,g30_385,,,,,,,,
317.0031831933153,3856.8863183523863,g31_385,,,,,,,,
326.88309924781487,3856.69442295429,g32_385,,,,,,,,
336.7627998270395,3856.513185457359,g33_385,,,,,,,,
346.6422972077167,3856.3426038829566,g34_385,,,,,,,,
356.5216036699137,3856.1826763688514,g35_385,,,,,,,,
366.4007314968245,3856.0334011691807,g36_385,,,,,,,,
376.2796929745807,3855.894776654429,g37_385,,,,,,,,
386.15850039203883,3855.766801311381,g38_385,,,,,,,,
396.0371660405807,3855.6494737431162,g39_385,,,,,,,,
405.9157022139109,3855.5427926689676,g40_385,,,,,,,,
415.79412120785366,3855.446756924508,g41_385,,,,,,,,
425.6724353201522,3855.3613654615274,g42_385,,,,,,,,
435.5506568502656,3855.2866173480124,g43_385,,,,,,,,
445.4287980991681,3855.222511768132,g44_385,,,,,,,,
455.30687136914673,3855.169048022222,g45_385,,,,,,,,
465.1848889636002,3855.126225526773,g46_385,,,,,,,,
475.0628631868377,3855.0940438144203,g47_385,,,,,,,,
484.9408063438773,3855.0725025339366,g48_385,,,,,,,,
494.81873074024725,3855.0616014502234,g49_385,,,,,,,,
139.50832667351858,3872.1645970477334,g13_387,8.6458464751735,33.50996079494323,31.769286646586835,0.13208870884009405,0.0,,279.2080521015179,5.6319572103775055
149.38336581413694,3871.7799432630536,g14_387,8.582888733254524,33.50394440930632,,0.15228046930416797,0.0,,152.87139076734388,5.029596984684281
159.25797348942882,3871.4060152130496,g15_387,,,,0.16384147595569176,0.0,,61.96361436957125,4.126547347765504
169.13216176215593,3871.042808823147,g16_387,,,,,,,,
179.00594270221987,3870.6903201358978,g17_387,,,,,,,,
188.87932838644844,3870.3485453109265,g18_387,,,,,,,,
198.752330898382,3870.0174806248415,g19_387,,,,,,,,
208.6249623280615,3869.697122471189,g20_386,,,,,,,,
218.49723477181624,3869.3874673603773,g21_386,,,,,,,,
228.36916033205512,3869.088511919624,g22_386,,,,,,,,
238.2407511170458,3868.8002528928932,g23_386,,,,,,,,
248.11201924071912,3868.522687140838,g24_386,,,,,,,,
257.98297682244976,3868.255811640744,g25_386,,,,,,,,
267.8536359868489,3867.9996234864857,g26_386,,,,,,,,
277.72400886355575,3867.7541198884587,g27_386,,,,,,,,
287.5941075870286,3867.5192981735495,g28_386,,,,,,,,
297.46394429633773,3867.2951557850747,g29_386,,,,,,,,
307.33353113495673,3867.081690282742,g30_386,,,,,,,,
317.2028802505562,3866.878899342609,g31_386,,,,,,,,
327.0720037947961,3866.6867807570375,g32_386,,,,,,,,
336.9409139231204,3866.505332434658,g33_386,,,,,,,,
346.80962279454945,3866.3345524003344,g34_386,,,,,,,,
356.6781425714778,3866.174438795124,g35_386,,,,,,,,
366.5464854194589,3866.0249898762518,g36_386,,,,,,,,
376.4146635070135,3865.886204017074,g37_386,,,,,,,,
386.28268900541576,3865.7580797070523,g38_386,,,,,,,,
396.1505740884908,3865.6406155517275,g39_386,,,,,,,,
406.01833093241004,3865.5338102726955,g40_386,,,,,,,,
415.885971715487,3865.4376627075803,g41_386,,,,,,,,
425.7535086179733,3865.352171810021,g42_386,,,,,,,,
435.62095382185436,3865.2773366496476,g43_386,,,,,,,,
445.48831951064625,3865.2131564120673,g44_386,,,,,,,,
455.3556178691911,3865.159630398848,g45_386,,,,,,,,
465.22286108345463,3865.1167580275114,g46_386,,,,,,,,
475.090061340322,3865.0845388315147,g47_386,,,,,,,,
484.95723082739477,3865.0629724602495,g48_386,,,,,,,,
494.8243817327896,3865.0520586790303,g49_386,,,,,,,,
